claim_id,source_file,source_claim,parameter_id,environment,claim_type,production_value,production_unit,source_id,source_value_if_available,conflict_type,conflict_reason,resolution_status
c89a3bddc3b1b53f,academy/equipment/automatic-chlorinators.html,Compatibility Considerations Trichlor tablets are strongly acidic (pH approximately 2.8) and contain cyanuric acid.,ph,unspecified,RULE_OF_THUMB,2.8,ph_units,,,UNSUPPORTED_PRODUCTION_CLAIM,"pH of trichlor TABLET IN SOLUTION (2.8), a product property, not a pool-water pH target.",NOT_A_CHEMISTRY_CLAIM
23eb54fef67c5e59,academy/equipment/automatic-chlorinators.html,"Examples End-of-Season Feeder Check As the season winds down, a pool owner discovers their CYA is at 85 ppm — above the 80 ppm upper limit.",cyanuric_acid,pool,RANGE,85,ppm,,,CONTEXT_MISMATCH,"""Above/exceeds"" threshold phrasing describing a too-high condition, consistent with (not contradicting) the canonical range's own maximum (15).",FALSE_CONFLICT
820296bafa4bbe51,academy/equipment/salt-systems.html,"Key Facts Target salt level for most systems: 2,700–3,400 ppm — far lower than ocean water (35,000 ppm).",salt,unspecified,RANGE,35000,ppm,,,CONTEXT_MISMATCH,"Value is part of a comparison/analogy (e.g. ""far lower than ocean water""), not an assertion about the target parameter itself.",FALSE_CONFLICT
4f8a20141de769b1,academy/equipment/salt-systems.html,"Salt reads 2,400 ppm — slightly below the 2,700 ppm minimum for the system.",salt,unspecified,RANGE,2400,ppm,,,CONTEXT_MISMATCH,"""Below/under"" threshold phrasing describing a too-low condition, consistent with (not contradicting) the canonical range's own minimum (2700).",FALSE_CONFLICT
c17b914beaccc984,academy/equipment/salt-systems.html,"Add approximately 40 lbs of sodium chloride (pool grade) to a 15,000-gallon pool to raise salt by 300 ppm.",salt,pool,RULE_OF_THUMB,300,ppm,,,UNSUPPORTED_PRODUCTION_CLAIM,"Describes a dosage CHANGE amount (""raise/lower ... by N""), not an absolute water-chemistry target value.",NOT_A_CHEMISTRY_CLAIM
7b592a388e5514ac,academy/fundamentals/how-temperature-changes-water-chemistry.html,"This is why pool pH tends to be higher in summer and why pools with waterfalls, fountains, or high-speed jets see faster pH rise — all of those features accelerate CO2 off-gassing.",ph,pool,RULE_OF_THUMB,2,ph_units,,,RANGE_MISMATCH,"Value 2-2 ph_units does not overlap the canonical range(s) range-ph-pool-chlorine-routine (7-7.8), range-ph-pool-narrow-operational (7.2-7.6) and does not match a recognized pattern (product spec / shock scenario / threshold phrasing / formula / nav noise) -- needs individual review.",UNREVIEWED
1f18d1ddbbe0ec31,academy/fundamentals/the-four-core-water-tests.html,Hot Tub Chemistry How Temperature Changes Water Chemistry Why Water Testing Matters On This Page Key Facts Test 1: Free Chlorine Test 2: pH Tests 3 & 4: Alkalinity and Hardness Examples Common Mistakes Calculators Chemical Calculator Pool Alkalinity Calculator Pool Cyanuric Acid Calculator Fundament…,ph,hot_tub,RANGE,2,ph_units,,,EXTRACTION_ARTIFACT,"""2"" is a step/day/test-numbering token (""Step 2"" / ""2)"" / list marker) near an unrelated pH mention elsewhere in the sentence, not a pH reading.",NOT_A_CHEMISTRY_CLAIM
1cafa2074c0bd35e,academy/fundamentals/the-four-core-water-tests.html,Test 2: pH pH is the most important factor in chlorine effectiveness.,ph,unspecified,RANGE,2,ph_units,,,EXTRACTION_ARTIFACT,"""2"" is a step/day/test-numbering token (""Step 2"" / ""2)"" / list marker) near an unrelated pH mention elsewhere in the sentence, not a pH reading.",NOT_A_CHEMISTRY_CLAIM
cb3d83cf48f75d12,academy/fundamentals/understanding-pool-water-chemistry.html,"Above 7.8, chlorine effectiveness drops sharply — at pH 8.0, active chlorine is only about 22% of what the test shows.",ph,unspecified,RANGE,8,ph_units,,,UNSUPPORTED_PRODUCTION_CLAIM,"Describes what fraction/percentage of the parameter is in a particular chemical form/state, not a concentration target.",NOT_A_CHEMISTRY_CLAIM
d1feb9238ca02179,academy/fundamentals/why-water-testing-matters.html,Examples Catching a Problem Early A pool owner tests on Monday and finds FC at 0.8 ppm — below the 1.0 ppm minimum.,free_chlorine,pool,RANGE,0.8,ppm,,,EXTRACTION_ARTIFACT,"Worked example illustrating a BELOW-minimum reading (""0.8 ppm — below the 1.0 ppm minimum""), consistent with CDC's 1.0 ppm pool minimum, not a conflicting target. The 0.8 is deliberately the 'bad' example value.",NOT_A_CHEMISTRY_CLAIM
956458c13da6386e,academy/hot-tubs/refilling-your-hot-tub.html,Wait 4 hours. 2) pH increaser or acid to bring pH to 7.4.,ph,unspecified,SAFETY_GUIDANCE,2,ph_units,,,EXTRACTION_ARTIFACT,"""2"" is a step/day/test-numbering token (""Step 2"" / ""2)"" / list marker) near an unrelated pH mention elsewhere in the sentence, not a pH reading.",NOT_A_CHEMISTRY_CLAIM
f93dba25791ec1af,academy/hot-tubs/refilling-your-hot-tub.html,Wait 2 hours. 3) Calcium chloride if hardness is below 150 ppm. 4) Add chlorine to reach 3–5 ppm.,calcium_hardness,unspecified,SAFETY_GUIDANCE,3-5,ppm,,,CONTEXT_MISMATCH,"""Below/under"" threshold phrasing describing a too-low condition, consistent with (not contradicting) the canonical range's own minimum (150).",FALSE_CONFLICT
9b5883473f17b6cd,academy/hot-tubs/shock-after-heavy-use.html,"Key Facts Test combined chlorine after heavy use — if above 0.5 ppm, a shock treatment is required.",combined_chlorine,unspecified,RANGE,0.5,ppm,cdc-mahc-2023,,SOURCE_CONFLICT,"Live-verified 2026-08-18 (cdc.gov/model-aquatic-health-code): MAHC action threshold is 0.4 ppm combined chlorine, not 0.5 ppm as this page states. Common industry rule-of-thumb (0.5) vs. regulatory figure (0.4) -- genuine discrepancy, not silently rewritten in production content.",SOURCE_CONFLICT_REMAINS
ee54f93603c9490d,academy/index.html,"Browse by Category Fundamentals Core water chemistry concepts every pool owner needs to understand. 6 articles Sanitizers Chlorine, bromine, salt, and alternative sanitization methods. 6 articles Testing How to test pool water accurately and interpret results. 6 articles Water Balance Balancing pH, …",ph,pool,RANGE,6,ph_units,,,EXTRACTION_ARTIFACT,"Navigation, UI chrome, or page-metadata text; the numeric value is not a chemistry claim at all.",NOT_A_CHEMISTRY_CLAIM
662547d34e1902c0,academy/sanitizers/bromine-vs-chlorine.html,"Bromine also remains more effective at higher pH (up to 8.0) compared to chlorine, giving more flexibility in pH management for spas.",ph,unspecified,RANGE,8,ph_units,,,CONTEXT_MISMATCH,"Value is part of a comparison/analogy (e.g. ""far lower than ocean water""), not an assertion about the target parameter itself.",FALSE_CONFLICT
3babcfc82ef3edd3,academy/sanitizers/combined-chlorine-explained.html,Key Facts Combined chlorine above 0.5 ppm is the action threshold — shock treatment is needed.,combined_chlorine,unspecified,RANGE,0.5,ppm,,,CLAIM_FAMILY_GAP,"Value describes a shock/breakpoint-treatment scenario, correctly outside the routine-maintenance range it was checked against -- no numeric shock-treatment range exists in the claim family yet (see SHOCK-CLAIM-FAMILY-DECISION.md).",REQUIRES_EXPERT_REVIEW
189b214b02acd2f4,academy/sanitizers/liquid-chlorine-vs-tablets.html,Trichlor tablets are 90% available chlorine but also add cyanuric acid with every dose.,cyanuric_acid,unspecified,RANGE,90,%,,,UNSUPPORTED_PRODUCTION_CLAIM,"Value describes a product/chemical-supply specification (e.g. product concentration, %-by-weight), not a pool/spa water target -- never comparable to a water-chemistry range.",NOT_A_CHEMISTRY_CLAIM
3473187f4ce9851e,academy/sanitizers/liquid-chlorine-vs-tablets.html,It raises pH slightly (typically by 0.1–0.2 per dose for average pools) and does not add cyanuric acid.,ph,pool,RULE_OF_THUMB,0.1-0.2,ph_units,,,RANGE_MISMATCH,"Value 0.1-0.2 ph_units does not overlap the canonical range(s) range-ph-pool-chlorine-routine (7-7.8), range-ph-pool-narrow-operational (7.2-7.6) and does not match a recognized pattern (product spec / shock scenario / threshold phrasing / formula / nav noise) -- needs individual review.",UNREVIEWED
9054355991dd53a1,academy/sanitizers/liquid-chlorine-vs-tablets.html,Each tablet contains approximately 90% available chlorine but also contains cyanuric acid as a stabiliser.,cyanuric_acid,unspecified,RULE_OF_THUMB,90,%,,,UNSUPPORTED_PRODUCTION_CLAIM,"Value describes a product/chemical-supply specification (e.g. product concentration, %-by-weight), not a pool/spa water target -- never comparable to a water-chemistry range.",NOT_A_CHEMISTRY_CLAIM
a7dcfc1fa1289c35,academy/sanitizers/understanding-free-chlorine.html,"At pH 7.2, about 67% of free chlorine is in its most effective form (HOCl).",free_chlorine,unspecified,RANGE,67,%,,,UNSUPPORTED_PRODUCTION_CLAIM,"Describes what fraction/percentage of the parameter is in a particular chemical form/state, not a concentration target.",NOT_A_CHEMISTRY_CLAIM
193d99470545a750,academy/sanitizers/understanding-free-chlorine.html,"At pH 8.0, this drops to 22%.",ph,unspecified,RANGE,8,ph_units,,,CONTEXT_MISMATCH,"Diagnostic/illustrative phrasing describing an out-of-range reading as a problem or a threshold effect, not asserting this value as the target.",FALSE_CONFLICT
40fb9a355eaa851e,academy/testing/common-testing-mistakes.html,Examples Solving Chronic Low Chlorine Readings A pool owner has been adding extra chlorine every week because readings consistently show FC near 0.5 ppm — yet the pool stays clear.,free_chlorine,pool,RANGE,0.5,ppm,,,RANGE_MISMATCH,"Value 0.5-0.5 ppm does not overlap the canonical range(s) range-fc-pool-chlorine-no-cya (1-3), range-fc-pool-chlorine-with-cya (2-4) and does not match a recognized pattern (product spec / shock scenario / threshold phrasing / formula / nav noise) -- needs individual review.",UNREVIEWED
ee8b0b0cf19a507d,academy/testing/how-often-to-test-water.html,"After a large bather load (pool party), test the following morning and add shock if combined chlorine is above 0.5 ppm.",combined_chlorine,pool,RANGE,0.5,ppm,,,CLAIM_FAMILY_GAP,"Value describes a shock/breakpoint-treatment scenario, correctly outside the routine-maintenance range it was checked against -- no numeric shock-treatment range exists in the claim family yet (see SHOCK-CLAIM-FAMILY-DECISION.md).",REQUIRES_EXPERT_REVIEW
bf220486290fa6a0,academy/testing/understanding-test-results.html,The magnitude of deviation matters — free chlorine at 0.9 ppm is borderline; free chlorine at 0 ppm requires immediate treatment.,free_chlorine,unspecified,RANGE,0.9,ppm,,,CONTEXT_MISMATCH,"Diagnostic/illustrative phrasing describing an out-of-range reading as a problem or a threshold effect, not asserting this value as the target.",FALSE_CONFLICT
91759d1caeab7bed,academy/testing/understanding-test-results.html,The magnitude of deviation matters — free chlorine at 0.9 ppm is borderline; free chlorine at 0 ppm requires immediate treatment.,free_chlorine,unspecified,RANGE,0,ppm,,,CONTEXT_MISMATCH,"Diagnostic/illustrative phrasing describing an out-of-range reading as a problem or a threshold effect, not asserting this value as the target.",FALSE_CONFLICT
ebad11f9374c4d35,academy/testing/understanding-test-results.html,"Prioritising Adjustments When multiple parameters are out of range, follow the adjustment order: 1) Total alkalinity (it stabilises everything else). 2) pH (wait 4 hours after adjusting TA before testing and adjusting pH). 3) Free chlorine (ineffective until pH is in range). 4) Calcium hardness. 5) …",ph,unspecified,SAFETY_GUIDANCE,2,ph_units,,,EXTRACTION_ARTIFACT,"""2"" is a step/day/test-numbering token (""Step 2"" / ""2)"" / list marker) near an unrelated pH mention elsewhere in the sentence, not a pH reading.",NOT_A_CHEMISTRY_CLAIM
f64fef9bfcbcbf3e,academy/testing/understanding-test-results.html,"Is pH very high (above 8.0), making chlorine nearly inactive?",ph,unspecified,RANGE,8,ph_units,,,RANGE_MISMATCH,"Value 8-8 ph_units does not overlap the canonical range(s) range-ph-pool-chlorine-routine (7-7.8), range-ph-hottub-chlorine-routine (7-7.8), range-ph-hottub-bromine-routine (7-7.8), range-ph-pool-narrow-operational (7.2-7.6) and does not match a recognized pattern (product spec / shock scenario / threshold phrasing / formula / nav noise) -- needs individual review.",UNREVIEWED
8656fcc31210cae6,academy/testing/understanding-test-results.html,"Is CYA above 100 ppm, causing a &quot;chlorine lock&quot;?",cyanuric_acid,unspecified,RANGE,100,ppm,,,CONTEXT_MISMATCH,"""Above/exceeds"" threshold phrasing describing a too-high condition, consistent with (not contradicting) the canonical range's own maximum (15).",FALSE_CONFLICT
9b3a54181522ecb9,academy/testing/understanding-test-results.html,"Examples Prioritising a Multi-Parameter Problem Test shows: FC 0.5 ppm, pH 7.9, TA 60 ppm, hardness 120 ppm.",free_chlorine,unspecified,RANGE,0.5,ppm,,,RANGE_MISMATCH,"Value 0.5-0.5 ppm does not overlap the canonical range(s) range-fc-pool-chlorine-no-cya (1-3), range-fc-pool-chlorine-with-cya (2-4), range-fc-hottub-chlorine-routine (3-5) and does not match a recognized pattern (product spec / shock scenario / threshold phrasing / formula / nav noise) -- needs individual review.",UNREVIEWED
ba934eac9250f383,academy/testing/understanding-test-results.html,"Examples Prioritising a Multi-Parameter Problem Test shows: FC 0.5 ppm, pH 7.9, TA 60 ppm, hardness 120 ppm.",ph,unspecified,RANGE,7.9,ph_units,,,RANGE_MISMATCH,"Value 7.9-7.9 ph_units does not overlap the canonical range(s) range-ph-pool-chlorine-routine (7-7.8), range-ph-hottub-chlorine-routine (7-7.8), range-ph-hottub-bromine-routine (7-7.8), range-ph-pool-narrow-operational (7.2-7.6) and does not match a recognized pattern (product spec / shock scenario / threshold phrasing / formula / nav noise) -- needs individual review.",UNREVIEWED
31d15b31aab1c809,academy/testing/understanding-test-results.html,"Examples Prioritising a Multi-Parameter Problem Test shows: FC 0.5 ppm, pH 7.9, TA 60 ppm, hardness 120 ppm.",calcium_hardness,unspecified,RANGE,120,ppm,,,RANGE_MISMATCH,"Value 120-120 ppm does not overlap the canonical range(s) range-ch-public-pool-standard (150-1000), range-ch-residential-practical (200-400) and does not match a recognized pattern (product spec / shock scenario / threshold phrasing / formula / nav noise) -- needs individual review.",UNREVIEWED
7ae3efe952c264c6,academy/testing/using-liquid-test-kits.html,Combined chlorine = 3.5 - 2.0 = 1.5 ppm.,combined_chlorine,unspecified,RANGE,1.5,ppm,,,EXTRACTION_ARTIFACT,"Intermediate arithmetic step, dosage coefficient, or formula constant in a worked example -- not an asserted target claim.",NOT_A_CHEMISTRY_CLAIM
418c037e1d017895,academy/testing/using-test-strips.html,Re-testing with a liquid kit the next morning shows FC at 8 ppm — dangerous for swimming.,free_chlorine,unspecified,RANGE,8,ppm,,,RANGE_MISMATCH,"Value 8-8 ppm does not overlap the canonical range(s) range-fc-pool-chlorine-no-cya (1-3), range-fc-pool-chlorine-with-cya (2-4), range-fc-hottub-chlorine-routine (3-5) and does not match a recognized pattern (product spec / shock scenario / threshold phrasing / formula / nav noise) -- needs individual review.",UNREVIEWED
6d98e3fb6df50ce4,academy/troubleshooting/cloudy-water.html,"Chemical Treatment for Cloudiness If cloudiness is from chemistry: first bring pH into the 7.2–7.6 range, then shock the pool to 10 ppm FC or higher.",free_chlorine,pool,RANGE,10,ppm,,,CLAIM_FAMILY_GAP,"Value describes a shock/breakpoint-treatment scenario, correctly outside the routine-maintenance range it was checked against -- no numeric shock-treatment range exists in the claim family yet (see SHOCK-CLAIM-FAMILY-DECISION.md).",REQUIRES_EXPERT_REVIEW
0a0a7b8ef6cefe4b,academy/troubleshooting/cloudy-water.html,"Examples Clearing Cloudy Water in 48 Hours Pool tests: FC 0.8 ppm, pH 7.9, TA 110 ppm.",free_chlorine,pool,RANGE,0.8,ppm,,,RANGE_MISMATCH,"Value 0.8-0.8 ppm does not overlap the canonical range(s) range-fc-pool-chlorine-no-cya (1-3), range-fc-pool-chlorine-with-cya (2-4) and does not match a recognized pattern (product spec / shock scenario / threshold phrasing / formula / nav noise) -- needs individual review.",UNREVIEWED
2040b58bbe1c925b,academy/troubleshooting/cloudy-water.html,"Examples Clearing Cloudy Water in 48 Hours Pool tests: FC 0.8 ppm, pH 7.9, TA 110 ppm.",ph,pool,RANGE,7.9,ph_units,,,RANGE_MISMATCH,"Value 7.9-7.9 ph_units does not overlap the canonical range(s) range-ph-pool-chlorine-routine (7-7.8), range-ph-pool-narrow-operational (7.2-7.6) and does not match a recognized pattern (product spec / shock scenario / threshold phrasing / formula / nav noise) -- needs individual review.",UNREVIEWED
d3242bcbf8315323,academy/troubleshooting/cloudy-water.html,Day 1 morning: add muriatic acid to lower pH to 7.4.,ph,unspecified,RANGE,1,ph_units,,,EXTRACTION_ARTIFACT,"""1"" is a step/day/test-numbering token (""Step 1"" / ""1)"" / list marker) near an unrelated pH mention elsewhere in the sentence, not a pH reading.",NOT_A_CHEMISTRY_CLAIM
3b50560f2e5c24ca,academy/troubleshooting/cloudy-water.html,Afternoon: shock pool to 10 ppm FC using liquid chlorine.,free_chlorine,pool,RANGE,10,ppm,,,CLAIM_FAMILY_GAP,"Value describes a shock/breakpoint-treatment scenario, correctly outside the routine-maintenance range it was checked against -- no numeric shock-treatment range exists in the claim family yet (see SHOCK-CLAIM-FAMILY-DECISION.md).",REQUIRES_EXPERT_REVIEW
84a95e3fbf929872,academy/troubleshooting/corrosion.html,Testing shows pH 7.1 and Ca hardness 100 ppm — an LSI of approximately -1.0.,calcium_hardness,unspecified,RULE_OF_THUMB,100,ppm,,,RANGE_MISMATCH,"Value 100-100 ppm does not overlap the canonical range(s) range-ch-public-pool-standard (150-1000), range-ch-residential-practical (200-400) and does not match a recognized pattern (product spec / shock scenario / threshold phrasing / formula / nav noise) -- needs individual review.",UNREVIEWED
75afa38cb015e374,academy/troubleshooting/corrosion.html,Step 3: Raise pH to 7.4 and hardness to 250 ppm over 48 hours.,ph,unspecified,RANGE,3,ph_units,,,EXTRACTION_ARTIFACT,"""3"" is a step/day/test-numbering token (""Step 3"" / ""3)"" / list marker) near an unrelated pH mention elsewhere in the sentence, not a pH reading.",NOT_A_CHEMISTRY_CLAIM
af987ca0b10a8315,academy/troubleshooting/green-water.html,The shock dose for an active green pool is 30 ppm FC — ten times the normal level.,free_chlorine,pool,RANGE,30,ppm,,,CLAIM_FAMILY_GAP,"Value describes a shock/breakpoint-treatment scenario, correctly outside the routine-maintenance range it was checked against -- no numeric shock-treatment range exists in the claim family yet (see SHOCK-CLAIM-FAMILY-DECISION.md).",REQUIRES_EXPERT_REVIEW
d44095dc1bc58f66,academy/troubleshooting/green-water.html,"The Green Pool Treatment Protocol Step 1: Test pH, alkalinity, and CYA.",ph,pool,RANGE,1,ph_units,,,EXTRACTION_ARTIFACT,"""1"" is a step/day/test-numbering token (""Step 1"" / ""1)"" / list marker) near an unrelated pH mention elsewhere in the sentence, not a pH reading.",NOT_A_CHEMISTRY_CLAIM
91bfc9d1414df2c5,academy/troubleshooting/scaling.html,"Preventing and Removing Scale Prevention: keep LSI between -0.3 and +0.3 by maintaining pH below 7.6, calcium hardness at or below 400 ppm, and alkalinity at 80–120 ppm.",ph,unspecified,RANGE,0.3,ph_units,,,CONTEXT_MISMATCH,"""Below/under"" threshold phrasing describing a too-low condition, consistent with (not contradicting) the canonical range's own minimum (7).",FALSE_CONFLICT
4a69db2dd89752a3,academy/troubleshooting/scaling.html,"The fix: lower pH to 7.4 immediately (largest LSI impact), lower TA to 90 ppm, and plan a 30% partial drain to reduce hardness to ~340 ppm.",calcium_hardness,unspecified,RANGE,30,%,,,RANGE_MISMATCH,"Value 30-30 % does not overlap the canonical range(s) range-ch-public-pool-standard (150-1000), range-ch-residential-practical (200-400) and does not match a recognized pattern (product spec / shock scenario / threshold phrasing / formula / nav noise) -- needs individual review.",UNREVIEWED
9cd461b8459e282c,academy/troubleshooting/strong-chlorine-smell.html,Ideal Range: N/A (prevented by keeping CC < 0.5 ppm) Calculators Pool Shock Calculator Related Combined Chlorine Breakpoint Chlorination Shock Treatment Eye Irritation Full entity details → In This Category Cloudy Pool Water: Causes and Solutions Green Pool Water: How to Fix It Foaming Hot Tubs: Cau…,combined_chlorine,pool,RANGE,0.5,ppm,,,CLAIM_FAMILY_GAP,"Value describes a shock/breakpoint-treatment scenario, correctly outside the routine-maintenance range it was checked against -- no numeric shock-treatment range exists in the claim family yet (see SHOCK-CLAIM-FAMILY-DECISION.md).",REQUIRES_EXPERT_REVIEW
9f7b718a514248c2,academy/troubleshooting/strong-chlorine-smell.html,Combined chlorine above 0.5 ppm is the action threshold — breakpoint shock is needed.,combined_chlorine,unspecified,RANGE,0.5,ppm,,,CLAIM_FAMILY_GAP,"Value describes a shock/breakpoint-treatment scenario, correctly outside the routine-maintenance range it was checked against -- no numeric shock-treatment range exists in the claim family yet (see SHOCK-CLAIM-FAMILY-DECISION.md).",REQUIRES_EXPERT_REVIEW
e86930b53ee7bc88,academy/vacation-rentals/emergency-water-recovery.html,The shock dose for a green pool is 30 ppm FC — the pool volume calculator determines the exact chemical amount.,free_chlorine,pool,RANGE,30,ppm,,,CLAIM_FAMILY_GAP,"Value describes a shock/breakpoint-treatment scenario, correctly outside the routine-maintenance range it was checked against -- no numeric shock-treatment range exists in the claim family yet (see SHOCK-CLAIM-FAMILY-DECISION.md).",REQUIRES_EXPERT_REVIEW
2b2da03f5cc25369,academy/vacation-rentals/emergency-water-recovery.html,The Recovery Protocol Step 1: Lower pH to 7.2 (maximises chlorine activity).,ph,unspecified,RANGE,1,ph_units,,,EXTRACTION_ARTIFACT,"""1"" is a step/day/test-numbering token (""Step 1"" / ""1)"" / list marker) near an unrelated pH mention elsewhere in the sentence, not a pH reading.",NOT_A_CHEMISTRY_CLAIM
ecebf50530cdde22,academy/vacation-rentals/emergency-water-recovery.html,Step 3: Add shock chlorine to reach 30 ppm FC (for green water) or 10 ppm (for moderately compromised water).,free_chlorine,unspecified,RANGE,30,ppm,,,CLAIM_FAMILY_GAP,"Value describes a shock/breakpoint-treatment scenario, correctly outside the routine-maintenance range it was checked against -- no numeric shock-treatment range exists in the claim family yet (see SHOCK-CLAIM-FAMILY-DECISION.md).",REQUIRES_EXPERT_REVIEW
a893639795d6a251,academy/vacation-rentals/emergency-water-recovery.html,Step 3: Add shock chlorine to reach 30 ppm FC (for green water) or 10 ppm (for moderately compromised water).,free_chlorine,unspecified,RANGE,10,ppm,,,CLAIM_FAMILY_GAP,"Value describes a shock/breakpoint-treatment scenario, correctly outside the routine-maintenance range it was checked against -- no numeric shock-treatment range exists in the claim family yet (see SHOCK-CLAIM-FAMILY-DECISION.md).",REQUIRES_EXPERT_REVIEW
64590da4c954e6cc,academy/vacation-rentals/emergency-water-recovery.html,Step 5: Test every 4–6 hours and add more chlorine if FC drops below 10 ppm (sign that active algae or high chlorine demand is still consuming it).,free_chlorine,unspecified,RANGE,10,ppm,,,RANGE_MISMATCH,"Value 10-10 ppm does not overlap the canonical range(s) range-fc-pool-chlorine-no-cya (1-3), range-fc-pool-chlorine-with-cya (2-4), range-fc-hottub-chlorine-routine (3-5) and does not match a recognized pattern (product spec / shock scenario / threshold phrasing / formula / nav noise) -- needs individual review.",UNREVIEWED
f5d774c25138e0f4,academy/vacation-rentals/emergency-water-recovery.html,"FC is zero, pH 8.1.",ph,unspecified,RANGE,8.1,ph_units,,,RANGE_MISMATCH,"Value 8.1-8.1 ph_units does not overlap the canonical range(s) range-ph-pool-chlorine-routine (7-7.8), range-ph-hottub-chlorine-routine (7-7.8), range-ph-hottub-bromine-routine (7-7.8), range-ph-pool-narrow-operational (7.2-7.6) and does not match a recognized pattern (product spec / shock scenario / threshold phrasing / formula / nav noise) -- needs individual review.",UNREVIEWED
fd40f03a54e99a01,academy/vacation-rentals/emergency-water-recovery.html,Timeline: Friday 4pm — lower pH with acid.,ph,unspecified,RANGE,4,ph_units,,,EXTRACTION_ARTIFACT,"""4"" is a step/day/test-numbering token (""Step 4"" / ""4)"" / list marker) near an unrelated pH mention elsewhere in the sentence, not a pH reading.",NOT_A_CHEMISTRY_CLAIM
05afc51475e26fee,academy/vacation-rentals/maintenance-schedule.html,Chemical dosing schedule updated for summer: pH adjusted twice weekly (instead of weekly) due to higher CO2 off-gassing from heat and splash.,ph,unspecified,RANGE,2,ph_units,,,EXTRACTION_ARTIFACT,"Number describes testing/dosing FREQUENCY (""N times per week/day""), not a chemistry-parameter value.",NOT_A_CHEMISTRY_CLAIM
df35f7b36e5bde90,academy/vacation-rentals/turnover-checklist.html,"If combined chlorine is above 0.5 ppm, shock overnight before the guest arrives.",combined_chlorine,unspecified,RANGE,0.5,ppm,,,CLAIM_FAMILY_GAP,"Value describes a shock/breakpoint-treatment scenario, correctly outside the routine-maintenance range it was checked against -- no numeric shock-treatment range exists in the claim family yet (see SHOCK-CLAIM-FAMILY-DECISION.md).",REQUIRES_EXPERT_REVIEW
9ca04528a2e522db,academy/vacation-rentals/turnover-checklist.html,"Pre-turnover test: FC 0.8 ppm (low), pH 7.9 (high), TA 100 ppm (ok), CH 220 ppm (ok), CC 0.4 ppm (borderline).",free_chlorine,unspecified,RANGE,0.8,ppm,,,CONTEXT_MISMATCH,"Diagnostic/illustrative phrasing describing an out-of-range reading as a problem or a threshold effect, not asserting this value as the target.",FALSE_CONFLICT
01e4b7f54f2dc212,academy/vacation-rentals/turnover-checklist.html,"Pre-turnover test: FC 0.8 ppm (low), pH 7.9 (high), TA 100 ppm (ok), CH 220 ppm (ok), CC 0.4 ppm (borderline).",ph,unspecified,RANGE,7.9,ph_units,,,CONTEXT_MISMATCH,"Diagnostic/illustrative phrasing describing an out-of-range reading as a problem or a threshold effect, not asserting this value as the target.",FALSE_CONFLICT
96321eb685cd7e22,academy/vacation-rentals/weekly-inspection.html,"Water Chemistry Check The chemistry portion of the weekly inspection covers: free chlorine (1–3 ppm), combined chlorine (below 0.5 ppm), pH (7.2–7.6), total alkalinity (80–120 ppm), and a visual clarity check — can you see the main drain from the pool deck?",combined_chlorine,unspecified,RANGE,0.5,ppm,,,UNSUPPORTED_PRODUCTION_CLAIM,"Describes what fraction/percentage of the parameter is in a particular chemical form/state, not a concentration target.",NOT_A_CHEMISTRY_CLAIM
8e3605b6538a01dc,academy/water-balance/understanding-calcium-hardness.html,"Typical dose for raising hardness by 10 ppm in a 10,000-gallon pool is approximately 1.25 lbs.",calcium_hardness,pool,RULE_OF_THUMB,10,ppm,,,RANGE_MISMATCH,"Value 10-10 ppm does not overlap the canonical range(s) range-ch-public-pool-standard (150-1000), range-ch-residential-practical (200-400) and does not match a recognized pattern (product spec / shock scenario / threshold phrasing / formula / nav noise) -- needs individual review.",UNREVIEWED
16274f4e389c358b,academy/water-balance/understanding-cyanuric-acid.html,"Without CYA in an outdoor pool, chlorine exposed to direct sunlight at midday will deplete by 90% within two to three hours.",cyanuric_acid,pool,RANGE,90,%,,,RANGE_MISMATCH,"Value 90-90 % does not overlap the canonical range(s) range-cya-public-pool-incident-response-max (0-15), range-cya-residential-routine-outdoor (30-50), range-cya-saltwater-outdoor (60-80) and does not match a recognized pattern (product spec / shock scenario / threshold phrasing / formula / nav noise) -- needs individual review.",UNREVIEWED
b263d2fcc2c09274,academy/water-balance/understanding-cyanuric-acid.html,"At CYA 30 ppm and pH 7.4, approximately 20% of FC is active.",free_chlorine,unspecified,RULE_OF_THUMB,20,%,,,UNSUPPORTED_PRODUCTION_CLAIM,"Describes what fraction/percentage of the parameter is in a particular chemical form/state, not a concentration target.",NOT_A_CHEMISTRY_CLAIM
093ccad19793fcb4,academy/water-balance/understanding-cyanuric-acid.html,"At CYA 100 ppm and the same pH, only 6–7% is active.",cyanuric_acid,unspecified,RANGE,100,ppm,,,RANGE_MISMATCH,"Value 100-100 ppm does not overlap the canonical range(s) range-cya-public-pool-incident-response-max (0-15), range-cya-residential-routine-outdoor (30-50), range-cya-saltwater-outdoor (60-80), range-cya-hottub (0-0) and does not match a recognized pattern (product spec / shock scenario / threshold phrasing / formula / nav noise) -- needs individual review.",UNREVIEWED
e9421d8769be79c4,academy/water-balance/understanding-lsi.html,"Of the adjustable variables, pH has the largest impact on LSI because the pH factor in the formula is the raw pH value, not a lookup number — a 0.1 pH change shifts LSI by 0.1 directly.",ph,unspecified,RANGE,0.1,ph_units,,,RANGE_MISMATCH,"Value 0.1-0.1 ph_units does not overlap the canonical range(s) range-ph-pool-chlorine-routine (7-7.8), range-ph-hottub-chlorine-routine (7-7.8), range-ph-hottub-bromine-routine (7-7.8), range-ph-pool-narrow-operational (7.2-7.6) and does not match a recognized pattern (product spec / shock scenario / threshold phrasing / formula / nav noise) -- needs individual review.",UNREVIEWED
f864db2906ae0764,academy/water-balance/understanding-ph.html,"Key Facts At pH 7.2, approximately 67% of free chlorine is in its most active form (hypochlorous acid).",free_chlorine,unspecified,RULE_OF_THUMB,67,%,,,UNSUPPORTED_PRODUCTION_CLAIM,"Describes what fraction/percentage of the parameter is in a particular chemical form/state, not a concentration target.",NOT_A_CHEMISTRY_CLAIM
2f587ea4cf726a36,academy/water-balance/understanding-ph.html,"At pH 8.0, only 22% of free chlorine is active — three times more chlorine is needed for the same effect. pH naturally drifts upward in pools as CO2 escapes the water surface.",ph,unspecified,RANGE,8,ph_units,,,UNSUPPORTED_PRODUCTION_CLAIM,"Describes what fraction/percentage of the parameter is in a particular chemical form/state, not a concentration target.",NOT_A_CHEMISTRY_CLAIM
4401d0f9d4c28f9a,academy/water-balance/understanding-ph.html,"At pH 8.0, only 22% of free chlorine is active — three times more chlorine is needed for the same effect. pH naturally drifts upward in pools as CO2 escapes the water surface.",free_chlorine,unspecified,RANGE,22,%,,,UNSUPPORTED_PRODUCTION_CLAIM,"Describes what fraction/percentage of the parameter is in a particular chemical form/state, not a concentration target.",NOT_A_CHEMISTRY_CLAIM
1e178f3fa89b64c7,academy/water-balance/understanding-ph.html,"At pH 8.0, only 22% of free chlorine is active — three times more chlorine is needed for the same effect. pH naturally drifts upward in pools as CO2 escapes the water surface.",ph,pool,RANGE,2,ph_units,,,UNSUPPORTED_PRODUCTION_CLAIM,"Describes what fraction/percentage of the parameter is in a particular chemical form/state, not a concentration target.",NOT_A_CHEMISTRY_CLAIM
de0e99c94dda54aa,academy/water-balance/understanding-ph.html,What pH Measures pH measures the concentration of hydrogen ions in water on a logarithmic scale from 0 (most acidic) to 14 (most alkaline).,ph,unspecified,RANGE,0,ph_units,,,UNSUPPORTED_PRODUCTION_CLAIM,"Describes the pH scale itself (e.g. ""0 to 14 logarithmic scale"", ""each full pH unit""), not a water-chemistry target value.",NOT_A_CHEMISTRY_CLAIM
7be77f2f6ef75da6,academy/water-balance/understanding-ph.html,What pH Measures pH measures the concentration of hydrogen ions in water on a logarithmic scale from 0 (most acidic) to 14 (most alkaline).,ph,unspecified,RANGE,14,ph_units,,,UNSUPPORTED_PRODUCTION_CLAIM,"Describes the pH scale itself (e.g. ""0 to 14 logarithmic scale"", ""each full pH unit""), not a water-chemistry target value.",NOT_A_CHEMISTRY_CLAIM
61da87a76107b1af,academy/water-balance/understanding-ph.html,"Each full pH unit represents a 10-fold change in acidity, which is why even small changes (0.2–0.3 units) have measurable effects on chlorine effectiveness.",ph,unspecified,RANGE,10,ph_units,,,UNSUPPORTED_PRODUCTION_CLAIM,"Describes the pH scale itself (e.g. ""0 to 14 logarithmic scale"", ""each full pH unit""), not a water-chemistry target value.",NOT_A_CHEMISTRY_CLAIM
837435cea8d03c79,academy/water-balance/understanding-ph.html,"Each full pH unit represents a 10-fold change in acidity, which is why even small changes (0.2–0.3 units) have measurable effects on chlorine effectiveness.",ph,unspecified,RANGE,0.2-0.3,ph_units,,,UNSUPPORTED_PRODUCTION_CLAIM,"Describes the pH scale itself (e.g. ""0 to 14 logarithmic scale"", ""each full pH unit""), not a water-chemistry target value.",NOT_A_CHEMISTRY_CLAIM
7473e8bc78fdaee9,academy/water-balance/understanding-ph.html,"At pH 7.2, about 67% of free chlorine is HOCl.",free_chlorine,unspecified,RANGE,67,%,,,UNSUPPORTED_PRODUCTION_CLAIM,"Describes what fraction/percentage of the parameter is in a particular chemical form/state, not a concentration target.",NOT_A_CHEMISTRY_CLAIM
93dcf35c0bbb9853,academy/water-balance/understanding-ph.html,"At pH 8.0, only 22% remains as HOCl.",ph,unspecified,RANGE,8,ph_units,,,RANGE_MISMATCH,"Value 8-8 ph_units does not overlap the canonical range(s) range-ph-pool-chlorine-routine (7-7.8), range-ph-hottub-chlorine-routine (7-7.8), range-ph-hottub-bromine-routine (7-7.8), range-ph-pool-narrow-operational (7.2-7.6) and does not match a recognized pattern (product spec / shock scenario / threshold phrasing / formula / nav noise) -- needs individual review.",UNREVIEWED
2498d519df23327e,academy/water-balance/understanding-ph.html,This means a pool with 2 ppm FC at pH 7.2 has roughly the same effective sanitation as a pool with 6 ppm FC at pH 8.0.,free_chlorine,pool,RULE_OF_THUMB,6,ppm,,,RANGE_MISMATCH,"Value 6-6 ppm does not overlap the canonical range(s) range-fc-pool-chlorine-no-cya (1-3), range-fc-pool-chlorine-with-cya (2-4) and does not match a recognized pattern (product spec / shock scenario / threshold phrasing / formula / nav noise) -- needs individual review.",UNREVIEWED
9b80e2cb8d605ec1,academy/water-balance/understanding-ph.html,This means a pool with 2 ppm FC at pH 7.2 has roughly the same effective sanitation as a pool with 6 ppm FC at pH 8.0.,ph,pool,RULE_OF_THUMB,8,ph_units,,,RANGE_MISMATCH,"Value 8-8 ph_units does not overlap the canonical range(s) range-ph-pool-chlorine-routine (7-7.8), range-ph-pool-narrow-operational (7.2-7.6) and does not match a recognized pattern (product spec / shock scenario / threshold phrasing / formula / nav noise) -- needs individual review.",UNREVIEWED
17030adfd35149c3,academy/water-balance/water-balance-order.html,Step 2: Adjust pH to 7.2–7.6 using sodium carbonate or soda ash (to raise) or muriatic acid / sodium bisulfate (to lower).,ph,unspecified,RANGE,2,ph_units,,,EXTRACTION_ARTIFACT,"""2"" is a step/day/test-numbering token (""Step 2"" / ""2)"" / list marker) near an unrelated pH mention elsewhere in the sentence, not a pH reading.",NOT_A_CHEMISTRY_CLAIM
454da4a22bf5f8e4,academy/water-balance/water-balance-order.html,"Examples Full Rebalancing Sequence An opening test shows: TA 50 ppm, pH 7.0, CH 100 ppm, FC 0.",total_alkalinity,unspecified,RANGE,50,ppm,,,RANGE_MISMATCH,"Value 50-50 ppm does not overlap the canonical range(s) range-ta-public-pool-standard (60-180), range-ta-residential-practical (80-120), range-ta-hottub (80-120) and does not match a recognized pattern (product spec / shock scenario / threshold phrasing / formula / nav noise) -- needs individual review.",UNREVIEWED
59ed7f611dc0ba7f,academy/water-balance/water-balance-order.html,"Examples Full Rebalancing Sequence An opening test shows: TA 50 ppm, pH 7.0, CH 100 ppm, FC 0.",calcium_hardness,unspecified,RANGE,100,ppm,,,RANGE_MISMATCH,"Value 100-100 ppm does not overlap the canonical range(s) range-ch-public-pool-standard (150-1000), range-ch-residential-practical (200-400) and does not match a recognized pattern (product spec / shock scenario / threshold phrasing / formula / nav noise) -- needs individual review.",UNREVIEWED
2fc8022383997c62,audit/google/crawl-depth.html,"(Dilution, pH & Chlorine) 2 /guides/edge-cases/swimming-after-shocking-pool How Long After Shocking a Pool Can You Swim?",ph,pool,RANGE,2,ph_units,,,RANGE_MISMATCH,"Value 2-2 ph_units does not overlap the canonical range(s) range-ph-pool-chlorine-routine (7-7.8), range-ph-pool-narrow-operational (7.2-7.6) and does not match a recognized pattern (product spec / shock scenario / threshold phrasing / formula / nav noise) -- needs individual review.",UNREVIEWED
7902ad61dfb89c42,audit/google/freshness.html,Freshness URL Last Reviewed Platform Version Dataset Version /calculators 2026-08-18 1.0.0 2026.07 /calculators/chemical-calculator 2026-08-18 1.0.0 2026.07 /calculators/hot-tub-chlorine-calculator 2026-08-18 1.0.0 2026.07 /calculators/hot-tub-ph-calculator 2026-08-18 1.0.0 2026.07 /calculators/hot-…,ph,hot_tub,RANGE,1,ph_units,,,EXTRACTION_ARTIFACT,"Intermediate arithmetic step, dosage coefficient, or formula constant in a worked example -- not an asserted target claim.",NOT_A_CHEMISTRY_CLAIM
12561327002c5efe,audit/google/freshness.html,Freshness URL Last Reviewed Platform Version Dataset Version /calculators 2026-08-18 1.0.0 2026.07 /calculators/chemical-calculator 2026-08-18 1.0.0 2026.07 /calculators/hot-tub-chlorine-calculator 2026-08-18 1.0.0 2026.07 /calculators/hot-tub-ph-calculator 2026-08-18 1.0.0 2026.07 /calculators/hot-…,ph,hot_tub,RANGE,6.07,ph_units,,,EXTRACTION_ARTIFACT,"Intermediate arithmetic step, dosage coefficient, or formula constant in a worked example -- not an asserted target claim.",NOT_A_CHEMISTRY_CLAIM
b6febc430f4ea319,audit/google/freshness.html,Freshness URL Last Reviewed Platform Version Dataset Version /calculators 2026-08-18 1.0.0 2026.07 /calculators/chemical-calculator 2026-08-18 1.0.0 2026.07 /calculators/hot-tub-chlorine-calculator 2026-08-18 1.0.0 2026.07 /calculators/hot-tub-ph-calculator 2026-08-18 1.0.0 2026.07 /calculators/hot-…,ph,hot_tub,RANGE,1,ph_units,,,EXTRACTION_ARTIFACT,"Intermediate arithmetic step, dosage coefficient, or formula constant in a worked example -- not an asserted target claim.",NOT_A_CHEMISTRY_CLAIM
a50a441aaa88cde0,audit/google/freshness.html,Freshness URL Last Reviewed Platform Version Dataset Version /calculators 2026-08-18 1.0.0 2026.07 /calculators/chemical-calculator 2026-08-18 1.0.0 2026.07 /calculators/hot-tub-chlorine-calculator 2026-08-18 1.0.0 2026.07 /calculators/hot-tub-ph-calculator 2026-08-18 1.0.0 2026.07 /calculators/hot-…,ph,hot_tub,RANGE,6.07,ph_units,,,EXTRACTION_ARTIFACT,"Intermediate arithmetic step, dosage coefficient, or formula constant in a worked example -- not an asserted target claim.",NOT_A_CHEMISTRY_CLAIM
0643352bafe790d3,audit/google/freshness.html,Freshness URL Last Reviewed Platform Version Dataset Version /calculators 2026-08-18 1.0.0 2026.07 /calculators/chemical-calculator 2026-08-18 1.0.0 2026.07 /calculators/hot-tub-chlorine-calculator 2026-08-18 1.0.0 2026.07 /calculators/hot-tub-ph-calculator 2026-08-18 1.0.0 2026.07 /calculators/hot-…,ph,hot_tub,RANGE,1,ph_units,,,EXTRACTION_ARTIFACT,"Intermediate arithmetic step, dosage coefficient, or formula constant in a worked example -- not an asserted target claim.",NOT_A_CHEMISTRY_CLAIM
7688f74896be66a3,audit/google/freshness.html,Freshness URL Last Reviewed Platform Version Dataset Version /calculators 2026-08-18 1.0.0 2026.07 /calculators/chemical-calculator 2026-08-18 1.0.0 2026.07 /calculators/hot-tub-chlorine-calculator 2026-08-18 1.0.0 2026.07 /calculators/hot-tub-ph-calculator 2026-08-18 1.0.0 2026.07 /calculators/hot-…,ph,hot_tub,RANGE,6.07,ph_units,,,EXTRACTION_ARTIFACT,"Intermediate arithmetic step, dosage coefficient, or formula constant in a worked example -- not an asserted target claim.",NOT_A_CHEMISTRY_CLAIM
3e4b9308c2fb4792,audit/google/freshness.html,Freshness URL Last Reviewed Platform Version Dataset Version /calculators 2026-08-18 1.0.0 2026.07 /calculators/chemical-calculator 2026-08-18 1.0.0 2026.07 /calculators/hot-tub-chlorine-calculator 2026-08-18 1.0.0 2026.07 /calculators/hot-tub-ph-calculator 2026-08-18 1.0.0 2026.07 /calculators/hot-…,ph,hot_tub,RANGE,1,ph_units,,,EXTRACTION_ARTIFACT,"Intermediate arithmetic step, dosage coefficient, or formula constant in a worked example -- not an asserted target claim.",NOT_A_CHEMISTRY_CLAIM
11d07a6696f643ad,audit/google/freshness.html,Freshness URL Last Reviewed Platform Version Dataset Version /calculators 2026-08-18 1.0.0 2026.07 /calculators/chemical-calculator 2026-08-18 1.0.0 2026.07 /calculators/hot-tub-chlorine-calculator 2026-08-18 1.0.0 2026.07 /calculators/hot-tub-ph-calculator 2026-08-18 1.0.0 2026.07 /calculators/hot-…,ph,hot_tub,RANGE,6.07,ph_units,,,EXTRACTION_ARTIFACT,"Intermediate arithmetic step, dosage coefficient, or formula constant in a worked example -- not an asserted target claim.",NOT_A_CHEMISTRY_CLAIM
4aaf0668a2e32352,calculators/chemical-calculator.html,Test chlorine and pH at least 2–3 times per week during swim season.,ph,unspecified,RANGE,2-3,ph_units,,,EXTRACTION_ARTIFACT,"Number describes testing/dosing FREQUENCY (""N times per week/day""), not a chemistry-parameter value.",NOT_A_CHEMISTRY_CLAIM
e977018fdc60533e,calculators/hot-tub-ph-calculator.html,Related Calculators Pool Calculators (5) Pool Chemical Calculator Pool Chlorine Calculator Pool pH Calculator Pool Shock Calculator Pool Volume Calculator Hot Tub Calculators (3) Hot Tub Chlorine Calculator Hot Tub pH Calculator Hot Tub Shock Calculator Water Chemistry (5) Salt Calculator Alkalinity…,ph,both,RANGE,5,ph_units,,,EXTRACTION_ARTIFACT,"""5"" is a step/day/test-numbering token (""Step 5"" / ""5)"" / list marker) near an unrelated pH mention elsewhere in the sentence, not a pH reading.",NOT_A_CHEMISTRY_CLAIM
2be7b59b831997c8,calculators/hot-tub-ph-calculator.html,Related Calculators Pool Calculators (5) Pool Chemical Calculator Pool Chlorine Calculator Pool pH Calculator Pool Shock Calculator Pool Volume Calculator Hot Tub Calculators (3) Hot Tub Chlorine Calculator Hot Tub pH Calculator Hot Tub Shock Calculator Water Chemistry (5) Salt Calculator Alkalinity…,ph,both,RANGE,3,ph_units,,,EXTRACTION_ARTIFACT,"""3"" is a step/day/test-numbering token (""Step 3"" / ""3)"" / list marker) near an unrelated pH mention elsewhere in the sentence, not a pH reading.",NOT_A_CHEMISTRY_CLAIM
cec90c3358610b3a,calculators/hot-tub-shock-calculator.html,Related Calculators Pool Calculators (5) Pool Chemical Calculator Pool Chlorine Calculator Pool pH Calculator Pool Shock Calculator Pool Volume Calculator Hot Tub Calculators (3) Hot Tub Chlorine Calculator Hot Tub pH Calculator Hot Tub Shock Calculator Water Chemistry (5) Salt Calculator Alkalinity…,ph,both,RANGE,5,ph_units,,,EXTRACTION_ARTIFACT,"""5"" is a step/day/test-numbering token (""Step 5"" / ""5)"" / list marker) near an unrelated pH mention elsewhere in the sentence, not a pH reading.",NOT_A_CHEMISTRY_CLAIM
dadbbf62fd31d9c8,calculators/hot-tub-shock-calculator.html,Related Calculators Pool Calculators (5) Pool Chemical Calculator Pool Chlorine Calculator Pool pH Calculator Pool Shock Calculator Pool Volume Calculator Hot Tub Calculators (3) Hot Tub Chlorine Calculator Hot Tub pH Calculator Hot Tub Shock Calculator Water Chemistry (5) Salt Calculator Alkalinity…,ph,both,RANGE,3,ph_units,,,EXTRACTION_ARTIFACT,"""3"" is a step/day/test-numbering token (""Step 3"" / ""3)"" / list marker) near an unrelated pH mention elsewhere in the sentence, not a pH reading.",NOT_A_CHEMISTRY_CLAIM
bbb41d892f261ad4,calculators/pool-alkalinity-calculator.html,Related Calculators Pool Calculators (5) Pool Chemical Calculator Pool Chlorine Calculator Pool pH Calculator Pool Shock Calculator Pool Volume Calculator Hot Tub Calculators (3) Hot Tub Chlorine Calculator Hot Tub pH Calculator Hot Tub Shock Calculator Water Chemistry (5) Salt Calculator Alkalinity…,ph,both,RANGE,5,ph_units,,,EXTRACTION_ARTIFACT,"""5"" is a step/day/test-numbering token (""Step 5"" / ""5)"" / list marker) near an unrelated pH mention elsewhere in the sentence, not a pH reading.",NOT_A_CHEMISTRY_CLAIM
9af15a7839432406,calculators/pool-alkalinity-calculator.html,Related Calculators Pool Calculators (5) Pool Chemical Calculator Pool Chlorine Calculator Pool pH Calculator Pool Shock Calculator Pool Volume Calculator Hot Tub Calculators (3) Hot Tub Chlorine Calculator Hot Tub pH Calculator Hot Tub Shock Calculator Water Chemistry (5) Salt Calculator Alkalinity…,ph,both,RANGE,3,ph_units,,,EXTRACTION_ARTIFACT,"""3"" is a step/day/test-numbering token (""Step 3"" / ""3)"" / list marker) near an unrelated pH mention elsewhere in the sentence, not a pH reading.",NOT_A_CHEMISTRY_CLAIM
c3af2ffdaf9b30d2,calculators/pool-chlorine-calculator.html,Related Calculators Pool Calculators (5) Pool Chemical Calculator Pool Chlorine Calculator Pool pH Calculator Pool Shock Calculator Pool Volume Calculator Hot Tub Calculators (3) Hot Tub Chlorine Calculator Hot Tub pH Calculator Hot Tub Shock Calculator Water Chemistry (5) Salt Calculator Alkalinity…,ph,both,RANGE,5,ph_units,,,EXTRACTION_ARTIFACT,"""5"" is a step/day/test-numbering token (""Step 5"" / ""5)"" / list marker) near an unrelated pH mention elsewhere in the sentence, not a pH reading.",NOT_A_CHEMISTRY_CLAIM
416f5fd0b05dd326,calculators/pool-chlorine-calculator.html,Related Calculators Pool Calculators (5) Pool Chemical Calculator Pool Chlorine Calculator Pool pH Calculator Pool Shock Calculator Pool Volume Calculator Hot Tub Calculators (3) Hot Tub Chlorine Calculator Hot Tub pH Calculator Hot Tub Shock Calculator Water Chemistry (5) Salt Calculator Alkalinity…,ph,both,RANGE,3,ph_units,,,EXTRACTION_ARTIFACT,"""3"" is a step/day/test-numbering token (""Step 3"" / ""3)"" / list marker) near an unrelated pH mention elsewhere in the sentence, not a pH reading.",NOT_A_CHEMISTRY_CLAIM
b1fb2e1ef6d5fe2f,calculators/pool-cyanuric-acid-calculator.html,Related Calculators Pool Calculators (5) Pool Chemical Calculator Pool Chlorine Calculator Pool pH Calculator Pool Shock Calculator Pool Volume Calculator Hot Tub Calculators (3) Hot Tub Chlorine Calculator Hot Tub pH Calculator Hot Tub Shock Calculator Water Chemistry (5) Salt Calculator Alkalinity…,ph,both,RANGE,5,ph_units,,,EXTRACTION_ARTIFACT,"""5"" is a step/day/test-numbering token (""Step 5"" / ""5)"" / list marker) near an unrelated pH mention elsewhere in the sentence, not a pH reading.",NOT_A_CHEMISTRY_CLAIM
1a01f1dff6b1d7e6,calculators/pool-cyanuric-acid-calculator.html,Related Calculators Pool Calculators (5) Pool Chemical Calculator Pool Chlorine Calculator Pool pH Calculator Pool Shock Calculator Pool Volume Calculator Hot Tub Calculators (3) Hot Tub Chlorine Calculator Hot Tub pH Calculator Hot Tub Shock Calculator Water Chemistry (5) Salt Calculator Alkalinity…,ph,both,RANGE,3,ph_units,,,EXTRACTION_ARTIFACT,"""3"" is a step/day/test-numbering token (""Step 3"" / ""3)"" / list marker) near an unrelated pH mention elsewhere in the sentence, not a pH reading.",NOT_A_CHEMISTRY_CLAIM
09149ee6ed3e7b5c,calculators/pool-ph-calculator.html,Test pH 2–3 times per week when the pool is in use.,ph,pool,RANGE,2-3,ph_units,,,EXTRACTION_ARTIFACT,"Number describes testing/dosing FREQUENCY (""N times per week/day""), not a chemistry-parameter value.",NOT_A_CHEMISTRY_CLAIM
5f4a2c48aaac056d,calculators/pool-turnover-rate-calculator.html,Related Calculators Pool Calculators (5) Pool Chemical Calculator Pool Chlorine Calculator Pool pH Calculator Pool Shock Calculator Pool Volume Calculator Hot Tub Calculators (3) Hot Tub Chlorine Calculator Hot Tub pH Calculator Hot Tub Shock Calculator Water Chemistry (5) Salt Calculator Alkalinity…,ph,both,RANGE,5,ph_units,,,EXTRACTION_ARTIFACT,"""5"" is a step/day/test-numbering token (""Step 5"" / ""5)"" / list marker) near an unrelated pH mention elsewhere in the sentence, not a pH reading.",NOT_A_CHEMISTRY_CLAIM
af1fba036838b20d,calculators/pool-turnover-rate-calculator.html,Related Calculators Pool Calculators (5) Pool Chemical Calculator Pool Chlorine Calculator Pool pH Calculator Pool Shock Calculator Pool Volume Calculator Hot Tub Calculators (3) Hot Tub Chlorine Calculator Hot Tub pH Calculator Hot Tub Shock Calculator Water Chemistry (5) Salt Calculator Alkalinity…,ph,both,RANGE,3,ph_units,,,EXTRACTION_ARTIFACT,"""3"" is a step/day/test-numbering token (""Step 3"" / ""3)"" / list marker) near an unrelated pH mention elsewhere in the sentence, not a pH reading.",NOT_A_CHEMISTRY_CLAIM
703bac1dd499621a,calculators/pool-volume-calculator.html,Related Calculators Pool Calculators (5) Pool Chemical Calculator Pool Chlorine Calculator Pool pH Calculator Pool Shock Calculator Pool Volume Calculator Hot Tub Calculators (3) Hot Tub Chlorine Calculator Hot Tub pH Calculator Hot Tub Shock Calculator Water Chemistry (5) Salt Calculator Alkalinity…,ph,both,RANGE,5,ph_units,,,EXTRACTION_ARTIFACT,"""5"" is a step/day/test-numbering token (""Step 5"" / ""5)"" / list marker) near an unrelated pH mention elsewhere in the sentence, not a pH reading.",NOT_A_CHEMISTRY_CLAIM
72af294eab740488,calculators/pool-volume-calculator.html,Related Calculators Pool Calculators (5) Pool Chemical Calculator Pool Chlorine Calculator Pool pH Calculator Pool Shock Calculator Pool Volume Calculator Hot Tub Calculators (3) Hot Tub Chlorine Calculator Hot Tub pH Calculator Hot Tub Shock Calculator Water Chemistry (5) Salt Calculator Alkalinity…,ph,both,RANGE,3,ph_units,,,EXTRACTION_ARTIFACT,"""3"" is a step/day/test-numbering token (""Step 3"" / ""3)"" / list marker) near an unrelated pH mention elsewhere in the sentence, not a pH reading.",NOT_A_CHEMISTRY_CLAIM
59afb9ea52ccfcba,calculators/saltwater-pool-salt-calculator.html,Related Calculators Pool Calculators (5) Pool Chemical Calculator Pool Chlorine Calculator Pool pH Calculator Pool Shock Calculator Pool Volume Calculator Hot Tub Calculators (3) Hot Tub Chlorine Calculator Hot Tub pH Calculator Hot Tub Shock Calculator Water Chemistry (5) Salt Calculator Alkalinity…,ph,both,RANGE,5,ph_units,,,EXTRACTION_ARTIFACT,"""5"" is a step/day/test-numbering token (""Step 5"" / ""5)"" / list marker) near an unrelated pH mention elsewhere in the sentence, not a pH reading.",NOT_A_CHEMISTRY_CLAIM
d6a9ad3956c3ac1e,calculators/saltwater-pool-salt-calculator.html,Related Calculators Pool Calculators (5) Pool Chemical Calculator Pool Chlorine Calculator Pool pH Calculator Pool Shock Calculator Pool Volume Calculator Hot Tub Calculators (3) Hot Tub Chlorine Calculator Hot Tub pH Calculator Hot Tub Shock Calculator Water Chemistry (5) Salt Calculator Alkalinity…,ph,both,RANGE,3,ph_units,,,EXTRACTION_ARTIFACT,"""Pool Calculators (5)"" navigation count misattributed as a pH value via the blind 0-14 heuristic.",NOT_A_CHEMISTRY_CLAIM
af7c1602b8d0411b,calculators/spa-volume-calculator.html,Related Calculators Pool Calculators (5) Pool Chemical Calculator Pool Chlorine Calculator Pool pH Calculator Pool Shock Calculator Pool Volume Calculator Hot Tub Calculators (3) Hot Tub Chlorine Calculator Hot Tub pH Calculator Hot Tub Shock Calculator Water Chemistry (5) Salt Calculator Alkalinity…,ph,both,RANGE,5,ph_units,,,EXTRACTION_ARTIFACT,"""5"" is a step/day/test-numbering token (""Step 5"" / ""5)"" / list marker) near an unrelated pH mention elsewhere in the sentence, not a pH reading.",NOT_A_CHEMISTRY_CLAIM
ce4f40faff025ce7,calculators/spa-volume-calculator.html,Related Calculators Pool Calculators (5) Pool Chemical Calculator Pool Chlorine Calculator Pool pH Calculator Pool Shock Calculator Pool Volume Calculator Hot Tub Calculators (3) Hot Tub Chlorine Calculator Hot Tub pH Calculator Hot Tub Shock Calculator Water Chemistry (5) Salt Calculator Alkalinity…,ph,both,RANGE,3,ph_units,,,EXTRACTION_ARTIFACT,"""3"" is a step/day/test-numbering token (""Step 3"" / ""3)"" / list marker) near an unrelated pH mention elsewhere in the sentence, not a pH reading.",NOT_A_CHEMISTRY_CLAIM
9c4a7c1ead5ae97d,calculators/volume-calculator.html,Related Pool Chemistry Guides Related in this topic Index Index — 1 Why Shower Before Pool Index — 2 Index — 3 Related topics Does Rain Lower Pool Ph Total Alkalinity Explained Tools Full pool chemical calculator Hub guide Pool chemistry basics (hub) &#8595; Shape Rectangular Circular Rectangular po…,ph,pool,RANGE,1,ph_units,,,EXTRACTION_ARTIFACT,"Related-guides/index navigation list numbering, not a chemistry claim.",NOT_A_CHEMISTRY_CLAIM
9d29dc4a058d67f2,calculators/volume-calculator.html,Related Pool Chemistry Guides Related in this topic Index Index — 1 Why Shower Before Pool Index — 2 Index — 3 Related topics Does Rain Lower Pool Ph Total Alkalinity Explained Tools Full pool chemical calculator Hub guide Pool chemistry basics (hub) &#8595; Shape Rectangular Circular Rectangular po…,ph,pool,RANGE,2,ph_units,,,EXTRACTION_ARTIFACT,"Related-guides/index navigation list numbering, not a chemistry claim.",NOT_A_CHEMISTRY_CLAIM
71e5af632bcb6ea5,calculators/volume-calculator.html,Related Pool Chemistry Guides Related in this topic Index Index — 1 Why Shower Before Pool Index — 2 Index — 3 Related topics Does Rain Lower Pool Ph Total Alkalinity Explained Tools Full pool chemical calculator Hub guide Pool chemistry basics (hub) &#8595; Shape Rectangular Circular Rectangular po…,ph,pool,RANGE,3,ph_units,,,EXTRACTION_ARTIFACT,"Related-guides/index navigation list numbering, not a chemistry claim.",NOT_A_CHEMISTRY_CLAIM
3cae91354d89d46a,charts/pool-chemical-levels-chart.html,"Ideal levels Chemical Ideal range Status Free Chlorine 1–3 ppm Good pH 7.2–7.6 Good Total Alkalinity 80–120 ppm Good Calcium Hardness 200–400 ppm Good Cyanuric Acid (CYA) 30–50 ppm Good What happens if levels are too high Chlorine: Skin and eye irritation, bleached swimwear, strong odor. pH: Scaling…",calcium_hardness,unspecified,RANGE,80-120,ppm,,,EXTRACTION_ARTIFACT,"Multi-parameter reference table row (Free Chlorine/pH/Total Alkalinity/Calcium Hardness/CYA each with their own value); 80-120 ppm is Total Alkalinity's own stated value (matches range-ta-residential-practical exactly), misattributed here to Calcium Hardness by table-row proximity. A correct calcium_hardness=200-400 record also exists elsewhere from the same source table. Tier 1 (charts/pool-chemical-levels-chart.html) -- individually reviewed.",NOT_A_CHEMISTRY_CLAIM
d0cad8a42e563eba,charts/pool-water-balance-chart.html,"Balance in this order: alkalinity first, then pH, then chlorine. 1.",ph,unspecified,RANGE,1,ph_units,,,EXTRACTION_ARTIFACT,"""Balance in this order: alkalinity first, then pH, then chlorine. 1."" -- ""1."" is a numbered-list marker beginning the next step, not a pH reading. Tier 1 (charts/pool-water-balance-chart.html) -- individually reviewed.",NOT_A_CHEMISTRY_CLAIM
bcc0d1d917f97542,charts/pool-water-balance-chart.html,Alkalinity (80–120 ppm) Buffers pH so it stays stable ↓ 2. pH (7.2–7.6) Affects chlorine effectiveness and comfort ↓ 3.,ph,unspecified,RANGE,2,ph_units,,,EXTRACTION_ARTIFACT,"""...Buffers pH so it stays stable ↓ 2. pH (7.2-7.6)..."" -- ""2."" is a flow-diagram step number (arrow-separated numbered list), not a pH reading. Tier 1 (charts/pool-water-balance-chart.html) -- individually reviewed.",NOT_A_CHEMISTRY_CLAIM
4aff6dbaeee4636a,charts/pool-water-balance-chart.html,Alkalinity (80–120 ppm) Buffers pH so it stays stable ↓ 2. pH (7.2–7.6) Affects chlorine effectiveness and comfort ↓ 3.,ph,unspecified,RANGE,3,ph_units,,,EXTRACTION_ARTIFACT,"Same flow-diagram step-numbering pattern as bcc0d1d917f97542 (a second numeric occurrence, ""3."", extracted from the same clause). Tier 1 -- individually reviewed.",NOT_A_CHEMISTRY_CLAIM
8f60952b8a2c6ca4,comparisons/free-chlorine-vs-total-chlorine.html,"When CC exceeds 0.5 ppm, breakpoint shock is needed.",combined_chlorine,unspecified,RANGE,0.5,ppm,,,CLAIM_FAMILY_GAP,"Value describes a shock/breakpoint-treatment scenario, correctly outside the routine-maintenance range it was checked against -- no numeric shock-treatment range exists in the claim family yet (see SHOCK-CLAIM-FAMILY-DECISION.md).",REQUIRES_EXPERT_REVIEW
3bb0e016bca28ac0,comparisons/free-chlorine-vs-total-chlorine.html,"Free chlorine (FC) is the only form that actively kills bacteria and algae Total chlorine (TC) = Free Chlorine + Combined Chlorine Combined chlorine (CC = TC − FC) causes pool odor and eye irritation When CC exceeds 0.5 ppm, shock to 10× CC reading to eliminate chloramines Feature Comparison Feature…",combined_chlorine,pool,RANGE,0.5,ppm,cdc-mahc-2023,,SOURCE_CONFLICT,Same 0.5-vs-0.4 discrepancy.,SOURCE_CONFLICT_REMAINS
2d9b4af858a56337,comparisons/index.html,How to interpret test results and when CC above 0.5 ppm requires action.,combined_chlorine,unspecified,RANGE,0.5,ppm,,,RANGE_MISMATCH,Value 0.5-0.5 ppm does not overlap the canonical range(s) range-cc-pool-hottub-max (0-0.4) and does not match a recognized pattern (product spec / shock scenario / threshold phrasing / formula / nav noise) -- needs individual review.,UNREVIEWED
d57ea4b23f31a0d6,comparisons/liquid-chlorine-vs-tablets.html,"Quick Answer Liquid chlorine (sodium hypochlorite, ~10–12%) raises FC quickly and doesn't add stabilizer or lower pH aggressively.",free_chlorine,unspecified,RANGE,10-12,%,,,UNSUPPORTED_PRODUCTION_CLAIM,"Value describes a product/chemical-supply specification (e.g. product concentration, %-by-weight), not a pool/spa water target -- never comparable to a water-chemistry range.",NOT_A_CHEMISTRY_CLAIM
a5aaf1149c54a864,entities/calcium-hypochlorite.html,Entity Type Chemical Product Aliases cal-hypo calcium hypochlorite granular shock 65% shock Calculators Pool Shock Calculator Related Entities Free Chlorine Shock Treatment Calcium Hardness Breakpoint Chlorination,free_chlorine,pool,RANGE,65,%,,,UNSUPPORTED_PRODUCTION_CLAIM,"Value describes a product/chemical-supply specification (e.g. product concentration, %-by-weight), not a pool/spa water target -- never comparable to a water-chemistry range.",NOT_A_CHEMISTRY_CLAIM
76f42a60ed0a11ee,entities/index.html,Measurement (10) pH — The measure of hydrogen ion concentration indicating acidity or alkalinity of pool water.,ph,pool,RANGE,10,ph_units,,,RANGE_MISMATCH,"Value 10-10 ph_units does not overlap the canonical range(s) range-ph-pool-chlorine-routine (7-7.8), range-ph-pool-narrow-operational (7.2-7.6) and does not match a recognized pattern (product spec / shock scenario / threshold phrasing / formula / nav noise) -- needs individual review.",UNREVIEWED
a2c46bef30e4094f,entities/pool-salt.html,Chemical Product Entity Pool Salt High-purity sodium chloride (99.8%+) for use in saltwater pool systems.,salt,pool,RANGE,99.8,%,,,UNSUPPORTED_PRODUCTION_CLAIM,"Value describes a product/chemical-supply specification (e.g. product concentration, %-by-weight), not a pool/spa water target -- never comparable to a water-chemistry range.",NOT_A_CHEMISTRY_CLAIM
69218482f6f75dd0,entities/pool-salt.html,Definition Quick Facts Relationships Calculators Related Entities Definition High-purity sodium chloride (99.8%+) for use in saltwater pool systems.,salt,pool,RANGE,99.8,%,,,RANGE_MISMATCH,"Value 99.8-99.8 % does not overlap the canonical range(s) range-salt-generic-operating (2700-3400), range-salt-pentair (3200-3800), range-salt-autopilot (3600-4400) and does not match a recognized pattern (product spec / shock scenario / threshold phrasing / formula / nav noise) -- needs individual review.",UNREVIEWED
5895e5c8fef1fd3f,entities/shock-treatment.html,"Quick Facts Ideal Range N/A (raises FC to 10–30 ppm temporarily) Units ppm FC Also Known As shock, pool shock, superchlorination, hyperchlorination Relationships Outgoing Relationships solves → Algae solves → Green Water solves → Strong Chlorine Smell solves → Cloudy Water uses → Calcium Hypochlorit…",free_chlorine,unspecified,RANGE,10-30,ppm,,,CLAIM_FAMILY_GAP,"Value describes a shock/breakpoint-treatment scenario, correctly outside the routine-maintenance range it was checked against -- no numeric shock-treatment range exists in the claim family yet (see SHOCK-CLAIM-FAMILY-DECISION.md).",REQUIRES_EXPERT_REVIEW
dc6bd32a0bd5cdea,entities/shock-treatment.html,Entity Type Process Ideal Range N/A (raises FC to 10–30 ppm temporarily) Aliases shock pool shock superchlorination hyperchlorination Calculators Pool Shock Calculator Hot Tub Shock Calculator Related Entities Breakpoint Chlorination Free Chlorine Combined Chlorine Calcium Hypochlorite Liquid Chlori…,free_chlorine,both,RANGE,10-30,ppm,,,CLAIM_FAMILY_GAP,"Value describes a shock/breakpoint-treatment scenario, correctly outside the routine-maintenance range it was checked against -- no numeric shock-treatment range exists in the claim family yet (see SHOCK-CLAIM-FAMILY-DECISION.md).",REQUIRES_EXPERT_REVIEW
ea5844af8cc175f3,entities/strong-chlorine-smell.html,Quick Facts Ideal Range N/A (prevented by keeping CC < 0.5 ppm) Relationships Outgoing Relationships causes → Combined Chlorine Incoming Relationships causes ← Combined Chlorine solves ← Shock Treatment solves ← Breakpoint Chlorination Related Calculators Pool Shock Calculator Academy Articles Stron…,combined_chlorine,pool,RANGE,0.5,ppm,,,CLAIM_FAMILY_GAP,"Value describes a shock/breakpoint-treatment scenario, correctly outside the routine-maintenance range it was checked against -- no numeric shock-treatment range exists in the claim family yet (see SHOCK-CLAIM-FAMILY-DECISION.md).",REQUIRES_EXPERT_REVIEW
e0a11151b0828e0c,entities/strong-chlorine-smell.html,Entity Type Problem Ideal Range N/A (prevented by keeping CC < 0.5 ppm) Aliases — Calculators Pool Shock Calculator Related Entities Combined Chlorine Breakpoint Chlorination Shock Treatment Eye Irritation,combined_chlorine,pool,RANGE,0.5,ppm,,,CLAIM_FAMILY_GAP,"Value describes a shock/breakpoint-treatment scenario, correctly outside the routine-maintenance range it was checked against -- no numeric shock-treatment range exists in the claim family yet (see SHOCK-CLAIM-FAMILY-DECISION.md).",REQUIRES_EXPERT_REVIEW
739feeaadb9cab53,formulas/alkalinity-formula.html,"TA increase needed = 100 − 60 = 40 ppm Dose = 40 × 18,000 × 0.0012 Dose = 40 × 21.6 = 864 oz... let's convert Using the simpler rule: 1.5 lbs per 10,000 gal per 10 ppm: - For 40 ppm increase: 1.5 × 4 = 6 lbs per 10,000 gal - For 18,000 gal: 6 × 1.8 = 10.8 lbs Add approximately 10–11 lbs of sodium bi…",total_alkalinity,unspecified,RULE_OF_THUMB,40,ppm,,,EXTRACTION_ARTIFACT,"Intermediate arithmetic step, dosage coefficient, or formula constant in a worked example -- not an asserted target claim.",NOT_A_CHEMISTRY_CLAIM
6282257e297aa439,formulas/alkalinity-formula.html,"TA increase needed = 100 − 60 = 40 ppm Dose = 40 × 18,000 × 0.0012 Dose = 40 × 21.6 = 864 oz... let's convert Using the simpler rule: 1.5 lbs per 10,000 gal per 10 ppm: - For 40 ppm increase: 1.5 × 4 = 6 lbs per 10,000 gal - For 18,000 gal: 6 × 1.8 = 10.8 lbs Add approximately 10–11 lbs of sodium bi…",total_alkalinity,unspecified,RULE_OF_THUMB,10,ppm,,,EXTRACTION_ARTIFACT,Intermediate arithmetic step in a dosage-formula worked example.,NOT_A_CHEMISTRY_CLAIM
e178649f05268309,formulas/alkalinity-formula.html,"TA increase needed = 100 − 60 = 40 ppm Dose = 40 × 18,000 × 0.0012 Dose = 40 × 21.6 = 864 oz... let's convert Using the simpler rule: 1.5 lbs per 10,000 gal per 10 ppm: - For 40 ppm increase: 1.5 × 4 = 6 lbs per 10,000 gal - For 18,000 gal: 6 × 1.8 = 10.8 lbs Add approximately 10–11 lbs of sodium bi…",total_alkalinity,unspecified,RULE_OF_THUMB,40,ppm,,,EXTRACTION_ARTIFACT,"Intermediate arithmetic step, dosage coefficient, or formula constant in a worked example -- not an asserted target claim.",NOT_A_CHEMISTRY_CLAIM
85cb9e09a9140606,formulas/alkalinity-formula.html,"To raise alkalinity: sodium bicarbonate (baking soda). 1.5 lbs per 10,000 gallons raises TA by approximately 10 ppm.",total_alkalinity,unspecified,RULE_OF_THUMB,10,ppm,,,RANGE_MISMATCH,"Value 10-10 ppm does not overlap the canonical range(s) range-ta-public-pool-standard (60-180), range-ta-residential-practical (80-120), range-ta-hottub (80-120) and does not match a recognized pattern (product spec / shock scenario / threshold phrasing / formula / nav noise) -- needs individual review.",UNREVIEWED
1aa04b73c90e3a4e,formulas/alkalinity-formula.html,"The 0.0012 constant is equivalent to 1.5 lbs raising TA by 10 ppm in 10,000 gallons.",total_alkalinity,unspecified,RANGE,10,ppm,,,EXTRACTION_ARTIFACT,"Intermediate arithmetic step, dosage coefficient, or formula constant in a worked example -- not an asserted target claim.",NOT_A_CHEMISTRY_CLAIM
44f8f7b82bc4c705,formulas/alkalinity-formula.html,Limitations & Notes Sodium bicarbonate also causes a slight pH increase — usually 0.1 to 0.2 pH units for typical doses.,ph,unspecified,RULE_OF_THUMB,0.1-0.2,ph_units,,,RANGE_MISMATCH,"Value 0.1-0.2 ph_units does not overlap the canonical range(s) range-ph-pool-chlorine-routine (7-7.8), range-ph-hottub-chlorine-routine (7-7.8), range-ph-hottub-bromine-routine (7-7.8), range-ph-pool-narrow-operational (7.2-7.6) and does not match a recognized pattern (product spec / shock scenario / threshold phrasing / formula / nav noise) -- needs individual review.",UNREVIEWED
32a64f107c57a169,formulas/cya-formula.html,"Increase needed = 40 − 20 = 20 ppm Using the rule: 13 oz per 10,000 gal per 10 ppm For 20 ppm on 10,000 gal: 13 × 2 = 26 oz For 15,000 gal: 26 × 1.5 = 39 oz Add approximately 39 oz (about 2.4 lbs) of cyanuric acid granules.",cyanuric_acid,unspecified,RULE_OF_THUMB,20,ppm,,,EXTRACTION_ARTIFACT,"Intermediate arithmetic step, dosage coefficient, or formula constant in a worked example -- not an asserted target claim.",NOT_A_CHEMISTRY_CLAIM
1c3e770e52afab00,formulas/cya-formula.html,"Increase needed = 40 − 20 = 20 ppm Using the rule: 13 oz per 10,000 gal per 10 ppm For 20 ppm on 10,000 gal: 13 × 2 = 26 oz For 15,000 gal: 26 × 1.5 = 39 oz Add approximately 39 oz (about 2.4 lbs) of cyanuric acid granules.",cyanuric_acid,unspecified,RULE_OF_THUMB,20,ppm,,,EXTRACTION_ARTIFACT,"Intermediate arithmetic step, dosage coefficient, or formula constant in a worked example -- not an asserted target claim.",NOT_A_CHEMISTRY_CLAIM
f0971139af329467,formulas/lsi-formula.html,Formula Library 4 min read Updated 2026-06-01 Langelier Saturation Index (LSI) Formula Formula Example Explanation The Formula LSI = pH + TF + CF + AF − 12.1 Symbol Description Unit pH Measured pH of the pool water pH units TF Temperature Factor — from lookup table by water temperature factor CF Cal…,ph,pool,RANGE,12.1,ph_units,,,EXTRACTION_ARTIFACT,"Intermediate arithmetic step, dosage coefficient, or formula constant in a worked example -- not an asserted target claim.",NOT_A_CHEMISTRY_CLAIM
5208149baf537576,formulas/lsi-formula.html,"Related Calculators & Resources Chemical Calculator Last reviewed: 2026-06-01 Formula Details Formula LSI = pH + TF + CHF + TAF − 12.1 Version 2026.07 Confidence ✓✓ Very High Last Reviewed 2026-07-01 Dataset Sources water-balance , chemical-ranges Used By All-in-One Chemical Calculator Formula Selec…",ph,unspecified,RANGE,12.1,ph_units,,,EXTRACTION_ARTIFACT,"Intermediate arithmetic step, dosage coefficient, or formula constant in a worked example -- not an asserted target claim.",NOT_A_CHEMISTRY_CLAIM
c1b1d101a0906ee2,formulas/ph-adjustment-formula.html,Formula Library 3 min read Updated 2026-06-01 pH Adjustment Formula Formula Example Explanation The Formula Acid dose (fl oz) = ΔpH × Volume (gal) × (0.0833 ÷ Acid Concentration %) Symbol Description Unit ΔpH Desired pH decrease (current pH minus target pH) pH units Volume Pool volume in gallons gal…,ph,pool,RANGE,0.0833,ph_units,,,EXTRACTION_ARTIFACT,"Intermediate arithmetic step, dosage coefficient, or formula constant in a worked example -- not an asserted target claim.",NOT_A_CHEMISTRY_CLAIM
728ddc2eba12b16f,formulas/ph-adjustment-formula.html,"TA is 100 ppm (typical). ΔpH = 7.8 − 7.4 = 0.4 Constant for 31.5% acid: 0.0833 ÷ 0.315 = 0.264 Dose = 0.4 × 15,000 × 0.264 ÷ 10,000 Alternatively, a commonly used rule-of-thumb: 31.5% muriatic acid drops pH by 0.2 per 10,000 gal using approximately 10 fl oz.",ph,unspecified,RULE_OF_THUMB,0.4,ph_units,,,EXTRACTION_ARTIFACT,"Intermediate arithmetic step, dosage coefficient, or formula constant in a worked example -- not an asserted target claim.",NOT_A_CHEMISTRY_CLAIM
651204ad02de50db,formulas/ph-adjustment-formula.html,"TA is 100 ppm (typical). ΔpH = 7.8 − 7.4 = 0.4 Constant for 31.5% acid: 0.0833 ÷ 0.315 = 0.264 Dose = 0.4 × 15,000 × 0.264 ÷ 10,000 Alternatively, a commonly used rule-of-thumb: 31.5% muriatic acid drops pH by 0.2 per 10,000 gal using approximately 10 fl oz.",ph,unspecified,RULE_OF_THUMB,0.0833,ph_units,,,EXTRACTION_ARTIFACT,"Intermediate arithmetic step, dosage coefficient, or formula constant in a worked example -- not an asserted target claim.",NOT_A_CHEMISTRY_CLAIM
5c711f7ce28c8942,formulas/ph-adjustment-formula.html,"TA is 100 ppm (typical). ΔpH = 7.8 − 7.4 = 0.4 Constant for 31.5% acid: 0.0833 ÷ 0.315 = 0.264 Dose = 0.4 × 15,000 × 0.264 ÷ 10,000 Alternatively, a commonly used rule-of-thumb: 31.5% muriatic acid drops pH by 0.2 per 10,000 gal using approximately 10 fl oz.",ph,unspecified,RULE_OF_THUMB,0.315,ph_units,,,EXTRACTION_ARTIFACT,"Intermediate arithmetic step, dosage coefficient, or formula constant in a worked example -- not an asserted target claim.",NOT_A_CHEMISTRY_CLAIM
3a15292d14310941,formulas/ph-adjustment-formula.html,"TA is 100 ppm (typical). ΔpH = 7.8 − 7.4 = 0.4 Constant for 31.5% acid: 0.0833 ÷ 0.315 = 0.264 Dose = 0.4 × 15,000 × 0.264 ÷ 10,000 Alternatively, a commonly used rule-of-thumb: 31.5% muriatic acid drops pH by 0.2 per 10,000 gal using approximately 10 fl oz.",ph,unspecified,RULE_OF_THUMB,0.264,ph_units,,,EXTRACTION_ARTIFACT,"Intermediate arithmetic step, dosage coefficient, or formula constant in a worked example -- not an asserted target claim.",NOT_A_CHEMISTRY_CLAIM
3c368718f733ca6d,formulas/ph-adjustment-formula.html,"TA is 100 ppm (typical). ΔpH = 7.8 − 7.4 = 0.4 Constant for 31.5% acid: 0.0833 ÷ 0.315 = 0.264 Dose = 0.4 × 15,000 × 0.264 ÷ 10,000 Alternatively, a commonly used rule-of-thumb: 31.5% muriatic acid drops pH by 0.2 per 10,000 gal using approximately 10 fl oz.",ph,unspecified,RULE_OF_THUMB,0.4,ph_units,,,EXTRACTION_ARTIFACT,"Intermediate arithmetic step, dosage coefficient, or formula constant in a worked example -- not an asserted target claim.",NOT_A_CHEMISTRY_CLAIM
b7f4ab0371d4c2c5,formulas/ph-adjustment-formula.html,"TA is 100 ppm (typical). ΔpH = 7.8 − 7.4 = 0.4 Constant for 31.5% acid: 0.0833 ÷ 0.315 = 0.264 Dose = 0.4 × 15,000 × 0.264 ÷ 10,000 Alternatively, a commonly used rule-of-thumb: 31.5% muriatic acid drops pH by 0.2 per 10,000 gal using approximately 10 fl oz.",ph,unspecified,RULE_OF_THUMB,0.264,ph_units,,,EXTRACTION_ARTIFACT,"Intermediate arithmetic step, dosage coefficient, or formula constant in a worked example -- not an asserted target claim.",NOT_A_CHEMISTRY_CLAIM
2181b7d6efc5d68e,formulas/ph-adjustment-formula.html,"TA is 100 ppm (typical). ΔpH = 7.8 − 7.4 = 0.4 Constant for 31.5% acid: 0.0833 ÷ 0.315 = 0.264 Dose = 0.4 × 15,000 × 0.264 ÷ 10,000 Alternatively, a commonly used rule-of-thumb: 31.5% muriatic acid drops pH by 0.2 per 10,000 gal using approximately 10 fl oz.",ph,unspecified,RULE_OF_THUMB,0.2,ph_units,,,EXTRACTION_ARTIFACT,"Intermediate arithmetic step, dosage coefficient, or formula constant in a worked example -- not an asserted target claim.",NOT_A_CHEMISTRY_CLAIM
5b9d8183e6541160,formulas/ph-adjustment-formula.html,"TA is 100 ppm (typical). ΔpH = 7.8 − 7.4 = 0.4 Constant for 31.5% acid: 0.0833 ÷ 0.315 = 0.264 Dose = 0.4 × 15,000 × 0.264 ÷ 10,000 Alternatively, a commonly used rule-of-thumb: 31.5% muriatic acid drops pH by 0.2 per 10,000 gal using approximately 10 fl oz.",ph,unspecified,RULE_OF_THUMB,10,ph_units,,,EXTRACTION_ARTIFACT,"Intermediate arithmetic step, dosage coefficient, or formula constant in a worked example -- not an asserted target claim.",NOT_A_CHEMISTRY_CLAIM
1b0970d1a83d7da4,formulas/ph-adjustment-formula.html,"For 0.4 pH units on 15,000 gal: - Base dose for 0.4 on 10,000 gal ≈ 20 fl oz - Scale for 15,000 gal: 20 × 1.5 = 30 fl oz Start with 25–30 fl oz (about 3–4 cups), wait 30–60 minutes, then retest.",ph,unspecified,SAFETY_GUIDANCE,0.4,ph_units,,,EXTRACTION_ARTIFACT,"Intermediate arithmetic step, dosage coefficient, or formula constant in a worked example -- not an asserted target claim.",NOT_A_CHEMISTRY_CLAIM
8cd083976ca910b1,formulas/ph-adjustment-formula.html,"For 0.4 pH units on 15,000 gal: - Base dose for 0.4 on 10,000 gal ≈ 20 fl oz - Scale for 15,000 gal: 20 × 1.5 = 30 fl oz Start with 25–30 fl oz (about 3–4 cups), wait 30–60 minutes, then retest.",ph,unspecified,SAFETY_GUIDANCE,0.4,ph_units,,,EXTRACTION_ARTIFACT,"Intermediate arithmetic step, dosage coefficient, or formula constant in a worked example -- not an asserted target claim.",NOT_A_CHEMISTRY_CLAIM
582c852f023234fc,formulas/ph-adjustment-formula.html,"For 0.4 pH units on 15,000 gal: - Base dose for 0.4 on 10,000 gal ≈ 20 fl oz - Scale for 15,000 gal: 20 × 1.5 = 30 fl oz Start with 25–30 fl oz (about 3–4 cups), wait 30–60 minutes, then retest.",ph,unspecified,SAFETY_GUIDANCE,1.5,ph_units,,,EXTRACTION_ARTIFACT,"Intermediate arithmetic step, dosage coefficient, or formula constant in a worked example -- not an asserted target claim.",NOT_A_CHEMISTRY_CLAIM
b0d3931e854ab7d4,formulas/ph-adjustment-formula.html,"For 0.4 pH units on 15,000 gal: - Base dose for 0.4 on 10,000 gal ≈ 20 fl oz - Scale for 15,000 gal: 20 × 1.5 = 30 fl oz Start with 25–30 fl oz (about 3–4 cups), wait 30–60 minutes, then retest.",ph,unspecified,SAFETY_GUIDANCE,3-4,ph_units,,,EXTRACTION_ARTIFACT,"Intermediate arithmetic step, dosage coefficient, or formula constant in a worked example -- not an asserted target claim.",NOT_A_CHEMISTRY_CLAIM
cebb56e104077c75,formulas/ph-adjustment-formula.html,"To raise pH: use sodium carbonate (soda ash) — approximately 6 oz per 10,000 gallons per 0.2 pH unit increase.",ph,unspecified,RULE_OF_THUMB,0.2,ph_units,,,RANGE_MISMATCH,"Value 0.2-0.2 ph_units does not overlap the canonical range(s) range-ph-pool-chlorine-routine (7-7.8), range-ph-hottub-chlorine-routine (7-7.8), range-ph-hottub-bromine-routine (7-7.8), range-ph-pool-narrow-operational (7.2-7.6) and does not match a recognized pattern (product spec / shock scenario / threshold phrasing / formula / nav noise) -- needs individual review.",UNREVIEWED
9edbb678ce36f0b9,formulas/ph-adjustment-formula.html,Accuracy decreases for adjustments > ±0.5 pH units.,ph,unspecified,RANGE,0.5,ph_units,,,RANGE_MISMATCH,"Value 0.5-0.5 ph_units does not overlap the canonical range(s) range-ph-pool-chlorine-routine (7-7.8), range-ph-hottub-chlorine-routine (7-7.8), range-ph-hottub-bromine-routine (7-7.8), range-ph-pool-narrow-operational (7.2-7.6) and does not match a recognized pattern (product spec / shock scenario / threshold phrasing / formula / nav noise) -- needs individual review.",UNREVIEWED
bc14159ad5674bb9,formulas/salt-formula.html,"Increase needed = 3,200 − 2,400 = 800 ppm Using the rule: 1 lb raises 10,000 gal by 12 ppm lbs per 10,000 gal for 800 ppm = 800 ÷ 12 = 66.7 lbs For 20,000 gal: 66.7 × 2 = 133 lbs You need approximately 133 lbs of pool salt — that's about 3.3 bags of 40-lb salt.",salt,pool,RULE_OF_THUMB,800,ppm,,,EXTRACTION_ARTIFACT,"Intermediate arithmetic step, dosage coefficient, or formula constant in a worked example -- not an asserted target claim.",NOT_A_CHEMISTRY_CLAIM
0f72dee08879a00e,formulas/salt-formula.html,"Increase needed = 3,200 − 2,400 = 800 ppm Using the rule: 1 lb raises 10,000 gal by 12 ppm lbs per 10,000 gal for 800 ppm = 800 ÷ 12 = 66.7 lbs For 20,000 gal: 66.7 × 2 = 133 lbs You need approximately 133 lbs of pool salt — that's about 3.3 bags of 40-lb salt.",salt,pool,RULE_OF_THUMB,12,ppm,,,EXTRACTION_ARTIFACT,"Intermediate arithmetic step, dosage coefficient, or formula constant in a worked example -- not an asserted target claim.",NOT_A_CHEMISTRY_CLAIM
669a13760c6ded87,formulas/salt-formula.html,"Increase needed = 3,200 − 2,400 = 800 ppm Using the rule: 1 lb raises 10,000 gal by 12 ppm lbs per 10,000 gal for 800 ppm = 800 ÷ 12 = 66.7 lbs For 20,000 gal: 66.7 × 2 = 133 lbs You need approximately 133 lbs of pool salt — that's about 3.3 bags of 40-lb salt.",salt,pool,RULE_OF_THUMB,800,ppm,,,EXTRACTION_ARTIFACT,"Intermediate arithmetic step, dosage coefficient, or formula constant in a worked example -- not an asserted target claim.",NOT_A_CHEMISTRY_CLAIM
7e0f558879172a0a,formulas/salt-formula.html,Pool-grade salt is 99.8%+ pure sodium chloride — do not use rock salt or water softener salt with additives.,salt,pool,RULE_OF_THUMB,99.8,%,,,RANGE_MISMATCH,"Value 99.8-99.8 % does not overlap the canonical range(s) range-salt-generic-operating (2700-3400), range-salt-pentair (3200-3800), range-salt-autopilot (3600-4400) and does not match a recognized pattern (product spec / shock scenario / threshold phrasing / formula / nav noise) -- needs individual review.",UNREVIEWED
e4720708b5b23e6a,formulas/salt-formula.html,"It only needs to be replenished after significant water loss (drain, splash-out, backwash) or heavy rainfall (dilution). 1 lb of salt per 10,000 gallons raises salt level by approximately 12 ppm.",salt,unspecified,RULE_OF_THUMB,12,ppm,,,RANGE_MISMATCH,"Value 12-12 ppm does not overlap the canonical range(s) range-salt-generic-operating (2700-3400), range-salt-pentair (3200-3800), range-salt-autopilot (3600-4400) and does not match a recognized pattern (product spec / shock scenario / threshold phrasing / formula / nav noise) -- needs individual review.",UNREVIEWED
e77f12baab6f0641,formulas/shock-formula.html,"Target FC = 5 ppm Increase needed = 5 − 1 = 4 ppm Numerator = 4 × 20,000 = 80,000 Denominator = 65 × 800 = 52,000 Dose = 80,000 ÷ 52,000 = 1.54 lbs You need approximately 1.5 lbs of 65% calcium hypochlorite.",free_chlorine,unspecified,RULE_OF_THUMB,65,%,,,UNSUPPORTED_PRODUCTION_CLAIM,"Value describes a product/chemical-supply specification (e.g. product concentration, %-by-weight), not a pool/spa water target -- never comparable to a water-chemistry range.",NOT_A_CHEMISTRY_CLAIM
1bef8e9a21bee970,formulas/shock-formula.html,Maintenance shock raises FC to 10 ppm as a routine preventive treatment.,free_chlorine,unspecified,RANGE,10,ppm,,,CLAIM_FAMILY_GAP,"Value describes a shock/breakpoint-treatment scenario, correctly outside the routine-maintenance range it was checked against -- no numeric shock-treatment range exists in the claim family yet (see SHOCK-CLAIM-FAMILY-DECISION.md).",REQUIRES_EXPERT_REVIEW
d77fd506ec0b8ca4,formulas/shock-formula.html,Algae recovery typically requires 20–30 ppm FC.,free_chlorine,unspecified,RULE_OF_THUMB,20-30,ppm,,,RANGE_MISMATCH,"Value 20-30 ppm does not overlap the canonical range(s) range-fc-pool-chlorine-no-cya (1-3), range-fc-pool-chlorine-with-cya (2-4), range-fc-hottub-chlorine-routine (3-5) and does not match a recognized pattern (product spec / shock scenario / threshold phrasing / formula / nav noise) -- needs individual review.",UNREVIEWED
7f5ee0f33a43a50a,glossary/algae-bloom.html,"Definition Details Values Definition An algae bloom is the rapid, visible multiplication of algae in pool water, resulting in green, cloudy, or discolored water. &#127919; Typical Values: Shock dose for active bloom: 30 ppm FC; Prevention: maintain FC above 1 ppm at all times In Plain Language Algae…",free_chlorine,pool,RANGE,30,ppm,,,CLAIM_FAMILY_GAP,"Value describes a shock/breakpoint-treatment scenario, correctly outside the routine-maintenance range it was checked against -- no numeric shock-treatment range exists in the claim family yet (see SHOCK-CLAIM-FAMILY-DECISION.md).",REQUIRES_EXPERT_REVIEW
42321b26628911bc,glossary/algae-bloom.html,Typical Values &#127919; Shock dose for active bloom: 30 ppm FC; Prevention: maintain FC above 1 ppm at all times Related Resources Pool Shock Calculator Green Water Shock Formula Last reviewed: 2026-06-01,free_chlorine,unspecified,RANGE,30,ppm,,,CLAIM_FAMILY_GAP,"Value describes a shock/breakpoint-treatment scenario, correctly outside the routine-maintenance range it was checked against -- no numeric shock-treatment range exists in the claim family yet (see SHOCK-CLAIM-FAMILY-DECISION.md).",REQUIRES_EXPERT_REVIEW
f35783d3997ced37,glossary/bcdmh.html,"Definition Details Values Definition BCDMH (1-bromo-3-chloro-5,5-dimethylhydantoin) is the most common active ingredient in bromine tablets for hot tubs and spas. &#127919; Typical Values: Available bromine: ~54%; Dissolves in about 3–5 days (3-inch tablets) In Plain Language BCDMH tablets dissolve …",bromine,hot_tub,RANGE,54,%,,,UNSUPPORTED_PRODUCTION_CLAIM,"BCDMH TABLET available-bromine content (~54%), a product spec, not a pool/spa water bromine reading.",NOT_A_CHEMISTRY_CLAIM
2f4bb94f093a66b9,glossary/bcdmh.html,Typical Values &#127919; Available bromine: ~54%; Dissolves in about 3–5 days (3-inch tablets) Related Resources Bromine Vs Chlorine Last reviewed: 2026-06-01,bromine,unspecified,RANGE,54,%,,,UNSUPPORTED_PRODUCTION_CLAIM,Same product-spec pattern.,NOT_A_CHEMISTRY_CLAIM
acf78727cc9cf3b7,glossary/black-algae.html,"Definition Details Values Definition Black algae is a stubborn, deeply rooted algae species that forms black or dark blue-green spots on pool plaster surfaces. &#127919; Typical Values: Treatment: 20–30 ppm FC maintained for 3–5 days; requires vigorous brushing In Plain Language Despite its name, bl…",free_chlorine,pool,RANGE,20-30,ppm,,,RANGE_MISMATCH,"Value 20-30 ppm does not overlap the canonical range(s) range-fc-pool-chlorine-no-cya (1-3), range-fc-pool-chlorine-with-cya (2-4) and does not match a recognized pattern (product spec / shock scenario / threshold phrasing / formula / nav noise) -- needs individual review.",UNREVIEWED
967a7fd1a6b0bdb7,glossary/black-algae.html,"Treatment requires physically scrubbing the spots aggressively with a stiff brush to break the protective layer, then maintaining very high FC levels (20–30 ppm) for several days.",free_chlorine,unspecified,RANGE,20-30,ppm,,,RANGE_MISMATCH,"Value 20-30 ppm does not overlap the canonical range(s) range-fc-pool-chlorine-no-cya (1-3), range-fc-pool-chlorine-with-cya (2-4), range-fc-hottub-chlorine-routine (3-5) and does not match a recognized pattern (product spec / shock scenario / threshold phrasing / formula / nav noise) -- needs individual review.",UNREVIEWED
bc2afd0f40906f69,glossary/black-algae.html,Typical Values &#127919; Treatment: 20–30 ppm FC maintained for 3–5 days; requires vigorous brushing Related Resources Pool Shock Calculator Green Water Shock Formula Last reviewed: 2026-06-01,free_chlorine,unspecified,RANGE,20-30,ppm,,,CLAIM_FAMILY_GAP,"Value describes a shock/breakpoint-treatment scenario, correctly outside the routine-maintenance range it was checked against -- no numeric shock-treatment range exists in the claim family yet (see SHOCK-CLAIM-FAMILY-DECISION.md).",REQUIRES_EXPERT_REVIEW
cf37c869eeb2535e,glossary/breakpoint-dose.html,Definition Details Values Definition The breakpoint dose is the specific amount of free chlorine that must be added to destroy all combined chlorine in pool water. &#127919; Typical Values: Breakpoint dose = 10 × CC; typical: 5–15 ppm of additional FC In Plain Language Breakpoint dose = 10 × (combin…,free_chlorine,pool,RANGE,5-15,ppm,,,CLAIM_FAMILY_GAP,"Breakpoint-dose ADDITIONAL FC amount (5-15 ppm on top of existing), not a routine-maintenance target. No numeric shock-treatment FC range exists yet.",REQUIRES_EXPERT_REVIEW
d6e909a2b3344cda,glossary/breakpoint-dose.html,"If CC = 0.8 ppm, breakpoint dose = 8 ppm of additional FC.",combined_chlorine,unspecified,RANGE,0.8,ppm,,,CLAIM_FAMILY_GAP,"Value describes a shock/breakpoint-treatment scenario, correctly outside the routine-maintenance range it was checked against -- no numeric shock-treatment range exists in the claim family yet (see SHOCK-CLAIM-FAMILY-DECISION.md).",REQUIRES_EXPERT_REVIEW
c588239eba775b10,glossary/breakpoint-dose.html,"If CC = 0.8 ppm, breakpoint dose = 8 ppm of additional FC.",free_chlorine,unspecified,RANGE,8,ppm,,,CLAIM_FAMILY_GAP,"Value describes a shock/breakpoint-treatment scenario, correctly outside the routine-maintenance range it was checked against -- no numeric shock-treatment range exists in the claim family yet (see SHOCK-CLAIM-FAMILY-DECISION.md).",REQUIRES_EXPERT_REVIEW
addb2561a725da67,glossary/breakpoint-dose.html,"The current FC level must be added to the breakpoint dose to determine the total target FC: if current FC is 1.5 ppm and breakpoint dose is 8 ppm, target FC = 9.5 ppm.",free_chlorine,unspecified,RANGE,8,ppm,,,CLAIM_FAMILY_GAP,"Value describes a shock/breakpoint-treatment scenario, correctly outside the routine-maintenance range it was checked against -- no numeric shock-treatment range exists in the claim family yet (see SHOCK-CLAIM-FAMILY-DECISION.md).",REQUIRES_EXPERT_REVIEW
38aebb32925e783d,glossary/breakpoint-dose.html,"The current FC level must be added to the breakpoint dose to determine the total target FC: if current FC is 1.5 ppm and breakpoint dose is 8 ppm, target FC = 9.5 ppm.",free_chlorine,unspecified,RANGE,9.5,ppm,,,CLAIM_FAMILY_GAP,"Value describes a shock/breakpoint-treatment scenario, correctly outside the routine-maintenance range it was checked against -- no numeric shock-treatment range exists in the claim family yet (see SHOCK-CLAIM-FAMILY-DECISION.md).",REQUIRES_EXPERT_REVIEW
55212fcd88fc55b5,glossary/breakpoint-dose.html,Typical Values &#127919; Breakpoint dose = 10 × CC; typical: 5–15 ppm of additional FC Related Resources Pool Shock Calculator Breakpoint Chlorination Shock Formula Last reviewed: 2026-06-01,free_chlorine,pool,RANGE,5-15,ppm,,,CLAIM_FAMILY_GAP,"Value describes a shock/breakpoint-treatment scenario, correctly outside the routine-maintenance range it was checked against -- no numeric shock-treatment range exists in the claim family yet (see SHOCK-CLAIM-FAMILY-DECISION.md).",REQUIRES_EXPERT_REVIEW
d82f11165634fed9,glossary/bromine.html,Bromine target: 3–6 ppm (compared to 1–3 ppm for chlorine).,bromine,unspecified,RANGE,1-3,ppm,,,EXTRACTION_ARTIFACT,"""Bromine target: 3-6 ppm (compared to 1-3 ppm for chlorine)"" -- the 1-3 chlorine-comparison figure was carried-forward-attributed to bromine's clause; the sentence's actual bromine figure (3-6) is a different number in the same sentence.",NOT_A_CHEMISTRY_CLAIM
fd36093250221e4d,glossary/carbon-dioxide.html,"Pools with high aeration (waterfalls, fountains, spa jets) off-gas CO2 rapidly, which raises pH as the acidic CO2 leaves the water.",ph,hot_tub,RANGE,2,ph_units,,,RANGE_MISMATCH,"Value 2-2 ph_units does not overlap the canonical range(s) range-ph-hottub-chlorine-routine (7-7.8), range-ph-hottub-bromine-routine (7-7.8) and does not match a recognized pattern (product spec / shock scenario / threshold phrasing / formula / nav noise) -- needs individual review.",UNREVIEWED
f86db4e02b320ce5,glossary/carbon-dioxide.html,"Conversely, adding CO2 gas (through a CO2 injection system) is an alternative to muriatic acid for pH control in commercial pools — it is safer and provides precise pH management.",ph,pool,RANGE,2,ph_units,,,RANGE_MISMATCH,"Value 2-2 ph_units does not overlap the canonical range(s) range-ph-pool-chlorine-routine (7-7.8), range-ph-pool-narrow-operational (7.2-7.6) and does not match a recognized pattern (product spec / shock scenario / threshold phrasing / formula / nav noise) -- needs individual review.",UNREVIEWED
415c4fde4133185a,glossary/carbon-dioxide.html,"Conversely, adding CO2 gas (through a CO2 injection system) is an alternative to muriatic acid for pH control in commercial pools — it is safer and provides precise pH management.",ph,pool,RANGE,2,ph_units,,,RANGE_MISMATCH,"Value 2-2 ph_units does not overlap the canonical range(s) range-ph-pool-chlorine-routine (7-7.8), range-ph-pool-narrow-operational (7.2-7.6) and does not match a recognized pattern (product spec / shock scenario / threshold phrasing / formula / nav noise) -- needs individual review.",UNREVIEWED
58592832ef60f77c,glossary/chloramine.html,Ideal Range: 0–0 ppm Calculators Pool Shock Calculator Hot Tub Shock Calculator Chemical Calculator Related Free Chlorine Total Chlorine Shock Treatment Breakpoint Chlorination Full entity details → Glossary 2 min read Updated 2026-06-01 Chloramine Chloramines are compounds formed when free chlorine…,free_chlorine,both,RANGE,0,ppm,,,CLAIM_FAMILY_GAP,"Value describes a shock/breakpoint-treatment scenario, correctly outside the routine-maintenance range it was checked against -- no numeric shock-treatment range exists in the claim family yet (see SHOCK-CLAIM-FAMILY-DECISION.md).",REQUIRES_EXPERT_REVIEW
1156c31fad77947c,glossary/chloramine.html,"They are the primary cause of pool odour and eye irritation. &#127919; Typical Values: Action threshold: 0.5 ppm combined chlorine In Plain Language The main chloramines in pool water are monochloramine (NH2Cl), dichloramine (NHCl2), and nitrogen trichloride (NCl3).",combined_chlorine,pool,RANGE,0.5,ppm,,,RANGE_MISMATCH,Value 0.5-0.5 ppm does not overlap the canonical range(s) range-cc-pool-hottub-max (0-0.4) and does not match a recognized pattern (product spec / shock scenario / threshold phrasing / formula / nav noise) -- needs individual review.,UNREVIEWED
50cbc19aa9ae3335,glossary/chloramine.html,Typical Values &#127919; Action threshold: 0.5 ppm combined chlorine Related Resources Pool Shock Calculator Combined Chlorine Explained Shock Formula Last reviewed: 2026-06-01,combined_chlorine,pool,RANGE,0.5,ppm,,,CLAIM_FAMILY_GAP,"Value describes a shock/breakpoint-treatment scenario, correctly outside the routine-maintenance range it was checked against -- no numeric shock-treatment range exists in the claim family yet (see SHOCK-CLAIM-FAMILY-DECISION.md).",REQUIRES_EXPERT_REVIEW
a3da46cee8ea4111,glossary/chlorine-stabilizer.html,"Definition Details Values Definition Chlorine stabilizer is another name for cyanuric acid (CYA), used as a synonym especially in product marketing. &#127919; Typical Values: Target: 30–50 ppm (standard pools); 60–80 ppm (salt pools) In Plain Language The terms stabilizer, conditioner, and cyanuric …",salt,pool,RANGE,60-80,ppm,,,UNSUPPORTED_PRODUCTION_CLAIM,"Value describes a product/chemical-supply specification (e.g. product concentration, %-by-weight), not a pool/spa water target -- never comparable to a water-chemistry range.",NOT_A_CHEMISTRY_CLAIM
9a000601eaaf40a3,glossary/chlorine-stabilizer.html,Typical Values &#127919; Target: 30–50 ppm (standard pools); 60–80 ppm (salt pools) Related Resources Pool Cyanuric Acid Calculator Understanding Cyanuric Acid Cya Formula Last reviewed: 2026-06-01,salt,pool,RANGE,60-80,ppm,,,EXTRACTION_ARTIFACT,"Navigation, UI chrome, or page-metadata text; the numeric value is not a chemistry claim at all.",NOT_A_CHEMISTRY_CLAIM
954305bc32cdc329,glossary/combined-chlorine.html,Ideal Range: 0–0 ppm Calculators Pool Shock Calculator Hot Tub Shock Calculator Chemical Calculator Related Free Chlorine Total Chlorine Shock Treatment Breakpoint Chlorination Full entity details → Glossary 2 min read Updated 2026-06-01 Combined Chlorine Combined chlorine is the portion of total ch…,free_chlorine,both,RANGE,0,ppm,,,UNSUPPORTED_PRODUCTION_CLAIM,"Describes what fraction/percentage of the parameter is in a particular chemical form/state, not a concentration target.",NOT_A_CHEMISTRY_CLAIM
c1d138499183e472,glossary/combined-chlorine.html,Why It Matters Combined chlorine above 0.5 ppm indicates a need for shock treatment.,combined_chlorine,unspecified,RANGE,0.5,ppm,,,CLAIM_FAMILY_GAP,"Value describes a shock/breakpoint-treatment scenario, correctly outside the routine-maintenance range it was checked against -- no numeric shock-treatment range exists in the claim family yet (see SHOCK-CLAIM-FAMILY-DECISION.md).",REQUIRES_EXPERT_REVIEW
c5603fbc359a4b45,glossary/cyanuric-acid.html,"Definition Details Values Definition Cyanuric acid is a stabilizing compound that forms a reversible bond with free chlorine in pool water, protecting it from UV degradation. &#127919; Typical Values: Standard pools: 30–50 ppm; Salt pools: 60–80 ppm; Never above 100 ppm for normal pools In Plain Lan…",salt,pool,RANGE,60-80,ppm,,,RANGE_MISMATCH,"Value 60-80 ppm does not overlap the canonical range(s) range-salt-generic-operating (2700-3400), range-salt-pentair (3200-3800), range-salt-autopilot (3600-4400) and does not match a recognized pattern (product spec / shock scenario / threshold phrasing / formula / nav noise) -- needs individual review.",UNREVIEWED
b1f821a6668088c6,glossary/cyanuric-acid.html,"Definition Details Values Definition Cyanuric acid is a stabilizing compound that forms a reversible bond with free chlorine in pool water, protecting it from UV degradation. &#127919; Typical Values: Standard pools: 30–50 ppm; Salt pools: 60–80 ppm; Never above 100 ppm for normal pools In Plain Lan…",salt,pool,RANGE,100,ppm,,,RANGE_MISMATCH,"Value 100-100 ppm does not overlap the canonical range(s) range-salt-generic-operating (2700-3400), range-salt-pentair (3200-3800), range-salt-autopilot (3600-4400) and does not match a recognized pattern (product spec / shock scenario / threshold phrasing / formula / nav noise) -- needs individual review.",UNREVIEWED
7b247181edecac3b,glossary/cyanuric-acid.html,Typical Values &#127919; Standard pools: 30–50 ppm; Salt pools: 60–80 ppm; Never above 100 ppm for normal pools Related Resources Pool Cyanuric Acid Calculator Understanding Cyanuric Acid Cya Formula Last reviewed: 2026-06-01,salt,pool,RANGE,60-80,ppm,,,EXTRACTION_ARTIFACT,"Navigation, UI chrome, or page-metadata text; the numeric value is not a chemistry claim at all.",NOT_A_CHEMISTRY_CLAIM
8693b7f0608a5d9c,glossary/cyanuric-acid.html,Typical Values &#127919; Standard pools: 30–50 ppm; Salt pools: 60–80 ppm; Never above 100 ppm for normal pools Related Resources Pool Cyanuric Acid Calculator Understanding Cyanuric Acid Cya Formula Last reviewed: 2026-06-01,cyanuric_acid,pool,RANGE,100,ppm,,,CONTEXT_MISMATCH,"""Above/exceeds"" threshold phrasing describing a too-high condition, consistent with (not contradicting) the canonical range's own maximum (15).",FALSE_CONFLICT
7a4af1345cea025e,glossary/dichlor.html,Definition Details Values Definition Dichlor (sodium dichloroisocyanurate) is a fast-dissolving stabilised chlorine product that adds both free chlorine and cyanuric acid to pool water. &#127919; Typical Values: Available chlorine: ~56%; CYA added: ~33% by weight of product In Plain Language Dichlor…,cyanuric_acid,pool,RANGE,56,%,,,UNSUPPORTED_PRODUCTION_CLAIM,"Value describes a product/chemical-supply specification (e.g. product concentration, %-by-weight), not a pool/spa water target -- never comparable to a water-chemistry range.",NOT_A_CHEMISTRY_CLAIM
8abd56b5dfefdad2,glossary/free-chlorine.html,Ideal Range: 1–3 ppm Calculators Pool Chlorine Calculator Hot Tub Chlorine Calculator Chemical Calculator Pool Shock Calculator Related Combined Chlorine Total Chlorine pH Cyanuric Acid Shock Treatment Full entity details → Glossary 2 min read Updated 2026-06-01 Free Chlorine Free chlorine is the co…,combined_chlorine,both,RANGE,1-3,ppm,,,CLAIM_FAMILY_GAP,"Value describes a shock/breakpoint-treatment scenario, correctly outside the routine-maintenance range it was checked against -- no numeric shock-treatment range exists in the claim family yet (see SHOCK-CLAIM-FAMILY-DECISION.md).",REQUIRES_EXPERT_REVIEW
d064285c8d34de18,glossary/free-chlorine.html,"Definition Details Values Definition Free chlorine is the concentration of active, unsaturated chlorine available in pool water to sanitise and disinfect. &#127919; Typical Values: Pools: 1–3 ppm; Hot tubs: 3–5 ppm; Minimum safe: 1.0 ppm In Plain Language Free chlorine consists of two forms: hypochl…",free_chlorine,hot_tub,RANGE,1,ppm,,,RANGE_MISMATCH,Value 1-1 ppm does not overlap the canonical range(s) range-fc-hottub-chlorine-routine (3-5) and does not match a recognized pattern (product spec / shock scenario / threshold phrasing / formula / nav noise) -- needs individual review.,UNREVIEWED
bdd62415ba1e7198,glossary/free-chlorine.html,"Hypochlorous acid is the bactericidal form — at pH 7.2, roughly 67% of free chlorine is in this effective form.",free_chlorine,unspecified,RULE_OF_THUMB,67,%,,,UNSUPPORTED_PRODUCTION_CLAIM,"Describes what fraction/percentage of the parameter is in a particular chemical form/state, not a concentration target.",NOT_A_CHEMISTRY_CLAIM
64d72250b0a6acd9,glossary/green-algae.html,"Definition Details Values Definition Green algae is the most common pool algae species, causing water to turn green or teal and surfaces to become slippery. &#127919; Typical Values: Kill dose: 30 ppm FC (active bloom); Maintain 1–3 ppm FC to prevent In Plain Language Green algae (Chlorophyta) is fr…",free_chlorine,pool,RANGE,30,ppm,,,RANGE_MISMATCH,"Value 30-30 ppm does not overlap the canonical range(s) range-fc-pool-chlorine-no-cya (1-3), range-fc-pool-chlorine-with-cya (2-4) and does not match a recognized pattern (product spec / shock scenario / threshold phrasing / formula / nav noise) -- needs individual review.",UNREVIEWED
2602513cb45e4dbc,glossary/green-algae.html,Typical Values &#127919; Kill dose: 30 ppm FC (active bloom); Maintain 1–3 ppm FC to prevent Related Resources Pool Shock Calculator Green Water Shock Formula Last reviewed: 2026-06-01,free_chlorine,unspecified,RANGE,30,ppm,,,CLAIM_FAMILY_GAP,"Value describes a shock/breakpoint-treatment scenario, correctly outside the routine-maintenance range it was checked against -- no numeric shock-treatment range exists in the claim family yet (see SHOCK-CLAIM-FAMILY-DECISION.md).",REQUIRES_EXPERT_REVIEW
ee5f76d7bf2c5831,glossary/hypochlorous-acid.html,"Definition Details Values Definition Hypochlorous acid (HOCl) is the active, bactericidal form of chlorine in pool water, responsible for killing pathogens. &#127919; Typical Values: At pH 7.2: ~67% of FC is HOCl; at pH 7.4: ~55%; at pH 7.6: ~40%; at pH 8.0: ~22% In Plain Language When chlorine diss…",free_chlorine,pool,RANGE,67,%,,,UNSUPPORTED_PRODUCTION_CLAIM,"Describes what fraction/percentage of the parameter is in a particular chemical form/state, not a concentration target.",NOT_A_CHEMISTRY_CLAIM
b95e7ef017cbe59a,glossary/hypochlorous-acid.html,"Definition Details Values Definition Hypochlorous acid (HOCl) is the active, bactericidal form of chlorine in pool water, responsible for killing pathogens. &#127919; Typical Values: At pH 7.2: ~67% of FC is HOCl; at pH 7.4: ~55%; at pH 7.6: ~40%; at pH 8.0: ~22% In Plain Language When chlorine diss…",ph,pool,RANGE,8,ph_units,,,UNSUPPORTED_PRODUCTION_CLAIM,"Describes what fraction/percentage of the parameter is in a particular chemical form/state, not a concentration target.",NOT_A_CHEMISTRY_CLAIM
7e855272dcd2c18e,glossary/hypochlorous-acid.html,"The proportion of HOCl is controlled entirely by pH — at pH 7.2, about 67% is HOCl; at pH 8.0, only 22% is HOCl.",ph,unspecified,RANGE,8,ph_units,,,RANGE_MISMATCH,"Value 8-8 ph_units does not overlap the canonical range(s) range-ph-pool-chlorine-routine (7-7.8), range-ph-hottub-chlorine-routine (7-7.8), range-ph-hottub-bromine-routine (7-7.8), range-ph-pool-narrow-operational (7.2-7.6) and does not match a recognized pattern (product spec / shock scenario / threshold phrasing / formula / nav noise) -- needs individual review.",UNREVIEWED
024dc98a60548e5c,glossary/hypochlorous-acid.html,Typical Values &#127919; At pH 7.2: ~67% of FC is HOCl; at pH 7.4: ~55%; at pH 7.6: ~40%; at pH 8.0: ~22% Related Resources Pool Ph Calculator Understanding Free Chlorine Liquid Chlorine Formula Last reviewed: 2026-06-01,free_chlorine,unspecified,RANGE,67,%,,,UNSUPPORTED_PRODUCTION_CLAIM,"Describes what fraction/percentage of the parameter is in a particular chemical form/state, not a concentration target.",NOT_A_CHEMISTRY_CLAIM
6c1a05826c22661b,glossary/hypochlorous-acid.html,Typical Values &#127919; At pH 7.2: ~67% of FC is HOCl; at pH 7.4: ~55%; at pH 7.6: ~40%; at pH 8.0: ~22% Related Resources Pool Ph Calculator Understanding Free Chlorine Liquid Chlorine Formula Last reviewed: 2026-06-01,ph,pool,RANGE,8,ph_units,,,UNSUPPORTED_PRODUCTION_CLAIM,"Describes what fraction/percentage of the parameter is in a particular chemical form/state, not a concentration target.",NOT_A_CHEMISTRY_CLAIM
6d7768250a705aa9,glossary/iron.html,Definition Details Values Definition Iron in pool water is a dissolved metal that can cause reddish-brown staining when oxidised by chlorine or shock treatment. &#127919; Typical Values: Acceptable: below 0.2 ppm; Staining risk increases above 0.3 ppm In Plain Language Iron enters pool water from we…,shock_treatment,pool,RANGE,0.2,ppm,,,UNSUPPORTED_PRODUCTION_CLAIM,"Iron staining threshold, not a shock_treatment value at all -- parameter attribution artifact.",NOT_A_CHEMISTRY_CLAIM
9acd4a436f4cb1ee,glossary/iron.html,Definition Details Values Definition Iron in pool water is a dissolved metal that can cause reddish-brown staining when oxidised by chlorine or shock treatment. &#127919; Typical Values: Acceptable: below 0.2 ppm; Staining risk increases above 0.3 ppm In Plain Language Iron enters pool water from we…,shock_treatment,pool,RANGE,0.3,ppm,,,UNSUPPORTED_PRODUCTION_CLAIM,Same iron-staining record as above.,NOT_A_CHEMISTRY_CLAIM
c15adb15c46b0f2b,glossary/muriatic-acid.html,Definition Details Values Definition Muriatic acid (dilute hydrochloric acid) is the most commonly used chemical for lowering pool pH and total alkalinity. &#127919; Typical Values: Concentration: 31.45% (pool grade); pH in solution: strongly acidic (0.1–0.5) In Plain Language Pool-grade muriatic ac…,total_alkalinity,pool,RANGE,31.45,%,,,UNSUPPORTED_PRODUCTION_CLAIM,"Value describes a product/chemical-supply specification (e.g. product concentration, %-by-weight), not a pool/spa water target -- never comparable to a water-chemistry range.",NOT_A_CHEMISTRY_CLAIM
2f56fd2a750a6854,glossary/muriatic-acid.html,Definition Details Values Definition Muriatic acid (dilute hydrochloric acid) is the most commonly used chemical for lowering pool pH and total alkalinity. &#127919; Typical Values: Concentration: 31.45% (pool grade); pH in solution: strongly acidic (0.1–0.5) In Plain Language Pool-grade muriatic ac…,ph,pool,RANGE,0.1-0.5,ph_units,,,UNSUPPORTED_PRODUCTION_CLAIM,"Value describes a product/chemical-supply specification (e.g. product concentration, %-by-weight), not a pool/spa water target -- never comparable to a water-chemistry range.",NOT_A_CHEMISTRY_CLAIM
9704886e6db61483,glossary/muriatic-acid.html,Typical Values &#127919; Concentration: 31.45% (pool grade); pH in solution: strongly acidic (0.1–0.5) Related Resources Pool Ph Calculator Understanding Ph Ph Adjustment Formula Last reviewed: 2026-06-01,ph,pool,RANGE,0.1-0.5,ph_units,,,EXTRACTION_ARTIFACT,"Navigation, UI chrome, or page-metadata text; the numeric value is not a chemistry claim at all.",NOT_A_CHEMISTRY_CLAIM
166cc39500b89698,glossary/mustard-algae.html,"Definition Details Values Definition Mustard algae is a yellow-brown pool algae species that brushes off easily but quickly returns, caused by a chlorine-resistant strain. &#127919; Typical Values: Treatment: 30 ppm FC; wash all swimwear and equipment during treatment In Plain Language Mustard algae…",free_chlorine,pool,RANGE,30,ppm,,,RANGE_MISMATCH,"Value 30-30 ppm does not overlap the canonical range(s) range-fc-pool-chlorine-no-cya (1-3), range-fc-pool-chlorine-with-cya (2-4) and does not match a recognized pattern (product spec / shock scenario / threshold phrasing / formula / nav noise) -- needs individual review.",UNREVIEWED
913db1838d10d258,glossary/mustard-algae.html,It is resistant to normal chlorine levels but is effectively treated with a thorough superchlorination of 30 ppm FC and simultaneous treatment of all equipment that contacted the water.,free_chlorine,unspecified,RANGE,30,ppm,,,RANGE_MISMATCH,"Value 30-30 ppm does not overlap the canonical range(s) range-fc-pool-chlorine-no-cya (1-3), range-fc-pool-chlorine-with-cya (2-4), range-fc-hottub-chlorine-routine (3-5) and does not match a recognized pattern (product spec / shock scenario / threshold phrasing / formula / nav noise) -- needs individual review.",UNREVIEWED
2af93259623e1a1a,glossary/mustard-algae.html,Typical Values &#127919; Treatment: 30 ppm FC; wash all swimwear and equipment during treatment Related Resources Pool Shock Calculator Green Water Last reviewed: 2026-06-01,free_chlorine,unspecified,RANGE,30,ppm,,,CLAIM_FAMILY_GAP,"Value describes a shock/breakpoint-treatment scenario, correctly outside the routine-maintenance range it was checked against -- no numeric shock-treatment range exists in the claim family yet (see SHOCK-CLAIM-FAMILY-DECISION.md).",REQUIRES_EXPERT_REVIEW
0489924a31af66a5,glossary/ph-bounce.html,"Small additions of acid or base, rain, or even bather activity can cause pH to swing by 0.5–1.0 units.",ph,unspecified,RANGE,0.5-1,ph_units,,,RANGE_MISMATCH,"Value 0.5-1 ph_units does not overlap the canonical range(s) range-ph-pool-chlorine-routine (7-7.8), range-ph-hottub-chlorine-routine (7-7.8), range-ph-hottub-bromine-routine (7-7.8), range-ph-pool-narrow-operational (7.2-7.6) and does not match a recognized pattern (product spec / shock scenario / threshold phrasing / formula / nav noise) -- needs individual review.",UNREVIEWED
97d55884408a1324,glossary/ph-increaser.html,"Definition Details Values Definition pH increaser is a pool product that raises water pH, typically sodium carbonate (soda ash) or sodium bicarbonate. &#127919; Typical Values: Raises pH by approximately 0.2 per pound per 10,000 gallons; dissolve before adding In Plain Language pH increaser (soda as…",ph,pool,RULE_OF_THUMB,0.2,ph_units,,,UNSUPPORTED_PRODUCTION_CLAIM,"Value describes a product/chemical-supply specification (e.g. product concentration, %-by-weight), not a pool/spa water target -- never comparable to a water-chemistry range.",NOT_A_CHEMISTRY_CLAIM
8c80c9a5b619b270,glossary/ph-increaser.html,Sodium carbonate (Na2CO3) raises pH quickly with a modest alkalinity increase.,ph,unspecified,RANGE,2,ph_units,,,RANGE_MISMATCH,"Value 2-2 ph_units does not overlap the canonical range(s) range-ph-pool-chlorine-routine (7-7.8), range-ph-hottub-chlorine-routine (7-7.8), range-ph-hottub-bromine-routine (7-7.8), range-ph-pool-narrow-operational (7.2-7.6) and does not match a recognized pattern (product spec / shock scenario / threshold phrasing / formula / nav noise) -- needs individual review.",UNREVIEWED
7a9c6ef12e2838c3,glossary/ph-increaser.html,Sodium carbonate (Na2CO3) raises pH quickly with a modest alkalinity increase.,ph,unspecified,RANGE,3,ph_units,,,RANGE_MISMATCH,"Value 3-3 ph_units does not overlap the canonical range(s) range-ph-pool-chlorine-routine (7-7.8), range-ph-hottub-chlorine-routine (7-7.8), range-ph-hottub-bromine-routine (7-7.8), range-ph-pool-narrow-operational (7.2-7.6) and does not match a recognized pattern (product spec / shock scenario / threshold phrasing / formula / nav noise) -- needs individual review.",UNREVIEWED
9a82ae28b611a19c,glossary/ph-increaser.html,"Typical Values &#127919; Raises pH by approximately 0.2 per pound per 10,000 gallons; dissolve before adding Related Resources Pool Ph Calculator Understanding Ph Ph Adjustment Formula Last reviewed: 2026-06-01",ph,unspecified,RULE_OF_THUMB,0.2,ph_units,,,EXTRACTION_ARTIFACT,"Navigation, UI chrome, or page-metadata text; the numeric value is not a chemistry claim at all.",NOT_A_CHEMISTRY_CLAIM
efd419da2c7115f6,glossary/ph.html,"Definition Details Values Definition pH measures the concentration of hydrogen ions in water on a logarithmic scale from 0 (most acidic) to 14 (most alkaline), with 7.0 being neutral. &#127919; Typical Values: Pools: 7.2–7.6; Hot tubs: 7.2–7.8; Never above 8.0 In Plain Language Pool water pH directl…",ph,unspecified,RANGE,0,ph_units,,,UNSUPPORTED_PRODUCTION_CLAIM,"Describes the pH scale itself (e.g. ""0 to 14 logarithmic scale"", ""each full pH unit""), not a water-chemistry target value.",NOT_A_CHEMISTRY_CLAIM
fe77ce166563b283,glossary/ph.html,"Definition Details Values Definition pH measures the concentration of hydrogen ions in water on a logarithmic scale from 0 (most acidic) to 14 (most alkaline), with 7.0 being neutral. &#127919; Typical Values: Pools: 7.2–7.6; Hot tubs: 7.2–7.8; Never above 8.0 In Plain Language Pool water pH directl…",ph,unspecified,RANGE,14,ph_units,,,UNSUPPORTED_PRODUCTION_CLAIM,"Describes the pH scale itself (e.g. ""0 to 14 logarithmic scale"", ""each full pH unit""), not a water-chemistry target value.",NOT_A_CHEMISTRY_CLAIM
ba3d00c108c0d95a,glossary/ph.html,"Definition Details Values Definition pH measures the concentration of hydrogen ions in water on a logarithmic scale from 0 (most acidic) to 14 (most alkaline), with 7.0 being neutral. &#127919; Typical Values: Pools: 7.2–7.6; Hot tubs: 7.2–7.8; Never above 8.0 In Plain Language Pool water pH directl…",ph,pool,RANGE,8,ph_units,,,UNSUPPORTED_PRODUCTION_CLAIM,"Describes the pH scale itself (e.g. ""0 to 14 logarithmic scale"", ""each full pH unit""), not a water-chemistry target value.",NOT_A_CHEMISTRY_CLAIM
8c8ad9b899b14da4,glossary/ph.html,"At pH 7.2, approximately 67% of free chlorine is active.",free_chlorine,unspecified,RULE_OF_THUMB,67,%,,,UNSUPPORTED_PRODUCTION_CLAIM,"Describes what fraction/percentage of the parameter is in a particular chemical form/state, not a concentration target.",NOT_A_CHEMISTRY_CLAIM
4a4c77cbb6a5f301,glossary/ph.html,"At pH 8.0, only 22% is active. pH also affects swimmer comfort (human tears are pH 7.4), surface corrosion (low pH), and scaling (high pH). pH naturally drifts upward in pools as CO2 off-gasses from the water surface.",ph,unspecified,RANGE,8,ph_units,,,RANGE_MISMATCH,"Value 8-8 ph_units does not overlap the canonical range(s) range-ph-pool-chlorine-routine (7-7.8), range-ph-hottub-chlorine-routine (7-7.8), range-ph-hottub-bromine-routine (7-7.8), range-ph-pool-narrow-operational (7.2-7.6) and does not match a recognized pattern (product spec / shock scenario / threshold phrasing / formula / nav noise) -- needs individual review.",UNREVIEWED
d6f39703f2b1766e,glossary/ph.html,"At pH 8.0, only 22% is active. pH also affects swimmer comfort (human tears are pH 7.4), surface corrosion (low pH), and scaling (high pH). pH naturally drifts upward in pools as CO2 off-gasses from the water surface.",ph,pool,RANGE,2,ph_units,,,RANGE_MISMATCH,"Value 2-2 ph_units does not overlap the canonical range(s) range-ph-pool-chlorine-routine (7-7.8), range-ph-pool-narrow-operational (7.2-7.6) and does not match a recognized pattern (product spec / shock scenario / threshold phrasing / formula / nav noise) -- needs individual review.",UNREVIEWED
8572857fd47dee5b,glossary/ph.html,Typical Values &#127919; Pools: 7.2–7.6; Hot tubs: 7.2–7.8; Never above 8.0 Related Resources Pool Ph Calculator Hot Tub Ph Calculator Understanding Ph Ph Adjustment Formula Last reviewed: 2026-06-01,ph,both,RANGE,8,ph_units,,,EXTRACTION_ARTIFACT,"Navigation, UI chrome, or page-metadata text; the numeric value is not a chemistry claim at all.",NOT_A_CHEMISTRY_CLAIM
fb2ebe05bb5168ca,glossary/pool-maintenance-schedule.html,"Definition Details Values Definition A pool maintenance schedule is a written plan covering daily, weekly, monthly, and seasonal maintenance tasks for pool chemistry and equipment. &#127919; Typical Values: FC/pH: 2x weekly; Full test: monthly; Shock: weekly; Filter clean: monthly In Plain Language …",ph,pool,RANGE,2,ph_units,,,EXTRACTION_ARTIFACT,"Intermediate arithmetic step, dosage coefficient, or formula constant in a worked example -- not an asserted target claim.",NOT_A_CHEMISTRY_CLAIM
b8d1267ad3ad8389,glossary/pool-maintenance-schedule.html,Typical Values &#127919; FC/pH: 2x weekly; Full test: monthly; Shock: weekly; Filter clean: monthly Related Resources Maintenance Schedule Last reviewed: 2026-06-01,ph,unspecified,RANGE,2,ph_units,,,EXTRACTION_ARTIFACT,"Intermediate arithmetic step, dosage coefficient, or formula constant in a worked example -- not an asserted target claim.",NOT_A_CHEMISTRY_CLAIM
6abf213c8806fa61,glossary/pool-shock-schedule.html,Definition Details Values Definition A pool shock schedule is the planned frequency and timing of pool shock treatments throughout the swimming season. &#127919; Typical Values: Weekly maintenance: shock to 10 ppm FC; Emergency recovery: shock to 30 ppm FC In Plain Language A typical shock schedule:…,free_chlorine,pool,RANGE,10,ppm,,,CLAIM_FAMILY_GAP,"Value describes a shock/breakpoint-treatment scenario, correctly outside the routine-maintenance range it was checked against -- no numeric shock-treatment range exists in the claim family yet (see SHOCK-CLAIM-FAMILY-DECISION.md).",REQUIRES_EXPERT_REVIEW
b88b36ba415b7fc4,glossary/pool-shock-schedule.html,Definition Details Values Definition A pool shock schedule is the planned frequency and timing of pool shock treatments throughout the swimming season. &#127919; Typical Values: Weekly maintenance: shock to 10 ppm FC; Emergency recovery: shock to 30 ppm FC In Plain Language A typical shock schedule:…,free_chlorine,pool,RANGE,30,ppm,,,CLAIM_FAMILY_GAP,"Value describes a shock/breakpoint-treatment scenario, correctly outside the routine-maintenance range it was checked against -- no numeric shock-treatment range exists in the claim family yet (see SHOCK-CLAIM-FAMILY-DECISION.md).",REQUIRES_EXPERT_REVIEW
608025031537cf13,glossary/pool-shock-schedule.html,"Shock immediately after any heavy bather load, storm, or combined chlorine reading above 0.5 ppm.",combined_chlorine,unspecified,RANGE,0.5,ppm,cdc-mahc-2023,,SOURCE_CONFLICT,Same 0.5-vs-0.4 discrepancy.,SOURCE_CONFLICT_REMAINS
a2aa725a9a52bef2,glossary/pool-shock-schedule.html,Typical Values &#127919; Weekly maintenance: shock to 10 ppm FC; Emergency recovery: shock to 30 ppm FC Related Resources Pool Shock Calculator Shock Treatments Explained Shock Formula Last reviewed: 2026-06-01,free_chlorine,unspecified,RANGE,10,ppm,,,CLAIM_FAMILY_GAP,"Value describes a shock/breakpoint-treatment scenario, correctly outside the routine-maintenance range it was checked against -- no numeric shock-treatment range exists in the claim family yet (see SHOCK-CLAIM-FAMILY-DECISION.md).",REQUIRES_EXPERT_REVIEW
7b3c281333d5c0c5,glossary/pool-shock-schedule.html,Typical Values &#127919; Weekly maintenance: shock to 10 ppm FC; Emergency recovery: shock to 30 ppm FC Related Resources Pool Shock Calculator Shock Treatments Explained Shock Formula Last reviewed: 2026-06-01,free_chlorine,pool,RANGE,30,ppm,,,CLAIM_FAMILY_GAP,"Value describes a shock/breakpoint-treatment scenario, correctly outside the routine-maintenance range it was checked against -- no numeric shock-treatment range exists in the claim family yet (see SHOCK-CLAIM-FAMILY-DECISION.md).",REQUIRES_EXPERT_REVIEW
be1d7d65526739bf,glossary/salt-chlorination.html,"Definition Details Values Definition Salt chlorination (salt water generation) is a system that produces free chlorine continuously by electrolyzing dissolved sodium chloride in pool water. &#127919; Typical Values: Salt level: 2,700–3,400 ppm; CYA for salt pools: 60–80 ppm In Plain Language Salt ch…",salt,pool,RANGE,60-80,ppm,,,RANGE_MISMATCH,"Value 60-80 ppm does not overlap the canonical range(s) range-salt-generic-operating (2700-3400), range-salt-pentair (3200-3800), range-salt-autopilot (3600-4400) and does not match a recognized pattern (product spec / shock scenario / threshold phrasing / formula / nav noise) -- needs individual review.",UNREVIEWED
92244e72180dbf8b,glossary/salt-chlorination.html,"Typical Values &#127919; Salt level: 2,700–3,400 ppm; CYA for salt pools: 60–80 ppm Related Resources Saltwater Pool Salt Calculator Salt Systems Salt Formula Last reviewed: 2026-06-01",salt,pool,RANGE,60-80,ppm,,,EXTRACTION_ARTIFACT,"Navigation, UI chrome, or page-metadata text; the numeric value is not a chemistry claim at all.",NOT_A_CHEMISTRY_CLAIM
b6eb446929e81742,glossary/shock-dosage.html,"Definition Details Values Definition Shock dosage refers to the amount of shock product required to raise free chlorine to the target level for the pool volume and treatment goal. &#127919; Typical Values: Maintenance: 1 lb cal-hypo per 10,000 gal raises FC by ~6.5 ppm; Green pool: multiple doses ne…",free_chlorine,pool,RANGE,6.5,ppm,,,UNSUPPORTED_PRODUCTION_CLAIM,"Value describes a product/chemical-supply specification (e.g. product concentration, %-by-weight), not a pool/spa water target -- never comparable to a water-chemistry range.",NOT_A_CHEMISTRY_CLAIM
9db446d8a35a1809,glossary/shock-dosage.html,"Typical Values &#127919; Maintenance: 1 lb cal-hypo per 10,000 gal raises FC by ~6.5 ppm; Green pool: multiple doses needed Related Resources Pool Shock Calculator Shock Treatments Explained Shock Formula Last reviewed: 2026-06-01",free_chlorine,unspecified,RANGE,6.5,ppm,,,CLAIM_FAMILY_GAP,"Value describes a shock/breakpoint-treatment scenario, correctly outside the routine-maintenance range it was checked against -- no numeric shock-treatment range exists in the claim family yet (see SHOCK-CLAIM-FAMILY-DECISION.md).",REQUIRES_EXPERT_REVIEW
0fc2d73b49f17b9d,glossary/shock.html,Ideal Range: N/A (raises FC to 10–30 ppm temporarily) Calculators Pool Shock Calculator Hot Tub Shock Calculator Related Breakpoint Chlorination Free Chlorine Combined Chlorine Calcium Hypochlorite Liquid Chlorine Algae Full entity details → Glossary 2 min read Updated 2026-06-01 Shock Shock is the …,free_chlorine,both,RANGE,10-30,ppm,,,CLAIM_FAMILY_GAP,"Value describes a shock/breakpoint-treatment scenario, correctly outside the routine-maintenance range it was checked against -- no numeric shock-treatment range exists in the claim family yet (see SHOCK-CLAIM-FAMILY-DECISION.md).",REQUIRES_EXPERT_REVIEW
d935a38c44c54fc7,glossary/shock.html,"Definition Details Values Definition Shock is the practice of adding a large dose of chlorine or oxidizer to pool water to reach breakpoint chlorination, kill algae, or reset water clarity. &#127919; Typical Values: Standard shock target: 10 ppm FC; Green pool recovery: 30 ppm FC In Plain Language P…",free_chlorine,pool,RANGE,10,ppm,,,CLAIM_FAMILY_GAP,"Value describes a shock/breakpoint-treatment scenario, correctly outside the routine-maintenance range it was checked against -- no numeric shock-treatment range exists in the claim family yet (see SHOCK-CLAIM-FAMILY-DECISION.md).",REQUIRES_EXPERT_REVIEW
78e871b17cf9977e,glossary/shock.html,"Definition Details Values Definition Shock is the practice of adding a large dose of chlorine or oxidizer to pool water to reach breakpoint chlorination, kill algae, or reset water clarity. &#127919; Typical Values: Standard shock target: 10 ppm FC; Green pool recovery: 30 ppm FC In Plain Language P…",free_chlorine,pool,RANGE,30,ppm,,,CLAIM_FAMILY_GAP,"Value describes a shock/breakpoint-treatment scenario, correctly outside the routine-maintenance range it was checked against -- no numeric shock-treatment range exists in the claim family yet (see SHOCK-CLAIM-FAMILY-DECISION.md).",REQUIRES_EXPERT_REVIEW
edede5a602573682,glossary/shock.html,Shocking raises free chlorine to 10 ppm or higher — far above the normal maintenance range.,free_chlorine,unspecified,RANGE,10,ppm,,,CLAIM_FAMILY_GAP,"Value describes a shock/breakpoint-treatment scenario, correctly outside the routine-maintenance range it was checked against -- no numeric shock-treatment range exists in the claim family yet (see SHOCK-CLAIM-FAMILY-DECISION.md).",REQUIRES_EXPERT_REVIEW
6081ee23ffb68fcb,glossary/shock.html,Typical Values &#127919; Standard shock target: 10 ppm FC; Green pool recovery: 30 ppm FC Related Resources Pool Shock Calculator Shock Treatments Explained Shock Formula Last reviewed: 2026-06-01,free_chlorine,unspecified,RANGE,10,ppm,,,CLAIM_FAMILY_GAP,"Value describes a shock/breakpoint-treatment scenario, correctly outside the routine-maintenance range it was checked against -- no numeric shock-treatment range exists in the claim family yet (see SHOCK-CLAIM-FAMILY-DECISION.md).",REQUIRES_EXPERT_REVIEW
4588de732ea3e23f,glossary/shock.html,Typical Values &#127919; Standard shock target: 10 ppm FC; Green pool recovery: 30 ppm FC Related Resources Pool Shock Calculator Shock Treatments Explained Shock Formula Last reviewed: 2026-06-01,free_chlorine,pool,RANGE,30,ppm,,,CLAIM_FAMILY_GAP,"Value describes a shock/breakpoint-treatment scenario, correctly outside the routine-maintenance range it was checked against -- no numeric shock-treatment range exists in the claim family yet (see SHOCK-CLAIM-FAMILY-DECISION.md).",REQUIRES_EXPERT_REVIEW
4116f12641743bc6,glossary/sodium-bicarbonate.html,"Definition Details Values Definition Sodium bicarbonate (baking soda) is the standard chemical for raising total alkalinity in pool water. &#127919; Typical Values: Raises TA by 6.7 ppm per pound per 10,000 gallons; minimal pH effect In Plain Language Sodium bicarbonate (NaHCO3) dissolves slowly in …",total_alkalinity,pool,RANGE,6.7,ppm,,,UNSUPPORTED_PRODUCTION_CLAIM,"Sodium bicarbonate dosage coefficient (6.7 ppm TA rise per lb per 10,000 gal), a formula constant, not a TA target range.",NOT_A_CHEMISTRY_CLAIM
54289f9f4b181886,glossary/sodium-bicarbonate.html,"Definition Details Values Definition Sodium bicarbonate (baking soda) is the standard chemical for raising total alkalinity in pool water. &#127919; Typical Values: Raises TA by 6.7 ppm per pound per 10,000 gallons; minimal pH effect In Plain Language Sodium bicarbonate (NaHCO3) dissolves slowly in …",ph,pool,RANGE,3,ph_units,,,RANGE_MISMATCH,"Value 3-3 ph_units does not overlap the canonical range(s) range-ph-pool-chlorine-routine (7-7.8), range-ph-pool-narrow-operational (7.2-7.6) and does not match a recognized pattern (product spec / shock scenario / threshold phrasing / formula / nav noise) -- needs individual review.",UNREVIEWED
9fb9e950368f238b,glossary/sodium-bicarbonate.html,"Typical Values &#127919; Raises TA by 6.7 ppm per pound per 10,000 gallons; minimal pH effect Related Resources Pool Alkalinity Calculator Understanding Total Alkalinity Alkalinity Formula Last reviewed: 2026-06-01",total_alkalinity,unspecified,RANGE,6.7,ppm,,,EXTRACTION_ARTIFACT,"Navigation, UI chrome, or page-metadata text; the numeric value is not a chemistry claim at all.",NOT_A_CHEMISTRY_CLAIM
f46f4f5384f4ac6d,glossary/sodium-carbonate.html,"Definition Details Values Definition Sodium carbonate (soda ash) is used to raise pool water pH with minimal effect on total alkalinity. &#127919; Typical Values: Raises pH by approximately 0.2 units per pound per 10,000 gallons In Plain Language Soda ash (Na2CO3) dissolves quickly in pool water and…",ph,pool,RULE_OF_THUMB,0.2,ph_units,,,RANGE_MISMATCH,"Value 0.2-0.2 ph_units does not overlap the canonical range(s) range-ph-pool-chlorine-routine (7-7.8), range-ph-pool-narrow-operational (7.2-7.6) and does not match a recognized pattern (product spec / shock scenario / threshold phrasing / formula / nav noise) -- needs individual review.",UNREVIEWED
dd5ca404d1f2d5b1,glossary/sodium-carbonate.html,"Typical Values &#127919; Raises pH by approximately 0.2 units per pound per 10,000 gallons Related Resources Pool Ph Calculator Understanding Ph Ph Adjustment Formula Last reviewed: 2026-06-01",ph,pool,RULE_OF_THUMB,0.2,ph_units,,,EXTRACTION_ARTIFACT,"Navigation, UI chrome, or page-metadata text; the numeric value is not a chemistry claim at all.",NOT_A_CHEMISTRY_CLAIM
255ab2d1c4809776,glossary/superchlorination.html,Ideal Range: N/A (raises FC to 10–30 ppm temporarily) Calculators Pool Shock Calculator Hot Tub Shock Calculator Related Breakpoint Chlorination Free Chlorine Combined Chlorine Calcium Hypochlorite Liquid Chlorine Algae Full entity details → Glossary 2 min read Updated 2026-06-01 Superchlorination S…,free_chlorine,both,RANGE,10-30,ppm,,,CLAIM_FAMILY_GAP,"Value describes a shock/breakpoint-treatment scenario, correctly outside the routine-maintenance range it was checked against -- no numeric shock-treatment range exists in the claim family yet (see SHOCK-CLAIM-FAMILY-DECISION.md).",REQUIRES_EXPERT_REVIEW
a44ac663aec0ae0c,glossary/superchlorination.html,"Definition Details Values Definition Superchlorination is the practice of raising free chlorine to 10 ppm or higher to destroy chloramines, kill algae, or clear severely compromised water. &#127919; Typical Values: Target FC: 10 ppm (minimum); Green pool: 30 ppm In Plain Language Superchlorination a…",free_chlorine,unspecified,RANGE,10,ppm,,,CLAIM_FAMILY_GAP,"Value describes a shock/breakpoint-treatment scenario, correctly outside the routine-maintenance range it was checked against -- no numeric shock-treatment range exists in the claim family yet (see SHOCK-CLAIM-FAMILY-DECISION.md).",REQUIRES_EXPERT_REVIEW
c5a13633d2a80b56,glossary/superchlorination.html,"Definition Details Values Definition Superchlorination is the practice of raising free chlorine to 10 ppm or higher to destroy chloramines, kill algae, or clear severely compromised water. &#127919; Typical Values: Target FC: 10 ppm (minimum); Green pool: 30 ppm In Plain Language Superchlorination a…",free_chlorine,unspecified,RANGE,10,ppm,,,CLAIM_FAMILY_GAP,"Value describes a shock/breakpoint-treatment scenario, correctly outside the routine-maintenance range it was checked against -- no numeric shock-treatment range exists in the claim family yet (see SHOCK-CLAIM-FAMILY-DECISION.md).",REQUIRES_EXPERT_REVIEW
4ab425a859f4ca52,glossary/superchlorination.html,"After superchlorination, the pool must be closed to swimmers until FC drops below 5 ppm, typically within 24 hours with the pump running.",free_chlorine,pool,RULE_OF_THUMB,5,ppm,,,RANGE_MISMATCH,"Value 5-5 ppm does not overlap the canonical range(s) range-fc-pool-chlorine-no-cya (1-3), range-fc-pool-chlorine-with-cya (2-4) and does not match a recognized pattern (product spec / shock scenario / threshold phrasing / formula / nav noise) -- needs individual review.",UNREVIEWED
4f3c8d7a833aa00e,glossary/superchlorination.html,Typical Values &#127919; Target FC: 10 ppm (minimum); Green pool: 30 ppm Related Resources Pool Shock Calculator Shock Treatments Explained Shock Formula Last reviewed: 2026-06-01,free_chlorine,unspecified,RANGE,10,ppm,,,CLAIM_FAMILY_GAP,"Superchlorination/shock target (10 ppm min, 30 ppm green pool), not routine FC.",REQUIRES_EXPERT_REVIEW
d65ac2b0ff3f8743,glossary/total-alkalinity.html,"When TA is too high (above 200 ppm), pH locks near 8.0 and is very difficult to lower.",total_alkalinity,unspecified,RANGE,200,ppm,,,CONTEXT_MISMATCH,"""Above/exceeds"" threshold phrasing describing a too-high condition, consistent with (not contradicting) the canonical range's own maximum (180).",FALSE_CONFLICT
6542f70aff328279,glossary/total-alkalinity.html,"When TA is too high (above 200 ppm), pH locks near 8.0 and is very difficult to lower.",ph,unspecified,RANGE,8,ph_units,,,CONTEXT_MISMATCH,"""Above/exceeds"" threshold phrasing describing a too-high condition, consistent with (not contradicting) the canonical range's own maximum (7.8).",FALSE_CONFLICT
ae61b77b2e0290c2,glossary/total-alkalinity.html,Typical Values &#127919; Pools and hot tubs: 80–120 ppm; Below 60 ppm: take action; Above 200 ppm: reduce Related Resources Pool Alkalinity Calculator Understanding Total Alkalinity Alkalinity Formula Last reviewed: 2026-06-01,total_alkalinity,pool,RANGE,200,ppm,,,CONTEXT_MISMATCH,"""Above/exceeds"" threshold phrasing describing a too-high condition, consistent with (not contradicting) the canonical range's own maximum (180).",FALSE_CONFLICT
474e320f4d98d479,glossary/total-dissolved-solids.html,"Ideal Range: Below 2,000 ppm (pools); below 1,500 ppm above baseline (spas) Related Water Replacement Hot Tub Salt Full entity details → Glossary 2 min read Updated 2026-06-01 Total Dissolved Solids Total dissolved solids measures the total concentration of all dissolved substances in pool water, ex…",salt,both,RANGE,1500,ppm,,,CONTEXT_MISMATCH,"""Below/under"" threshold phrasing describing a too-low condition, consistent with (not contradicting) the canonical range's own minimum (2700).",FALSE_CONFLICT
fc24cef736dffc22,glossary/total-hardness.html,"Definition Details Values Definition Total hardness measures all divalent mineral ions in water (calcium and magnesium), while pool chemistry specifically uses only calcium hardness. &#127919; Typical Values: Pool targets use calcium hardness; calcium is ~60–70% of total hardness in typical tap wate…",calcium_hardness,pool,RANGE,60-70,%,,,UNSUPPORTED_PRODUCTION_CLAIM,"Describes what fraction/percentage of the parameter is in a particular chemical form/state, not a concentration target.",NOT_A_CHEMISTRY_CLAIM
fd7222f7d2c3dfd2,glossary/total-hardness.html,"When comparing tap water hardness reports (which give total hardness) to pool targets (calcium hardness), note that calcium typically represents 60–70% of total hardness in most water supplies.",calcium_hardness,pool,RULE_OF_THUMB,60-70,%,,,UNSUPPORTED_PRODUCTION_CLAIM,"Describes what fraction/percentage of the parameter is in a particular chemical form/state, not a concentration target.",NOT_A_CHEMISTRY_CLAIM
b116dd676458a80f,glossary/total-hardness.html,Typical Values &#127919; Pool targets use calcium hardness; calcium is ~60–70% of total hardness in typical tap water Related Resources Understanding Calcium Hardness Last reviewed: 2026-06-01,calcium_hardness,pool,RANGE,60-70,%,,,UNSUPPORTED_PRODUCTION_CLAIM,"Describes what fraction/percentage of the parameter is in a particular chemical form/state, not a concentration target.",NOT_A_CHEMISTRY_CLAIM
1699953600c05015,glossary/trichlor.html,Definition Details Values Definition Trichlor (trichloroisocyanuric acid) is a slow-dissolving stabilised chlorine tablet that delivers free chlorine and cyanuric acid simultaneously. &#127919; Typical Values: Available chlorine: ~90%; CYA: ~58% by weight; pH in solution: ~2.8 In Plain Language Tric…,cyanuric_acid,unspecified,RANGE,90,%,,,UNSUPPORTED_PRODUCTION_CLAIM,"Value describes a product/chemical-supply specification (e.g. product concentration, %-by-weight), not a pool/spa water target -- never comparable to a water-chemistry range.",NOT_A_CHEMISTRY_CLAIM
5e172bbebdda09ba,glossary/trichlor.html,Definition Details Values Definition Trichlor (trichloroisocyanuric acid) is a slow-dissolving stabilised chlorine tablet that delivers free chlorine and cyanuric acid simultaneously. &#127919; Typical Values: Available chlorine: ~90%; CYA: ~58% by weight; pH in solution: ~2.8 In Plain Language Tric…,cyanuric_acid,unspecified,RANGE,58,%,,,UNSUPPORTED_PRODUCTION_CLAIM,"Value describes a product/chemical-supply specification (e.g. product concentration, %-by-weight), not a pool/spa water target -- never comparable to a water-chemistry range.",NOT_A_CHEMISTRY_CLAIM
0c84a9a998fa1175,glossary/trichlor.html,Definition Details Values Definition Trichlor (trichloroisocyanuric acid) is a slow-dissolving stabilised chlorine tablet that delivers free chlorine and cyanuric acid simultaneously. &#127919; Typical Values: Available chlorine: ~90%; CYA: ~58% by weight; pH in solution: ~2.8 In Plain Language Tric…,ph,unspecified,RANGE,2.8,ph_units,,,UNSUPPORTED_PRODUCTION_CLAIM,"Value describes a product/chemical-supply specification (e.g. product concentration, %-by-weight), not a pool/spa water target -- never comparable to a water-chemistry range.",NOT_A_CHEMISTRY_CLAIM
a68ba736892fa6c2,glossary/trichlor.html,Typical Values &#127919; Available chlorine: ~90%; CYA: ~58% by weight; pH in solution: ~2.8 Related Resources Pool Chlorine Calculator Pool Cyanuric Acid Calculator Liquid Chlorine Vs Tablets Cya Formula Last reviewed: 2026-06-01,cyanuric_acid,unspecified,RANGE,58,%,,,UNSUPPORTED_PRODUCTION_CLAIM,"Trichlor tablet CYA-by-weight product spec (58%), not a pool-water CYA target.",NOT_A_CHEMISTRY_CLAIM
5428b50176e58d3e,glossary/trichlor.html,Typical Values &#127919; Available chlorine: ~90%; CYA: ~58% by weight; pH in solution: ~2.8 Related Resources Pool Chlorine Calculator Pool Cyanuric Acid Calculator Liquid Chlorine Vs Tablets Cya Formula Last reviewed: 2026-06-01,ph,pool,RANGE,2.8,ph_units,,,CONTEXT_MISMATCH,"Value is part of a comparison/analogy (e.g. ""far lower than ocean water""), not an assertion about the target parameter itself.",FALSE_CONFLICT
b325d3efcbe9160a,guides/chlorine/chlorine-too-high-after-shocking.html,"If FC exceeds 20 ppm, partial dilution may be needed.",free_chlorine,unspecified,RANGE,20,ppm,,,CONTEXT_MISMATCH,"""Above/exceeds"" threshold phrasing describing a too-high condition, consistent with (not contradicting) the canonical range's own maximum (3).",FALSE_CONFLICT
cb1fe80f438b0abd,guides/chlorine/chlorine-too-high-after-shocking.html,"FC levels after shocking — what to do FC reading Status Action < 5 ppm Safe to swim None required 5–10 ppm High — wait Run pump; retest in 12–24 h 10–20 ppm Very high Run pump, maximize sunlight, retest in 24–48 h 20–30 ppm Excessive Consider 10–20% dilution; run pump continuously > 30 ppm Over-shoc…",free_chlorine,unspecified,RANGE,10-20,ppm,,,CLAIM_FAMILY_GAP,"Value describes a shock/breakpoint-treatment scenario, correctly outside the routine-maintenance range it was checked against -- no numeric shock-treatment range exists in the claim family yet (see SHOCK-CLAIM-FAMILY-DECISION.md).",REQUIRES_EXPERT_REVIEW
a8b30d47e95fa371,guides/chlorine/chlorine-too-high-after-shocking.html,"FC levels after shocking — what to do FC reading Status Action < 5 ppm Safe to swim None required 5–10 ppm High — wait Run pump; retest in 12–24 h 10–20 ppm Very high Run pump, maximize sunlight, retest in 24–48 h 20–30 ppm Excessive Consider 10–20% dilution; run pump continuously > 30 ppm Over-shoc…",free_chlorine,unspecified,RANGE,20-30,ppm,,,CLAIM_FAMILY_GAP,"Value describes a shock/breakpoint-treatment scenario, correctly outside the routine-maintenance range it was checked against -- no numeric shock-treatment range exists in the claim family yet (see SHOCK-CLAIM-FAMILY-DECISION.md).",REQUIRES_EXPERT_REVIEW
6c6cb57f0a130c5d,guides/chlorine/chlorine-too-high-after-shocking.html,"FC levels after shocking — what to do FC reading Status Action < 5 ppm Safe to swim None required 5–10 ppm High — wait Run pump; retest in 12–24 h 10–20 ppm Very high Run pump, maximize sunlight, retest in 24–48 h 20–30 ppm Excessive Consider 10–20% dilution; run pump continuously > 30 ppm Over-shoc…",free_chlorine,unspecified,RANGE,10-20,%,,,CLAIM_FAMILY_GAP,"Value describes a shock/breakpoint-treatment scenario, correctly outside the routine-maintenance range it was checked against -- no numeric shock-treatment range exists in the claim family yet (see SHOCK-CLAIM-FAMILY-DECISION.md).",REQUIRES_EXPERT_REVIEW
76432170c84d3438,guides/chlorine/chlorine-too-high-after-shocking.html,"FC levels after shocking — what to do FC reading Status Action < 5 ppm Safe to swim None required 5–10 ppm High — wait Run pump; retest in 12–24 h 10–20 ppm Very high Run pump, maximize sunlight, retest in 24–48 h 20–30 ppm Excessive Consider 10–20% dilution; run pump continuously > 30 ppm Over-shoc…",free_chlorine,unspecified,RANGE,30,ppm,,,CLAIM_FAMILY_GAP,"Value describes a shock/breakpoint-treatment scenario, correctly outside the routine-maintenance range it was checked against -- no numeric shock-treatment range exists in the claim family yet (see SHOCK-CLAIM-FAMILY-DECISION.md).",REQUIRES_EXPERT_REVIEW
bdbab356a85ecf26,guides/chlorine/chlorine-too-high-after-shocking.html,Partial dilution — drain 15–20% and refill with fresh water only if FC is above 20 ppm and you need a quicker turnaround.,free_chlorine,unspecified,RANGE,20,ppm,,,CONTEXT_MISMATCH,"""Above/exceeds"" threshold phrasing describing a too-high condition, consistent with (not contradicting) the canonical range's own maximum (3).",FALSE_CONFLICT
9a448e88a797f8fa,guides/chlorine/free-chlorine-vs-total-chlorine.html,"If TC minus FC exceeds 0.5 ppm, shock to break down the combined chlorine.",free_chlorine,unspecified,RANGE,0.5,ppm,,,CLAIM_FAMILY_GAP,"Value describes a shock/breakpoint-treatment scenario, correctly outside the routine-maintenance range it was checked against -- no numeric shock-treatment range exists in the claim family yet (see SHOCK-CLAIM-FAMILY-DECISION.md).",REQUIRES_EXPERT_REVIEW
e8f33dbeb078e776,guides/chlorine/free-chlorine-vs-total-chlorine.html,"Free chlorine (FC) is the only portion that actively kills bacteria and algae Combined chlorine (CC) = TC − FC; above 0.5 ppm indicates a chloramine problem The chlorine smell in pools is almost always combined chlorine, not excess free chlorine Breakpoint shock at 10× CC reading destroys chloramine…",combined_chlorine,pool,RANGE,0.5,ppm,,,CLAIM_FAMILY_GAP,"Value describes a shock/breakpoint-treatment scenario, correctly outside the routine-maintenance range it was checked against -- no numeric shock-treatment range exists in the claim family yet (see SHOCK-CLAIM-FAMILY-DECISION.md).",REQUIRES_EXPERT_REVIEW
8cebe83a7d7080e2,guides/chlorine/free-chlorine-vs-total-chlorine.html,"FC = 1 ppm, TC = 2 ppm — CC = 1 ppm.",combined_chlorine,unspecified,RANGE,1,ppm,,,EXTRACTION_ARTIFACT,"Intermediate arithmetic step, dosage coefficient, or formula constant in a worked example -- not an asserted target claim.",NOT_A_CHEMISTRY_CLAIM
9c6d422b5496a6d5,guides/chlorine/free-chlorine-vs-total-chlorine.html,Needs breakpoint shock (10 ppm FC).,free_chlorine,unspecified,RANGE,10,ppm,,,CLAIM_FAMILY_GAP,"Value describes a shock/breakpoint-treatment scenario, correctly outside the routine-maintenance range it was checked against -- no numeric shock-treatment range exists in the claim family yet (see SHOCK-CLAIM-FAMILY-DECISION.md).",REQUIRES_EXPERT_REVIEW
fc973617044e71a7,guides/chlorine/why-pool-chlorine-disappears-overnight.html,"Overnight FC loss is almost always a chlorine demand issue, not a dosing problem Common causes: algae, high phosphates, insufficient CYA, organic debris The fix is a large breakpoint shock dose — not just topping up FC Check CYA levels; below 30 ppm outdoors loses FC rapidly to UV When free chlorine…",free_chlorine,unspecified,RANGE,30,ppm,,,CLAIM_FAMILY_GAP,"Value describes a shock/breakpoint-treatment scenario, correctly outside the routine-maintenance range it was checked against -- no numeric shock-treatment range exists in the claim family yet (see SHOCK-CLAIM-FAMILY-DECISION.md).",REQUIRES_EXPERT_REVIEW
0a261a5efd940745,guides/chlorine/why-pool-chlorine-disappears-overnight.html,"Causes and fixes Cause Signs Fix Early algae (invisible) FC at zero in AM, slightly green tint Triple-dose shock + brush walls High phosphates FC drops despite regular dosing Phosphate remover, then shock CYA too low (<30 ppm) FC fine in evening, gone by morning Add stabilizer to 30–50 ppm Heavy deb…",free_chlorine,unspecified,RANGE,30,ppm,,,CLAIM_FAMILY_GAP,"Value describes a shock/breakpoint-treatment scenario, correctly outside the routine-maintenance range it was checked against -- no numeric shock-treatment range exists in the claim family yet (see SHOCK-CLAIM-FAMILY-DECISION.md).",REQUIRES_EXPERT_REVIEW
a21b479f0ba6c57b,guides/chlorine/why-pool-wont-hold-chlorine.html,Diagnostic checklist What to test Target If out of range Cyanuric acid (CYA) 30–50 ppm outdoor Add stabilizer; FC will last much longer Phosphates < 200 ppb Use phosphate remover before shocking Combined chlorine (CC) < 0.5 ppm Breakpoint shock to 10× CC reading pH 7.2–7.6 High pH destroys chlorine …,combined_chlorine,unspecified,RANGE,0.5,ppm,,,CLAIM_FAMILY_GAP,"Value describes a shock/breakpoint-treatment scenario, correctly outside the routine-maintenance range it was checked against -- no numeric shock-treatment range exists in the claim family yet (see SHOCK-CLAIM-FAMILY-DECISION.md).",REQUIRES_EXPERT_REVIEW
0b96dfec0d938636,guides/chlorine/why-pool-wont-hold-chlorine.html,Salt water pools can run slightly higher (60–80 ppm).,salt,pool,RANGE,60-80,ppm,,,RANGE_MISMATCH,"Value 60-80 ppm does not overlap the canonical range(s) range-salt-generic-operating (2700-3400), range-salt-pentair (3200-3800), range-salt-autopilot (3600-4400) and does not match a recognized pattern (product spec / shock scenario / threshold phrasing / formula / nav noise) -- needs individual review.",UNREVIEWED
5ba51d505879a9b6,guides/edge-cases/rain-effect-on-pool-chemistry.html,Calculator Pool Chlorine Calculator · pH Calculator Related Pool Chemistry Guides Related in this topic Index Index — 1 Index — 2 Index — 3 Index — 4 Related topics Pool pH adjustment calculator Low Alkalinity Symptoms Tools Full pool chemical calculator Hub guide Pool chemistry basics (hub) Typical…,ph,pool,RANGE,1,ph_units,,,EXTRACTION_ARTIFACT,"Related-guides/index navigation list numbering, not a chemistry claim.",NOT_A_CHEMISTRY_CLAIM
1b7625c8db2fc085,guides/edge-cases/rain-effect-on-pool-chemistry.html,Calculator Pool Chlorine Calculator · pH Calculator Related Pool Chemistry Guides Related in this topic Index Index — 1 Index — 2 Index — 3 Index — 4 Related topics Pool pH adjustment calculator Low Alkalinity Symptoms Tools Full pool chemical calculator Hub guide Pool chemistry basics (hub) Typical…,ph,pool,RANGE,2,ph_units,,,EXTRACTION_ARTIFACT,"Related-guides/index navigation list numbering, not a chemistry claim.",NOT_A_CHEMISTRY_CLAIM
adcacc040cfc2a21,guides/edge-cases/rain-effect-on-pool-chemistry.html,Calculator Pool Chlorine Calculator · pH Calculator Related Pool Chemistry Guides Related in this topic Index Index — 1 Index — 2 Index — 3 Index — 4 Related topics Pool pH adjustment calculator Low Alkalinity Symptoms Tools Full pool chemical calculator Hub guide Pool chemistry basics (hub) Typical…,ph,pool,RANGE,3,ph_units,,,EXTRACTION_ARTIFACT,"Related-guides/index navigation list numbering, not a chemistry claim.",NOT_A_CHEMISTRY_CLAIM
ea642ccd584f6bfa,guides/edge-cases/rain-effect-on-pool-chemistry.html,Calculator Pool Chlorine Calculator · pH Calculator Related Pool Chemistry Guides Related in this topic Index Index — 1 Index — 2 Index — 3 Index — 4 Related topics Pool pH adjustment calculator Low Alkalinity Symptoms Tools Full pool chemical calculator Hub guide Pool chemistry basics (hub) Typical…,ph,pool,RANGE,4,ph_units,,,EXTRACTION_ARTIFACT,"Related-guides/index navigation list numbering, not a chemistry claim.",NOT_A_CHEMISTRY_CLAIM
04d38ac4be76e18e,guides/hot-tub/hot-tub-alkalinity-too-high.html,"Signs of high alkalinity in a hot tub pH that keeps rising and resists acid corrections Cloudy or milky water White scale on the shell, jets, and heater TA test reads above 150 ppm How to lower hot tub alkalinity Step Action Details 1 Test TA and pH Baseline both readings before treatment 2 Add muri…",total_alkalinity,hot_tub,RANGE,150,ppm,,,CONTEXT_MISMATCH,"""TA test reads above 150 ppm"" is describing a HIGH-alkalinity troubleshooting scenario (intentionally above the 80-120 target) -- consistent with, not conflicting with, the target range.",FALSE_CONFLICT
4a98ad508554b03a,guides/hot-tub/hot-tub-alkalinity-too-high.html,"Signs of high alkalinity in a hot tub pH that keeps rising and resists acid corrections Cloudy or milky water White scale on the shell, jets, and heater TA test reads above 150 ppm How to lower hot tub alkalinity Step Action Details 1 Test TA and pH Baseline both readings before treatment 2 Add muri…",ph,hot_tub,RANGE,2,ph_units,,,EXTRACTION_ARTIFACT,"Step-number (""2"" from a numbered how-to list) misread as a pH value near a pH mention elsewhere on the page.",NOT_A_CHEMISTRY_CLAIM
c812c2d1fddac770,guides/hot-tub/hot-tub-chlorine-too-high.html,FC above 20 ppm requires partial draining.,free_chlorine,unspecified,RANGE,20,ppm,,,CONTEXT_MISMATCH,"""Above/exceeds"" threshold phrasing describing a too-high condition, consistent with (not contradicting) the canonical range's own maximum (3).",FALSE_CONFLICT
866fa4eca1d5c26e,guides/hot-tub/hot-tub-chlorine-too-high.html,Safe hot tub FC range is 3–5 ppm; above 10 ppm causes irritation Opening the cover and running jets reduces FC through aeration and UV Hot tubs are small — over-shocking is easy and common Always use the hot tub calculator to dose precisely before adding chemicals Because hot tubs hold far less wate…,free_chlorine,hot_tub,RANGE,10,ppm,,,CLAIM_FAMILY_GAP,"Value describes a shock/breakpoint-treatment scenario, correctly outside the routine-maintenance range it was checked against -- no numeric shock-treatment range exists in the claim family yet (see SHOCK-CLAIM-FAMILY-DECISION.md).",REQUIRES_EXPERT_REVIEW
b552df863e11ed5e,guides/hot-tub/hot-tub-chlorine-too-high.html,FC levels in hot tubs — what to do FC level Status Action < 1 ppm Too low — risk of bacteria Add chlorine; use calculator for dose 1–3 ppm Acceptable low end Monitor; add before next use 3–5 ppm Ideal range None required 5–10 ppm High — wait Remove cover; run jets; retest in 30–60 min 10–20 ppm Very…,free_chlorine,hot_tub,RANGE,1,ppm,,,EXTRACTION_ARTIFACT,"Multi-column reference-table structure detected; not individually confirmed, but structurally at elevated risk of column cross-attribution (see TABLE-EXTRACTION-LIMITATION.md) -- quarantined from scientific/provenance decisions pending individual review, not treated as a confirmed value conflict.",REQUIRES_EXPERT_REVIEW
3384137e08eb6a3d,guides/hot-tub/hot-tub-chlorine-too-high.html,FC levels in hot tubs — what to do FC level Status Action < 1 ppm Too low — risk of bacteria Add chlorine; use calculator for dose 1–3 ppm Acceptable low end Monitor; add before next use 3–5 ppm Ideal range None required 5–10 ppm High — wait Remove cover; run jets; retest in 30–60 min 10–20 ppm Very…,free_chlorine,hot_tub,RANGE,10-20,ppm,,,EXTRACTION_ARTIFACT,"Multi-column reference-table structure detected; not individually confirmed, but structurally at elevated risk of column cross-attribution (see TABLE-EXTRACTION-LIMITATION.md) -- quarantined from scientific/provenance decisions pending individual review, not treated as a confirmed value conflict.",REQUIRES_EXPERT_REVIEW
e4b1b3cccc70d175,guides/hot-tub/hot-tub-chlorine-too-high.html,"Removing the cover and running jets can reduce FC by 50% within an hour in a hot, aerated spa.",free_chlorine,unspecified,RANGE,50,%,,,UNSUPPORTED_PRODUCTION_CLAIM,"Describes a dosage CHANGE amount (""raise/lower ... by N""), not an absolute water-chemistry target value.",NOT_A_CHEMISTRY_CLAIM
7b6dcc035a6798fa,guides/hot-tub/hot-tub-ph-too-low.html,Raise pH by adding sodium carbonate (pH-up / soda ash) — about ½ teaspoon raises pH by 0.2 in a 250-gallon hot tub.,ph,hot_tub,RANGE,0.2,ph_units,,,UNSUPPORTED_PRODUCTION_CLAIM,"Describes a dosage CHANGE amount (""raise/lower ... by N""), not an absolute water-chemistry target value.",NOT_A_CHEMISTRY_CLAIM
3b2b8b8045460ec4,guides/hot-tub/hot-tub-ph-too-low.html,"Causes of low hot tub pH Cause pH impact Fix Dichlor overuse Each dose adds acid; drops 0.1–0.3 per treatment Add pH-up (sodium carbonate) weekly Acidic fill water Well water or treated municipal water below pH 7 Raise pH before first use each refill Low alkalinity Without TA buffer, pH swings freel…",ph,hot_tub,RANGE,0.1-0.3,ph_units,,,CONTEXT_MISMATCH,"""Below/under"" threshold phrasing describing a too-low condition, consistent with (not contradicting) the canonical range's own minimum (7).",FALSE_CONFLICT
26806582f8920f53,guides/hot-tub/index.html,FC above 10 ppm causes irritation.,free_chlorine,unspecified,RANGE,10,ppm,,,CONTEXT_MISMATCH,"""Above/exceeds"" threshold phrasing describing a too-high condition, consistent with (not contradicting) the canonical range's own maximum (3).",FALSE_CONFLICT
45eb3062edb4c338,guides/ph-guide.html,Calculator Open pool pH calculator All pH-related pages Hot Tub Ph Calculator Pool Cyanuric Acid Calculator Pool Ph Calculator Why Ph Affects Chlorine Adjust pH 6.8 → 7.2 Adjust pH 7.8 → 7.4 Adjust pH 7 → 7.4 Adjust pH 8 → 7.5 ← Pool chemistry basics Typical range: 1–3 ppm chlorine Recommended pH: 7…,ph,both,RANGE,6.8,ph_units,,,RANGE_MISMATCH,"Value 6.8-6.8 ph_units does not overlap the canonical range(s) range-ph-pool-chlorine-routine (7-7.8), range-ph-hottub-chlorine-routine (7-7.8), range-ph-hottub-bromine-routine (7-7.8), range-ph-pool-narrow-operational (7.2-7.6) and does not match a recognized pattern (product spec / shock scenario / threshold phrasing / formula / nav noise) -- needs individual review.",UNREVIEWED
8efd254b10c83499,guides/ph-guide.html,Calculator Open pool pH calculator All pH-related pages Hot Tub Ph Calculator Pool Cyanuric Acid Calculator Pool Ph Calculator Why Ph Affects Chlorine Adjust pH 6.8 → 7.2 Adjust pH 7.8 → 7.4 Adjust pH 7 → 7.4 Adjust pH 8 → 7.5 ← Pool chemistry basics Typical range: 1–3 ppm chlorine Recommended pH: 7…,ph,both,RANGE,8,ph_units,,,RANGE_MISMATCH,"Value 8-8 ph_units does not overlap the canonical range(s) range-ph-pool-chlorine-routine (7-7.8), range-ph-hottub-chlorine-routine (7-7.8), range-ph-hottub-bromine-routine (7-7.8), range-ph-pool-narrow-operational (7.2-7.6) and does not match a recognized pattern (product spec / shock scenario / threshold phrasing / formula / nav noise) -- needs individual review.",UNREVIEWED
518c9bfb0fe2fa2e,guides/ph/can-you-swim-in-high-ph-water.html,"Quick Answer You can swim in pH up to about 7.8 with minor discomfort, but above 8.0 the water becomes increasingly irritating to eyes and skin, and more importantly, chlorine effectiveness drops sharply — at pH 8.0 only about 20% of FC is in the active form.",ph,unspecified,RANGE,8,ph_units,,,UNSUPPORTED_PRODUCTION_CLAIM,"Describes what fraction/percentage of the parameter is in a particular chemical form/state, not a concentration target.",NOT_A_CHEMISTRY_CLAIM
5e51ad5919070c96,guides/ph/can-you-swim-in-high-ph-water.html,"Quick Answer You can swim in pH up to about 7.8 with minor discomfort, but above 8.0 the water becomes increasingly irritating to eyes and skin, and more importantly, chlorine effectiveness drops sharply — at pH 8.0 only about 20% of FC is in the active form.",ph,unspecified,RANGE,8,ph_units,,,UNSUPPORTED_PRODUCTION_CLAIM,"Describes what fraction/percentage of the parameter is in a particular chemical form/state, not a concentration target.",NOT_A_CHEMISTRY_CLAIM
2a4de7c865bead2c,guides/ph/can-you-swim-in-high-ph-water.html,"Quick Answer You can swim in pH up to about 7.8 with minor discomfort, but above 8.0 the water becomes increasingly irritating to eyes and skin, and more importantly, chlorine effectiveness drops sharply — at pH 8.0 only about 20% of FC is in the active form.",free_chlorine,unspecified,RANGE,20,%,,,UNSUPPORTED_PRODUCTION_CLAIM,"Describes what fraction/percentage of the parameter is in a particular chemical form/state, not a concentration target.",NOT_A_CHEMISTRY_CLAIM
165d271e6d2c013a,guides/ph/can-you-swim-in-high-ph-water.html,"Correct pH before prolonged swimming. pH 7.2–7.6 is optimal; 7.6–7.8 is acceptable with close monitoring Above pH 8.0, chlorine is largely inactive — bacteria risk increases Eye irritation and cloudy water are the most common high-pH symptoms Correct pH to 7.4 before a pool party or heavy use The ri…",ph,unspecified,RANGE,8,ph_units,,,CONTEXT_MISMATCH,"""Above/exceeds"" threshold phrasing describing a too-high condition, consistent with (not contradicting) the canonical range's own maximum (7.8).",FALSE_CONFLICT
e90d45878615a9bd,guides/ph/can-you-swim-in-high-ph-water.html,"A pool at pH 8.0 with 2 ppm FC effectively has only 0.4 ppm of active sanitizer — far below safe levels. pH safety thresholds pH range Comfort Chlorine effectiveness Action 7.2–7.6 Ideal, comfortable 50–80% active HC1O None 7.6–7.8 Good 35–50% active Monitor; adjust if drifting higher 7.8–8.0 Mild i…",ph,pool,RANGE,8,ph_units,,,RANGE_MISMATCH,"Value 8-8 ph_units does not overlap the canonical range(s) range-ph-pool-chlorine-routine (7-7.8), range-ph-pool-narrow-operational (7.2-7.6) and does not match a recognized pattern (product spec / shock scenario / threshold phrasing / formula / nav noise) -- needs individual review.",UNREVIEWED
f4f767f9849dbcca,guides/ph/can-you-swim-in-high-ph-water.html,"A pool at pH 8.0 with 2 ppm FC effectively has only 0.4 ppm of active sanitizer — far below safe levels. pH safety thresholds pH range Comfort Chlorine effectiveness Action 7.2–7.6 Ideal, comfortable 50–80% active HC1O None 7.6–7.8 Good 35–50% active Monitor; adjust if drifting higher 7.8–8.0 Mild i…",ph,pool,RANGE,1,ph_units,,,RANGE_MISMATCH,"Value 1-1 ph_units does not overlap the canonical range(s) range-ph-pool-chlorine-routine (7-7.8), range-ph-pool-narrow-operational (7.2-7.6) and does not match a recognized pattern (product spec / shock scenario / threshold phrasing / formula / nav noise) -- needs individual review.",UNREVIEWED
d55a04240c5d54ae,guides/ph/can-you-swim-in-high-ph-water.html,A pool at pH 8.2 with 2 ppm FC is poorly sanitized and vulnerable to algae blooms.,ph,pool,RANGE,8.2,ph_units,,,RANGE_MISMATCH,"Value 8.2-8.2 ph_units does not overlap the canonical range(s) range-ph-pool-chlorine-routine (7-7.8), range-ph-pool-narrow-operational (7.2-7.6) and does not match a recognized pattern (product spec / shock scenario / threshold phrasing / formula / nav noise) -- needs individual review.",UNREVIEWED
31df7357dee28238,guides/ph/can-you-swim-in-high-ph-water.html,Can you swim in pH 8.0 water?,ph,unspecified,RANGE,8,ph_units,,,RANGE_MISMATCH,"Value 8-8 ph_units does not overlap the canonical range(s) range-ph-pool-chlorine-routine (7-7.8), range-ph-hottub-chlorine-routine (7-7.8), range-ph-hottub-bromine-routine (7-7.8), range-ph-pool-narrow-operational (7.2-7.6) and does not match a recognized pattern (product spec / shock scenario / threshold phrasing / formula / nav noise) -- needs individual review.",UNREVIEWED
918e5bac52495112,guides/ph/can-you-swim-in-high-ph-water.html,"A brief swim is unlikely to cause serious harm, but prolonged swimming in pH 8.0 water will likely cause eye irritation.",ph,unspecified,RANGE,8,ph_units,,,RANGE_MISMATCH,"Value 8-8 ph_units does not overlap the canonical range(s) range-ph-pool-chlorine-routine (7-7.8), range-ph-hottub-chlorine-routine (7-7.8), range-ph-hottub-bromine-routine (7-7.8), range-ph-pool-narrow-operational (7.2-7.6) and does not match a recognized pattern (product spec / shock scenario / threshold phrasing / formula / nav noise) -- needs individual review.",UNREVIEWED
b44117f8e0314fac,guides/ph/can-you-swim-in-high-ph-water.html,"It can strip natural oils from skin, cause dry skin and irritated eyes, and at extreme values (pH 10+) cause chemical burns — but pool water at pH 8.0–8.5 typically causes only mild discomfort.",ph,pool,RULE_OF_THUMB,10,ph_units,,,RANGE_MISMATCH,"Value 10-10 ph_units does not overlap the canonical range(s) range-ph-pool-chlorine-routine (7-7.8), range-ph-pool-narrow-operational (7.2-7.6) and does not match a recognized pattern (product spec / shock scenario / threshold phrasing / formula / nav noise) -- needs individual review.",UNREVIEWED
dbdd7151ad1fec12,guides/ph/can-you-swim-in-high-ph-water.html,"It can strip natural oils from skin, cause dry skin and irritated eyes, and at extreme values (pH 10+) cause chemical burns — but pool water at pH 8.0–8.5 typically causes only mild discomfort.",ph,pool,RULE_OF_THUMB,8-8.5,ph_units,,,RANGE_MISMATCH,"Value 8-8.5 ph_units does not overlap the canonical range(s) range-ph-pool-chlorine-routine (7-7.8), range-ph-pool-narrow-operational (7.2-7.6) and does not match a recognized pattern (product spec / shock scenario / threshold phrasing / formula / nav noise) -- needs individual review.",UNREVIEWED
1fa29782414c1c95,guides/ph/does-rain-lower-pool-ph.html,"Quick Answer Yes, rainwater is slightly acidic (typically pH 5.5–6.5) and does lower pool pH slightly.",ph,unspecified,RULE_OF_THUMB,5.5-6.5,ph_units,,,RANGE_MISMATCH,"Value 5.5-6.5 ph_units does not overlap the canonical range(s) range-ph-pool-chlorine-routine (7-7.8), range-ph-hottub-chlorine-routine (7-7.8), range-ph-hottub-bromine-routine (7-7.8), range-ph-pool-narrow-operational (7.2-7.6) and does not match a recognized pattern (product spec / shock scenario / threshold phrasing / formula / nav noise) -- needs individual review.",UNREVIEWED
f11992f7c860cee8,guides/ph/does-rain-lower-pool-ph.html,"Rainwater pH is typically 5.5–6.5, lower than the ideal pool range of 7.2–7.6 A light rain has minimal effect; a heavy storm can significantly lower pH and dilute all chemicals After any significant rain, retest FC, pH, TA, and CYA Heavy rain can introduce organic debris that creates chlorine demand…",ph,unspecified,RULE_OF_THUMB,5.5-6.5,ph_units,,,RANGE_MISMATCH,"Value 5.5-6.5 ph_units does not overlap the canonical range(s) range-ph-pool-chlorine-routine (7-7.8), range-ph-hottub-chlorine-routine (7-7.8), range-ph-hottub-bromine-routine (7-7.8), range-ph-pool-narrow-operational (7.2-7.6) and does not match a recognized pattern (product spec / shock scenario / threshold phrasing / formula / nav noise) -- needs individual review.",UNREVIEWED
a6505d63a26c32e3,guides/ph/does-rain-lower-pool-ph.html,"Rain event Expected pH change Action needed Light drizzle (under 0.5 in) Negligible (−0.1 or less) Test but likely no adjustment needed Moderate rain (0.5–1 in) −0.1 to −0.3 Retest; small acid or bicarb adjustment Heavy rain (1–3 in) −0.3 to −0.6 Retest all parameters; adjust FC, pH, TA Major storm …",ph,unspecified,RANGE,0.5,ph_units,,,RANGE_MISMATCH,"Value 0.5-0.5 ph_units does not overlap the canonical range(s) range-ph-pool-chlorine-routine (7-7.8), range-ph-hottub-chlorine-routine (7-7.8), range-ph-hottub-bromine-routine (7-7.8), range-ph-pool-narrow-operational (7.2-7.6) and does not match a recognized pattern (product spec / shock scenario / threshold phrasing / formula / nav noise) -- needs individual review.",UNREVIEWED
0b99b8c2ce815057,guides/ph/does-rain-lower-pool-ph.html,"Rain event Expected pH change Action needed Light drizzle (under 0.5 in) Negligible (−0.1 or less) Test but likely no adjustment needed Moderate rain (0.5–1 in) −0.1 to −0.3 Retest; small acid or bicarb adjustment Heavy rain (1–3 in) −0.3 to −0.6 Retest all parameters; adjust FC, pH, TA Major storm …",ph,unspecified,RANGE,0.1,ph_units,,,RANGE_MISMATCH,"Value 0.1-0.1 ph_units does not overlap the canonical range(s) range-ph-pool-chlorine-routine (7-7.8), range-ph-hottub-chlorine-routine (7-7.8), range-ph-hottub-bromine-routine (7-7.8), range-ph-pool-narrow-operational (7.2-7.6) and does not match a recognized pattern (product spec / shock scenario / threshold phrasing / formula / nav noise) -- needs individual review.",UNREVIEWED
a59c1039c801eb43,guides/ph/does-rain-lower-pool-ph.html,"Rain event Expected pH change Action needed Light drizzle (under 0.5 in) Negligible (−0.1 or less) Test but likely no adjustment needed Moderate rain (0.5–1 in) −0.1 to −0.3 Retest; small acid or bicarb adjustment Heavy rain (1–3 in) −0.3 to −0.6 Retest all parameters; adjust FC, pH, TA Major storm …",ph,unspecified,RANGE,0.5-1,ph_units,,,RANGE_MISMATCH,"Value 0.5-1 ph_units does not overlap the canonical range(s) range-ph-pool-chlorine-routine (7-7.8), range-ph-hottub-chlorine-routine (7-7.8), range-ph-hottub-bromine-routine (7-7.8), range-ph-pool-narrow-operational (7.2-7.6) and does not match a recognized pattern (product spec / shock scenario / threshold phrasing / formula / nav noise) -- needs individual review.",UNREVIEWED
f9f30189e0eff6a0,guides/ph/does-rain-lower-pool-ph.html,"Rain event Expected pH change Action needed Light drizzle (under 0.5 in) Negligible (−0.1 or less) Test but likely no adjustment needed Moderate rain (0.5–1 in) −0.1 to −0.3 Retest; small acid or bicarb adjustment Heavy rain (1–3 in) −0.3 to −0.6 Retest all parameters; adjust FC, pH, TA Major storm …",ph,unspecified,RANGE,0.1,ph_units,,,RANGE_MISMATCH,"Value 0.1-0.1 ph_units does not overlap the canonical range(s) range-ph-pool-chlorine-routine (7-7.8), range-ph-hottub-chlorine-routine (7-7.8), range-ph-hottub-bromine-routine (7-7.8), range-ph-pool-narrow-operational (7.2-7.6) and does not match a recognized pattern (product spec / shock scenario / threshold phrasing / formula / nav noise) -- needs individual review.",UNREVIEWED
f8e5b987995d1b46,guides/ph/does-rain-lower-pool-ph.html,"Rain event Expected pH change Action needed Light drizzle (under 0.5 in) Negligible (−0.1 or less) Test but likely no adjustment needed Moderate rain (0.5–1 in) −0.1 to −0.3 Retest; small acid or bicarb adjustment Heavy rain (1–3 in) −0.3 to −0.6 Retest all parameters; adjust FC, pH, TA Major storm …",ph,unspecified,RANGE,0.3,ph_units,,,RANGE_MISMATCH,"Value 0.3-0.3 ph_units does not overlap the canonical range(s) range-ph-pool-chlorine-routine (7-7.8), range-ph-hottub-chlorine-routine (7-7.8), range-ph-hottub-bromine-routine (7-7.8), range-ph-pool-narrow-operational (7.2-7.6) and does not match a recognized pattern (product spec / shock scenario / threshold phrasing / formula / nav noise) -- needs individual review.",UNREVIEWED
d1391d356c17a6b7,guides/ph/does-rain-lower-pool-ph.html,"Rain event Expected pH change Action needed Light drizzle (under 0.5 in) Negligible (−0.1 or less) Test but likely no adjustment needed Moderate rain (0.5–1 in) −0.1 to −0.3 Retest; small acid or bicarb adjustment Heavy rain (1–3 in) −0.3 to −0.6 Retest all parameters; adjust FC, pH, TA Major storm …",ph,unspecified,RANGE,1-3,ph_units,,,RANGE_MISMATCH,"Value 1-3 ph_units does not overlap the canonical range(s) range-ph-pool-chlorine-routine (7-7.8), range-ph-hottub-chlorine-routine (7-7.8), range-ph-hottub-bromine-routine (7-7.8), range-ph-pool-narrow-operational (7.2-7.6) and does not match a recognized pattern (product spec / shock scenario / threshold phrasing / formula / nav noise) -- needs individual review.",UNREVIEWED
1cce72974565c95b,guides/ph/does-rain-lower-pool-ph.html,"Rain event Expected pH change Action needed Light drizzle (under 0.5 in) Negligible (−0.1 or less) Test but likely no adjustment needed Moderate rain (0.5–1 in) −0.1 to −0.3 Retest; small acid or bicarb adjustment Heavy rain (1–3 in) −0.3 to −0.6 Retest all parameters; adjust FC, pH, TA Major storm …",ph,unspecified,RANGE,0.3,ph_units,,,RANGE_MISMATCH,"Value 0.3-0.3 ph_units does not overlap the canonical range(s) range-ph-pool-chlorine-routine (7-7.8), range-ph-hottub-chlorine-routine (7-7.8), range-ph-hottub-bromine-routine (7-7.8), range-ph-pool-narrow-operational (7.2-7.6) and does not match a recognized pattern (product spec / shock scenario / threshold phrasing / formula / nav noise) -- needs individual review.",UNREVIEWED
9c3bcd18240ab258,guides/ph/does-rain-lower-pool-ph.html,"Rain event Expected pH change Action needed Light drizzle (under 0.5 in) Negligible (−0.1 or less) Test but likely no adjustment needed Moderate rain (0.5–1 in) −0.1 to −0.3 Retest; small acid or bicarb adjustment Heavy rain (1–3 in) −0.3 to −0.6 Retest all parameters; adjust FC, pH, TA Major storm …",ph,unspecified,RANGE,0.6,ph_units,,,RANGE_MISMATCH,"Value 0.6-0.6 ph_units does not overlap the canonical range(s) range-ph-pool-chlorine-routine (7-7.8), range-ph-hottub-chlorine-routine (7-7.8), range-ph-hottub-bromine-routine (7-7.8), range-ph-pool-narrow-operational (7.2-7.6) and does not match a recognized pattern (product spec / shock scenario / threshold phrasing / formula / nav noise) -- needs individual review.",UNREVIEWED
ad4d979cd80d1281,guides/ph/does-rain-lower-pool-ph.html,"Acid rain (pH below 5) from industrial areas can have a stronger lowering effect, but most residential pool owners in urban areas should follow the same post-rain testing routine regardless.",ph,unspecified,RANGE,5,ph_units,,,EXTRACTION_ARTIFACT,"""5"" is a step/day/test-numbering token (""Step 5"" / ""5)"" / list marker) near an unrelated pH mention elsewhere in the sentence, not a pH reading.",NOT_A_CHEMISTRY_CLAIM
74a0442c940f4f60,guides/ph/how-to-lower-pool-ph.html,"For a 10,000-gallon pool, 3–4 ounces of 31% muriatic acid typically lowers pH by about 0.2 points.",ph,pool,RULE_OF_THUMB,0.2,ph_units,,,RANGE_MISMATCH,"Value 0.2-0.2 ph_units does not overlap the canonical range(s) range-ph-pool-chlorine-routine (7-7.8), range-ph-pool-narrow-operational (7.2-7.6) and does not match a recognized pattern (product spec / shock scenario / threshold phrasing / formula / nav noise) -- needs individual review.",UNREVIEWED
bcb0bcbb57d67fb8,guides/ph/how-to-lower-pool-ph.html,"Dose table: muriatic acid (31.45%) Pool size To lower pH by 0.2 To lower pH by 0.5 5,000 gal ~2 oz ~5 oz 10,000 gal ~4 oz ~10 oz 15,000 gal ~6 oz ~15 oz 20,000 gal ~8 oz ~20 oz 30,000 gal ~12 oz ~30 oz These are starting estimates.",ph,pool,RANGE,0.2,ph_units,,,UNSUPPORTED_PRODUCTION_CLAIM,"Describes a dosage CHANGE amount (""raise/lower ... by N""), not an absolute water-chemistry target value.",NOT_A_CHEMISTRY_CLAIM
7a81fb4f44ca3425,guides/ph/how-to-lower-pool-ph.html,"Dose table: muriatic acid (31.45%) Pool size To lower pH by 0.2 To lower pH by 0.5 5,000 gal ~2 oz ~5 oz 10,000 gal ~4 oz ~10 oz 15,000 gal ~6 oz ~15 oz 20,000 gal ~8 oz ~20 oz 30,000 gal ~12 oz ~30 oz These are starting estimates.",ph,pool,RANGE,0.5,ph_units,,,UNSUPPORTED_PRODUCTION_CLAIM,"Describes a dosage CHANGE amount (""raise/lower ... by N""), not an absolute water-chemistry target value.",NOT_A_CHEMISTRY_CLAIM
322b4ace20d462fa,guides/ph/index.html,Reading time: 4 min read · Last updated: 2026-08-18 Platform v1.0.0 Foundation · QA 98/100 Section Description This hub consolidates crawlable entry points for /guides/ph.,ph,unspecified,RANGE,1,ph_units,,,EXTRACTION_ARTIFACT,"Intermediate arithmetic step, dosage coefficient, or formula constant in a worked example -- not an asserted target claim.",NOT_A_CHEMISTRY_CLAIM
b6fdbdbb252651a9,guides/ph/index.html,Reading time: 4 min read · Last updated: 2026-08-18 Platform v1.0.0 Foundation · QA 98/100 Section Description This hub consolidates crawlable entry points for /guides/ph.,ph,unspecified,RANGE,0,ph_units,,,EXTRACTION_ARTIFACT,"Intermediate arithmetic step, dosage coefficient, or formula constant in a worked example -- not an asserted target claim.",NOT_A_CHEMISTRY_CLAIM
68489a210a90fd05,guides/ph/index.html,Can you swim in high pH water? pH 7.8–8.0 is uncomfortable; above 8.0 risks irritation and drastically reduced chlorine.,ph,unspecified,RANGE,8,ph_units,,,RANGE_MISMATCH,"Value 8-8 ph_units does not overlap the canonical range(s) range-ph-pool-chlorine-routine (7-7.8), range-ph-hottub-chlorine-routine (7-7.8), range-ph-hottub-bromine-routine (7-7.8), range-ph-pool-narrow-operational (7.2-7.6) and does not match a recognized pattern (product spec / shock scenario / threshold phrasing / formula / nav noise) -- needs individual review.",UNREVIEWED
7f45700360630d17,guides/ph/index.html,"Rainwater is acidic (pH ~5.6) but the effect on pool pH depends on pool volume, TA, and how much rain fell.",ph,pool,RANGE,5.6,ph_units,,,RANGE_MISMATCH,"Value 5.6-5.6 ph_units does not overlap the canonical range(s) range-ph-pool-chlorine-routine (7-7.8), range-ph-pool-narrow-operational (7.2-7.6) and does not match a recognized pattern (product spec / shock scenario / threshold phrasing / formula / nav noise) -- needs individual review.",UNREVIEWED
d44a460c16a5b70a,guides/ph/index.html,"High pool pH causes: CO2 off-gassing, high alkalinity, algae, aeration, SWG systems, and high-pH fill water.",ph,pool,RANGE,2,ph_units,,,RANGE_MISMATCH,"Value 2-2 ph_units does not overlap the canonical range(s) range-ph-pool-chlorine-routine (7-7.8), range-ph-pool-narrow-operational (7.2-7.6) and does not match a recognized pattern (product spec / shock scenario / threshold phrasing / formula / nav noise) -- needs individual review.",UNREVIEWED
4acb081a1b1dd231,guides/ph/what-causes-high-pool-ph.html,"Quick Answer The main causes of high pool pH are CO2 off-gassing from the water surface, high total alkalinity (which resists downward correction), aeration from jets or waterfalls, algae growth consuming dissolved CO2, salt water chlorine generators, and fill water that enters with a high pH.",ph,pool,RANGE,2,ph_units,,,RANGE_MISMATCH,"Value 2-2 ph_units does not overlap the canonical range(s) range-ph-pool-chlorine-routine (7-7.8), range-ph-pool-narrow-operational (7.2-7.6) and does not match a recognized pattern (product spec / shock scenario / threshold phrasing / formula / nav noise) -- needs individual review.",UNREVIEWED
8fa2a3835db7241d,guides/ph/what-causes-high-pool-ph.html,CO2 off-gassing is the universal cause of pH rise in all pools High total alkalinity amplifies pH drift and makes correction harder Salt chlorine generators and aeration features accelerate pH rise significantly Lowering TA to 80–90 ppm is the most effective long-term pH stabilizer Pool pH naturally…,ph,pool,RANGE,2,ph_units,,,RANGE_MISMATCH,"Value 2-2 ph_units does not overlap the canonical range(s) range-ph-pool-chlorine-routine (7-7.8), range-ph-pool-narrow-operational (7.2-7.6) and does not match a recognized pattern (product spec / shock scenario / threshold phrasing / formula / nav noise) -- needs individual review.",UNREVIEWED
4031e14f0dada9ba,guides/ph/what-causes-high-pool-ph.html,"Root causes of high pool pH Cause Why it raises pH How to address CO2 off-gassing Dissolved CO2 forms carbonic acid; losing CO2 removes acid Regular acid additions; lower TA Total alkalinity too high TA buffers against acid; pH rebounds after each correction Lower TA to 80–100 ppm first Waterfalls, …",ph,pool,RANGE,2,ph_units,,,RANGE_MISMATCH,"Value 2-2 ph_units does not overlap the canonical range(s) range-ph-pool-chlorine-routine (7-7.8), range-ph-pool-narrow-operational (7.2-7.6) and does not match a recognized pattern (product spec / shock scenario / threshold phrasing / formula / nav noise) -- needs individual review.",UNREVIEWED
9dee8cd324eeb13a,guides/ph/what-causes-high-pool-ph.html,"Root causes of high pool pH Cause Why it raises pH How to address CO2 off-gassing Dissolved CO2 forms carbonic acid; losing CO2 removes acid Regular acid additions; lower TA Total alkalinity too high TA buffers against acid; pH rebounds after each correction Lower TA to 80–100 ppm first Waterfalls, …",ph,pool,RANGE,2,ph_units,,,RANGE_MISMATCH,"Value 2-2 ph_units does not overlap the canonical range(s) range-ph-pool-chlorine-routine (7-7.8), range-ph-pool-narrow-operational (7.2-7.6) and does not match a recognized pattern (product spec / shock scenario / threshold phrasing / formula / nav noise) -- needs individual review.",UNREVIEWED
31e599f7d97446c1,guides/ph/what-causes-high-pool-ph.html,"Root causes of high pool pH Cause Why it raises pH How to address CO2 off-gassing Dissolved CO2 forms carbonic acid; losing CO2 removes acid Regular acid additions; lower TA Total alkalinity too high TA buffers against acid; pH rebounds after each correction Lower TA to 80–100 ppm first Waterfalls, …",ph,pool,RANGE,2,ph_units,,,RANGE_MISMATCH,"Value 2-2 ph_units does not overlap the canonical range(s) range-ph-pool-chlorine-routine (7-7.8), range-ph-pool-narrow-operational (7.2-7.6) and does not match a recognized pattern (product spec / shock scenario / threshold phrasing / formula / nav noise) -- needs individual review.",UNREVIEWED
53731e49e6992cd0,guides/ph/why-pool-ph-keeps-rising.html,"Why Pool pH Keeps Rising Quick Answer Pool pH rises naturally because CO2 constantly off-gasses from the water, which removes the acid that keeps pH stable.",ph,pool,RANGE,2,ph_units,,,RANGE_MISMATCH,"Value 2-2 ph_units does not overlap the canonical range(s) range-ph-pool-chlorine-routine (7-7.8), range-ph-pool-narrow-operational (7.2-7.6) and does not match a recognized pattern (product spec / shock scenario / threshold phrasing / formula / nav noise) -- needs individual review.",UNREVIEWED
c28a1873edc63f7b,guides/ph/why-pool-ph-keeps-rising.html,"Causes of rising pool pH Cause How it raises pH Solution CO2 off-gassing CO2 dissolved in water forms carbonic acid; as it escapes, acid is lost Add pH-down periodically High alkalinity TA acts as a pH buffer that resists lowering but accelerates rise Lower TA to 80–100 ppm Aeration (jets, waterfall…",ph,pool,RANGE,2,ph_units,,,RANGE_MISMATCH,"Value 2-2 ph_units does not overlap the canonical range(s) range-ph-pool-chlorine-routine (7-7.8), range-ph-pool-narrow-operational (7.2-7.6) and does not match a recognized pattern (product spec / shock scenario / threshold phrasing / formula / nav noise) -- needs individual review.",UNREVIEWED
097ddf6d686fffcd,guides/ph/why-pool-ph-keeps-rising.html,"Causes of rising pool pH Cause How it raises pH Solution CO2 off-gassing CO2 dissolved in water forms carbonic acid; as it escapes, acid is lost Add pH-down periodically High alkalinity TA acts as a pH buffer that resists lowering but accelerates rise Lower TA to 80–100 ppm Aeration (jets, waterfall…",ph,pool,RANGE,2,ph_units,,,RANGE_MISMATCH,"Value 2-2 ph_units does not overlap the canonical range(s) range-ph-pool-chlorine-routine (7-7.8), range-ph-pool-narrow-operational (7.2-7.6) and does not match a recognized pattern (product spec / shock scenario / threshold phrasing / formula / nav noise) -- needs individual review.",UNREVIEWED
6c4505b18aed9e30,guides/ph/why-pool-ph-keeps-rising.html,"Rainwater is slightly acidic (pH 5.6–6) and can briefly lower pool pH, but then accelerates CO2 off-gassing as the system equilibrates — often causing a net rise within 24 hours.",ph,unspecified,RULE_OF_THUMB,5.6-6,ph_units,,,RANGE_MISMATCH,"Value 5.6-6 ph_units does not overlap the canonical range(s) range-ph-pool-chlorine-routine (7-7.8), range-ph-hottub-chlorine-routine (7-7.8), range-ph-hottub-bromine-routine (7-7.8), range-ph-pool-narrow-operational (7.2-7.6) and does not match a recognized pattern (product spec / shock scenario / threshold phrasing / formula / nav noise) -- needs individual review.",UNREVIEWED
b265deb7e147fb9b,guides/ph/why-pool-ph-keeps-rising.html,"Rainwater is slightly acidic (pH 5.6–6) and can briefly lower pool pH, but then accelerates CO2 off-gassing as the system equilibrates — often causing a net rise within 24 hours.",ph,pool,RULE_OF_THUMB,2,ph_units,,,RANGE_MISMATCH,"Value 2-2 ph_units does not overlap the canonical range(s) range-ph-pool-chlorine-routine (7-7.8), range-ph-pool-narrow-operational (7.2-7.6) and does not match a recognized pattern (product spec / shock scenario / threshold phrasing / formula / nav noise) -- needs individual review.",UNREVIEWED
5e708250fc2f0029,guides/questions/can-rain-affect-pool-chemistry.html,"Rain dilutes all pool water chemistry — FC, pH, TA, and CYA all drop after heavy rain Rainwater (pH 5.5–6.5) is acidic and lowers pool pH significantly in large amounts Organic debris from rain creates immediate chlorine demand Shock after every storm of 1 inch or more to prevent algae growth Direct…",ph,pool,RANGE,5.5-6.5,ph_units,,,RANGE_MISMATCH,"Value 5.5-6.5 ph_units does not overlap the canonical range(s) range-ph-pool-chlorine-routine (7-7.8), range-ph-pool-narrow-operational (7.2-7.6) and does not match a recognized pattern (product spec / shock scenario / threshold phrasing / formula / nav noise) -- needs individual review.",UNREVIEWED
00d1697719d2d9f2,guides/questions/can-rain-affect-pool-chemistry.html,"Rainwater is slightly acidic (pH 5.5–6.5 typically), and in large volumes significantly lowers pool pH and total alkalinity.",ph,unspecified,RULE_OF_THUMB,5.5-6.5,ph_units,,,RANGE_MISMATCH,"Value 5.5-6.5 ph_units does not overlap the canonical range(s) range-ph-pool-chlorine-routine (7-7.8), range-ph-hottub-chlorine-routine (7-7.8), range-ph-hottub-bromine-routine (7-7.8), range-ph-pool-narrow-operational (7.2-7.6) and does not match a recognized pattern (product spec / shock scenario / threshold phrasing / formula / nav noise) -- needs individual review.",UNREVIEWED
3747d5605a41c004,guides/questions/can-rain-affect-pool-chemistry.html,"Common Causes Rain Event Effect on Pool Chemistry Action Needed Light drizzle (<0.5 in) Negligible — minor dilution only Test; likely no major adjustment needed Moderate rain (0.5–1 in) FC drops 10–20%; pH may drop 0.1–0.3 Test FC, pH, TA; small adjustments likely needed Heavy rain (1–3 in) Signific…",free_chlorine,pool,RANGE,10-20,%,,,RANGE_MISMATCH,"Value 10-20 % does not overlap the canonical range(s) range-fc-pool-chlorine-no-cya (1-3), range-fc-pool-chlorine-with-cya (2-4) and does not match a recognized pattern (product spec / shock scenario / threshold phrasing / formula / nav noise) -- needs individual review.",UNREVIEWED
b01d7f87ae90ffc0,guides/questions/can-rain-affect-pool-chemistry.html,"Common Causes Rain Event Effect on Pool Chemistry Action Needed Light drizzle (<0.5 in) Negligible — minor dilution only Test; likely no major adjustment needed Moderate rain (0.5–1 in) FC drops 10–20%; pH may drop 0.1–0.3 Test FC, pH, TA; small adjustments likely needed Heavy rain (1–3 in) Signific…",ph,pool,RANGE,0.1-0.3,ph_units,,,RANGE_MISMATCH,"Value 0.1-0.3 ph_units does not overlap the canonical range(s) range-ph-pool-chlorine-routine (7-7.8), range-ph-pool-narrow-operational (7.2-7.6) and does not match a recognized pattern (product spec / shock scenario / threshold phrasing / formula / nav noise) -- needs individual review.",UNREVIEWED
339f67494edfe920,guides/questions/can-you-swim-after-shocking-a-pool.html,"For algae treatment shocks (10–20 ppm FC), wait 24–48 hours.",free_chlorine,unspecified,SAFETY_GUIDANCE,10-20,ppm,,,RANGE_MISMATCH,"Value 10-20 ppm does not overlap the canonical range(s) range-fc-pool-chlorine-no-cya (1-3), range-fc-pool-chlorine-with-cya (2-4), range-fc-hottub-chlorine-routine (3-5) and does not match a recognized pattern (product spec / shock scenario / threshold phrasing / formula / nav noise) -- needs individual review.",UNREVIEWED
89483fe5d17d156d,guides/questions/can-you-swim-after-shocking-a-pool.html,Common Causes Scenario FC Range After Shock Typical Wait Time Normal weekly shock (1 lb/10k gal) 8–15 ppm 8–24 hours with pump running + sun Algae treatment (double/triple shock) 15–30 ppm 24–48 hours; test before swimming Extreme over-shock FC >30 ppm 48–72 hours or partial drain/refill required Ho…,free_chlorine,unspecified,RANGE,30,ppm,,,CLAIM_FAMILY_GAP,"Value describes a shock/breakpoint-treatment scenario, correctly outside the routine-maintenance range it was checked against -- no numeric shock-treatment range exists in the claim family yet (see SHOCK-CLAIM-FAMILY-DECISION.md).",REQUIRES_EXPERT_REVIEW
1fc8e85c5ee3f7b2,guides/questions/can-you-swim-after-shocking-a-pool.html,"For FC above 20 ppm, consider draining 15–20% of the pool and refilling with fresh water.",free_chlorine,unspecified,RANGE,20,ppm,,,UNSUPPORTED_PRODUCTION_CLAIM,"Describes what fraction/percentage of the parameter is in a particular chemical form/state, not a concentration target.",NOT_A_CHEMISTRY_CLAIM
282a9c684f86c6e6,guides/questions/can-you-swim-after-shocking-a-pool.html,"For FC above 20 ppm, consider draining 15–20% of the pool and refilling with fresh water.",free_chlorine,pool,RANGE,15-20,%,,,UNSUPPORTED_PRODUCTION_CLAIM,"Describes what fraction/percentage of the parameter is in a particular chemical form/state, not a concentration target.",NOT_A_CHEMISTRY_CLAIM
1b44036fd43b1283,guides/questions/why-does-pool-water-turn-cloudy.html,Common Causes Cause Why It Happens Fix Low FC (<1 ppm) Insufficient sanitization allows bacteria and algae growth Shock pool to 10 ppm FC; test and adjust pH first High pH (>7.8) Calcium carbonate precipitates out of solution at high pH Add muriatic acid to lower pH to 7.2–7.4 High alkalinity Carbon…,free_chlorine,pool,RANGE,10,ppm,,,UNSUPPORTED_PRODUCTION_CLAIM,"Value describes a product/chemical-supply specification (e.g. product concentration, %-by-weight), not a pool/spa water target -- never comparable to a water-chemistry range.",NOT_A_CHEMISTRY_CLAIM
b6669df18ab9543f,guides/questions/why-is-my-pool-green-but-chlorine-is-high.html,"High pH makes chlorine mostly inactive — at pH 8.0, less than 20% of FC is effective CYA above 100 ppm causes chlorine lock — FC is present but over-stabilized OTO test kits cannot distinguish free from combined chlorine — use DPD Fix pH first before any additional shocking — it is the single most i…",ph,unspecified,RANGE,8,ph_units,,,UNSUPPORTED_PRODUCTION_CLAIM,"Describes what fraction/percentage of the parameter is in a particular chemical form/state, not a concentration target.",NOT_A_CHEMISTRY_CLAIM
4df07b21bfe1cd05,guides/questions/why-is-my-pool-green-but-chlorine-is-high.html,"High pH makes chlorine mostly inactive — at pH 8.0, less than 20% of FC is effective CYA above 100 ppm causes chlorine lock — FC is present but over-stabilized OTO test kits cannot distinguish free from combined chlorine — use DPD Fix pH first before any additional shocking — it is the single most i…",free_chlorine,unspecified,RANGE,20,%,,,UNSUPPORTED_PRODUCTION_CLAIM,"Describes what fraction/percentage of the parameter is in a particular chemical form/state, not a concentration target.",NOT_A_CHEMISTRY_CLAIM
5ae9b9c2c3bbea3f,guides/questions/why-is-my-pool-green-but-chlorine-is-high.html,"High pH makes chlorine mostly inactive — at pH 8.0, less than 20% of FC is effective CYA above 100 ppm causes chlorine lock — FC is present but over-stabilized OTO test kits cannot distinguish free from combined chlorine — use DPD Fix pH first before any additional shocking — it is the single most i…",cyanuric_acid,unspecified,RANGE,100,ppm,,,UNSUPPORTED_PRODUCTION_CLAIM,"Describes what fraction/percentage of the parameter is in a particular chemical form/state, not a concentration target.",NOT_A_CHEMISTRY_CLAIM
2879fa931afc8995,guides/questions/why-is-my-pool-green-but-chlorine-is-high.html,"The most common cause is high pH — at pH 7.8, over 60% of FC is in the weak hypochlorite ion form, and at pH 8.0, less than 20% is in the active hypochlorous acid form.",free_chlorine,unspecified,RANGE,60,%,,,UNSUPPORTED_PRODUCTION_CLAIM,"Describes what fraction/percentage of the parameter is in a particular chemical form/state, not a concentration target.",NOT_A_CHEMISTRY_CLAIM
00a5bdb7a0344057,guides/questions/why-is-my-pool-green-but-chlorine-is-high.html,"The most common cause is high pH — at pH 7.8, over 60% of FC is in the weak hypochlorite ion form, and at pH 8.0, less than 20% is in the active hypochlorous acid form.",ph,unspecified,RANGE,8,ph_units,,,UNSUPPORTED_PRODUCTION_CLAIM,"Describes what fraction/percentage of the parameter is in a particular chemical form/state, not a concentration target.",NOT_A_CHEMISTRY_CLAIM
643f760245f19138,guides/questions/why-is-my-pool-green-but-chlorine-is-high.html,Even 5 ppm FC at pH 8.0 effectively provides less sanitizing power than 1 ppm FC at pH 7.2.,ph,unspecified,RANGE,8,ph_units,,,RANGE_MISMATCH,"Value 8-8 ph_units does not overlap the canonical range(s) range-ph-pool-chlorine-routine (7-7.8), range-ph-hottub-chlorine-routine (7-7.8), range-ph-hottub-bromine-routine (7-7.8), range-ph-pool-narrow-operational (7.2-7.6) and does not match a recognized pattern (product spec / shock scenario / threshold phrasing / formula / nav noise) -- needs individual review.",UNREVIEWED
167a0c0e6fb49a77,guides/questions/why-is-my-pool-green-but-chlorine-is-high.html,"Additionally, some test kits (particularly OTO kits using yellow/orange color comparison) measure total chlorine, not free chlorine — a pool with 0 ppm FC but high combined chlorine will test ""high"" but provide zero sanitation.",free_chlorine,pool,RANGE,0,ppm,,,RANGE_MISMATCH,"Value 0-0 ppm does not overlap the canonical range(s) range-fc-pool-chlorine-no-cya (1-3), range-fc-pool-chlorine-with-cya (2-4) and does not match a recognized pattern (product spec / shock scenario / threshold phrasing / formula / nav noise) -- needs individual review.",UNREVIEWED
e43a04e59347c93e,guides/questions/why-is-my-pool-green-but-chlorine-is-high.html,Common Causes Cause Why Chlorine Reads High But Is Ineffective Fix High pH (>7.8) FC mostly inactive at high pH; less than 20% is HOCl at pH 8.0 Lower pH to 7.2–7.4 first; then re-shock CYA too high (>100 ppm) Chlorine lock: FC bound by excess stabilizer and unavailable Drain 30–50%; refill; rebalan…,ph,unspecified,RANGE,8,ph_units,,,EXTRACTION_ARTIFACT,"""8"" is a step/day/test-numbering token (""Step 8"" / ""8)"" / list marker) near an unrelated pH mention elsewhere in the sentence, not a pH reading.",NOT_A_CHEMISTRY_CLAIM
9987eac4693f2765,guides/questions/why-is-my-pool-green-but-chlorine-is-high.html,Common Causes Cause Why Chlorine Reads High But Is Ineffective Fix High pH (>7.8) FC mostly inactive at high pH; less than 20% is HOCl at pH 8.0 Lower pH to 7.2–7.4 first; then re-shock CYA too high (>100 ppm) Chlorine lock: FC bound by excess stabilizer and unavailable Drain 30–50%; refill; rebalan…,cyanuric_acid,unspecified,RANGE,100,ppm,,,RANGE_MISMATCH,"Value 100-100 ppm does not overlap the canonical range(s) range-cya-public-pool-incident-response-max (0-15), range-cya-residential-routine-outdoor (30-50), range-cya-saltwater-outdoor (60-80), range-cya-hottub (0-0) and does not match a recognized pattern (product spec / shock scenario / threshold phrasing / formula / nav noise) -- needs individual review.",UNREVIEWED
8790ac1d8e89a4d4,guides/questions/why-is-my-pool-green-but-chlorine-is-high.html,Common Causes Cause Why Chlorine Reads High But Is Ineffective Fix High pH (>7.8) FC mostly inactive at high pH; less than 20% is HOCl at pH 8.0 Lower pH to 7.2–7.4 first; then re-shock CYA too high (>100 ppm) Chlorine lock: FC bound by excess stabilizer and unavailable Drain 30–50%; refill; rebalan…,free_chlorine,unspecified,RANGE,30-50,%,,,CLAIM_FAMILY_GAP,"Value describes a shock/breakpoint-treatment scenario, correctly outside the routine-maintenance range it was checked against -- no numeric shock-treatment range exists in the claim family yet (see SHOCK-CLAIM-FAMILY-DECISION.md).",REQUIRES_EXPERT_REVIEW
a7453aa0ca8dc5ef,guides/seasonal/opening-pool-chemistry-checklist.html,Common mistakes Dumping shock before knowing volume or current FC Ignoring CYA context on outdoor pools Short-circuiting filter run time during cleanup Calculators Pool volume · Chlorine · pH · Shock Related Pool Chemistry Guides Related in this topic Index Index — 1 Index — 2 Index — 3 Index — 4 Re…,ph,pool,RANGE,1,ph_units,,,EXTRACTION_ARTIFACT,"Related-guides/index navigation list numbering, not a chemistry claim.",NOT_A_CHEMISTRY_CLAIM
5622bb3fe073a938,guides/seasonal/opening-pool-chemistry-checklist.html,Common mistakes Dumping shock before knowing volume or current FC Ignoring CYA context on outdoor pools Short-circuiting filter run time during cleanup Calculators Pool volume · Chlorine · pH · Shock Related Pool Chemistry Guides Related in this topic Index Index — 1 Index — 2 Index — 3 Index — 4 Re…,ph,pool,RANGE,2,ph_units,,,EXTRACTION_ARTIFACT,"Related-guides/index navigation list numbering, not a chemistry claim.",NOT_A_CHEMISTRY_CLAIM
1eed5df10e7b4fe7,guides/seasonal/opening-pool-chemistry-checklist.html,Common mistakes Dumping shock before knowing volume or current FC Ignoring CYA context on outdoor pools Short-circuiting filter run time during cleanup Calculators Pool volume · Chlorine · pH · Shock Related Pool Chemistry Guides Related in this topic Index Index — 1 Index — 2 Index — 3 Index — 4 Re…,ph,pool,RANGE,3,ph_units,,,EXTRACTION_ARTIFACT,"Related-guides/index navigation list numbering, not a chemistry claim.",NOT_A_CHEMISTRY_CLAIM
676597dc3765a50f,guides/seasonal/opening-pool-chemistry-checklist.html,Common mistakes Dumping shock before knowing volume or current FC Ignoring CYA context on outdoor pools Short-circuiting filter run time during cleanup Calculators Pool volume · Chlorine · pH · Shock Related Pool Chemistry Guides Related in this topic Index Index — 1 Index — 2 Index — 3 Index — 4 Re…,ph,pool,RANGE,4,ph_units,,,EXTRACTION_ARTIFACT,"Related-guides/index navigation list numbering, not a chemistry claim.",NOT_A_CHEMISTRY_CLAIM
3c256b70dc1e3ce2,hot-tub-chemical-levels-chart.html,"Hot Tub Chemical Levels Chart Quick Answer Ideal hot tub chemical levels: free chlorine 3–5 ppm, pH 7.2–7.8, total alkalinity 80–120 ppm, calcium hardness 150–250 ppm, CYA 30–50 ppm (if using unstabilized chlorine).",cyanuric_acid,hot_tub,RANGE,30-50,ppm,cdc-healthy-swimming-home-treatment,,SOURCE_CONFLICT,"Tier 1 (hot-tub-chemical-levels-chart.html), individually reviewed. The chart states 'CYA 30-50 ppm (if using unstabilized chlorine)' for hot tubs. CDC guidance (range-cya-hottub, SUPPORTED, 0-0 ppm) is that cyanuric acid / stabilized chlorine products should not be used in hot tubs at all. The chart's own qualifier is also internally in tension with itself: CYA is specifically the stabilizer added to chlorine, so 'unstabilized chlorine' would not carry CYA. Genuine, real discrepancy on a Tier-1 page -- flagged for editorial review, production content NOT changed automatically per the Content Correction Rule.",SOURCE_CONFLICT_REMAINS
5731f30ba128a1d5,hot-tub-chlorine-levels-chart.html,FC above 10 ppm causes skin and eye irritation and should not be used for soaking.,free_chlorine,unspecified,RANGE,10,ppm,,,CONTEXT_MISMATCH,"""Above/exceeds"" threshold phrasing describing a too-high condition, consistent with (not contradicting) the canonical range's own maximum (3).",FALSE_CONFLICT
6b7dda49c086f7ad,index.html,Test chlorine and pH at least 2–3 times per week.,ph,unspecified,RANGE,2-3,ph_units,,,EXTRACTION_ARTIFACT,"Number describes testing/dosing FREQUENCY (""N times per week/day""), not a chemistry-parameter value.",NOT_A_CHEMISTRY_CLAIM
b30fe4a460692d55,maintenance/how-often-add-chlorine-pool.html,Testing frequency Test chlorine (and pH) at least 2–3 times per week .,ph,unspecified,RANGE,2-3,ph_units,,,EXTRACTION_ARTIFACT,"Number describes testing/dosing FREQUENCY (""N times per week/day""), not a chemistry-parameter value.",NOT_A_CHEMISTRY_CLAIM
a4746a754d8a06a3,maintenance/how-to-balance-pool-water.html,Wait a few hours and re-test before moving to pH. 3.,ph,unspecified,RANGE,3,ph_units,,,RANGE_MISMATCH,"Value 3-3 ph_units does not overlap the canonical range(s) range-ph-pool-chlorine-routine (7-7.8), range-ph-hottub-chlorine-routine (7-7.8), range-ph-hottub-bromine-routine (7-7.8), range-ph-pool-narrow-operational (7.2-7.6) and does not match a recognized pattern (product spec / shock scenario / threshold phrasing / formula / nav noise) -- needs individual review.",UNREVIEWED
7dd618471800aa0f,methodology/calculation-assumptions/index.html,"Actual product concentration varies by brand, batch, and age. pH adjustment calculations use simplified linear models that are most accurate within ±0.5 pH units of the target.",ph,unspecified,RANGE,0.5,ph_units,,,UNSUPPORTED_PRODUCTION_CLAIM,"Value describes a product/chemical-supply specification (e.g. product concentration, %-by-weight), not a pool/spa water target -- never comparable to a water-chemistry range.",NOT_A_CHEMISTRY_CLAIM
f1beba341d8b64ec,methodology/known-limitations/index.html,Calculator Limitations Volume calculations for irregular shapes are approximations. pH adjustment calculations are most accurate within ±0.5 pH units of the target.,ph,unspecified,RANGE,0.5,ph_units,,,UNSUPPORTED_PRODUCTION_CLAIM,"""accurate within +/-0.5 pH units"" describes calculator precision, not a water pH target.",NOT_A_CHEMISTRY_CLAIM
38b7bbf167f531b7,methodology/precision-policy/index.html,"Test strips: ±0.5 ppm FC, ±0.5 pH.",free_chlorine,unspecified,RANGE,0.5,ppm,,,RANGE_MISMATCH,"Value 0.5-0.5 ppm does not overlap the canonical range(s) range-fc-pool-chlorine-no-cya (1-3), range-fc-pool-chlorine-with-cya (2-4), range-fc-hottub-chlorine-routine (3-5) and does not match a recognized pattern (product spec / shock scenario / threshold phrasing / formula / nav noise) -- needs individual review.",UNREVIEWED
cc5d866590f76342,methodology/precision-policy/index.html,"Test strips: ±0.5 ppm FC, ±0.5 pH.",ph,unspecified,RANGE,0.5,ph_units,,,RANGE_MISMATCH,"Value 0.5-0.5 ph_units does not overlap the canonical range(s) range-ph-pool-chlorine-routine (7-7.8), range-ph-hottub-chlorine-routine (7-7.8), range-ph-hottub-bromine-routine (7-7.8), range-ph-pool-narrow-operational (7.2-7.6) and does not match a recognized pattern (product spec / shock scenario / threshold phrasing / formula / nav noise) -- needs individual review.",UNREVIEWED
5e928a75ff7bef3b,methodology/precision-policy/index.html,"Liquid DPD drop test (Taylor K-2006): ±0.2 ppm FC, ±0.2 pH.",free_chlorine,unspecified,RANGE,0.2,ppm,,,RANGE_MISMATCH,"Value 0.2-0.2 ppm does not overlap the canonical range(s) range-fc-pool-chlorine-no-cya (1-3), range-fc-pool-chlorine-with-cya (2-4), range-fc-hottub-chlorine-routine (3-5) and does not match a recognized pattern (product spec / shock scenario / threshold phrasing / formula / nav noise) -- needs individual review.",UNREVIEWED
038de68736c19548,methodology/precision-policy/index.html,"Liquid DPD drop test (Taylor K-2006): ±0.2 ppm FC, ±0.2 pH.",ph,unspecified,RANGE,0.2,ph_units,,,RANGE_MISMATCH,"Value 0.2-0.2 ph_units does not overlap the canonical range(s) range-ph-pool-chlorine-routine (7-7.8), range-ph-hottub-chlorine-routine (7-7.8), range-ph-hottub-bromine-routine (7-7.8), range-ph-pool-narrow-operational (7.2-7.6) and does not match a recognized pattern (product spec / shock scenario / threshold phrasing / formula / nav noise) -- needs individual review.",UNREVIEWED
2c758da869570028,methodology/precision-policy/index.html,"Digital photometer: ±0.05 ppm FC, ±0.05 pH.",free_chlorine,unspecified,RANGE,0.05,ppm,,,RANGE_MISMATCH,"Value 0.05-0.05 ppm does not overlap the canonical range(s) range-fc-pool-chlorine-no-cya (1-3), range-fc-pool-chlorine-with-cya (2-4), range-fc-hottub-chlorine-routine (3-5) and does not match a recognized pattern (product spec / shock scenario / threshold phrasing / formula / nav noise) -- needs individual review.",UNREVIEWED
15b70d15c6777bac,methodology/precision-policy/index.html,"Digital photometer: ±0.05 ppm FC, ±0.05 pH.",ph,unspecified,RANGE,0.05,ph_units,,,RANGE_MISMATCH,"Value 0.05-0.05 ph_units does not overlap the canonical range(s) range-ph-pool-chlorine-routine (7-7.8), range-ph-hottub-chlorine-routine (7-7.8), range-ph-hottub-bromine-routine (7-7.8), range-ph-pool-narrow-operational (7.2-7.6) and does not match a recognized pattern (product spec / shock scenario / threshold phrasing / formula / nav noise) -- needs individual review.",UNREVIEWED
cbe7a6a7d45c72d5,methodology/rounding-policy/index.html,Displayed Precision Chemical concentrations (ppm): displayed to 1 decimal place. pH: displayed to 2 decimal places.,ph,unspecified,RANGE,2,ph_units,,,RANGE_MISMATCH,"Value 2-2 ph_units does not overlap the canonical range(s) range-ph-pool-chlorine-routine (7-7.8), range-ph-hottub-chlorine-routine (7-7.8), range-ph-hottub-bromine-routine (7-7.8), range-ph-pool-narrow-operational (7.2-7.6) and does not match a recognized pattern (product spec / shock scenario / threshold phrasing / formula / nav noise) -- needs individual review.",UNREVIEWED
6d16b4141cf31aa0,pool-alkalinity-levels-chart.html,"Use 1.5 lb per 10,000 gallons to raise TA by approximately 10 ppm.",total_alkalinity,unspecified,RULE_OF_THUMB,10,ppm,,,UNSUPPORTED_PRODUCTION_CLAIM,"Describes a dosage CHANGE amount (""raise/lower ... by N""), not an absolute water-chemistry target value.",NOT_A_CHEMISTRY_CLAIM
a733924ab5cf12df,pool-chemistry-system.html,"All 8 chemistry parameters interact — changing one affects the others pH is the master lever: chlorine effectiveness, scaling risk, and equipment corrosion all depend on it CYA is mandatory for outdoor pools; without it, sunlight destroys FC in hours Always adjust parameters in the correct order: TA…",ph,unspecified,RANGE,8,ph_units,,,RANGE_MISMATCH,"Value 8-8 ph_units does not overlap the canonical range(s) range-ph-pool-chlorine-routine (7-7.8), range-ph-hottub-chlorine-routine (7-7.8), range-ph-hottub-bromine-routine (7-7.8), range-ph-pool-narrow-operational (7.2-7.6) and does not match a recognized pattern (product spec / shock scenario / threshold phrasing / formula / nav noise) -- needs individual review.",UNREVIEWED
54256ebba54e493e,pool-chemistry-system.html,"Free chlorine (FC) is the active sanitizer, but its effectiveness is almost entirely determined by pH: at pH 7.4, roughly 60% of FC is in the potent hypochlorous acid (HOCl) form; at pH 8.0, that drops below 20%. pH stability is controlled by total alkalinity (TA), which acts as a chemical buffer.",free_chlorine,unspecified,RULE_OF_THUMB,60,%,,,UNSUPPORTED_PRODUCTION_CLAIM,"Describes what fraction/percentage of the parameter is in a particular chemical form/state, not a concentration target.",NOT_A_CHEMISTRY_CLAIM
9e1fc644916b4db1,pool-chemistry-system.html,"Free chlorine (FC) is the active sanitizer, but its effectiveness is almost entirely determined by pH: at pH 7.4, roughly 60% of FC is in the potent hypochlorous acid (HOCl) form; at pH 8.0, that drops below 20%. pH stability is controlled by total alkalinity (TA), which acts as a chemical buffer.",ph,unspecified,RULE_OF_THUMB,8,ph_units,,,UNSUPPORTED_PRODUCTION_CLAIM,"Describes what fraction/percentage of the parameter is in a particular chemical form/state, not a concentration target.",NOT_A_CHEMISTRY_CLAIM
81facdfa3ab7a622,programmatic/behavior/how-often-to-shock-pool.html,Testing combined chlorine helps you distinguish “needs oxidizer” from “needs everyday chlorine discipline.” Recommended Levels Free chlorine: 1–3 ppm (pools) pH balance: 7.2–7.6 Test cadence: 2–3× weekly (busy pools) What Happens If Levels Are Off Shocking on a rigid calendar without testing can was…,ph,pool,RANGE,2-3,ph_units,,,EXTRACTION_ARTIFACT,"Intermediate arithmetic step, dosage coefficient, or formula constant in a worked example -- not an asserted target claim.",NOT_A_CHEMISTRY_CLAIM
8b73be6fb79d473c,programmatic/behavior/how-often-to-test-pool-water.html,Test chlorine and pH 2–3 times per week in most pools.,ph,pool,RANGE,2-3,ph_units,,,EXTRACTION_ARTIFACT,"Number describes testing/dosing FREQUENCY (""N times per week/day""), not a chemistry-parameter value.",NOT_A_CHEMISTRY_CLAIM
90deb869aa1ce19e,programmatic/behavior/how-often-to-test-pool-water.html,Test chlorine and pH 2–3 times per week in most pools.,ph,pool,RANGE,2-3,ph_units,,,EXTRACTION_ARTIFACT,"Number describes testing/dosing FREQUENCY (""N times per week/day""), not a chemistry-parameter value.",NOT_A_CHEMISTRY_CLAIM
f5190a148de4cef8,programmatic/behavior/how-often-to-test-pool-water.html,Test often Open calculator Open calculator Go deeper Advanced: How to lower pool pH Edge case: Hot tub chlorine too high Related Pool Chemistry Guides Related in this topic Cya Matrix Index Index — 1 Index — 2 Index — 3 Related topics Hot tub pH calculator Pool alkalinity calculator Tools Full pool …,ph,both,RULE_OF_THUMB,3,ph_units,,,EXTRACTION_ARTIFACT,"Related-guides/index navigation list numbering, not a chemistry claim.",NOT_A_CHEMISTRY_CLAIM
86231929265bc824,programmatic/behavior/how-often-to-test-pool-water.html,"Recommended Levels Free chlorine: 1–3 ppm (pools) pH balance: 7.2–7.6 Test cadence: 2–3× weekly (busy pools) What Happens If Levels Are Off Rare testing lets pH or sanitizer leave safe ranges for days, increasing algae risk and surface damage.",ph,pool,RANGE,2-3,ph_units,,,EXTRACTION_ARTIFACT,"Intermediate arithmetic step, dosage coefficient, or formula constant in a worked example -- not an asserted target claim.",NOT_A_CHEMISTRY_CLAIM
bd6a3abb15a0191b,programmatic/behavior/how-often-to-test-pool-water.html,For low-use pools it can be—most active pools benefit from 2–3× weekly chlorine/pH tests.,ph,pool,RANGE,2-3,ph_units,,,EXTRACTION_ARTIFACT,"Intermediate arithmetic step, dosage coefficient, or formula constant in a worked example -- not an asserted target claim.",NOT_A_CHEMISTRY_CLAIM
8a027857590b1229,programmatic/behavior/when-to-add-chlorine.html,Recommended Levels Free chlorine: 1–3 ppm (pools) pH balance: 7.2–7.6 Test cadence: 2–3× weekly (busy pools) What Happens If Levels Are Off Adding large chlorine doses without retesting risks overshoot and extended no-swim periods.,ph,pool,RANGE,2-3,ph_units,,,EXTRACTION_ARTIFACT,"Intermediate arithmetic step, dosage coefficient, or formula constant in a worked example -- not an asserted target claim.",NOT_A_CHEMISTRY_CLAIM
1256d9ef52ddacc2,programmatic/chlorine/how-much-chlorine-for-30000-gallon-pool.html,"Test first Get exact dosing Open Pool Chlorine Calculator Go deeper Advanced: What causes high pool pH Edge case: Can you swim in high pH water Related Pool Chemistry Guides Related in this topic Chlorine for 15,000 gal pool Chlorine for 18,000 gal pool Chlorine for 20,000 gal pool Chlorine for 25,0…",ph,pool,RANGE,0,ph_units,,,EXTRACTION_ARTIFACT,"Related-guides/index navigation list numbering, not a chemistry claim.",NOT_A_CHEMISTRY_CLAIM
6be58813c4118b31,programmatic/explanations/why-ph-affects-chlorine.html,Core fact Use calculators Pool pH Calculator Alkalinity Calculator Go deeper Advanced: How to lower pool pH Edge case: Chlorine too high after shocking Related Pool Chemistry Guides Related in this topic Adjust pH 7 → 7.4 Adjust pH 8 → 7.5 Ph Table Hot tub pH calculator Pool Cyanuric Acid Calculator…,ph,both,RANGE,8,ph_units,,,EXTRACTION_ARTIFACT,"Related-guides/index navigation list numbering, not a chemistry claim.",NOT_A_CHEMISTRY_CLAIM
1dd31274cf0d47af,programmatic/explanations/why-ph-affects-chlorine.html,"Test kits usually report total or free chlorine, not “active disinfecting fraction” directly—so a normal-looking ppm at pH 8.0 can still underperform compared with the same ppm at 7.4.",ph,unspecified,RULE_OF_THUMB,8,ph_units,,,RANGE_MISMATCH,"Value 8-8 ph_units does not overlap the canonical range(s) range-ph-pool-chlorine-routine (7-7.8), range-ph-hottub-chlorine-routine (7-7.8), range-ph-hottub-bromine-routine (7-7.8), range-ph-pool-narrow-operational (7.2-7.6) and does not match a recognized pattern (product spec / shock scenario / threshold phrasing / formula / nav noise) -- needs individual review.",UNREVIEWED
7080429f4bb23fe8,programmatic/ph/how-to-adjust-ph-from-6-8-to-7-2.html,"To raise pool pH from 6.8 toward 7.2, add pH increaser in small doses with the pump running—test frequently to avoid overshoot. pH moves best in small steps.",ph,pool,RANGE,6.8,ph_units,,,RANGE_MISMATCH,"Value 6.8-6.8 ph_units does not overlap the canonical range(s) range-ph-pool-chlorine-routine (7-7.8), range-ph-pool-narrow-operational (7.2-7.6) and does not match a recognized pattern (product spec / shock scenario / threshold phrasing / formula / nav noise) -- needs individual review.",UNREVIEWED
925bc14d6b84b736,programmatic/ph/how-to-adjust-ph-from-7-8-to-7-4.html,Go slow Get exact pH dosing Open Pool pH Calculator Go deeper Advanced: Chlorine breakdown in sunlight Edge case: Hot tub chlorine too low Related Pool Chemistry Guides Related in this topic Adjust pH 6.8 → 7.2 Adjust pH 7 → 7.4 Adjust pH 8 → 7.5 Ph Table Hot tub pH calculator Related topics Alkalin…,ph,both,RANGE,6.8,ph_units,,,EXTRACTION_ARTIFACT,"Related-guides/index navigation list numbering, not a chemistry claim.",NOT_A_CHEMISTRY_CLAIM
d2197fb4a6de60cb,programmatic/ph/how-to-adjust-ph-from-7-8-to-7-4.html,Go slow Get exact pH dosing Open Pool pH Calculator Go deeper Advanced: Chlorine breakdown in sunlight Edge case: Hot tub chlorine too low Related Pool Chemistry Guides Related in this topic Adjust pH 6.8 → 7.2 Adjust pH 7 → 7.4 Adjust pH 8 → 7.5 Ph Table Hot tub pH calculator Related topics Alkalin…,ph,both,RANGE,8,ph_units,,,EXTRACTION_ARTIFACT,"Related-guides/index navigation list numbering, not a chemistry claim.",NOT_A_CHEMISTRY_CLAIM
d50a19b5cf96db40,programmatic/ph/how-to-adjust-ph-from-8-to-7-5.html,"To lower pool pH from 8 toward 7.5, add pH reducer gradually while circulating water and testing frequently. pH moves best in small steps.",ph,pool,RANGE,8,ph_units,,,RANGE_MISMATCH,"Value 8-8 ph_units does not overlap the canonical range(s) range-ph-pool-chlorine-routine (7-7.8), range-ph-pool-narrow-operational (7.2-7.6) and does not match a recognized pattern (product spec / shock scenario / threshold phrasing / formula / nav noise) -- needs individual review.",UNREVIEWED
b5c3948233bb33f0,programmatic/ph/index.html,Reading time: 4 min read · Last updated: 2026-08-18 Platform v1.0.0 Foundation · QA 98/100 Section Description This hub consolidates crawlable entry points for /programmatic/ph.,ph,unspecified,RANGE,1,ph_units,,,EXTRACTION_ARTIFACT,"Intermediate arithmetic step, dosage coefficient, or formula constant in a worked example -- not an asserted target claim.",NOT_A_CHEMISTRY_CLAIM
bdeebc5bf0254aa6,programmatic/ph/index.html,Reading time: 4 min read · Last updated: 2026-08-18 Platform v1.0.0 Foundation · QA 98/100 Section Description This hub consolidates crawlable entry points for /programmatic/ph.,ph,unspecified,RANGE,0,ph_units,,,EXTRACTION_ARTIFACT,"Intermediate arithmetic step, dosage coefficient, or formula constant in a worked example -- not an asserted target claim.",NOT_A_CHEMISTRY_CLAIM
1a7fd14d4f9e3e66,programmatic/ph/index.html,Category Cards How to Adjust Pool pH from 6.8 to 7.2 (Safe Steps) | Pool Water Chemistry Guide Browse how to adjust ph from 6 8 to 7 2 content.,ph,pool,RANGE,6,ph_units,,,EXTRACTION_ARTIFACT,"Navigation, UI chrome, or page-metadata text; the numeric value is not a chemistry claim at all.",NOT_A_CHEMISTRY_CLAIM
342451bca367a931,programmatic/ph/index.html,Category Cards How to Adjust Pool pH from 6.8 to 7.2 (Safe Steps) | Pool Water Chemistry Guide Browse how to adjust ph from 6 8 to 7 2 content.,ph,pool,RANGE,2,ph_units,,,EXTRACTION_ARTIFACT,"Navigation, UI chrome, or page-metadata text; the numeric value is not a chemistry claim at all.",NOT_A_CHEMISTRY_CLAIM
47e40c4c9c41a1f9,programmatic/ph/index.html,How to Adjust Pool pH from 7.8 to 7.4 (Safe Steps) | Pool Water Chemistry Guide Browse how to adjust ph from 7 8 to 7 4 content.,ph,pool,RANGE,4,ph_units,,,EXTRACTION_ARTIFACT,"Navigation, UI chrome, or page-metadata text; the numeric value is not a chemistry claim at all.",NOT_A_CHEMISTRY_CLAIM
355ab0d2186f497a,programmatic/ph/index.html,How to Adjust Pool pH from 7 to 7.4 (Safe Steps) | Pool Water Chemistry Guide Browse how to adjust ph from 7 to 7 4 content.,ph,pool,RANGE,4,ph_units,,,EXTRACTION_ARTIFACT,"Navigation, UI chrome, or page-metadata text; the numeric value is not a chemistry claim at all.",NOT_A_CHEMISTRY_CLAIM
ba6073073d987048,programmatic/ph/index.html,How to Adjust Pool pH from 8 to 7.5 (Safe Steps) | Pool Water Chemistry Guide Browse how to adjust ph from 8 to 7 5 content.,ph,pool,RANGE,5,ph_units,,,EXTRACTION_ARTIFACT,"Navigation, UI chrome, or page-metadata text; the numeric value is not a chemistry claim at all.",NOT_A_CHEMISTRY_CLAIM
2a47d9d16148407b,programmatic/problems/green-pool-how-much-chlorine.html,"In most pools, you temporarily hold free chlorine above 5 ppm while running filtration until the water clears.",free_chlorine,pool,RANGE,5,ppm,,,CLAIM_FAMILY_GAP,"Green-pool recovery treatment value (""hold FC above 5 ppm""), not routine maintenance.",REQUIRES_EXPERT_REVIEW
c67d5be34e71b587,programmatic/problems/green-pool-how-much-chlorine.html,"In most pools, you temporarily hold free chlorine above 5 ppm while running filtration until the water clears.",free_chlorine,pool,RANGE,5,ppm,,,CONTEXT_MISMATCH,"""Above/exceeds"" threshold phrasing describing a too-high condition, consistent with (not contradicting) the canonical range's own maximum (3).",FALSE_CONFLICT
de705d8159293b1a,reference/alkalinity-table.html,"Sodium Bicarbonate to Raise Alkalinity (1.5 lb raises TA by 10 ppm per 10,000 gal) Pool Volume +10 ppm +20 ppm +30 ppm +40 ppm +50 ppm 8,000 gal 1.2 lb 2.4 lb 3.6 lb 4.8 lb 6.0 lb 10,000 gal 1.5 lb 3.0 lb 4.5 lb 6.0 lb 7.5 lb 12,000 gal 1.8 lb 3.6 lb 5.4 lb 7.2 lb 9.0 lb 15,000 gal 2.25 lb 4.5 lb 6.…",total_alkalinity,pool,RANGE,10,ppm,,,RANGE_MISMATCH,"Value 10-10 ppm does not overlap the canonical range(s) range-ta-public-pool-standard (60-180), range-ta-residential-practical (80-120) and does not match a recognized pattern (product spec / shock scenario / threshold phrasing / formula / nav noise) -- needs individual review.",UNREVIEWED
8112b8024503269d,reference/calcium-hardness-explained.html,"About 12 ounces (340g) per 10,000 gallons raises CH by approximately 10 ppm.",calcium_hardness,unspecified,RULE_OF_THUMB,10,ppm,,,RANGE_MISMATCH,"Value 10-10 ppm does not overlap the canonical range(s) range-ch-public-pool-standard (150-1000), range-ch-residential-practical (200-400) and does not match a recognized pattern (product spec / shock scenario / threshold phrasing / formula / nav noise) -- needs individual review.",UNREVIEWED
04cd53c764f64cca,reference/calcium-hardness-explained.html,The primary way to lower CH is dilution — drain 20–30% of the pool water and replace with lower-hardness water.,calcium_hardness,pool,RANGE,20-30,%,,,UNSUPPORTED_PRODUCTION_CLAIM,"Describes what fraction/percentage of the parameter is in a particular chemical form/state, not a concentration target.",NOT_A_CHEMISTRY_CLAIM
9cd40342c9782263,reference/chlorine-effectiveness-chart.html,"At pH 8.0, only one-fifth is.",ph,unspecified,RANGE,8,ph_units,,,RANGE_MISMATCH,"Value 8-8 ph_units does not overlap the canonical range(s) range-ph-pool-chlorine-routine (7-7.8), range-ph-hottub-chlorine-routine (7-7.8), range-ph-hottub-bromine-routine (7-7.8), range-ph-pool-narrow-operational (7.2-7.6) and does not match a recognized pattern (product spec / shock scenario / threshold phrasing / formula / nav noise) -- needs individual review.",UNREVIEWED
ef7eed0abcb800f0,reference/chlorine-effectiveness-chart.html,HOCl Percentage at Different pH (at 77°F / 25°C) pH % as HOCl (Active) % as OCl- (Inactive) Effective FC at 2 ppm Total FC 6.8 90% 10% 1.80 ppm 7.0 83% 17% 1.66 ppm 7.2 67% 33% 1.34 ppm 7.4 55% 45% 1.10 ppm 7.6 40% 60% 0.80 ppm 7.8 28% 72% 0.56 ppm 8.0 22% 78% 0.44 ppm 8.2 15% 85% 0.30 ppm 8.4 10% 9…,free_chlorine,unspecified,RANGE,90,%,,,EXTRACTION_ARTIFACT,"Intermediate arithmetic step, dosage coefficient, or formula constant in a worked example -- not an asserted target claim.",NOT_A_CHEMISTRY_CLAIM
4af752a8ae63a282,reference/chlorine-effectiveness-chart.html,HOCl Percentage at Different pH (at 77°F / 25°C) pH % as HOCl (Active) % as OCl- (Inactive) Effective FC at 2 ppm Total FC 6.8 90% 10% 1.80 ppm 7.0 83% 17% 1.66 ppm 7.2 67% 33% 1.34 ppm 7.4 55% 45% 1.10 ppm 7.6 40% 60% 0.80 ppm 7.8 28% 72% 0.56 ppm 8.0 22% 78% 0.44 ppm 8.2 15% 85% 0.30 ppm 8.4 10% 9…,free_chlorine,unspecified,RANGE,10,%,,,EXTRACTION_ARTIFACT,"Intermediate arithmetic step, dosage coefficient, or formula constant in a worked example -- not an asserted target claim.",NOT_A_CHEMISTRY_CLAIM
ee0dc42e5474235e,reference/chlorine-effectiveness-chart.html,HOCl Percentage at Different pH (at 77°F / 25°C) pH % as HOCl (Active) % as OCl- (Inactive) Effective FC at 2 ppm Total FC 6.8 90% 10% 1.80 ppm 7.0 83% 17% 1.66 ppm 7.2 67% 33% 1.34 ppm 7.4 55% 45% 1.10 ppm 7.6 40% 60% 0.80 ppm 7.8 28% 72% 0.56 ppm 8.0 22% 78% 0.44 ppm 8.2 15% 85% 0.30 ppm 8.4 10% 9…,free_chlorine,unspecified,RANGE,83,%,,,EXTRACTION_ARTIFACT,"Intermediate arithmetic step, dosage coefficient, or formula constant in a worked example -- not an asserted target claim.",NOT_A_CHEMISTRY_CLAIM
9388ba165eb3050c,reference/chlorine-effectiveness-chart.html,HOCl Percentage at Different pH (at 77°F / 25°C) pH % as HOCl (Active) % as OCl- (Inactive) Effective FC at 2 ppm Total FC 6.8 90% 10% 1.80 ppm 7.0 83% 17% 1.66 ppm 7.2 67% 33% 1.34 ppm 7.4 55% 45% 1.10 ppm 7.6 40% 60% 0.80 ppm 7.8 28% 72% 0.56 ppm 8.0 22% 78% 0.44 ppm 8.2 15% 85% 0.30 ppm 8.4 10% 9…,free_chlorine,unspecified,RANGE,17,%,,,EXTRACTION_ARTIFACT,"Intermediate arithmetic step, dosage coefficient, or formula constant in a worked example -- not an asserted target claim.",NOT_A_CHEMISTRY_CLAIM
b1e3f587793ee9b5,reference/chlorine-effectiveness-chart.html,HOCl Percentage at Different pH (at 77°F / 25°C) pH % as HOCl (Active) % as OCl- (Inactive) Effective FC at 2 ppm Total FC 6.8 90% 10% 1.80 ppm 7.0 83% 17% 1.66 ppm 7.2 67% 33% 1.34 ppm 7.4 55% 45% 1.10 ppm 7.6 40% 60% 0.80 ppm 7.8 28% 72% 0.56 ppm 8.0 22% 78% 0.44 ppm 8.2 15% 85% 0.30 ppm 8.4 10% 9…,free_chlorine,unspecified,RANGE,67,%,,,EXTRACTION_ARTIFACT,"Intermediate arithmetic step, dosage coefficient, or formula constant in a worked example -- not an asserted target claim.",NOT_A_CHEMISTRY_CLAIM
250d68e442db1e20,reference/chlorine-effectiveness-chart.html,HOCl Percentage at Different pH (at 77°F / 25°C) pH % as HOCl (Active) % as OCl- (Inactive) Effective FC at 2 ppm Total FC 6.8 90% 10% 1.80 ppm 7.0 83% 17% 1.66 ppm 7.2 67% 33% 1.34 ppm 7.4 55% 45% 1.10 ppm 7.6 40% 60% 0.80 ppm 7.8 28% 72% 0.56 ppm 8.0 22% 78% 0.44 ppm 8.2 15% 85% 0.30 ppm 8.4 10% 9…,free_chlorine,unspecified,RANGE,33,%,,,EXTRACTION_ARTIFACT,"Intermediate arithmetic step, dosage coefficient, or formula constant in a worked example -- not an asserted target claim.",NOT_A_CHEMISTRY_CLAIM
a952fe6529d6fc0c,reference/chlorine-effectiveness-chart.html,HOCl Percentage at Different pH (at 77°F / 25°C) pH % as HOCl (Active) % as OCl- (Inactive) Effective FC at 2 ppm Total FC 6.8 90% 10% 1.80 ppm 7.0 83% 17% 1.66 ppm 7.2 67% 33% 1.34 ppm 7.4 55% 45% 1.10 ppm 7.6 40% 60% 0.80 ppm 7.8 28% 72% 0.56 ppm 8.0 22% 78% 0.44 ppm 8.2 15% 85% 0.30 ppm 8.4 10% 9…,free_chlorine,unspecified,RANGE,55,%,,,EXTRACTION_ARTIFACT,"Intermediate arithmetic step, dosage coefficient, or formula constant in a worked example -- not an asserted target claim.",NOT_A_CHEMISTRY_CLAIM
a59446632041dd2d,reference/chlorine-effectiveness-chart.html,HOCl Percentage at Different pH (at 77°F / 25°C) pH % as HOCl (Active) % as OCl- (Inactive) Effective FC at 2 ppm Total FC 6.8 90% 10% 1.80 ppm 7.0 83% 17% 1.66 ppm 7.2 67% 33% 1.34 ppm 7.4 55% 45% 1.10 ppm 7.6 40% 60% 0.80 ppm 7.8 28% 72% 0.56 ppm 8.0 22% 78% 0.44 ppm 8.2 15% 85% 0.30 ppm 8.4 10% 9…,free_chlorine,unspecified,RANGE,45,%,,,EXTRACTION_ARTIFACT,"Intermediate arithmetic step, dosage coefficient, or formula constant in a worked example -- not an asserted target claim.",NOT_A_CHEMISTRY_CLAIM
392dd2861cd38ef8,reference/chlorine-effectiveness-chart.html,HOCl Percentage at Different pH (at 77°F / 25°C) pH % as HOCl (Active) % as OCl- (Inactive) Effective FC at 2 ppm Total FC 6.8 90% 10% 1.80 ppm 7.0 83% 17% 1.66 ppm 7.2 67% 33% 1.34 ppm 7.4 55% 45% 1.10 ppm 7.6 40% 60% 0.80 ppm 7.8 28% 72% 0.56 ppm 8.0 22% 78% 0.44 ppm 8.2 15% 85% 0.30 ppm 8.4 10% 9…,free_chlorine,unspecified,RANGE,40,%,,,EXTRACTION_ARTIFACT,"Intermediate arithmetic step, dosage coefficient, or formula constant in a worked example -- not an asserted target claim.",NOT_A_CHEMISTRY_CLAIM
e402cb052f09e8fd,reference/chlorine-effectiveness-chart.html,HOCl Percentage at Different pH (at 77°F / 25°C) pH % as HOCl (Active) % as OCl- (Inactive) Effective FC at 2 ppm Total FC 6.8 90% 10% 1.80 ppm 7.0 83% 17% 1.66 ppm 7.2 67% 33% 1.34 ppm 7.4 55% 45% 1.10 ppm 7.6 40% 60% 0.80 ppm 7.8 28% 72% 0.56 ppm 8.0 22% 78% 0.44 ppm 8.2 15% 85% 0.30 ppm 8.4 10% 9…,free_chlorine,unspecified,RANGE,60,%,,,EXTRACTION_ARTIFACT,"Intermediate arithmetic step, dosage coefficient, or formula constant in a worked example -- not an asserted target claim.",NOT_A_CHEMISTRY_CLAIM
2993e7934d87b66c,reference/chlorine-effectiveness-chart.html,HOCl Percentage at Different pH (at 77°F / 25°C) pH % as HOCl (Active) % as OCl- (Inactive) Effective FC at 2 ppm Total FC 6.8 90% 10% 1.80 ppm 7.0 83% 17% 1.66 ppm 7.2 67% 33% 1.34 ppm 7.4 55% 45% 1.10 ppm 7.6 40% 60% 0.80 ppm 7.8 28% 72% 0.56 ppm 8.0 22% 78% 0.44 ppm 8.2 15% 85% 0.30 ppm 8.4 10% 9…,free_chlorine,unspecified,RANGE,0.8,ppm,,,EXTRACTION_ARTIFACT,"Intermediate arithmetic step, dosage coefficient, or formula constant in a worked example -- not an asserted target claim.",NOT_A_CHEMISTRY_CLAIM
7d599a92176cf0f1,reference/chlorine-effectiveness-chart.html,HOCl Percentage at Different pH (at 77°F / 25°C) pH % as HOCl (Active) % as OCl- (Inactive) Effective FC at 2 ppm Total FC 6.8 90% 10% 1.80 ppm 7.0 83% 17% 1.66 ppm 7.2 67% 33% 1.34 ppm 7.4 55% 45% 1.10 ppm 7.6 40% 60% 0.80 ppm 7.8 28% 72% 0.56 ppm 8.0 22% 78% 0.44 ppm 8.2 15% 85% 0.30 ppm 8.4 10% 9…,free_chlorine,unspecified,RANGE,28,%,,,EXTRACTION_ARTIFACT,"Intermediate arithmetic step, dosage coefficient, or formula constant in a worked example -- not an asserted target claim.",NOT_A_CHEMISTRY_CLAIM
3bdd0787d063e2ca,reference/chlorine-effectiveness-chart.html,HOCl Percentage at Different pH (at 77°F / 25°C) pH % as HOCl (Active) % as OCl- (Inactive) Effective FC at 2 ppm Total FC 6.8 90% 10% 1.80 ppm 7.0 83% 17% 1.66 ppm 7.2 67% 33% 1.34 ppm 7.4 55% 45% 1.10 ppm 7.6 40% 60% 0.80 ppm 7.8 28% 72% 0.56 ppm 8.0 22% 78% 0.44 ppm 8.2 15% 85% 0.30 ppm 8.4 10% 9…,free_chlorine,unspecified,RANGE,72,%,,,EXTRACTION_ARTIFACT,"Intermediate arithmetic step, dosage coefficient, or formula constant in a worked example -- not an asserted target claim.",NOT_A_CHEMISTRY_CLAIM
d418e6ce248710cc,reference/chlorine-effectiveness-chart.html,HOCl Percentage at Different pH (at 77°F / 25°C) pH % as HOCl (Active) % as OCl- (Inactive) Effective FC at 2 ppm Total FC 6.8 90% 10% 1.80 ppm 7.0 83% 17% 1.66 ppm 7.2 67% 33% 1.34 ppm 7.4 55% 45% 1.10 ppm 7.6 40% 60% 0.80 ppm 7.8 28% 72% 0.56 ppm 8.0 22% 78% 0.44 ppm 8.2 15% 85% 0.30 ppm 8.4 10% 9…,free_chlorine,unspecified,RANGE,0.56,ppm,,,EXTRACTION_ARTIFACT,"Intermediate arithmetic step, dosage coefficient, or formula constant in a worked example -- not an asserted target claim.",NOT_A_CHEMISTRY_CLAIM
6c83367950b918df,reference/chlorine-effectiveness-chart.html,HOCl Percentage at Different pH (at 77°F / 25°C) pH % as HOCl (Active) % as OCl- (Inactive) Effective FC at 2 ppm Total FC 6.8 90% 10% 1.80 ppm 7.0 83% 17% 1.66 ppm 7.2 67% 33% 1.34 ppm 7.4 55% 45% 1.10 ppm 7.6 40% 60% 0.80 ppm 7.8 28% 72% 0.56 ppm 8.0 22% 78% 0.44 ppm 8.2 15% 85% 0.30 ppm 8.4 10% 9…,free_chlorine,unspecified,RANGE,22,%,,,EXTRACTION_ARTIFACT,"Intermediate arithmetic step, dosage coefficient, or formula constant in a worked example -- not an asserted target claim.",NOT_A_CHEMISTRY_CLAIM
65e0e02add3f0b73,reference/chlorine-effectiveness-chart.html,HOCl Percentage at Different pH (at 77°F / 25°C) pH % as HOCl (Active) % as OCl- (Inactive) Effective FC at 2 ppm Total FC 6.8 90% 10% 1.80 ppm 7.0 83% 17% 1.66 ppm 7.2 67% 33% 1.34 ppm 7.4 55% 45% 1.10 ppm 7.6 40% 60% 0.80 ppm 7.8 28% 72% 0.56 ppm 8.0 22% 78% 0.44 ppm 8.2 15% 85% 0.30 ppm 8.4 10% 9…,free_chlorine,unspecified,RANGE,78,%,,,EXTRACTION_ARTIFACT,"Intermediate arithmetic step, dosage coefficient, or formula constant in a worked example -- not an asserted target claim.",NOT_A_CHEMISTRY_CLAIM
e126af6753e800e8,reference/chlorine-effectiveness-chart.html,HOCl Percentage at Different pH (at 77°F / 25°C) pH % as HOCl (Active) % as OCl- (Inactive) Effective FC at 2 ppm Total FC 6.8 90% 10% 1.80 ppm 7.0 83% 17% 1.66 ppm 7.2 67% 33% 1.34 ppm 7.4 55% 45% 1.10 ppm 7.6 40% 60% 0.80 ppm 7.8 28% 72% 0.56 ppm 8.0 22% 78% 0.44 ppm 8.2 15% 85% 0.30 ppm 8.4 10% 9…,free_chlorine,unspecified,RANGE,0.44,ppm,,,EXTRACTION_ARTIFACT,"Intermediate arithmetic step, dosage coefficient, or formula constant in a worked example -- not an asserted target claim.",NOT_A_CHEMISTRY_CLAIM
16ec56cae269084e,reference/chlorine-effectiveness-chart.html,HOCl Percentage at Different pH (at 77°F / 25°C) pH % as HOCl (Active) % as OCl- (Inactive) Effective FC at 2 ppm Total FC 6.8 90% 10% 1.80 ppm 7.0 83% 17% 1.66 ppm 7.2 67% 33% 1.34 ppm 7.4 55% 45% 1.10 ppm 7.6 40% 60% 0.80 ppm 7.8 28% 72% 0.56 ppm 8.0 22% 78% 0.44 ppm 8.2 15% 85% 0.30 ppm 8.4 10% 9…,free_chlorine,unspecified,RANGE,15,%,,,EXTRACTION_ARTIFACT,"Intermediate arithmetic step, dosage coefficient, or formula constant in a worked example -- not an asserted target claim.",NOT_A_CHEMISTRY_CLAIM
1ba6ec88b9a623d7,reference/chlorine-effectiveness-chart.html,HOCl Percentage at Different pH (at 77°F / 25°C) pH % as HOCl (Active) % as OCl- (Inactive) Effective FC at 2 ppm Total FC 6.8 90% 10% 1.80 ppm 7.0 83% 17% 1.66 ppm 7.2 67% 33% 1.34 ppm 7.4 55% 45% 1.10 ppm 7.6 40% 60% 0.80 ppm 7.8 28% 72% 0.56 ppm 8.0 22% 78% 0.44 ppm 8.2 15% 85% 0.30 ppm 8.4 10% 9…,free_chlorine,unspecified,RANGE,85,%,,,EXTRACTION_ARTIFACT,"Intermediate arithmetic step, dosage coefficient, or formula constant in a worked example -- not an asserted target claim.",NOT_A_CHEMISTRY_CLAIM
582ef42ce6b96d94,reference/chlorine-effectiveness-chart.html,HOCl Percentage at Different pH (at 77°F / 25°C) pH % as HOCl (Active) % as OCl- (Inactive) Effective FC at 2 ppm Total FC 6.8 90% 10% 1.80 ppm 7.0 83% 17% 1.66 ppm 7.2 67% 33% 1.34 ppm 7.4 55% 45% 1.10 ppm 7.6 40% 60% 0.80 ppm 7.8 28% 72% 0.56 ppm 8.0 22% 78% 0.44 ppm 8.2 15% 85% 0.30 ppm 8.4 10% 9…,free_chlorine,unspecified,RANGE,0.3,ppm,,,EXTRACTION_ARTIFACT,"Intermediate arithmetic step, dosage coefficient, or formula constant in a worked example -- not an asserted target claim.",NOT_A_CHEMISTRY_CLAIM
7d565486d571af9c,reference/chlorine-effectiveness-chart.html,HOCl Percentage at Different pH (at 77°F / 25°C) pH % as HOCl (Active) % as OCl- (Inactive) Effective FC at 2 ppm Total FC 6.8 90% 10% 1.80 ppm 7.0 83% 17% 1.66 ppm 7.2 67% 33% 1.34 ppm 7.4 55% 45% 1.10 ppm 7.6 40% 60% 0.80 ppm 7.8 28% 72% 0.56 ppm 8.0 22% 78% 0.44 ppm 8.2 15% 85% 0.30 ppm 8.4 10% 9…,free_chlorine,unspecified,RANGE,10,%,,,EXTRACTION_ARTIFACT,"Intermediate arithmetic step, dosage coefficient, or formula constant in a worked example -- not an asserted target claim.",NOT_A_CHEMISTRY_CLAIM
c6dd4d69b756aa5a,reference/chlorine-effectiveness-chart.html,"At pH 8.0, you would need 3x the free chlorine to achieve the same active HOCl level as at pH 7.2.",ph,unspecified,RANGE,8,ph_units,,,RANGE_MISMATCH,"Value 8-8 ph_units does not overlap the canonical range(s) range-ph-pool-chlorine-routine (7-7.8), range-ph-hottub-chlorine-routine (7-7.8), range-ph-hottub-bromine-routine (7-7.8), range-ph-pool-narrow-operational (7.2-7.6) and does not match a recognized pattern (product spec / shock scenario / threshold phrasing / formula / nav noise) -- needs individual review.",UNREVIEWED
927da12f59bb9642,reference/chlorine-explained.html,Free chlorine kills bacteria and algae; target 1–3 ppm for pools Combined chlorine above 0.5 ppm causes irritation and odor — shock to eliminate pH dramatically affects chlorine activity: at pH 8.0 only 20% is active Test free chlorine 2–3 times per week during swim season What Is Chlorine Chlorine …,combined_chlorine,pool,RANGE,1-3,ppm,,,CLAIM_FAMILY_GAP,"Value describes a shock/breakpoint-treatment scenario, correctly outside the routine-maintenance range it was checked against -- no numeric shock-treatment range exists in the claim family yet (see SHOCK-CLAIM-FAMILY-DECISION.md).",REQUIRES_EXPERT_REVIEW
6c933f6b56ee0720,reference/chlorine-explained.html,Free chlorine kills bacteria and algae; target 1–3 ppm for pools Combined chlorine above 0.5 ppm causes irritation and odor — shock to eliminate pH dramatically affects chlorine activity: at pH 8.0 only 20% is active Test free chlorine 2–3 times per week during swim season What Is Chlorine Chlorine …,combined_chlorine,pool,RANGE,0.5,ppm,,,CLAIM_FAMILY_GAP,"Value describes a shock/breakpoint-treatment scenario, correctly outside the routine-maintenance range it was checked against -- no numeric shock-treatment range exists in the claim family yet (see SHOCK-CLAIM-FAMILY-DECISION.md).",REQUIRES_EXPERT_REVIEW
edd804bf08c65461,reference/chlorine-explained.html,Free chlorine kills bacteria and algae; target 1–3 ppm for pools Combined chlorine above 0.5 ppm causes irritation and odor — shock to eliminate pH dramatically affects chlorine activity: at pH 8.0 only 20% is active Test free chlorine 2–3 times per week during swim season What Is Chlorine Chlorine …,ph,pool,RANGE,8,ph_units,,,EXTRACTION_ARTIFACT,"Number describes testing/dosing FREQUENCY (""N times per week/day""), not a chemistry-parameter value.",NOT_A_CHEMISTRY_CLAIM
cebf2e791492bbd8,reference/chlorine-explained.html,"Maintaining 1–3 ppm FC prevents illness, keeps water clear, and protects the pool surface and equipment. pH management is equally critical: at pH 7.4, about 60% of FC is in the active HOCl form; at pH 8.0, that drops to under 20%, making high-pH pools dangerous even when chlorine ""levels"" appear nor…",free_chlorine,pool,RANGE,60,%,,,UNSUPPORTED_PRODUCTION_CLAIM,"Describes what fraction/percentage of the parameter is in a particular chemical form/state, not a concentration target.",NOT_A_CHEMISTRY_CLAIM
fe4bb08688e2f938,reference/chlorine-explained.html,"Maintaining 1–3 ppm FC prevents illness, keeps water clear, and protects the pool surface and equipment. pH management is equally critical: at pH 7.4, about 60% of FC is in the active HOCl form; at pH 8.0, that drops to under 20%, making high-pH pools dangerous even when chlorine ""levels"" appear nor…",ph,pool,RANGE,8,ph_units,,,UNSUPPORTED_PRODUCTION_CLAIM,"Describes what fraction/percentage of the parameter is in a particular chemical form/state, not a concentration target.",NOT_A_CHEMISTRY_CLAIM
ad003f0b6653900c,reference/chlorine-explained.html,"When TC exceeds FC by more than 0.5 ppm, you have a chloramine problem requiring shock.",free_chlorine,unspecified,RANGE,0.5,ppm,,,CLAIM_FAMILY_GAP,"Value describes a shock/breakpoint-treatment scenario, correctly outside the routine-maintenance range it was checked against -- no numeric shock-treatment range exists in the claim family yet (see SHOCK-CLAIM-FAMILY-DECISION.md).",REQUIRES_EXPERT_REVIEW
5f089329d072aaec,reference/chlorine-explained.html,"The main causes are UV light (without CYA stabilizer, outdoor pools lose 90% of FC in a few hours), heavy bather load (sweat, oils, and urine consume FC), algae growth (invisible early-stage algae consumes massive amounts of FC overnight), and high pH (above 7.8, chlorine is mostly inactive and effe…",free_chlorine,pool,RANGE,90,%,,,UNSUPPORTED_PRODUCTION_CLAIM,"Describes what fraction/percentage of the parameter is in a particular chemical form/state, not a concentration target.",NOT_A_CHEMISTRY_CLAIM
522f57de8a29d1cd,reference/combined-chlorine-explained.html,Target combined chlorine below 0.5 ppm.,combined_chlorine,unspecified,RANGE,0.5,ppm,,,RANGE_MISMATCH,Value 0.5-0.5 ppm does not overlap the canonical range(s) range-cc-pool-hottub-max (0-0.4) and does not match a recognized pattern (product spec / shock scenario / threshold phrasing / formula / nav noise) -- needs individual review.,UNREVIEWED
a3110234fd856127,reference/combined-chlorine-explained.html,"Combined chlorine (CC) = Total chlorine − Free chlorine; target CC below 0.5 ppm The ""pool smell"" is chloramines, not excess free chlorine — CC is the warning sign CC above 0.5 ppm requires breakpoint chlorination: FC raised to 10× the CC reading Bather hygiene (showering before swimming) dramatical…",combined_chlorine,pool,RANGE,0.5,ppm,,,CLAIM_FAMILY_GAP,"Value describes a shock/breakpoint-treatment scenario, correctly outside the routine-maintenance range it was checked against -- no numeric shock-treatment range exists in the claim family yet (see SHOCK-CLAIM-FAMILY-DECISION.md).",REQUIRES_EXPERT_REVIEW
317e0ea96af98f4f,reference/combined-chlorine-explained.html,"Combined chlorine (CC) = Total chlorine − Free chlorine; target CC below 0.5 ppm The ""pool smell"" is chloramines, not excess free chlorine — CC is the warning sign CC above 0.5 ppm requires breakpoint chlorination: FC raised to 10× the CC reading Bather hygiene (showering before swimming) dramatical…",combined_chlorine,pool,RANGE,0.5,ppm,cdc-mahc-2023,,SOURCE_CONFLICT,Same 0.5-vs-0.4 discrepancy.,SOURCE_CONFLICT_REMAINS
0b2aab5c9b583abf,reference/combined-chlorine-explained.html,Maintaining CC below 0.5 ppm through regular shock treatments is essential for swimmer comfort and water quality.,combined_chlorine,unspecified,RANGE,0.5,ppm,,,CLAIM_FAMILY_GAP,"Value describes a shock/breakpoint-treatment scenario, correctly outside the routine-maintenance range it was checked against -- no numeric shock-treatment range exists in the claim family yet (see SHOCK-CLAIM-FAMILY-DECISION.md).",REQUIRES_EXPERT_REVIEW
5761d997887e64f8,reference/combined-chlorine-explained.html,Ideal Range Parameter Value Notes Combined Chlorine (CC) <0.5 ppm Above 0.5 ppm requires breakpoint shock Free Chlorine (FC) 1–3 ppm FC must substantially exceed CC for proper sanitation Total Chlorine (TC) Equal to FC TC = FC when CC is near zero (ideal state) Symptoms When Too Low Symptom What It …,combined_chlorine,unspecified,RANGE,0.5,ppm,,,CLAIM_FAMILY_GAP,"Value describes a shock/breakpoint-treatment scenario, correctly outside the routine-maintenance range it was checked against -- no numeric shock-treatment range exists in the claim family yet (see SHOCK-CLAIM-FAMILY-DECISION.md).",REQUIRES_EXPERT_REVIEW
f038ffb94112ce93,reference/combined-chlorine-explained.html,Ideal Range Parameter Value Notes Combined Chlorine (CC) <0.5 ppm Above 0.5 ppm requires breakpoint shock Free Chlorine (FC) 1–3 ppm FC must substantially exceed CC for proper sanitation Total Chlorine (TC) Equal to FC TC = FC when CC is near zero (ideal state) Symptoms When Too Low Symptom What It …,combined_chlorine,unspecified,RANGE,0.5,ppm,,,CLAIM_FAMILY_GAP,"Value describes a shock/breakpoint-treatment scenario, correctly outside the routine-maintenance range it was checked against -- no numeric shock-treatment range exists in the claim family yet (see SHOCK-CLAIM-FAMILY-DECISION.md).",REQUIRES_EXPERT_REVIEW
7ed88dd69e5083a4,reference/combined-chlorine-explained.html,Every pool forms some combined chlorine; the goal is to keep it below 0.5 ppm through regular shocking.,shock_treatment,pool,RANGE,0.5,ppm,,,CLAIM_FAMILY_GAP,"Combined-chlorine shock-trigger threshold attributed to shock_treatment parameter; belongs to the CC 0.4/0.5 discrepancy already tracked separately, and to the shock claim-family gap.",REQUIRES_EXPERT_REVIEW
707f09476f049f16,reference/common-pool-chemistry-mistakes.html,Not testing regularly Test chlorine and pH at least 2–3 times per week.,ph,unspecified,RANGE,2-3,ph_units,,,EXTRACTION_ARTIFACT,"Number describes testing/dosing FREQUENCY (""N times per week/day""), not a chemistry-parameter value.",NOT_A_CHEMISTRY_CLAIM
d2df890efcd3800e,reference/cya-matrix.html,CYA above 100 ppm: plan a 40–50% partial drain and refill.,cyanuric_acid,unspecified,RANGE,100,ppm,,,CONTEXT_MISMATCH,"Remediation-action threshold (""above 100 ppm: partial drain""), intentionally above the target range.",FALSE_CONFLICT
085c8ef54030d00c,reference/cyanuric-acid-explained.html,"CYA protects outdoor pool chlorine from UV light; without it, FC is destroyed in hours Ideal range: 30–50 ppm for traditional pools; 60–80 ppm for salt water pools Above 100 ppm causes ""chlorine lock"" — FC is present but largely ineffective CYA does not break down naturally; the only way to lower it…",free_chlorine,pool,RANGE,30-50,ppm,,,CONTEXT_MISMATCH,"""Above/exceeds"" threshold phrasing describing a too-high condition, consistent with (not contradicting) the canonical range's own maximum (3).",FALSE_CONFLICT
5cb2d9b9b60b3f7e,reference/cyanuric-acid-explained.html,"CYA protects outdoor pool chlorine from UV light; without it, FC is destroyed in hours Ideal range: 30–50 ppm for traditional pools; 60–80 ppm for salt water pools Above 100 ppm causes ""chlorine lock"" — FC is present but largely ineffective CYA does not break down naturally; the only way to lower it…",salt,pool,RANGE,60-80,ppm,,,EXTRACTION_ARTIFACT,"Multi-column reference-table structure detected; not individually confirmed, but structurally at elevated risk of column cross-attribution (see TABLE-EXTRACTION-LIMITATION.md) -- quarantined from scientific/provenance decisions pending individual review, not treated as a confirmed value conflict.",REQUIRES_EXPERT_REVIEW
e65f28770bb8b0ad,reference/cyanuric-acid-explained.html,"CYA protects outdoor pool chlorine from UV light; without it, FC is destroyed in hours Ideal range: 30–50 ppm for traditional pools; 60–80 ppm for salt water pools Above 100 ppm causes ""chlorine lock"" — FC is present but largely ineffective CYA does not break down naturally; the only way to lower it…",salt,pool,RANGE,100,ppm,,,EXTRACTION_ARTIFACT,"Multi-column reference-table structure detected; not individually confirmed, but structurally at elevated risk of column cross-attribution (see TABLE-EXTRACTION-LIMITATION.md) -- quarantined from scientific/provenance decisions pending individual review, not treated as a confirmed value conflict.",REQUIRES_EXPERT_REVIEW
9df5e01450668d50,reference/cyanuric-acid-explained.html,"Why It Matters Without CYA, an outdoor pool can lose 75–90% of its free chlorine within 2–4 hours of direct sunlight, making maintenance both expensive and ineffective.",free_chlorine,pool,RANGE,75-90,%,,,UNSUPPORTED_PRODUCTION_CLAIM,"Describes what fraction/percentage of the parameter is in a particular chemical form/state, not a concentration target.",NOT_A_CHEMISTRY_CLAIM
42e25d0a42694846,reference/cyanuric-acid-explained.html,Ideal Range Parameter Value Notes CYA (outdoor pools) 30–50 ppm Below 20 ppm: significant UV loss; above 80 ppm: reduced effectiveness CYA (salt water pools) 60–80 ppm Slightly higher to compensate for continuous SWG output CYA (indoor pools) 0 ppm No UV exposure; CYA unnecessary and may impair sani…,cyanuric_acid,pool,RANGE,20,ppm,,,CONTEXT_MISMATCH,"""Above/exceeds"" threshold phrasing describing a too-high condition, consistent with (not contradicting) the canonical range's own maximum (15).",FALSE_CONFLICT
fd66fe77206c8c26,reference/cyanuric-acid-explained.html,Ideal Range Parameter Value Notes CYA (outdoor pools) 30–50 ppm Below 20 ppm: significant UV loss; above 80 ppm: reduced effectiveness CYA (salt water pools) 60–80 ppm Slightly higher to compensate for continuous SWG output CYA (indoor pools) 0 ppm No UV exposure; CYA unnecessary and may impair sani…,salt,pool,RANGE,60-80,ppm,,,CONTEXT_MISMATCH,"""Below/under"" threshold phrasing describing a too-low condition, consistent with (not contradicting) the canonical range's own minimum (2700).",FALSE_CONFLICT
e16e68553dcf7a0b,reference/cyanuric-acid-explained.html,"Without it, outdoor pools lose up to 90% of FC in a few hours of direct sunlight.",free_chlorine,pool,RANGE,90,%,,,UNSUPPORTED_PRODUCTION_CLAIM,"Describes what fraction/percentage of the parameter is in a particular chemical form/state, not a concentration target.",NOT_A_CHEMISTRY_CLAIM
58f88e8920d4119c,reference/datasets/chemical-properties/index.html,"DPD test kit (free chlorine reagent), digital photometer, ORP probe ppm mg/L HOCl (hypochlorous acid) {""pH7_2"":67,""pH7_4"":54,""pH7_6"":40,""pH8_0"":22} ph cyanuric-acid temperature sunlight bather-load combined-chlorine total-chlorine cyanuric-acid Cool, dry, well-ventilated area.",ph,unspecified,RANGE,8,ph_units,,,EXTRACTION_ARTIFACT,"Intermediate arithmetic step, dosage coefficient, or formula constant in a worked example -- not an asserted target claim.",NOT_A_CHEMISTRY_CLAIM
d07f9ec83f890e7c,reference/datasets/chemical-properties/index.html,"DPD test kit (free chlorine reagent), digital photometer, ORP probe ppm mg/L HOCl (hypochlorous acid) {""pH7_2"":67,""pH7_4"":54,""pH7_6"":40,""pH8_0"":22} ph cyanuric-acid temperature sunlight bather-load combined-chlorine total-chlorine cyanuric-acid Cool, dry, well-ventilated area.",ph,unspecified,RANGE,0,ph_units,,,EXTRACTION_ARTIFACT,"Intermediate arithmetic step, dosage coefficient, or formula constant in a worked example -- not an asserted target claim.",NOT_A_CHEMISTRY_CLAIM
8f41d86dab0a7c92,reference/datasets/chemical-properties/index.html,Very alkaline water (pH > 8.2) reduces chlorine effectiveness. total-alkalinity Total Alkalinity HCO₃⁻ / CO₃²⁻ / OH⁻ alkalinity pH buffer.,ph,unspecified,RANGE,8.2,ph_units,,,EXTRACTION_ARTIFACT,"Intermediate arithmetic step, dosage coefficient, or formula constant in a worked example -- not an asserted target claim.",NOT_A_CHEMISTRY_CLAIM
f40c351ca4ba48e1,reference/datasets/chemical-properties/index.html,"Sulfuric acid titration (TA drop test), DPD combo kit ppm mg/L as CaCO₃ — — muriatic-acid baking-soda aeration co2-offgassing ph-parameter calcium-hardness lsi-parameter N/A — water parameter Low TA causes pH instability.",ph,unspecified,RANGE,2,ph_units,,,RANGE_MISMATCH,"Value 2-2 ph_units does not overlap the canonical range(s) range-ph-pool-chlorine-routine (7-7.8), range-ph-hottub-chlorine-routine (7-7.8), range-ph-hottub-bromine-routine (7-7.8), range-ph-pool-narrow-operational (7.2-7.6) and does not match a recognized pattern (product spec / shock scenario / threshold phrasing / formula / nav noise) -- needs individual review.",UNREVIEWED
2282515c6ceed05a,reference/datasets/chemical-ranges/index.html,"At CYA 50 ppm, minimum FC is 4 ppm per TFPC guidelines. residential-pool-combined-chlorine residential-pool combined-chlorine ppm {""min"":0,""max"":0,""ideal"":0} {""low"":null,""high"":0.5} {""low"":null,""high"":1} Any detectable CC above 0.5 ppm requires breakpoint chlorination (shock at 10x CC level). reside…",combined_chlorine,pool,RANGE,0.5,ppm,,,CLAIM_FAMILY_GAP,"Value describes a shock/breakpoint-treatment scenario, correctly outside the routine-maintenance range it was checked against -- no numeric shock-treatment range exists in the claim family yet (see SHOCK-CLAIM-FAMILY-DECISION.md).",REQUIRES_EXPERT_REVIEW
ebf8f3da28ef491d,reference/datasets/chemical-ranges/index.html,"At pH 8.0, only 22% is active. residential-pool-total-alkalinity residential-pool total-alkalinity ppm {""min"":80,""max"":120,""ideal"":100} {""low"":60,""high"":180} {""low"":40,""high"":240} Adjust TA before pH.",ph,unspecified,RANGE,8,ph_units,,,RANGE_MISMATCH,"Value 8-8 ph_units does not overlap the canonical range(s) range-ph-pool-chlorine-routine (7-7.8), range-ph-hottub-chlorine-routine (7-7.8), range-ph-hottub-bromine-routine (7-7.8), range-ph-pool-narrow-operational (7.2-7.6) and does not match a recognized pattern (product spec / shock scenario / threshold phrasing / formula / nav noise) -- needs individual review.",UNREVIEWED
af519b266378dc98,reference/datasets/chemical-ranges/index.html,"Salt chlorinator output may need adjustment seasonally. saltwater-pool-ph saltwater-pool ph pH {""min"":7.2,""max"":7.6,""ideal"":7.4} {""low"":7,""high"":7.8} {""low"":6.8,""high"":8.2} Salt pools tend to drift high pH due to electrolysis byproducts.",ph,pool,RANGE,6.8,ph_units,,,RANGE_MISMATCH,"Value 6.8-6.8 ph_units does not overlap the canonical range(s) range-ph-pool-chlorine-routine (7-7.8), range-ph-pool-narrow-operational (7.2-7.6) and does not match a recognized pattern (product spec / shock scenario / threshold phrasing / formula / nav noise) -- needs individual review.",UNREVIEWED
d8327a1ebb64744b,reference/datasets/dosage-matrices/index.html,"Dissolves rapidly. — ppm CYA per oz per 10k gal — trichlor-tablets-90pct Trichlor Tablets (90%) trichlor-tablets 90 free-chlorine 1 10000 gallons 1.5 oz (dry) 42.1 residential-pool outdoor-pool 0.6 decrease Slow-dissolving. pH ~2.9, adds acidity over time.",ph,pool,RANGE,2.9,ph_units,,,UNSUPPORTED_PRODUCTION_CLAIM,"Value describes a product/chemical-supply specification (e.g. product concentration, %-by-weight), not a pool/spa water target -- never comparable to a water-chemistry range.",NOT_A_CHEMISTRY_CLAIM
445e945a10b5b5d2,reference/datasets/dosage-matrices/index.html,"Add near return jets. — — — muriatic-acid-31pct-ta Muriatic Acid (31.45%) — Alkalinity Reduction muriatic-acid 31.45 total-alkalinity -10 10000 gallons 13 fl oz — residential-pool saltwater-pool hot-tub commercial-pool indoor-pool outdoor-pool — decrease To lower TA: add acid, allow CO2 to off-gas w…",total_alkalinity,both,RANGE,31.45,%,,,UNSUPPORTED_PRODUCTION_CLAIM,"Muriatic acid product concentration (31.45%) in a dosage-matrix record, not a TA water target.",NOT_A_CHEMISTRY_CLAIM
a33b143b42a29759,reference/datasets/dosage-matrices/index.html,"Multiple treatments may be required. — — — soda-ash-100pct-ph Soda Ash (Sodium Carbonate, 100%) — pH Increase soda-ash 100 ph 0.2 10000 gallons 8 oz (dry) — residential-pool saltwater-pool hot-tub commercial-pool indoor-pool outdoor-pool — increase Approximate.",ph,both,RANGE,0.2,ph_units,,,RANGE_MISMATCH,"Value 0.2-0.2 ph_units does not overlap the canonical range(s) range-ph-pool-chlorine-routine (7-7.8), range-ph-hottub-chlorine-routine (7-7.8), range-ph-hottub-bromine-routine (7-7.8), range-ph-pool-narrow-operational (7.2-7.6) and does not match a recognized pattern (product spec / shock scenario / threshold phrasing / formula / nav noise) -- needs individual review.",UNREVIEWED
dc83b0ecdb3b33b5,reference/datasets/dosage-matrices/index.html,"Add around pool perimeter with pump running. — — 1.5 calcium-chloride-77pct-ch Calcium Chloride (Anhydrous, 77%) — Calcium Hardness Increase calcium-chloride 77 calcium-hardness 10 10000 gallons 27.2 oz (dry) — residential-pool saltwater-pool hot-tub commercial-pool indoor-pool outdoor-pool — none 1…",calcium_hardness,both,RANGE,77,%,,,RANGE_MISMATCH,"Value 77-77 % does not overlap the canonical range(s) range-ch-public-pool-standard (150-1000), range-ch-residential-practical (200-400) and does not match a recognized pattern (product spec / shock scenario / threshold phrasing / formula / nav noise) -- needs individual review.",UNREVIEWED
56479ec52fd0dd78,reference/datasets/testing-frequency/index.html,"Test in morning before peak UV hours.""} {""parameter"":""ph"",""frequency"":""twice-weekly"",""notes"":""Test whenever FC is tested.""} {""parameter"":""combined-chlorine"",""frequency"":""weekly"",""notes"":""If CC > 0.5 ppm, shock immediately.""} {""parameter"":""total-alkalinity"",""frequency"":""monthly"",""notes"":""More frequen…",combined_chlorine,unspecified,RANGE,0.5,ppm,,,CLAIM_FAMILY_GAP,"Value describes a shock/breakpoint-treatment scenario, correctly outside the routine-maintenance range it was checked against -- no numeric shock-treatment range exists in the claim family yet (see SHOCK-CLAIM-FAMILY-DECISION.md).",REQUIRES_EXPERT_REVIEW
b9e83fcf877712e1,reference/emergency-recovery.html,Green Pool Recovery (Algae Bloom) Step 1: Lower pH to 7.2 using muriatic acid — this maximises chlorine activity.,ph,pool,RANGE,1,ph_units,,,EXTRACTION_ARTIFACT,"""1"" is a step/day/test-numbering token (""Step 1"" / ""1)"" / list marker) near an unrelated pH mention elsewhere in the sentence, not a pH reading.",NOT_A_CHEMISTRY_CLAIM
7fd1f87735895be4,reference/emergency-recovery.html,Step 3: Add shock to achieve 30 ppm FC — use the shock calculator for exact dose.,free_chlorine,unspecified,RANGE,30,ppm,,,CLAIM_FAMILY_GAP,"Value describes a shock/breakpoint-treatment scenario, correctly outside the routine-maintenance range it was checked against -- no numeric shock-treatment range exists in the claim family yet (see SHOCK-CLAIM-FAMILY-DECISION.md).",REQUIRES_EXPERT_REVIEW
492eb330067254d3,reference/emergency-recovery.html,Step 2: Adjust pH to 7.2–7.4.,ph,unspecified,RANGE,2,ph_units,,,EXTRACTION_ARTIFACT,"""2"" is a step/day/test-numbering token (""Step 2"" / ""2)"" / list marker) near an unrelated pH mention elsewhere in the sentence, not a pH reading.",NOT_A_CHEMISTRY_CLAIM
ee1c0d09735dd7c6,reference/emergency-recovery.html,Step 3: Shock to 10 ppm FC.,free_chlorine,unspecified,RANGE,10,ppm,,,CLAIM_FAMILY_GAP,"Value describes a shock/breakpoint-treatment scenario, correctly outside the routine-maintenance range it was checked against -- no numeric shock-treatment range exists in the claim family yet (see SHOCK-CLAIM-FAMILY-DECISION.md).",REQUIRES_EXPERT_REVIEW
3907a96f45edc86a,reference/free-chlorine-explained.html,"Ideal Range Parameter Value Notes Free Chlorine (pools) 1–3 ppm Test 2–3 times per week in swim season Free Chlorine (hot tubs) 3–5 ppm Higher due to elevated temperature and bather load pH influence 7.2–7.4 At this pH, ~60–70% of FC is active HOCl Symptoms When Too Low Symptom What It Means Fix Zer…",free_chlorine,both,RANGE,60-70,%,,,UNSUPPORTED_PRODUCTION_CLAIM,"Describes what fraction/percentage of the parameter is in a particular chemical form/state, not a concentration target.",NOT_A_CHEMISTRY_CLAIM
de80cc6444442d42,reference/free-chlorine-explained.html,"When CC rises above 0.5 ppm, breakpoint shock is required.",combined_chlorine,unspecified,RANGE,0.5,ppm,,,CLAIM_FAMILY_GAP,"Value describes a shock/breakpoint-treatment scenario, correctly outside the routine-maintenance range it was checked against -- no numeric shock-treatment range exists in the claim family yet (see SHOCK-CLAIM-FAMILY-DECISION.md).",REQUIRES_EXPERT_REVIEW
bb8619afeb0c8da0,reference/ideal-pool-levels.html,Core Parameters Parameter Minimum Ideal Range Maximum Unit Free Chlorine 1.0 1–3 5 ppm Combined Chlorine 0 0 0.5 ppm pH 7.2 7.2–7.6 7.8 pH units Total Alkalinity 60 80–120 180 ppm Calcium Hardness (plaster) 150 200–400 500 ppm Calcium Hardness (vinyl/fibreglass) 100 150–250 400 ppm Cyanuric Acid (st…,combined_chlorine,unspecified,RANGE,5,ppm,,,EXTRACTION_ARTIFACT,"Intermediate arithmetic step, dosage coefficient, or formula constant in a worked example -- not an asserted target claim.",NOT_A_CHEMISTRY_CLAIM
b74af838b82f4689,reference/ideal-pool-levels.html,Core Parameters Parameter Minimum Ideal Range Maximum Unit Free Chlorine 1.0 1–3 5 ppm Combined Chlorine 0 0 0.5 ppm pH 7.2 7.2–7.6 7.8 pH units Total Alkalinity 60 80–120 180 ppm Calcium Hardness (plaster) 150 200–400 500 ppm Calcium Hardness (vinyl/fibreglass) 100 150–250 400 ppm Cyanuric Acid (st…,ph,unspecified,RANGE,0,ph_units,,,EXTRACTION_ARTIFACT,"Intermediate arithmetic step, dosage coefficient, or formula constant in a worked example -- not an asserted target claim.",NOT_A_CHEMISTRY_CLAIM
4243c9f4ce9faa0b,reference/ideal-pool-levels.html,Core Parameters Parameter Minimum Ideal Range Maximum Unit Free Chlorine 1.0 1–3 5 ppm Combined Chlorine 0 0 0.5 ppm pH 7.2 7.2–7.6 7.8 pH units Total Alkalinity 60 80–120 180 ppm Calcium Hardness (plaster) 150 200–400 500 ppm Calcium Hardness (vinyl/fibreglass) 100 150–250 400 ppm Cyanuric Acid (st…,ph,unspecified,RANGE,0,ph_units,,,EXTRACTION_ARTIFACT,"Intermediate arithmetic step, dosage coefficient, or formula constant in a worked example -- not an asserted target claim.",NOT_A_CHEMISTRY_CLAIM
8dda040cf39fcb54,reference/ideal-pool-levels.html,Core Parameters Parameter Minimum Ideal Range Maximum Unit Free Chlorine 1.0 1–3 5 ppm Combined Chlorine 0 0 0.5 ppm pH 7.2 7.2–7.6 7.8 pH units Total Alkalinity 60 80–120 180 ppm Calcium Hardness (plaster) 150 200–400 500 ppm Calcium Hardness (vinyl/fibreglass) 100 150–250 400 ppm Cyanuric Acid (st…,calcium_hardness,unspecified,RANGE,150200-400500,ppm,,,EXTRACTION_ARTIFACT,"Intermediate arithmetic step, dosage coefficient, or formula constant in a worked example -- not an asserted target claim.",NOT_A_CHEMISTRY_CLAIM
76160aa70a29b464,reference/ideal-pool-levels.html,Core Parameters Parameter Minimum Ideal Range Maximum Unit Free Chlorine 1.0 1–3 5 ppm Combined Chlorine 0 0 0.5 ppm pH 7.2 7.2–7.6 7.8 pH units Total Alkalinity 60 80–120 180 ppm Calcium Hardness (plaster) 150 200–400 500 ppm Calcium Hardness (vinyl/fibreglass) 100 150–250 400 ppm Cyanuric Acid (st…,cyanuric_acid,unspecified,RANGE,100150-250400,ppm,,,EXTRACTION_ARTIFACT,"Intermediate arithmetic step, dosage coefficient, or formula constant in a worked example -- not an asserted target claim.",NOT_A_CHEMISTRY_CLAIM
46c2938f11a6be77,reference/ideal-pool-levels.html,Combined chlorine above 0.5 ppm requires shock treatment.,shock_treatment,unspecified,RANGE,0.5,ppm,,,CLAIM_FAMILY_GAP,"""Combined chlorine above 0.5 ppm requires shock treatment"" -- attributed to shock_treatment parameter; same underlying claim as the CC threshold finding.",REQUIRES_EXPERT_REVIEW
c65671f3c42e4e14,reference/ideal-spa-levels.html,Hot Tub / Spa Parameters Parameter Minimum Ideal Range Maximum Unit Free Chlorine 2.0 3–5 10 ppm Bromine 3.0 3–6 8 ppm Combined Chlorine 0 0 0.5 ppm pH 7.2 7.2–7.8 8.0 pH units Total Alkalinity 60 80–120 150 ppm Calcium Hardness 100 150–250 350 ppm CYA 0 Not required (indoor) 30 ppm TDS over baselin…,bromine,hot_tub,RANGE,10,ppm,,,EXTRACTION_ARTIFACT,"Multi-column reference table (""Free Chlorine 2.0 3-5 10 ppm | Bromine 3.0 3-6 8 ppm""); the value 10 is Free Chlorine's MAXIMUM column, not Bromine's -- table-column cross-attribution, see TABLE-EXTRACTION-LIMITATION.md.",REQUIRES_EXPERT_REVIEW
6de3ad4882e65ff5,reference/ideal-spa-levels.html,Hot Tub / Spa Parameters Parameter Minimum Ideal Range Maximum Unit Free Chlorine 2.0 3–5 10 ppm Bromine 3.0 3–6 8 ppm Combined Chlorine 0 0 0.5 ppm pH 7.2 7.2–7.8 8.0 pH units Total Alkalinity 60 80–120 150 ppm Calcium Hardness 100 150–250 350 ppm CYA 0 Not required (indoor) 30 ppm TDS over baselin…,ph,hot_tub,RANGE,0,ph_units,,,EXTRACTION_ARTIFACT,"Intermediate arithmetic step, dosage coefficient, or formula constant in a worked example -- not an asserted target claim.",NOT_A_CHEMISTRY_CLAIM
bff95c377f68e959,reference/ideal-spa-levels.html,Hot Tub / Spa Parameters Parameter Minimum Ideal Range Maximum Unit Free Chlorine 2.0 3–5 10 ppm Bromine 3.0 3–6 8 ppm Combined Chlorine 0 0 0.5 ppm pH 7.2 7.2–7.8 8.0 pH units Total Alkalinity 60 80–120 150 ppm Calcium Hardness 100 150–250 350 ppm CYA 0 Not required (indoor) 30 ppm TDS over baselin…,ph,hot_tub,RANGE,0,ph_units,,,EXTRACTION_ARTIFACT,"Intermediate arithmetic step, dosage coefficient, or formula constant in a worked example -- not an asserted target claim.",NOT_A_CHEMISTRY_CLAIM
8481d35421ea6392,reference/ideal-spa-levels.html,Hot Tub / Spa Parameters Parameter Minimum Ideal Range Maximum Unit Free Chlorine 2.0 3–5 10 ppm Bromine 3.0 3–6 8 ppm Combined Chlorine 0 0 0.5 ppm pH 7.2 7.2–7.8 8.0 pH units Total Alkalinity 60 80–120 150 ppm Calcium Hardness 100 150–250 350 ppm CYA 0 Not required (indoor) 30 ppm TDS over baselin…,ph,hot_tub,RANGE,8,ph_units,,,EXTRACTION_ARTIFACT,"Intermediate arithmetic step, dosage coefficient, or formula constant in a worked example -- not an asserted target claim.",NOT_A_CHEMISTRY_CLAIM
15eae0f65ef0b469,reference/ideal-spa-levels.html,Hot Tub / Spa Parameters Parameter Minimum Ideal Range Maximum Unit Free Chlorine 2.0 3–5 10 ppm Bromine 3.0 3–6 8 ppm Combined Chlorine 0 0 0.5 ppm pH 7.2 7.2–7.8 8.0 pH units Total Alkalinity 60 80–120 150 ppm Calcium Hardness 100 150–250 350 ppm CYA 0 Not required (indoor) 30 ppm TDS over baselin…,cyanuric_acid,hot_tub,RANGE,30,ppm,,,EXTRACTION_ARTIFACT,"Intermediate arithmetic step, dosage coefficient, or formula constant in a worked example -- not an asserted target claim.",NOT_A_CHEMISTRY_CLAIM
b4e624ff33b50199,reference/ph-table.html,"Muriatic Acid (31.45%) to Lower pH — TA at 80–120 ppm Pool Volume pH 7.8 → 7.4 pH 8.0 → 7.4 pH 8.2 → 7.4 8,000 gal 8 fl oz 16 fl oz 24 fl oz 10,000 gal 10 fl oz 20 fl oz 30 fl oz 12,000 gal 12 fl oz 24 fl oz 36 fl oz 15,000 gal 15 fl oz 30 fl oz 45 fl oz 20,000 gal 20 fl oz 40 fl oz 60 fl oz Sodium …",ph,pool,RANGE,8,ph_units,,,RANGE_MISMATCH,"Value 8-8 ph_units does not overlap the canonical range(s) range-ph-pool-chlorine-routine (7-7.8), range-ph-pool-narrow-operational (7.2-7.6) and does not match a recognized pattern (product spec / shock scenario / threshold phrasing / formula / nav noise) -- needs individual review.",UNREVIEWED
c487151a4894902f,reference/ph-table.html,"Muriatic Acid (31.45%) to Lower pH — TA at 80–120 ppm Pool Volume pH 7.8 → 7.4 pH 8.0 → 7.4 pH 8.2 → 7.4 8,000 gal 8 fl oz 16 fl oz 24 fl oz 10,000 gal 10 fl oz 20 fl oz 30 fl oz 12,000 gal 12 fl oz 24 fl oz 36 fl oz 15,000 gal 15 fl oz 30 fl oz 45 fl oz 20,000 gal 20 fl oz 40 fl oz 60 fl oz Sodium …",ph,pool,RANGE,8.2,ph_units,,,RANGE_MISMATCH,"Value 8.2-8.2 ph_units does not overlap the canonical range(s) range-ph-pool-chlorine-routine (7-7.8), range-ph-pool-narrow-operational (7.2-7.6) and does not match a recognized pattern (product spec / shock scenario / threshold phrasing / formula / nav noise) -- needs individual review.",UNREVIEWED
3e38d7608fe37c76,reference/ph-table.html,"Muriatic Acid (31.45%) to Lower pH — TA at 80–120 ppm Pool Volume pH 7.8 → 7.4 pH 8.0 → 7.4 pH 8.2 → 7.4 8,000 gal 8 fl oz 16 fl oz 24 fl oz 10,000 gal 10 fl oz 20 fl oz 30 fl oz 12,000 gal 12 fl oz 24 fl oz 36 fl oz 15,000 gal 15 fl oz 30 fl oz 45 fl oz 20,000 gal 20 fl oz 40 fl oz 60 fl oz Sodium …",ph,pool,RANGE,8,ph_units,,,RANGE_MISMATCH,"Value 8-8 ph_units does not overlap the canonical range(s) range-ph-pool-chlorine-routine (7-7.8), range-ph-pool-narrow-operational (7.2-7.6) and does not match a recognized pattern (product spec / shock scenario / threshold phrasing / formula / nav noise) -- needs individual review.",UNREVIEWED
5a829d91bd7ebc5b,reference/ph-table.html,"Muriatic Acid (31.45%) to Lower pH — TA at 80–120 ppm Pool Volume pH 7.8 → 7.4 pH 8.0 → 7.4 pH 8.2 → 7.4 8,000 gal 8 fl oz 16 fl oz 24 fl oz 10,000 gal 10 fl oz 20 fl oz 30 fl oz 12,000 gal 12 fl oz 24 fl oz 36 fl oz 15,000 gal 15 fl oz 30 fl oz 45 fl oz 20,000 gal 20 fl oz 40 fl oz 60 fl oz Sodium …",ph,pool,RANGE,10,ph_units,,,RANGE_MISMATCH,"Value 10-10 ph_units does not overlap the canonical range(s) range-ph-pool-chlorine-routine (7-7.8), range-ph-pool-narrow-operational (7.2-7.6) and does not match a recognized pattern (product spec / shock scenario / threshold phrasing / formula / nav noise) -- needs individual review.",UNREVIEWED
88e5700847d5b324,reference/ph-table.html,"Muriatic Acid (31.45%) to Lower pH — TA at 80–120 ppm Pool Volume pH 7.8 → 7.4 pH 8.0 → 7.4 pH 8.2 → 7.4 8,000 gal 8 fl oz 16 fl oz 24 fl oz 10,000 gal 10 fl oz 20 fl oz 30 fl oz 12,000 gal 12 fl oz 24 fl oz 36 fl oz 15,000 gal 15 fl oz 30 fl oz 45 fl oz 20,000 gal 20 fl oz 40 fl oz 60 fl oz Sodium …",ph,pool,RANGE,12,ph_units,,,RANGE_MISMATCH,"Value 12-12 ph_units does not overlap the canonical range(s) range-ph-pool-chlorine-routine (7-7.8), range-ph-pool-narrow-operational (7.2-7.6) and does not match a recognized pattern (product spec / shock scenario / threshold phrasing / formula / nav noise) -- needs individual review.",UNREVIEWED
bca9e28cdc707397,reference/ph-table.html,High alkalinity (above 150 ppm) makes pH much harder to lower — may need 2–3x these doses.,ph,unspecified,RANGE,2-3,ph_units,,,RANGE_MISMATCH,"Value 2-3 ph_units does not overlap the canonical range(s) range-ph-pool-chlorine-routine (7-7.8), range-ph-hottub-chlorine-routine (7-7.8), range-ph-hottub-bromine-routine (7-7.8), range-ph-pool-narrow-operational (7.2-7.6) and does not match a recognized pattern (product spec / shock scenario / threshold phrasing / formula / nav noise) -- needs individual review.",UNREVIEWED
c141fa17fc77c28b,reference/pool-chemicals-explained.html,Related tools Pool Chlorine Calculator Pool pH Calculator Pool Shock Calculator Pool Alkalinity Calculator Pool Chemical Levels Chart Related Pool Chemistry Guides Related in this topic Index Why Shower Before Pool Index — 1 Index — 2 Index — 3 Related topics Does Rain Lower Pool Ph Total Alkalinity…,ph,pool,RANGE,1,ph_units,,,EXTRACTION_ARTIFACT,"Related-guides/index navigation list numbering, not a chemistry claim.",NOT_A_CHEMISTRY_CLAIM
248ba42f46b790b7,reference/pool-chemicals-explained.html,Related tools Pool Chlorine Calculator Pool pH Calculator Pool Shock Calculator Pool Alkalinity Calculator Pool Chemical Levels Chart Related Pool Chemistry Guides Related in this topic Index Why Shower Before Pool Index — 1 Index — 2 Index — 3 Related topics Does Rain Lower Pool Ph Total Alkalinity…,ph,pool,RANGE,2,ph_units,,,EXTRACTION_ARTIFACT,"Related-guides/index navigation list numbering, not a chemistry claim.",NOT_A_CHEMISTRY_CLAIM
f036f0474aeb96b2,reference/pool-chemicals-explained.html,Related tools Pool Chlorine Calculator Pool pH Calculator Pool Shock Calculator Pool Alkalinity Calculator Pool Chemical Levels Chart Related Pool Chemistry Guides Related in this topic Index Why Shower Before Pool Index — 1 Index — 2 Index — 3 Related topics Does Rain Lower Pool Ph Total Alkalinity…,ph,pool,RANGE,3,ph_units,,,EXTRACTION_ARTIFACT,"Related-guides/index navigation list numbering, not a chemistry claim.",NOT_A_CHEMISTRY_CLAIM
6f9dea2602f6d458,reference/pool-chemistry-reference.html,Related: Pool Cyanuric Acid Calculator CYA stabilizer explained High CYA & chlorine lock Shock Treatment Ideal: Routine swim range stays 1–3 ppm; shock raises to roughly 10–30 ppm temporarily per label and situation.,shock_treatment,pool,RULE_OF_THUMB,1-3,ppm,,,CLAIM_FAMILY_GAP,"""Shock raises to roughly 10-30 ppm temporarily"" -- explicit shock-scenario value, not routine.",REQUIRES_EXPERT_REVIEW
2ae3a51b565d2006,reference/salt-water-generator-explained.html,"Ideal Range Parameter Value Notes Salt level 2,700–3,400 ppm Check SWG manufacturer specification; most target ~3,200 ppm Free Chlorine (SWG pools) 1–3 ppm Same target as traditional pools; SWG maintains it continuously CYA (SWG pools) 60–80 ppm Slightly higher than traditional pools to protect gene…",free_chlorine,pool,RANGE,3200,ppm,,,EXTRACTION_ARTIFACT,"Multi-column reference-table structure detected; not individually confirmed, but structurally at elevated risk of column cross-attribution (see TABLE-EXTRACTION-LIMITATION.md) -- quarantined from scientific/provenance decisions pending individual review, not treated as a confirmed value conflict.",REQUIRES_EXPERT_REVIEW
b500e7c121e68ece,reference/shock-dosage-matrix.html,"Cal-Hypo (65%) Shock Dose by Pool Volume Pool Volume Maintenance (10 ppm) Breakpoint CC 1 ppm Breakpoint CC 2 ppm Green Pool (30 ppm) 5,000 gal 0.8 lb 1.25 lb 2.5 lb 2.4 lb 8,000 gal 1.2 lb 2.0 lb 4.0 lb 3.7 lb 10,000 gal 1.5 lb 2.5 lb 5.0 lb 4.6 lb 12,000 gal 1.8 lb 3.0 lb 6.0 lb 5.5 lb 15,000 gal …",combined_chlorine,pool,RANGE,10,ppm,,,CLAIM_FAMILY_GAP,"Value describes a shock/breakpoint-treatment scenario, correctly outside the routine-maintenance range it was checked against -- no numeric shock-treatment range exists in the claim family yet (see SHOCK-CLAIM-FAMILY-DECISION.md).",REQUIRES_EXPERT_REVIEW
11d47827fb7a090f,reference/shock-dosage-matrix.html,"Cal-Hypo (65%) Shock Dose by Pool Volume Pool Volume Maintenance (10 ppm) Breakpoint CC 1 ppm Breakpoint CC 2 ppm Green Pool (30 ppm) 5,000 gal 0.8 lb 1.25 lb 2.5 lb 2.4 lb 8,000 gal 1.2 lb 2.0 lb 4.0 lb 3.7 lb 10,000 gal 1.5 lb 2.5 lb 5.0 lb 4.6 lb 12,000 gal 1.8 lb 3.0 lb 6.0 lb 5.5 lb 15,000 gal …",combined_chlorine,pool,RANGE,1,ppm,,,CLAIM_FAMILY_GAP,"Value describes a shock/breakpoint-treatment scenario, correctly outside the routine-maintenance range it was checked against -- no numeric shock-treatment range exists in the claim family yet (see SHOCK-CLAIM-FAMILY-DECISION.md).",REQUIRES_EXPERT_REVIEW
248766bcbb170afc,reference/shock-dosage-matrix.html,"Cal-Hypo (65%) Shock Dose by Pool Volume Pool Volume Maintenance (10 ppm) Breakpoint CC 1 ppm Breakpoint CC 2 ppm Green Pool (30 ppm) 5,000 gal 0.8 lb 1.25 lb 2.5 lb 2.4 lb 8,000 gal 1.2 lb 2.0 lb 4.0 lb 3.7 lb 10,000 gal 1.5 lb 2.5 lb 5.0 lb 4.6 lb 12,000 gal 1.8 lb 3.0 lb 6.0 lb 5.5 lb 15,000 gal …",combined_chlorine,pool,RANGE,2,ppm,,,EXTRACTION_ARTIFACT,"Shock-dosage matrix table cell (breakpoint CC=2ppm column), not a routine combined-chlorine reading.",NOT_A_CHEMISTRY_CLAIM
cbae4569f8cc7a99,reference/shock-dosage-matrix.html,Green pool dose targets 30 ppm FC.,free_chlorine,pool,RANGE,30,ppm,,,CLAIM_FAMILY_GAP,"Green-pool shock dose target table value (30 ppm), not routine FC.",REQUIRES_EXPERT_REVIEW
0ab2c9f28a2e0e37,reference/shock-treatment-explained.html,"Pool Shock Treatment Explained v2026.07 Quick Answer Shocking a pool means adding enough chlorine to reach breakpoint — typically raising FC to 10 ppm or higher — to oxidize chloramines, kill algae, and clear combined chlorine.",free_chlorine,pool,RULE_OF_THUMB,10,ppm,,,CLAIM_FAMILY_GAP,"Value describes a shock/breakpoint-treatment scenario, correctly outside the routine-maintenance range it was checked against -- no numeric shock-treatment range exists in the claim family yet (see SHOCK-CLAIM-FAMILY-DECISION.md).",REQUIRES_EXPERT_REVIEW
d11ac66898e6769e,reference/shock-treatment-explained.html,Shock raises FC to 10+ ppm to destroy chloramines via breakpoint chlorination Use calcium hypochlorite (65–73%) for outdoor pools; dichlor for hot tubs Always shock at dusk — UV light destroys FC before it can work if added during daylight Wait until FC drops below 5 ppm before swimming — typically …,shock_treatment,pool,RULE_OF_THUMB,65-73,%,,,UNSUPPORTED_PRODUCTION_CLAIM,"Calcium hypochlorite product-strength spec (65-73%), not a shock_treatment water value.",NOT_A_CHEMISTRY_CLAIM
c5157d25acf02fa1,reference/shock-treatment-explained.html,Ideal Range Parameter Value Notes FC during shock (standard) 10–15 ppm For weekly maintenance shock; allows re-entry in 8–24 h FC during shock (algae treatment) 15–30 ppm Double or triple dose; wait 24–48 h before swimming FC after shock (safe to swim) <5 ppm Test before every swimmer re-entry after…,free_chlorine,unspecified,SAFETY_GUIDANCE,10-15,ppm,,,CLAIM_FAMILY_GAP,"Value describes a shock/breakpoint-treatment scenario, correctly outside the routine-maintenance range it was checked against -- no numeric shock-treatment range exists in the claim family yet (see SHOCK-CLAIM-FAMILY-DECISION.md).",REQUIRES_EXPERT_REVIEW
f85df90915bb57f0,reference/shock-treatment-explained.html,"Shocking adds a much larger dose — typically 10 ppm or more — to achieve breakpoint chlorination, which oxidizes chloramines, kills algae, and resets water quality.",shock_treatment,unspecified,RULE_OF_THUMB,10,ppm,,,CLAIM_FAMILY_GAP,"""Typically 10 ppm or more"" explicit shock target.",REQUIRES_EXPERT_REVIEW
e3aea9945788a225,reference/total-alkalinity-explained.html,Ideal Range Parameter Value Notes Total Alkalinity (pools) 80–120 ppm Lower end (80–90 ppm) preferred for pH stability Total Alkalinity (hot tubs) 80–120 ppm Same range; more critical due to smaller water volume Total Alkalinity (salt water pools) 80–120 ppm SWG pools may need slightly lower TA to c…,salt,pool,RANGE,80-120,ppm,,,EXTRACTION_ARTIFACT,"Multi-column reference-table structure detected; not individually confirmed, but structurally at elevated risk of column cross-attribution (see TABLE-EXTRACTION-LIMITATION.md) -- quarantined from scientific/provenance decisions pending individual review, not treated as a confirmed value conflict.",REQUIRES_EXPERT_REVIEW
27b6f2ce18fec06a,reference/total-alkalinity-explained.html,"About 1.4 pounds per 10,000 gallons raises TA by approximately 10 ppm.",total_alkalinity,unspecified,RULE_OF_THUMB,10,ppm,,,RANGE_MISMATCH,"Value 10-10 ppm does not overlap the canonical range(s) range-ta-public-pool-standard (60-180), range-ta-residential-practical (80-120), range-ta-hottub (80-120) and does not match a recognized pattern (product spec / shock scenario / threshold phrasing / formula / nav noise) -- needs individual review.",UNREVIEWED
904b80726917557a,reference/water-balance-checklist.html,Step 6: Adjust pH to 7.2–7.6 if needed.,ph,unspecified,RANGE,6,ph_units,,,EXTRACTION_ARTIFACT,"""6"" is a step/day/test-numbering token (""Step 6"" / ""6)"" / list marker) near an unrelated pH mention elsewhere in the sentence, not a pH reading.",NOT_A_CHEMISTRY_CLAIM
3a08e9bb77078ed5,reference/water-replacement-guidelines.html,"Partial Drain Triggers Parameter Trigger Level Recommended Action CYA Above 80 ppm Partial drain (25–50%) and refill Calcium Hardness Above 500 ppm Partial drain (25–30%) and refill TDS (hot tubs) 1,500 ppm over baseline Complete water change TDS (pools) Above 3,000 ppm (non-salt) Partial drain (25%…",calcium_hardness,unspecified,RANGE,25-30,%,,,RANGE_MISMATCH,"Value 25-30 % does not overlap the canonical range(s) range-ch-public-pool-standard (150-1000), range-ch-residential-practical (200-400) and does not match a recognized pattern (product spec / shock scenario / threshold phrasing / formula / nav noise) -- needs individual review.",UNREVIEWED
3c267722d496be40,reference/water-replacement-guidelines.html,"Partial Drain Triggers Parameter Trigger Level Recommended Action CYA Above 80 ppm Partial drain (25–50%) and refill Calcium Hardness Above 500 ppm Partial drain (25–30%) and refill TDS (hot tubs) 1,500 ppm over baseline Complete water change TDS (pools) Above 3,000 ppm (non-salt) Partial drain (25%…",salt,both,RANGE,1500,ppm,,,RANGE_MISMATCH,"Value 1500-1500 ppm does not overlap the canonical range(s) range-salt-generic-operating (2700-3400), range-salt-pentair (3200-3800), range-salt-autopilot (3600-4400) and does not match a recognized pattern (product spec / shock scenario / threshold phrasing / formula / nav noise) -- needs individual review.",UNREVIEWED
042f33d1e19c4ff0,reference/water-replacement-guidelines.html,"Partial Drain Triggers Parameter Trigger Level Recommended Action CYA Above 80 ppm Partial drain (25–50%) and refill Calcium Hardness Above 500 ppm Partial drain (25–30%) and refill TDS (hot tubs) 1,500 ppm over baseline Complete water change TDS (pools) Above 3,000 ppm (non-salt) Partial drain (25%…",salt,both,RANGE,25,%,,,RANGE_MISMATCH,"Value 25-25 % does not overlap the canonical range(s) range-salt-generic-operating (2700-3400), range-salt-pentair (3200-3800), range-salt-autopilot (3600-4400) and does not match a recognized pattern (product spec / shock scenario / threshold phrasing / formula / nav noise) -- needs individual review.",UNREVIEWED
de867dcca20fd9f0,resources/hot-tub-maintenance-log.html,Print This Page &#8592; All Resources &#10003; Printable &#10003; Free Download &#10003; Letter & A4 Ready &#10003; One Page Preview & Print Date Chlorine (ppm) pH Alkalinity (ppm) Action Taken Notes How to Use This Resource Test water at least 2–3 times per week.,ph,unspecified,RANGE,4,ph_units,,,EXTRACTION_ARTIFACT,"Number describes testing/dosing FREQUENCY (""N times per week/day""), not a chemistry-parameter value.",NOT_A_CHEMISTRY_CLAIM
c16939cf183da1f1,resources/pool-chemical-log-sheet.html,Print This Page &#8592; All Resources &#10003; Printable &#10003; Free Download &#10003; Letter & A4 Ready &#10003; One Page Preview & Print Date Chlorine (ppm) pH Alk (ppm) Added Chlorine Added pH Up/Down Other Notes How to Use This Resource Log readings before and after adding chemicals to see the…,ph,unspecified,RANGE,4,ph_units,,,EXTRACTION_ARTIFACT,"Printable log-sheet column header/template text, not an asserted pH value at all.",NOT_A_CHEMISTRY_CLAIM
2efabcfd1b09a551,resources/pool-closing-checklist.html,Print This Page &#8592; All Resources &#10003; Printable &#10003; Free Download &#10003; Letter & A4 Ready &#10003; One Page Preview & Print Chemistry Balance (1–2 Weeks Before) Shock pool with super-chlorination dose Adjust pH to 7.2–7.6 Adjust total alkalinity to 80–120 ppm Adjust calcium hardness…,ph,pool,RANGE,4,ph_units,,,RANGE_MISMATCH,"Value 4-4 ph_units does not overlap the canonical range(s) range-ph-pool-chlorine-routine (7-7.8), range-ph-pool-narrow-operational (7.2-7.6) and does not match a recognized pattern (product spec / shock scenario / threshold phrasing / formula / nav noise) -- needs individual review.",UNREVIEWED
1e5feca770e62a2a,resources/pool-closing-checklist.html,Print This Page &#8592; All Resources &#10003; Printable &#10003; Free Download &#10003; Letter & A4 Ready &#10003; One Page Preview & Print Chemistry Balance (1–2 Weeks Before) Shock pool with super-chlorination dose Adjust pH to 7.2–7.6 Adjust total alkalinity to 80–120 ppm Adjust calcium hardness…,ph,pool,RANGE,1-2,ph_units,,,RANGE_MISMATCH,"Value 1-2 ph_units does not overlap the canonical range(s) range-ph-pool-chlorine-routine (7-7.8), range-ph-pool-narrow-operational (7.2-7.6) and does not match a recognized pattern (product spec / shock scenario / threshold phrasing / formula / nav noise) -- needs individual review.",UNREVIEWED
303d88fbef65b8b6,resources/pool-closing-checklist.html,Print This Page &#8592; All Resources &#10003; Printable &#10003; Free Download &#10003; Letter & A4 Ready &#10003; One Page Preview & Print Chemistry Balance (1–2 Weeks Before) Shock pool with super-chlorination dose Adjust pH to 7.2–7.6 Adjust total alkalinity to 80–120 ppm Adjust calcium hardness…,calcium_hardness,pool,RANGE,80-120,ppm,,,RANGE_MISMATCH,"Value 80-120 ppm does not overlap the canonical range(s) range-ch-public-pool-standard (150-1000), range-ch-residential-practical (200-400) and does not match a recognized pattern (product spec / shock scenario / threshold phrasing / formula / nav noise) -- needs individual review.",UNREVIEWED
