url,rel,title,h1,page_type,topics,inbound_links,crawl_depth,indexable,redirect_source,robots,canonical,schema_types,citation_block,citation_links,word_count,description_present
/about,about/index.html,About WaterBalanceTools | Albor Digital LLC | WaterBalanceTools,About WaterBalanceTools,about,general,458,1,true,false,"index, follow",https://waterbalancetools.com/about/,BreadcrumbList|ListItem,false,0,227,true
/academy/equipment/automatic-chlorinators,academy/equipment/automatic-chlorinators.html,Automatic Chlorinators | Academy | WaterBalanceTools,Automatic Chlorinators,academy,chlorine|equipment,10,3,true,false,"index, follow",https://waterbalancetools.com/academy/equipment/automatic-chlorinators,Article|Organization|BreadcrumbList|ListItem,false,0,727,true
/academy/equipment,academy/equipment/index.html,Equipment | Academy | WaterBalanceTools,Equipment,academy,equipment,7,2,true,false,"index, follow",https://waterbalancetools.com/academy/equipment,BreadcrumbList|ListItem,false,0,219,true
/academy/equipment/pool-filters,academy/equipment/pool-filters.html,Pool Filters: How They Work | Academy | WaterBalanceTools,Pool Filters: How They Work,academy,equipment,17,3,true,false,"index, follow",https://waterbalancetools.com/academy/equipment/pool-filters,Article|Organization|BreadcrumbList|ListItem,false,0,750,true
/academy/equipment/pool-pumps,academy/equipment/pool-pumps.html,Pool Pumps: Sizing and Turnover | Academy | WaterBalanceTools,Pool Pumps: Sizing and Turnover,academy,pool-volume|equipment,17,3,true,false,"index, follow",https://waterbalancetools.com/academy/equipment/pool-pumps,Article|Organization|BreadcrumbList|ListItem,false,0,680,true
/academy/equipment/pool-skimmers,academy/equipment/pool-skimmers.html,Pool Skimmers | Academy | WaterBalanceTools,Pool Skimmers,academy,equipment,9,3,true,false,"index, follow",https://waterbalancetools.com/academy/equipment/pool-skimmers,Article|Organization|BreadcrumbList|ListItem,false,0,753,true
/academy/equipment/salt-systems,academy/equipment/salt-systems.html,Salt Chlorinator Systems | Academy | WaterBalanceTools,Salt Chlorinator Systems,academy,chlorine|equipment,13,3,true,false,"index, follow",https://waterbalancetools.com/academy/equipment/salt-systems,Article|Organization|BreadcrumbList|ListItem,false,0,776,true
/academy/equipment/sand-vs-cartridge-filters,academy/equipment/sand-vs-cartridge-filters.html,Sand Filters vs. Cartridge Filters | Academy | WaterBalanceTools,Sand Filters vs. Cartridge Filters,academy,equipment,15,3,true,false,"index, follow",https://waterbalancetools.com/academy/equipment/sand-vs-cartridge-filters,Article|Organization|BreadcrumbList|ListItem,false,0,707,true
/academy/fundamentals/how-temperature-changes-water-chemistry,academy/fundamentals/how-temperature-changes-water-chemistry.html,How Temperature Changes Water Chemistry | Academy | WaterBalanceTools,How Temperature Changes Water Chemistry,academy,chlorine|ph|water-temperature|water-balance,13,3,true,false,"index, follow",https://waterbalancetools.com/academy/fundamentals/how-temperature-changes-water-chemistry,Article|Organization|BreadcrumbList|ListItem,false,0,661,true
/academy/fundamentals/how-water-balance-works,academy/fundamentals/how-water-balance-works.html,How Water Balance Works | Academy | WaterBalanceTools,How Water Balance Works,academy,water-balance|equipment,18,3,true,false,"index, follow",https://waterbalancetools.com/academy/fundamentals/how-water-balance-works,Article|Organization|BreadcrumbList|ListItem,false,0,670,true
/academy/fundamentals,academy/fundamentals/index.html,Fundamentals | Academy | WaterBalanceTools,Fundamentals,academy,general,9,2,true,false,"index, follow",https://waterbalancetools.com/academy/fundamentals,BreadcrumbList|ListItem,false,0,311,true
/academy/fundamentals/indoor-pool-chemistry,academy/fundamentals/indoor-pool-chemistry.html,Indoor Pool Chemistry | Academy | WaterBalanceTools,Indoor Pool Chemistry,academy,ph|cyanuric-acid|indoor-pools,10,3,true,false,"index, follow",https://waterbalancetools.com/academy/fundamentals/indoor-pool-chemistry,Article|Organization|BreadcrumbList|ListItem,false,0,977,true
/academy/fundamentals/new-pool-startup-chemistry,academy/fundamentals/new-pool-startup-chemistry.html,New Pool Startup Chemistry (Fresh Fill & New Plaster) | Academy | WaterBalanceTools,New Pool Startup Chemistry (Fresh Fill &amp; New Plaster),academy,equipment,10,3,true,false,"index, follow",https://waterbalancetools.com/academy/fundamentals/new-pool-startup-chemistry,Article|Organization|BreadcrumbList|ListItem,false,0,1063,true
/academy/fundamentals/pool-vs-hot-tub-chemistry,academy/fundamentals/pool-vs-hot-tub-chemistry.html,Pool vs. Hot Tub Chemistry | Academy | WaterBalanceTools,Pool vs. Hot Tub Chemistry,academy,hot-tub-chemistry|testing,15,3,true,false,"index, follow",https://waterbalancetools.com/academy/fundamentals/pool-vs-hot-tub-chemistry,Article|Organization|BreadcrumbList|ListItem,false,0,698,true
/academy/fundamentals/the-four-core-water-tests,academy/fundamentals/the-four-core-water-tests.html,The Four Core Water Tests | Academy | WaterBalanceTools,The Four Core Water Tests,academy,general,19,3,true,false,"index, follow",https://waterbalancetools.com/academy/fundamentals/the-four-core-water-tests,Article|Organization|BreadcrumbList|ListItem,false,0,682,true
/academy/fundamentals/understanding-pool-water-chemistry,academy/fundamentals/understanding-pool-water-chemistry.html,Understanding Pool Water Chemistry | Academy | WaterBalanceTools,Understanding Pool Water Chemistry,academy,general,20,3,true,false,"index, follow",https://waterbalancetools.com/academy/fundamentals/understanding-pool-water-chemistry,Article|Organization|BreadcrumbList|ListItem,false,0,700,true
/academy/fundamentals/why-water-testing-matters,academy/fundamentals/why-water-testing-matters.html,Why Water Testing Matters | Academy | WaterBalanceTools,Why Water Testing Matters,academy,testing,11,3,true,false,"index, follow",https://waterbalancetools.com/academy/fundamentals/why-water-testing-matters,Article|Organization|BreadcrumbList|ListItem,false,0,657,true
/academy/hot-tubs/daily-spa-maintenance,academy/hot-tubs/daily-spa-maintenance.html,Daily Spa Maintenance | Academy | WaterBalanceTools,Daily Spa Maintenance,academy,hot-tub-chemistry|troubleshooting,12,3,true,false,"index, follow",https://waterbalancetools.com/academy/hot-tubs/daily-spa-maintenance,Article|Organization|BreadcrumbList|ListItem,false,0,675,true
/academy/hot-tubs,academy/hot-tubs/index.html,Hot Tubs &amp; Spas | Academy | WaterBalanceTools,Hot Tubs &amp; Spas,academy,hot-tub-chemistry,7,2,true,false,"index, follow",https://waterbalancetools.com/academy/hot-tubs,BreadcrumbList|ListItem,false,0,229,true
/academy/hot-tubs/monthly-spa-maintenance,academy/hot-tubs/monthly-spa-maintenance.html,Monthly Spa Maintenance | Academy | WaterBalanceTools,Monthly Spa Maintenance,academy,hot-tub-chemistry|equipment,9,3,true,false,"index, follow",https://waterbalancetools.com/academy/hot-tubs/monthly-spa-maintenance,Article|Organization|BreadcrumbList|ListItem,false,0,697,true
/academy/hot-tubs/refilling-your-hot-tub,academy/hot-tubs/refilling-your-hot-tub.html,Refilling Your Hot Tub | Academy | WaterBalanceTools,Refilling Your Hot Tub,academy,hot-tub-chemistry,15,3,true,false,"index, follow",https://waterbalancetools.com/academy/hot-tubs/refilling-your-hot-tub,Article|Organization|BreadcrumbList|ListItem,false,0,793,true
/academy/hot-tubs/shock-after-heavy-use,academy/hot-tubs/shock-after-heavy-use.html,Shocking a Hot Tub After Heavy Use | Academy | WaterBalanceTools,Shocking a Hot Tub After Heavy Use,academy,chlorine|shock|hot-tub-chemistry,10,3,true,false,"index, follow",https://waterbalancetools.com/academy/hot-tubs/shock-after-heavy-use,Article|Organization|BreadcrumbList|ListItem,false,0,743,true
/academy/hot-tubs/weekly-spa-maintenance,academy/hot-tubs/weekly-spa-maintenance.html,Weekly Spa Maintenance | Academy | WaterBalanceTools,Weekly Spa Maintenance,academy,hot-tub-chemistry|testing|equipment,12,3,true,false,"index, follow",https://waterbalancetools.com/academy/hot-tubs/weekly-spa-maintenance,Article|Organization|BreadcrumbList|ListItem,false,0,701,true
/academy/hot-tubs/winter-spa-care,academy/hot-tubs/winter-spa-care.html,Winter Spa Care | Academy | WaterBalanceTools,Winter Spa Care,academy,hot-tub-chemistry|seasonal-maintenance,13,3,true,false,"index, follow",https://waterbalancetools.com/academy/hot-tubs/winter-spa-care,Article|Organization|BreadcrumbList|ListItem,false,0,793,true
/academy,academy/index.html,Pool &amp; Hot Tub Chemistry Academy | WaterBalanceTools,Pool &amp; Hot Tub Chemistry Academy,academy,chlorine|ph|alkalinity|troubleshooting,458,1,true,false,"index, follow",https://waterbalancetools.com/academy,BreadcrumbList|ListItem,false,0,153,true
/academy/sanitizers/breakpoint-chlorination,academy/sanitizers/breakpoint-chlorination.html,Breakpoint Chlorination | Academy | WaterBalanceTools,Breakpoint Chlorination,academy,chlorine|sanitizer,18,3,true,false,"index, follow",https://waterbalancetools.com/academy/sanitizers/breakpoint-chlorination,Article|Organization|BreadcrumbList|ListItem,false,0,726,true
/academy/sanitizers/bromine-vs-chlorine,academy/sanitizers/bromine-vs-chlorine.html,Bromine vs. Chlorine | Academy | WaterBalanceTools,Bromine vs. Chlorine,academy,chlorine|ph|bromine|sanitizer,12,3,true,false,"index, follow",https://waterbalancetools.com/academy/sanitizers/bromine-vs-chlorine,Article|Organization|BreadcrumbList|ListItem,false,0,708,true
/academy/sanitizers/combined-chlorine-explained,academy/sanitizers/combined-chlorine-explained.html,Combined Chlorine Explained | Academy | WaterBalanceTools,Combined Chlorine Explained,academy,chlorine|sanitizer|troubleshooting,17,3,true,false,"index, follow",https://waterbalancetools.com/academy/sanitizers/combined-chlorine-explained,Article|Organization|BreadcrumbList|ListItem,false,0,656,true
/academy/sanitizers,academy/sanitizers/index.html,Sanitizers | Academy | WaterBalanceTools,Sanitizers,academy,chlorine|bromine|sanitizer,7,2,true,false,"index, follow",https://waterbalancetools.com/academy/sanitizers,BreadcrumbList|ListItem,false,0,230,true
/academy/sanitizers/liquid-chlorine-vs-tablets,academy/sanitizers/liquid-chlorine-vs-tablets.html,Liquid Chlorine vs. Tablets | Academy | WaterBalanceTools,Liquid Chlorine vs. Tablets,academy,chlorine|sanitizer,19,3,true,false,"index, follow",https://waterbalancetools.com/academy/sanitizers/liquid-chlorine-vs-tablets,Article|Organization|BreadcrumbList|ListItem,false,0,701,true
/academy/sanitizers/shock-treatments-explained,academy/sanitizers/shock-treatments-explained.html,Shock Treatments Explained | Academy | WaterBalanceTools,Shock Treatments Explained,academy,shock|sanitizer,31,3,true,false,"index, follow",https://waterbalancetools.com/academy/sanitizers/shock-treatments-explained,Article|Organization|BreadcrumbList|ListItem,false,0,674,true
/academy/sanitizers/understanding-free-chlorine,academy/sanitizers/understanding-free-chlorine.html,Understanding Free Chlorine | Academy | WaterBalanceTools,Understanding Free Chlorine,academy,chlorine|ph|sanitizer,18,3,true,false,"index, follow",https://waterbalancetools.com/academy/sanitizers/understanding-free-chlorine,Article|Organization|BreadcrumbList|ListItem,false,0,684,true
/academy/testing/common-testing-mistakes,academy/testing/common-testing-mistakes.html,Common Pool Water Testing Mistakes | Academy | WaterBalanceTools,Common Pool Water Testing Mistakes,academy,troubleshooting|testing,9,3,true,false,"index, follow",https://waterbalancetools.com/academy/testing/common-testing-mistakes,Article|Organization|BreadcrumbList|ListItem,false,0,680,true
/academy/testing/digital-pool-testers,academy/testing/digital-pool-testers.html,Digital Pool Testers | Academy | WaterBalanceTools,Digital Pool Testers,academy,ph|testing,9,3,true,false,"index, follow",https://waterbalancetools.com/academy/testing/digital-pool-testers,Article|Organization|BreadcrumbList|ListItem,false,0,637,true
/academy/testing/how-often-to-test-water,academy/testing/how-often-to-test-water.html,How Often to Test Pool Water | Academy | WaterBalanceTools,How Often to Test Pool Water,academy,testing,10,3,true,false,"index, follow",https://waterbalancetools.com/academy/testing/how-often-to-test-water,Article|Organization|BreadcrumbList|ListItem,false,0,642,true
/academy/testing,academy/testing/index.html,Testing | Academy | WaterBalanceTools,Testing,academy,testing,7,2,true,false,"index, follow",https://waterbalancetools.com/academy/testing,BreadcrumbList|ListItem,false,0,216,true
/academy/testing/understanding-test-results,academy/testing/understanding-test-results.html,Understanding Test Results | Academy | WaterBalanceTools,Understanding Test Results,academy,testing,12,3,true,false,"index, follow",https://waterbalancetools.com/academy/testing/understanding-test-results,Article|Organization|BreadcrumbList|ListItem,false,0,727,true
/academy/testing/using-liquid-test-kits,academy/testing/using-liquid-test-kits.html,Using Liquid Test Kits | Academy | WaterBalanceTools,Using Liquid Test Kits,academy,testing,15,3,true,false,"index, follow",https://waterbalancetools.com/academy/testing/using-liquid-test-kits,Article|Organization|BreadcrumbList|ListItem,false,0,672,true
/academy/testing/using-test-strips,academy/testing/using-test-strips.html,Using Test Strips | Academy | WaterBalanceTools,Using Test Strips,academy,testing,9,3,true,false,"index, follow",https://waterbalancetools.com/academy/testing/using-test-strips,Article|Organization|BreadcrumbList|ListItem,false,0,666,true
/academy/troubleshooting/cloudy-water,academy/troubleshooting/cloudy-water.html,Cloudy Pool Water: Causes and Solutions | Academy | WaterBalanceTools,Cloudy Pool Water: Causes and Solutions,academy,troubleshooting,13,3,true,false,"index, follow",https://waterbalancetools.com/academy/troubleshooting/cloudy-water,Article|Organization|BreadcrumbList|ListItem,false,0,776,true
/academy/troubleshooting/corrosion,academy/troubleshooting/corrosion.html,Pool Corrosion: Causes and Prevention | Academy | WaterBalanceTools,Pool Corrosion: Causes and Prevention,academy,troubleshooting,19,3,true,false,"index, follow",https://waterbalancetools.com/academy/troubleshooting/corrosion,Article|Organization|BreadcrumbList|ListItem,false,0,764,true
/academy/troubleshooting/foaming-hot-tubs,academy/troubleshooting/foaming-hot-tubs.html,Foaming Hot Tubs: Causes and Solutions | Academy | WaterBalanceTools,Foaming Hot Tubs: Causes and Solutions,academy,hot-tub-chemistry|troubleshooting,9,3,true,false,"index, follow",https://waterbalancetools.com/academy/troubleshooting/foaming-hot-tubs,Article|Organization|BreadcrumbList|ListItem,false,0,702,true
/academy/troubleshooting/green-water,academy/troubleshooting/green-water.html,Green Pool Water: How to Fix It | Academy | WaterBalanceTools,Green Pool Water: How to Fix It,academy,algae|troubleshooting,21,3,true,false,"index, follow",https://waterbalancetools.com/academy/troubleshooting/green-water,Article|Organization|BreadcrumbList|ListItem,false,0,847,true
/academy/troubleshooting,academy/troubleshooting/index.html,Troubleshooting | Academy | WaterBalanceTools,Troubleshooting,academy,algae|troubleshooting,7,2,true,false,"index, follow",https://waterbalancetools.com/academy/troubleshooting,BreadcrumbList|ListItem,false,0,235,true
/academy/troubleshooting/scaling,academy/troubleshooting/scaling.html,Pool Scaling: Causes and Prevention | Academy | WaterBalanceTools,Pool Scaling: Causes and Prevention,academy,troubleshooting,17,3,true,false,"index, follow",https://waterbalancetools.com/academy/troubleshooting/scaling,Article|Organization|BreadcrumbList|ListItem,false,0,759,true
/academy/troubleshooting/strong-chlorine-smell,academy/troubleshooting/strong-chlorine-smell.html,Strong Chlorine Smell: What It Really Means | Academy | WaterBalanceTools,Strong Chlorine Smell: What It Really Means,academy,chlorine|troubleshooting,13,3,true,false,"index, follow",https://waterbalancetools.com/academy/troubleshooting/strong-chlorine-smell,Article|Organization|BreadcrumbList|ListItem,false,0,762,true
/academy/vacation-rentals/chemical-log-sheets,academy/vacation-rentals/chemical-log-sheets.html,Chemical Log Sheets for Vacation Rentals | Academy | WaterBalanceTools,Chemical Log Sheets for Vacation Rentals,academy,general,11,3,true,false,"index, follow",https://waterbalancetools.com/academy/vacation-rentals/chemical-log-sheets,Article|Organization|BreadcrumbList|ListItem,false,0,768,true
/academy/vacation-rentals/emergency-water-recovery,academy/vacation-rentals/emergency-water-recovery.html,Emergency Water Recovery for Vacation Rentals | Academy | WaterBalanceTools,Emergency Water Recovery for Vacation Rentals,academy,general,11,3,true,false,"index, follow",https://waterbalancetools.com/academy/vacation-rentals/emergency-water-recovery,Article|Organization|BreadcrumbList|ListItem,false,0,840,true
/academy/vacation-rentals/guest-safety,academy/vacation-rentals/guest-safety.html,Pool Guest Safety for Vacation Rentals | Academy | WaterBalanceTools,Pool Guest Safety for Vacation Rentals,academy,equipment,12,3,true,false,"index, follow",https://waterbalancetools.com/academy/vacation-rentals/guest-safety,Article|Organization|BreadcrumbList|ListItem,false,0,723,true
/academy/vacation-rentals,academy/vacation-rentals/index.html,Vacation Rentals | Academy | WaterBalanceTools,Vacation Rentals,academy,general,7,2,true,false,"index, follow",https://waterbalancetools.com/academy/vacation-rentals,BreadcrumbList|ListItem,false,0,230,true
/academy/vacation-rentals/maintenance-schedule,academy/vacation-rentals/maintenance-schedule.html,Pool Maintenance Schedule for Vacation Rentals | Academy | WaterBalanceTools,Pool Maintenance Schedule for Vacation Rentals,academy,seasonal-maintenance,10,3,true,false,"index, follow",https://waterbalancetools.com/academy/vacation-rentals/maintenance-schedule,Article|Organization|BreadcrumbList|ListItem,false,0,676,true
/academy/vacation-rentals/turnover-checklist,academy/vacation-rentals/turnover-checklist.html,Pool Turnover Checklist for Vacation Rentals | Academy | WaterBalanceTools,Pool Turnover Checklist for Vacation Rentals,academy,general,10,3,true,false,"index, follow",https://waterbalancetools.com/academy/vacation-rentals/turnover-checklist,Article|Organization|BreadcrumbList|ListItem,false,0,734,true
/academy/vacation-rentals/weekly-inspection,academy/vacation-rentals/weekly-inspection.html,Weekly Pool Inspection for Vacation Rentals | Academy | WaterBalanceTools,Weekly Pool Inspection for Vacation Rentals,academy,troubleshooting|equipment,9,3,true,false,"index, follow",https://waterbalancetools.com/academy/vacation-rentals/weekly-inspection,Article|Organization|BreadcrumbList|ListItem,false,0,712,true
/academy/water-balance,academy/water-balance/index.html,Water Balance | Academy | WaterBalanceTools,Water Balance,academy,ph|alkalinity|cyanuric-acid|water-balance,7,2,true,false,"index, follow",https://waterbalancetools.com/academy/water-balance,BreadcrumbList|ListItem,false,0,221,true
/academy/water-balance/understanding-calcium-hardness,academy/water-balance/understanding-calcium-hardness.html,Understanding Calcium Hardness | Academy | WaterBalanceTools,Understanding Calcium Hardness,academy,calcium-hardness|equipment,19,3,true,false,"index, follow",https://waterbalancetools.com/academy/water-balance/understanding-calcium-hardness,Article|Organization|BreadcrumbList|ListItem,false,0,700,true
/academy/water-balance/understanding-cyanuric-acid,academy/water-balance/understanding-cyanuric-acid.html,Understanding Cyanuric Acid | Academy | WaterBalanceTools,Understanding Cyanuric Acid,academy,cyanuric-acid,21,3,true,false,"index, follow",https://waterbalancetools.com/academy/water-balance/understanding-cyanuric-acid,Article|Organization|BreadcrumbList|ListItem,false,0,750,true
/academy/water-balance/understanding-lsi,academy/water-balance/understanding-lsi.html,Understanding the Langelier Saturation Index | Academy | WaterBalanceTools,Understanding the Langelier Saturation Index,academy,water-balance,18,3,true,false,"index, follow",https://waterbalancetools.com/academy/water-balance/understanding-lsi,Article|Organization|BreadcrumbList|ListItem,false,0,731,true
/academy/water-balance/understanding-ph,academy/water-balance/understanding-ph.html,Understanding pH in Pool Water | Academy | WaterBalanceTools,Understanding pH in Pool Water,academy,ph,25,3,true,false,"index, follow",https://waterbalancetools.com/academy/water-balance/understanding-ph,Article|Organization|BreadcrumbList|ListItem,false,0,726,true
/academy/water-balance/understanding-total-alkalinity,academy/water-balance/understanding-total-alkalinity.html,Understanding Total Alkalinity | Academy | WaterBalanceTools,Understanding Total Alkalinity,academy,ph|alkalinity,16,3,true,false,"index, follow",https://waterbalancetools.com/academy/water-balance/understanding-total-alkalinity,Article|Organization|BreadcrumbList|ListItem,false,0,711,true
/academy/water-balance/water-balance-order,academy/water-balance/water-balance-order.html,Water Balance Order: The Correct Sequence | Academy | WaterBalanceTools,Water Balance Order: The Correct Sequence,academy,troubleshooting|water-balance,17,3,true,false,"index, follow",https://waterbalancetools.com/academy/water-balance/water-balance-order,Article|Organization|BreadcrumbList|ListItem,false,0,722,true
/all-pages,all-pages.html,All Pool Chemistry Pages | WaterBalanceTools,All Pool Chemistry Pages,root,general,462,1,true,false,"index, follow",https://waterbalancetools.com/all-pages,BreadcrumbList|ListItem,false,0,737,true
/calculators/chemical-calculator,calculators/chemical-calculator.html,Pool Chemical Calculator (Exact Levels Fast) | WaterBalanceTools,Pool & Hot Tub Chemical Calculator,calculators,chlorine|ph|alkalinity|pool-volume,463,1,true,false,"index, follow",https://waterbalancetools.com/calculators/chemical-calculator,WebApplication|Offer|BreadcrumbList|ListItem,true,4,897,true
/calculators/hot-tub-chlorine-calculator,calculators/hot-tub-chlorine-calculator.html,Hot Tub Chlorine Calculator (30-Second Check) | WaterBalanceTools,Hot Tub Chlorine Calculator,calculators,chlorine|sanitizer|pool-volume|hot-tub-chemistry|testing|equipment,85,1,true,false,"index, follow",https://waterbalancetools.com/calculators/hot-tub-chlorine-calculator,WebApplication|Offer|BreadcrumbList|ListItem,true,1,725,true
/calculators/hot-tub-ph-calculator,calculators/hot-tub-ph-calculator.html,Hot Tub pH Calculator | WaterBalanceTools,Hot Tub pH Calculator,calculators,ph|pool-volume|hot-tub-chemistry,86,1,true,false,"index, follow",https://waterbalancetools.com/calculators/hot-tub-ph-calculator,WebApplication|Offer|BreadcrumbList|ListItem,false,0,310,true
/calculators/hot-tub-shock-calculator,calculators/hot-tub-shock-calculator.html,Hot Tub Shock Calculator | WaterBalanceTools,Hot Tub Shock Calculator,calculators,shock|pool-volume|hot-tub-chemistry,63,1,true,false,"index, follow",https://waterbalancetools.com/calculators/hot-tub-shock-calculator,WebApplication|Offer|BreadcrumbList|ListItem,false,0,352,true
/calculators,calculators/index.html,Calculators Hub | WaterBalanceTools,Calculators Hub,calculators,general,36,1,true,false,"index, follow",https://waterbalancetools.com/calculators,BreadcrumbList|ListItem|CollectionPage|ItemList|WebSite,false,0,551,true
/calculators/pool-alkalinity-calculator,calculators/pool-alkalinity-calculator.html,Pool Alkalinity Calculator | WaterBalanceTools,Pool Alkalinity Calculator,calculators,alkalinity|pool-volume,99,1,true,false,"index, follow",https://waterbalancetools.com/calculators/pool-alkalinity-calculator,WebApplication|Offer|BreadcrumbList|ListItem,false,0,329,true
/calculators/pool-chlorine-calculator,calculators/pool-chlorine-calculator.html,Pool Chlorine Calculator (Oz by Volume) | WaterBalanceTools,Pool Chlorine Calculator,calculators,chlorine|ph|alkalinity|pool-volume,465,1,true,false,"index, follow",https://waterbalancetools.com/calculators/pool-chlorine-calculator,WebApplication|Offer|FAQPage|Question|Answer|BreadcrumbList|ListItem,true,2,481,true
/calculators/pool-cyanuric-acid-calculator,calculators/pool-cyanuric-acid-calculator.html,Pool Cyanuric Acid Calculator | WaterBalanceTools,Pool Cyanuric Acid Calculator,calculators,cyanuric-acid|pool-volume,80,1,true,false,"index, follow",https://waterbalancetools.com/calculators/pool-cyanuric-acid-calculator,WebApplication|Offer|BreadcrumbList|ListItem,false,0,358,true
/calculators/pool-ph-calculator,calculators/pool-ph-calculator.html,Pool pH Calculator (Target 7.2–7.6) | WaterBalanceTools,Pool pH Calculator,calculators,chlorine|ph|equipment,464,1,true,false,"index, follow",https://waterbalancetools.com/calculators/pool-ph-calculator,WebApplication|Offer|BreadcrumbList|ListItem,true,1,666,true
/calculators/pool-shock-calculator,calculators/pool-shock-calculator.html,Pool Shock Calculator (10–30 ppm Dose) | WaterBalanceTools,Pool Shock Calculator,calculators,chlorine|ph|alkalinity|shock|pool-volume,464,1,true,false,"index, follow",https://waterbalancetools.com/calculators/pool-shock-calculator,WebApplication|Offer|BreadcrumbList|ListItem,false,0,676,true
/calculators/pool-turnover-rate-calculator,calculators/pool-turnover-rate-calculator.html,Pool Turnover Rate Calculator | WaterBalanceTools,Pool Turnover Rate Calculator,calculators,pool-volume|equipment,33,2,true,false,"index, follow",https://waterbalancetools.com/calculators/pool-turnover-rate-calculator,WebApplication|Offer|BreadcrumbList|ListItem,false,0,336,true
/calculators/pool-volume-calculator,calculators/pool-volume-calculator.html,Pool Volume Calculator (calculators) | WaterBalanceTools,Pool Volume Calculator,calculators,pool-volume,463,1,true,false,"index, follow",https://waterbalancetools.com/calculators/pool-volume-calculator,WebApplication|Offer|BreadcrumbList|ListItem,false,0,348,true
/calculators/saltwater-pool-salt-calculator,calculators/saltwater-pool-salt-calculator.html,Saltwater Pool Salt Calculator | WaterBalanceTools,Saltwater Pool Salt Calculator,calculators,salt|pool-volume,33,2,true,false,"index, follow",https://waterbalancetools.com/calculators/saltwater-pool-salt-calculator,WebApplication|Offer|BreadcrumbList|ListItem,false,0,350,true
/calculators/spa-volume-calculator,calculators/spa-volume-calculator.html,Spa Volume Calculator | WaterBalanceTools,Spa Volume Calculator,calculators,pool-volume|hot-tub-chemistry,27,2,true,false,"index, follow",https://waterbalancetools.com/calculators/spa-volume-calculator,WebApplication|Offer|BreadcrumbList|ListItem,false,0,323,true
/charts,charts/index.html,Charts Hub | WaterBalanceTools,Charts Hub,charts,hot-tub-chemistry,2,4,true,false,"index, follow",https://waterbalancetools.com/charts,BreadcrumbList|ListItem|CollectionPage|ItemList|WebSite,false,0,243,true
/charts/pool-water-balance-chart,charts/pool-water-balance-chart.html,Pool Water Balance Chart | WaterBalanceTools,Pool Water Balance Chart,charts,chlorine|ph|alkalinity|water-balance,10,3,true,false,"index, follow",https://waterbalancetools.com/charts/pool-water-balance-chart,BreadcrumbList|ListItem,false,0,163,true
/comparisons/chlorine-vs-bromine-hot-tub,comparisons/chlorine-vs-bromine-hot-tub.html,Chlorine vs Bromine for Hot Tubs | WaterBalanceTools,Chlorine vs Bromine for Hot Tubs,comparisons,chlorine|bromine|sanitizer|hot-tub-chemistry,10,2,true,false,"index, follow",https://waterbalancetools.com/comparisons/chlorine-vs-bromine-hot-tub,BreadcrumbList|ListItem,false,0,215,true
/comparisons/chlorine-vs-bromine,comparisons/chlorine-vs-bromine.html,Chlorine vs Bromine: Which Is Better for Your Pool? | WaterBalanceTools,Chlorine vs Bromine: Which Is Better for Your Pool?,comparisons,chlorine|bromine|water-temperature,8,2,true,false,"index, follow",https://waterbalancetools.com/comparisons/chlorine-vs-bromine,BreadcrumbList|ListItem,false,0,658,true
/comparisons/free-chlorine-vs-total-chlorine,comparisons/free-chlorine-vs-total-chlorine.html,Free Chlorine vs Total Chlorine: What's the Difference? | WaterBalanceTools,Free Chlorine vs Total Chlorine: What's the Difference?,comparisons,chlorine,5,2,true,false,"index, follow",https://waterbalancetools.com/comparisons/free-chlorine-vs-total-chlorine,BreadcrumbList|ListItem,false,0,709,true
/comparisons,comparisons/index.html,Comparisons Hub | WaterBalanceTools,Comparisons Hub,comparisons,general,7,3,true,false,"index, follow",https://waterbalancetools.com/comparisons,BreadcrumbList|ListItem|CollectionPage|ItemList|WebSite,false,0,544,true
/comparisons/liquid-chlorine-vs-tablets,comparisons/liquid-chlorine-vs-tablets.html,Liquid Chlorine vs Chlorine Tablets: Which Is Better? | WaterBalanceTools,Liquid Chlorine vs Chlorine Tablets: Which Is Better?,comparisons,chlorine|ph|cyanuric-acid|salt,5,2,true,false,"index, follow",https://waterbalancetools.com/comparisons/liquid-chlorine-vs-tablets,BreadcrumbList|ListItem,false,0,726,true
/comparisons/pool-shock-vs-chlorine,comparisons/pool-shock-vs-chlorine.html,Pool Shock vs Chlorine: What's the Difference? | WaterBalanceTools,Pool Shock vs Chlorine: What's the Difference?,comparisons,chlorine|shock,10,2,true,false,"index, follow",https://waterbalancetools.com/comparisons/pool-shock-vs-chlorine,BreadcrumbList|ListItem,false,0,648,true
/comparisons/salt-water-pool-vs-chlorine-pool,comparisons/salt-water-pool-vs-chlorine-pool.html,Salt Water Pool vs Chlorine Pool: Full Comparison | WaterBalanceTools,Salt Water Pool vs Chlorine Pool: Full Comparison,comparisons,chlorine|ph|salt,10,2,true,false,"index, follow",https://waterbalancetools.com/comparisons/salt-water-pool-vs-chlorine-pool,BreadcrumbList|ListItem,false,0,710,true
/comparisons/saltwater-pool-vs-chlorine,comparisons/saltwater-pool-vs-chlorine.html,Saltwater Pool vs Chlorine Pool | WaterBalanceTools,Saltwater Pool vs Chlorine Pool,comparisons,chlorine|salt,8,2,true,false,"index, follow",https://waterbalancetools.com/comparisons/saltwater-pool-vs-chlorine,BreadcrumbList|ListItem,false,0,247,true
/editorial/content-standards,editorial/content-standards/index.html,Content Standards | WaterBalanceTools,Content Standards,editorial,general,1,5,true,false,"index, follow",https://waterbalancetools.com/editorial/content-standards/,BreadcrumbList|ListItem|WebPage,false,0,271,true
/editorial/correction-policy,editorial/correction-policy/index.html,Correction Policy | WaterBalanceTools,Correction Policy,editorial,general,2,3,true,false,"index, follow",https://waterbalancetools.com/editorial/correction-policy/,BreadcrumbList|ListItem|WebPage,false,0,262,true
/editorial/editorial-policy,editorial/editorial-policy/index.html,Editorial Policy | WaterBalanceTools,Editorial Policy,editorial,general,23,3,true,false,"index, follow",https://waterbalancetools.com/editorial/editorial-policy/,BreadcrumbList|ListItem|WebPage,false,0,373,true
/editorial,editorial/index.html,Editorial Framework | WaterBalanceTools,Editorial Framework,editorial,general,6,4,true,false,"index, follow",https://waterbalancetools.com/editorial/,BreadcrumbList|ListItem|WebPage,false,0,129,true
/editorial/review-process,editorial/review-process/index.html,Review Process | WaterBalanceTools,Review Process,editorial,general,1,5,true,false,"index, follow",https://waterbalancetools.com/editorial/review-process/,BreadcrumbList|ListItem|WebPage,false,0,286,true
/editorial/update-policy,editorial/update-policy/index.html,Update Policy | WaterBalanceTools,Update Policy,editorial,general,2,3,true,false,"index, follow",https://waterbalancetools.com/editorial/update-policy/,BreadcrumbList|ListItem|WebPage,false,0,256,true
/entities/algae,entities/algae.html,Algae | WaterBalanceTools,Algae,entities,chlorine|algae,33,2,true,false,"index, follow",https://waterbalancetools.com/entities/algae,DefinedTerm|DefinedTermSet|BreadcrumbList|ListItem,false,0,278,true
/entities/alkalinity,entities/alkalinity.html,Total Alkalinity | WaterBalanceTools,Total Alkalinity,entities,ph|alkalinity,50,2,true,false,"index, follow",https://waterbalancetools.com/entities/alkalinity,DefinedTerm|DefinedTermSet|BreadcrumbList|ListItem,false,0,384,true
/entities/automatic-chlorinator,entities/automatic-chlorinator.html,Automatic Chlorinator | WaterBalanceTools,Automatic Chlorinator,entities,chlorine,24,2,true,false,"index, follow",https://waterbalancetools.com/entities/automatic-chlorinator,DefinedTerm|DefinedTermSet|BreadcrumbList|ListItem,false,0,234,true
/entities/backwashing,entities/backwashing.html,Backwashing | WaterBalanceTools,Backwashing,entities,equipment,25,2,true,false,"index, follow",https://waterbalancetools.com/entities/backwashing,DefinedTerm|DefinedTermSet|BreadcrumbList|ListItem,false,0,292,true
/entities/baking-soda,entities/baking-soda.html,Baking Soda | WaterBalanceTools,Baking Soda,entities,alkalinity,20,2,true,false,"index, follow",https://waterbalancetools.com/entities/baking-soda,DefinedTerm|DefinedTermSet|BreadcrumbList|ListItem,false,0,237,true
/entities/balancing,entities/balancing.html,Water Balancing | WaterBalanceTools,Water Balancing,entities,water-balance,53,2,true,false,"index, follow",https://waterbalancetools.com/entities/balancing,DefinedTerm|DefinedTermSet|BreadcrumbList|ListItem,false,0,337,true
/entities/biguanide,entities/biguanide.html,Biguanide | WaterBalanceTools,Biguanide,entities,chlorine|sanitizer,22,2,true,false,"index, follow",https://waterbalancetools.com/entities/biguanide,DefinedTerm|DefinedTermSet|BreadcrumbList|ListItem,false,0,180,true
/entities/breakpoint-chlorination,entities/breakpoint-chlorination.html,Breakpoint Chlorination | WaterBalanceTools,Breakpoint Chlorination,entities,chlorine,34,2,true,false,"index, follow",https://waterbalancetools.com/entities/breakpoint-chlorination,DefinedTerm|DefinedTermSet|BreadcrumbList|ListItem,false,0,283,true
/entities/bromine,entities/bromine.html,Bromine | WaterBalanceTools,Bromine,entities,ph|bromine|sanitizer|water-temperature,21,2,true,false,"index, follow",https://waterbalancetools.com/entities/bromine,DefinedTerm|DefinedTermSet|BreadcrumbList|ListItem,false,0,261,true
/entities/calcium-chloride,entities/calcium-chloride.html,Calcium Chloride | WaterBalanceTools,Calcium Chloride,entities,calcium-hardness,17,2,true,false,"index, follow",https://waterbalancetools.com/entities/calcium-chloride,DefinedTerm|DefinedTermSet|BreadcrumbList|ListItem,false,0,215,true
/entities/calcium-hardness,entities/calcium-hardness.html,Calcium Hardness | WaterBalanceTools,Calcium Hardness,entities,calcium-hardness,30,3,true,false,"index, follow",https://waterbalancetools.com/entities/calcium-hardness,DefinedTerm|DefinedTermSet|BreadcrumbList|ListItem,false,0,409,true
/entities/calcium-hypochlorite,entities/calcium-hypochlorite.html,Calcium Hypochlorite | WaterBalanceTools,Calcium Hypochlorite,entities,chlorine|shock,9,3,true,false,"index, follow",https://waterbalancetools.com/entities/calcium-hypochlorite,DefinedTerm|DefinedTermSet|BreadcrumbList|ListItem,false,0,267,true
/entities/cartridge-filter,entities/cartridge-filter.html,Cartridge Filter | WaterBalanceTools,Cartridge Filter,entities,equipment,9,3,true,false,"index, follow",https://waterbalancetools.com/entities/cartridge-filter,DefinedTerm|DefinedTermSet|BreadcrumbList|ListItem,false,0,239,true
/entities/cdc,entities/cdc.html,CDC | WaterBalanceTools,CDC,entities,general,5,3,true,false,"index, follow",https://waterbalancetools.com/entities/cdc,DefinedTerm|DefinedTermSet|BreadcrumbList|ListItem,false,0,138,true
/entities/chemical-feeder,entities/chemical-feeder.html,Chemical Feeder | WaterBalanceTools,Chemical Feeder,entities,general,1,3,true,false,"index, follow",https://waterbalancetools.com/entities/chemical-feeder,DefinedTerm|DefinedTermSet|BreadcrumbList|ListItem,false,0,170,true
/entities/chemical-log,entities/chemical-log.html,Pool Chemical Log Sheet | WaterBalanceTools,Pool Chemical Log Sheet,entities,general,3,3,true,false,"index, follow",https://waterbalancetools.com/entities/chemical-log,DefinedTerm|DefinedTermSet|BreadcrumbList|ListItem,false,0,180,true
/entities/closing-checklist,entities/closing-checklist.html,Pool Closing Checklist | WaterBalanceTools,Pool Closing Checklist,entities,seasonal-maintenance,2,3,true,false,"index, follow",https://waterbalancetools.com/entities/closing-checklist,DefinedTerm|DefinedTermSet|BreadcrumbList|ListItem,false,0,142,true
/entities/cloudy-water,entities/cloudy-water.html,Cloudy Water | WaterBalanceTools,Cloudy Water,entities,troubleshooting,6,3,true,false,"index, follow",https://waterbalancetools.com/entities/cloudy-water,DefinedTerm|DefinedTermSet|BreadcrumbList|ListItem,false,0,294,true
/entities/combined-chlorine,entities/combined-chlorine.html,Combined Chlorine | WaterBalanceTools,Combined Chlorine,entities,chlorine,22,3,true,false,"index, follow",https://waterbalancetools.com/entities/combined-chlorine,DefinedTerm|DefinedTermSet|BreadcrumbList|ListItem,false,0,335,true
/entities/commercial-pool,entities/commercial-pool.html,Commercial Pool | WaterBalanceTools,Commercial Pool,entities,general,1,3,true,false,"index, follow",https://waterbalancetools.com/entities/commercial-pool,DefinedTerm|DefinedTermSet|BreadcrumbList|ListItem,false,0,259,true
/entities/concrete-pool,entities/concrete-pool.html,Concrete Pool | WaterBalanceTools,Concrete Pool,entities,calcium-hardness|equipment,7,3,true,false,"index, follow",https://waterbalancetools.com/entities/concrete-pool,DefinedTerm|DefinedTermSet|BreadcrumbList|ListItem,false,0,237,true
/entities/copper,entities/copper.html,Copper | WaterBalanceTools,Copper,entities,algae|equipment,5,3,true,false,"index, follow",https://waterbalancetools.com/entities/copper,DefinedTerm|DefinedTermSet|BreadcrumbList|ListItem,false,0,197,true
/entities/corrosion,entities/corrosion.html,Corrosion | WaterBalanceTools,Corrosion,entities,water-balance|equipment,18,3,true,false,"index, follow",https://waterbalancetools.com/entities/corrosion,DefinedTerm|DefinedTermSet|BreadcrumbList|ListItem,false,0,331,true
/entities/cover,entities/cover.html,Pool Cover | WaterBalanceTools,Pool Cover,entities,water-temperature|equipment,3,3,true,false,"index, follow",https://waterbalancetools.com/entities/cover,DefinedTerm|DefinedTermSet|BreadcrumbList|ListItem,false,0,225,true
/entities/cyanuric-acid,entities/cyanuric-acid.html,Cyanuric Acid | WaterBalanceTools,Cyanuric Acid,entities,chlorine|cyanuric-acid,25,3,true,false,"index, follow",https://waterbalancetools.com/entities/cyanuric-acid,DefinedTerm|DefinedTermSet|BreadcrumbList|ListItem,false,0,330,true
/entities/de-filter,entities/de-filter.html,DE Filter | WaterBalanceTools,DE Filter,entities,equipment,11,3,true,false,"index, follow",https://waterbalancetools.com/entities/de-filter,DefinedTerm|DefinedTermSet|BreadcrumbList|ListItem,false,0,270,true
/entities/emergency-reference,entities/emergency-reference.html,Emergency Recovery Reference | WaterBalanceTools,Emergency Recovery Reference,entities,hot-tub-chemistry,3,3,true,false,"index, follow",https://waterbalancetools.com/entities/emergency-reference,DefinedTerm|DefinedTermSet|BreadcrumbList|ListItem,false,0,192,true
/entities/epa,entities/epa.html,EPA | WaterBalanceTools,EPA,entities,general,2,3,true,false,"index, follow",https://waterbalancetools.com/entities/epa,DefinedTerm|DefinedTermSet|BreadcrumbList|ListItem,false,0,127,true
/entities/eye-irritation,entities/eye-irritation.html,Eye Irritation | WaterBalanceTools,Eye Irritation,entities,ph,6,3,true,false,"index, follow",https://waterbalancetools.com/entities/eye-irritation,DefinedTerm|DefinedTermSet|BreadcrumbList|ListItem,false,0,211,true
/entities/fiberglass-pool,entities/fiberglass-pool.html,Fiberglass Pool | WaterBalanceTools,Fiberglass Pool,entities,general,3,3,true,false,"index, follow",https://waterbalancetools.com/entities/fiberglass-pool,DefinedTerm|DefinedTermSet|BreadcrumbList|ListItem,false,0,193,true
/entities/filtration,entities/filtration.html,Filtration | WaterBalanceTools,Filtration,entities,general,23,3,true,false,"index, follow",https://waterbalancetools.com/entities/filtration,DefinedTerm|DefinedTermSet|BreadcrumbList|ListItem,false,0,350,true
/entities/flow-rate,entities/flow-rate.html,Flow Rate | WaterBalanceTools,Flow Rate,entities,pool-volume|equipment,8,3,true,false,"index, follow",https://waterbalancetools.com/entities/flow-rate,DefinedTerm|DefinedTermSet|BreadcrumbList|ListItem,false,0,290,true
/entities/foaming,entities/foaming.html,Foaming | WaterBalanceTools,Foaming,entities,algae|hot-tub-chemistry,1,3,true,false,"index, follow",https://waterbalancetools.com/entities/foaming,DefinedTerm|DefinedTermSet|BreadcrumbList|ListItem,false,0,207,true
/entities/free-chlorine,entities/free-chlorine.html,Free Chlorine | WaterBalanceTools,Free Chlorine,entities,chlorine,66,3,true,false,"index, follow",https://waterbalancetools.com/entities/free-chlorine,DefinedTerm|DefinedTermSet|BreadcrumbList|ListItem,false,0,455,true
/entities/gallons,entities/gallons.html,Gallons | WaterBalanceTools,Gallons,entities,pool-volume,8,3,true,false,"index, follow",https://waterbalancetools.com/entities/gallons,DefinedTerm|DefinedTermSet|BreadcrumbList|ListItem,false,0,208,true
/entities/green-water,entities/green-water.html,Green Water | WaterBalanceTools,Green Water,entities,chlorine|algae,10,3,true,false,"index, follow",https://waterbalancetools.com/entities/green-water,DefinedTerm|DefinedTermSet|BreadcrumbList|ListItem,true,1,306,true
/entities/heater,entities/heater.html,Pool Heater | WaterBalanceTools,Pool Heater,entities,water-temperature|equipment,1,3,true,false,"index, follow",https://waterbalancetools.com/entities/heater,DefinedTerm|DefinedTermSet|BreadcrumbList|ListItem,false,0,216,true
/entities/high-chlorine,entities/high-chlorine.html,High Chlorine | WaterBalanceTools,High Chlorine,entities,chlorine,3,3,true,false,"index, follow",https://waterbalancetools.com/entities/high-chlorine,DefinedTerm|DefinedTermSet|BreadcrumbList|ListItem,false,0,205,true
/entities/high-ph,entities/high-ph.html,High pH | WaterBalanceTools,High pH,entities,chlorine|ph,8,3,true,false,"index, follow",https://waterbalancetools.com/entities/high-ph,DefinedTerm|DefinedTermSet|BreadcrumbList|ListItem,false,0,303,true
/entities/hot-tub,entities/hot-tub.html,Hot Tub | WaterBalanceTools,Hot Tub,entities,pool-volume|hot-tub-chemistry,22,3,true,false,"index, follow",https://waterbalancetools.com/entities/hot-tub,DefinedTerm|DefinedTermSet|BreadcrumbList|ListItem,false,0,368,true
/entities/hydrogen-peroxide,entities/hydrogen-peroxide.html,Hydrogen Peroxide | WaterBalanceTools,Hydrogen Peroxide,entities,chlorine,6,3,true,false,"index, follow",https://waterbalancetools.com/entities/hydrogen-peroxide,DefinedTerm|DefinedTermSet|BreadcrumbList|ListItem,false,0,190,true
/entities,entities/index.html,Entity Graph — Pool Chemistry Knowledge Base | WaterBalanceTools,Pool Chemistry Entity Graph,entities,troubleshooting|equipment,125,2,true,false,"index, follow",https://waterbalancetools.com/entities,CollectionPage|DefinedTerm|BreadcrumbList|ListItem,false,0,1656,true
/entities/indoor-pool,entities/indoor-pool.html,Indoor Pool | WaterBalanceTools,Indoor Pool,entities,cyanuric-acid|indoor-pools,3,3,true,false,"index, follow",https://waterbalancetools.com/entities/indoor-pool,DefinedTerm|DefinedTermSet|BreadcrumbList|ListItem,false,0,199,true
/entities/iron,entities/iron.html,Iron | WaterBalanceTools,Iron,entities,general,5,3,true,false,"index, follow",https://waterbalancetools.com/entities/iron,DefinedTerm|DefinedTermSet|BreadcrumbList|ListItem,false,0,192,true
/entities/lamotte,entities/lamotte.html,LaMotte | WaterBalanceTools,LaMotte,entities,hot-tub-chemistry|testing|equipment,5,3,true,false,"index, follow",https://waterbalancetools.com/entities/lamotte,DefinedTerm|DefinedTermSet|BreadcrumbList|ListItem,false,0,125,true
/entities/liquid-chlorine,entities/liquid-chlorine.html,Liquid Chlorine | WaterBalanceTools,Liquid Chlorine,entities,chlorine|sanitizer,9,3,true,false,"index, follow",https://waterbalancetools.com/entities/liquid-chlorine,DefinedTerm|DefinedTermSet|BreadcrumbList|ListItem,false,0,236,true
/entities/liters,entities/liters.html,Liters | WaterBalanceTools,Liters,entities,pool-volume,2,3,true,false,"index, follow",https://waterbalancetools.com/entities/liters,DefinedTerm|DefinedTermSet|BreadcrumbList|ListItem,false,0,160,true
/entities/low-chlorine,entities/low-chlorine.html,Low Chlorine | WaterBalanceTools,Low Chlorine,entities,chlorine|cyanuric-acid,8,3,true,false,"index, follow",https://waterbalancetools.com/entities/low-chlorine,DefinedTerm|DefinedTermSet|BreadcrumbList|ListItem,false,0,287,true
/entities/low-ph,entities/low-ph.html,Low pH | WaterBalanceTools,Low pH,entities,ph|equipment,6,3,true,false,"index, follow",https://waterbalancetools.com/entities/low-ph,DefinedTerm|DefinedTermSet|BreadcrumbList|ListItem,false,0,269,true
/entities/lsi,entities/lsi.html,Langelier Saturation Index | WaterBalanceTools,Langelier Saturation Index,entities,water-balance,35,3,true,false,"index, follow",https://waterbalancetools.com/entities/lsi,DefinedTerm|DefinedTermSet|BreadcrumbList|ListItem,false,0,376,true
/entities/maintenance-checklist,entities/maintenance-checklist.html,Pool Maintenance Checklist | WaterBalanceTools,Pool Maintenance Checklist,entities,testing,3,3,true,false,"index, follow",https://waterbalancetools.com/entities/maintenance-checklist,DefinedTerm|DefinedTermSet|BreadcrumbList|ListItem,false,0,194,true
/entities/maintenance-log,entities/maintenance-log.html,Hot Tub Maintenance Log | WaterBalanceTools,Hot Tub Maintenance Log,entities,hot-tub-chemistry,2,3,true,false,"index, follow",https://waterbalancetools.com/entities/maintenance-log,DefinedTerm|DefinedTermSet|BreadcrumbList|ListItem,false,0,173,true
/entities/manganese,entities/manganese.html,Manganese | WaterBalanceTools,Manganese,entities,general,1,3,true,false,"index, follow",https://waterbalancetools.com/entities/manganese,DefinedTerm|DefinedTermSet|BreadcrumbList|ListItem,false,0,168,true
/entities/muriatic-acid,entities/muriatic-acid.html,Muriatic Acid | WaterBalanceTools,Muriatic Acid,entities,ph|alkalinity,11,3,true,false,"index, follow",https://waterbalancetools.com/entities/muriatic-acid,DefinedTerm|DefinedTermSet|BreadcrumbList|ListItem,false,0,302,true
/entities/nsf,entities/nsf.html,NSF International | WaterBalanceTools,NSF International,entities,hot-tub-chemistry|equipment,2,3,true,false,"index, follow",https://waterbalancetools.com/entities/nsf,DefinedTerm|DefinedTermSet|BreadcrumbList|ListItem,false,0,119,true
/entities/opening-checklist,entities/opening-checklist.html,Pool Opening Checklist | WaterBalanceTools,Pool Opening Checklist,entities,seasonal-maintenance,2,3,true,false,"index, follow",https://waterbalancetools.com/entities/opening-checklist,DefinedTerm|DefinedTermSet|BreadcrumbList|ListItem,false,0,153,true
/entities/orp,entities/orp.html,ORP | WaterBalanceTools,ORP,entities,general,5,3,true,false,"index, follow",https://waterbalancetools.com/entities/orp,DefinedTerm|DefinedTermSet|BreadcrumbList|ListItem,false,0,204,true
/entities/outdoor-pool,entities/outdoor-pool.html,Outdoor Pool | WaterBalanceTools,Outdoor Pool,entities,chlorine|cyanuric-acid,4,3,true,false,"index, follow",https://waterbalancetools.com/entities/outdoor-pool,DefinedTerm|DefinedTermSet|BreadcrumbList|ListItem,false,0,225,true
/entities/oxidation,entities/oxidation.html,Oxidation | WaterBalanceTools,Oxidation,entities,chlorine,7,3,true,false,"index, follow",https://waterbalancetools.com/entities/oxidation,DefinedTerm|DefinedTermSet|BreadcrumbList|ListItem,false,0,207,true
/entities/ozone,entities/ozone.html,Ozone | WaterBalanceTools,Ozone,entities,sanitizer,3,3,true,false,"index, follow",https://waterbalancetools.com/entities/ozone,DefinedTerm|DefinedTermSet|BreadcrumbList|ListItem,false,0,202,true
/entities/ph,entities/ph.html,pH | WaterBalanceTools,pH,entities,ph|alkalinity,44,3,true,false,"index, follow",https://waterbalancetools.com/entities/ph,DefinedTerm|DefinedTermSet|BreadcrumbList|ListItem,false,0,489,true
/entities/phosphate,entities/phosphate.html,Phosphate | WaterBalanceTools,Phosphate,entities,algae,5,3,true,false,"index, follow",https://waterbalancetools.com/entities/phosphate,DefinedTerm|DefinedTermSet|BreadcrumbList|ListItem,false,0,200,true
/entities/phta,entities/phta.html,PHTA | WaterBalanceTools,PHTA,entities,hot-tub-chemistry,12,3,true,false,"index, follow",https://waterbalancetools.com/entities/phta,DefinedTerm|DefinedTermSet|BreadcrumbList|ListItem,false,0,199,true
/entities/pool-opening,entities/pool-opening.html,Pool Opening | WaterBalanceTools,Pool Opening,entities,seasonal-maintenance,5,3,true,false,"index, follow",https://waterbalancetools.com/entities/pool-opening,DefinedTerm|DefinedTermSet|BreadcrumbList|ListItem,false,0,230,true
/entities/pool-salt,entities/pool-salt.html,Pool Salt | WaterBalanceTools,Pool Salt,entities,salt,3,3,true,false,"index, follow",https://waterbalancetools.com/entities/pool-salt,DefinedTerm|DefinedTermSet|BreadcrumbList|ListItem,false,0,200,true
/entities/ppm,entities/ppm.html,Parts Per Million | WaterBalanceTools,Parts Per Million,entities,general,5,3,true,false,"index, follow",https://waterbalancetools.com/entities/ppm,DefinedTerm|DefinedTermSet|BreadcrumbList|ListItem,false,0,233,true
/entities/pump,entities/pump.html,Pool Pump | WaterBalanceTools,Pool Pump,entities,equipment,17,3,true,false,"index, follow",https://waterbalancetools.com/entities/pump,DefinedTerm|DefinedTermSet|BreadcrumbList|ListItem,false,0,339,true
/entities/salt-chlorinator,entities/salt-chlorinator.html,Salt Chlorinator | WaterBalanceTools,Salt Chlorinator,entities,general,4,3,true,false,"index, follow",https://waterbalancetools.com/entities/salt-chlorinator,DefinedTerm|DefinedTermSet|BreadcrumbList|ListItem,false,0,308,true
/entities/salt,entities/salt.html,Salt | WaterBalanceTools,Salt,entities,chlorine,8,3,true,false,"index, follow",https://waterbalancetools.com/entities/salt,DefinedTerm|DefinedTermSet|BreadcrumbList|ListItem,false,0,307,true
/entities/saltwater-pool,entities/saltwater-pool.html,Saltwater Pool | WaterBalanceTools,Saltwater Pool,entities,chlorine|salt,5,3,true,false,"index, follow",https://waterbalancetools.com/entities/saltwater-pool,DefinedTerm|DefinedTermSet|BreadcrumbList|ListItem,false,0,306,true
/entities/sand-filter,entities/sand-filter.html,Sand Filter | WaterBalanceTools,Sand Filter,entities,equipment,11,3,true,false,"index, follow",https://waterbalancetools.com/entities/sand-filter,DefinedTerm|DefinedTermSet|BreadcrumbList|ListItem,false,0,275,true
/entities/sanitizing,entities/sanitizing.html,Sanitizing | WaterBalanceTools,Sanitizing,entities,general,17,3,true,false,"index, follow",https://waterbalancetools.com/entities/sanitizing,DefinedTerm|DefinedTermSet|BreadcrumbList|ListItem,false,0,312,true
/entities/scaling,entities/scaling.html,Scaling | WaterBalanceTools,Scaling,entities,equipment,13,3,true,false,"index, follow",https://waterbalancetools.com/entities/scaling,DefinedTerm|DefinedTermSet|BreadcrumbList|ListItem,false,0,312,true
/entities/shock-treatment,entities/shock-treatment.html,Shock Treatment | WaterBalanceTools,Shock Treatment,entities,chlorine|shock|algae,26,3,true,false,"index, follow",https://waterbalancetools.com/entities/shock-treatment,DefinedTerm|DefinedTermSet|BreadcrumbList|ListItem,true,1,436,true
/entities/skimmer,entities/skimmer.html,Skimmer | WaterBalanceTools,Skimmer,entities,general,2,3,true,false,"index, follow",https://waterbalancetools.com/entities/skimmer,DefinedTerm|DefinedTermSet|BreadcrumbList|ListItem,false,0,184,true
/entities/skin-irritation,entities/skin-irritation.html,Skin Irritation | WaterBalanceTools,Skin Irritation,entities,ph,4,3,true,false,"index, follow",https://waterbalancetools.com/entities/skin-irritation,DefinedTerm|DefinedTermSet|BreadcrumbList|ListItem,false,0,225,true
/entities/soda-ash,entities/soda-ash.html,Soda Ash | WaterBalanceTools,Soda Ash,entities,ph,8,3,true,false,"index, follow",https://waterbalancetools.com/entities/soda-ash,DefinedTerm|DefinedTermSet|BreadcrumbList|ListItem,false,0,226,true
/entities/sodium-dichlor,entities/sodium-dichlor.html,Dichlor | WaterBalanceTools,Dichlor,entities,chlorine|cyanuric-acid|shock,3,3,true,false,"index, follow",https://waterbalancetools.com/entities/sodium-dichlor,DefinedTerm|DefinedTermSet|BreadcrumbList|ListItem,false,0,218,true
/entities/stabilizer,entities/stabilizer.html,Stabilizer / CYA Granules | WaterBalanceTools,Stabilizer / CYA Granules,entities,cyanuric-acid,3,3,true,false,"index, follow",https://waterbalancetools.com/entities/stabilizer,DefinedTerm|DefinedTermSet|BreadcrumbList|ListItem,false,0,217,true
/entities/strong-chlorine-smell,entities/strong-chlorine-smell.html,Strong Chlorine Smell | WaterBalanceTools,Strong Chlorine Smell,entities,chlorine,5,3,true,false,"index, follow",https://waterbalancetools.com/entities/strong-chlorine-smell,DefinedTerm|DefinedTermSet|BreadcrumbList|ListItem,false,0,256,true
/entities/swim-spa,entities/swim-spa.html,Swim Spa | WaterBalanceTools,Swim Spa,entities,hot-tub-chemistry,1,3,true,false,"index, follow",https://waterbalancetools.com/entities/swim-spa,DefinedTerm|DefinedTermSet|BreadcrumbList|ListItem,false,0,227,true
/entities/swimming-pool,entities/swimming-pool.html,Swimming Pool | WaterBalanceTools,Swimming Pool,entities,general,28,3,true,false,"index, follow",https://waterbalancetools.com/entities/swimming-pool,DefinedTerm|DefinedTermSet|BreadcrumbList|ListItem,false,0,331,true
/entities/taylor-technologies,entities/taylor-technologies.html,Taylor Technologies | WaterBalanceTools,Taylor Technologies,entities,testing,5,3,true,false,"index, follow",https://waterbalancetools.com/entities/taylor-technologies,DefinedTerm|DefinedTermSet|BreadcrumbList|ListItem,false,0,173,true
/entities/temperature,entities/temperature.html,Temperature | WaterBalanceTools,Temperature,entities,chlorine|water-temperature,16,3,true,false,"index, follow",https://waterbalancetools.com/entities/temperature,DefinedTerm|DefinedTermSet|BreadcrumbList|ListItem,true,1,296,true
/entities/testing,entities/testing.html,Water Testing | WaterBalanceTools,Water Testing,entities,testing,25,3,true,false,"index, follow",https://waterbalancetools.com/entities/testing,DefinedTerm|DefinedTermSet|BreadcrumbList|ListItem,false,0,335,true
/entities/total-chlorine,entities/total-chlorine.html,Total Chlorine | WaterBalanceTools,Total Chlorine,entities,chlorine,7,3,true,false,"index, follow",https://waterbalancetools.com/entities/total-chlorine,DefinedTerm|DefinedTermSet|BreadcrumbList|ListItem,false,0,215,true
/entities/total-dissolved-solids,entities/total-dissolved-solids.html,Total Dissolved Solids | WaterBalanceTools,Total Dissolved Solids,entities,general,5,3,true,false,"index, follow",https://waterbalancetools.com/entities/total-dissolved-solids,DefinedTerm|DefinedTermSet|BreadcrumbList|ListItem,false,0,243,true
/entities/trichlor-tablets,entities/trichlor-tablets.html,Trichlor Tablets | WaterBalanceTools,Trichlor Tablets,entities,chlorine,5,3,true,false,"index, follow",https://waterbalancetools.com/entities/trichlor-tablets,DefinedTerm|DefinedTermSet|BreadcrumbList|ListItem,true,2,287,true
/entities/turnover-time,entities/turnover-time.html,Turnover Time | WaterBalanceTools,Turnover Time,entities,pool-volume|equipment,12,3,true,false,"index, follow",https://waterbalancetools.com/entities/turnover-time,DefinedTerm|DefinedTermSet|BreadcrumbList|ListItem,false,0,285,true
/entities/unit-celsius,entities/unit-celsius.html,°C | WaterBalanceTools,°C,entities,water-temperature|water-balance,2,3,true,false,"index, follow",https://waterbalancetools.com/entities/unit-celsius,DefinedTerm|DefinedTermSet|BreadcrumbList|ListItem,false,0,105,true
/entities/unit-days,entities/unit-days.html,Days | WaterBalanceTools,Days,entities,general,4,3,true,false,"index, follow",https://waterbalancetools.com/entities/unit-days,DefinedTerm|DefinedTermSet|BreadcrumbList|ListItem,false,0,129,true
/entities/unit-fahrenheit,entities/unit-fahrenheit.html,°F | WaterBalanceTools,°F,entities,water-temperature|hot-tub-chemistry,2,3,true,false,"index, follow",https://waterbalancetools.com/entities/unit-fahrenheit,DefinedTerm|DefinedTermSet|BreadcrumbList|ListItem,false,0,125,true
/entities/unit-gallons,entities/unit-gallons.html,US Gallons | WaterBalanceTools,US Gallons,entities,pool-volume,2,3,true,false,"index, follow",https://waterbalancetools.com/entities/unit-gallons,DefinedTerm|DefinedTermSet|BreadcrumbList|ListItem,false,0,129,true
/entities/unit-hours,entities/unit-hours.html,Hours | WaterBalanceTools,Hours,entities,equipment,3,3,true,false,"index, follow",https://waterbalancetools.com/entities/unit-hours,DefinedTerm|DefinedTermSet|BreadcrumbList|ListItem,false,0,150,true
/entities/unit-liters,entities/unit-liters.html,Metric Liters | WaterBalanceTools,Metric Liters,entities,pool-volume,2,3,true,false,"index, follow",https://waterbalancetools.com/entities/unit-liters,DefinedTerm|DefinedTermSet|BreadcrumbList|ListItem,false,0,116,true
/entities/unit-mg-l,entities/unit-mg-l.html,mg/L | WaterBalanceTools,mg/L,entities,general,1,3,true,false,"index, follow",https://waterbalancetools.com/entities/unit-mg-l,DefinedTerm|DefinedTermSet|BreadcrumbList|ListItem,false,0,117,true
/entities/unit-minutes,entities/unit-minutes.html,Minutes | WaterBalanceTools,Minutes,entities,equipment,2,3,true,false,"index, follow",https://waterbalancetools.com/entities/unit-minutes,DefinedTerm|DefinedTermSet|BreadcrumbList|ListItem,false,0,133,true
/entities/unit-months,entities/unit-months.html,Months | WaterBalanceTools,Months,entities,seasonal-maintenance,2,3,true,false,"index, follow",https://waterbalancetools.com/entities/unit-months,DefinedTerm|DefinedTermSet|BreadcrumbList|ListItem,false,0,134,true
/entities/unit-ppm,entities/unit-ppm.html,ppm | WaterBalanceTools,ppm,entities,general,2,3,true,false,"index, follow",https://waterbalancetools.com/entities/unit-ppm,DefinedTerm|DefinedTermSet|BreadcrumbList|ListItem,false,0,139,true
/entities/unit-weeks,entities/unit-weeks.html,Weeks | WaterBalanceTools,Weeks,entities,shock|testing,4,3,true,false,"index, follow",https://waterbalancetools.com/entities/unit-weeks,DefinedTerm|DefinedTermSet|BreadcrumbList|ListItem,false,0,125,true
/entities/vacation-rental-checklist,entities/vacation-rental-checklist.html,Airbnb Pool Turnover Checklist | WaterBalanceTools,Airbnb Pool Turnover Checklist,entities,general,5,3,true,false,"index, follow",https://waterbalancetools.com/entities/vacation-rental-checklist,DefinedTerm|DefinedTermSet|BreadcrumbList|ListItem,false,0,231,true
/entities/vinyl-pool,entities/vinyl-pool.html,Vinyl Pool | WaterBalanceTools,Vinyl Pool,entities,calcium-hardness|equipment,3,3,true,false,"index, follow",https://waterbalancetools.com/entities/vinyl-pool,DefinedTerm|DefinedTermSet|BreadcrumbList|ListItem,true,1,220,true
/entities/water-replacement,entities/water-replacement.html,Water Replacement | WaterBalanceTools,Water Replacement,entities,hot-tub-chemistry,11,3,true,false,"index, follow",https://waterbalancetools.com/entities/water-replacement,DefinedTerm|DefinedTermSet|BreadcrumbList|ListItem,false,0,266,true
/entities/water-test-sheet,entities/water-test-sheet.html,Water Test Log | WaterBalanceTools,Water Test Log,entities,general,3,3,true,false,"index, follow",https://waterbalancetools.com/entities/water-test-sheet,DefinedTerm|DefinedTermSet|BreadcrumbList|ListItem,false,0,181,true
/entities/winterization,entities/winterization.html,Winterization | WaterBalanceTools,Winterization,entities,seasonal-maintenance,7,3,true,false,"index, follow",https://waterbalancetools.com/entities/winterization,DefinedTerm|DefinedTermSet|BreadcrumbList|ListItem,false,0,247,true
/formulas/alkalinity-formula,formulas/alkalinity-formula.html,Total Alkalinity Adjustment Formula | Formula Library | WaterBalanceTools,Total Alkalinity Adjustment Formula,formulas,alkalinity,9,3,true,false,"index, follow",https://waterbalancetools.com/formulas/alkalinity-formula,HowTo|BreadcrumbList|ListItem,false,0,377,true
/formulas/cya-formula,formulas/cya-formula.html,CYA (Cyanuric Acid) Dose Formula | Formula Library | WaterBalanceTools,CYA (Cyanuric Acid) Dose Formula,formulas,cyanuric-acid,8,3,true,false,"index, follow",https://waterbalancetools.com/formulas/cya-formula,HowTo|BreadcrumbList|ListItem,false,0,398,true
/formulas,formulas/index.html,Pool Chemistry Formula Library | WaterBalanceTools,Pool Chemistry Formula Library,formulas,chlorine|ph|alkalinity|calcium-hardness|cyanuric-acid,33,2,true,false,"index, follow",https://waterbalancetools.com/formulas,BreadcrumbList|ListItem,false,0,245,true
/formulas/liquid-chlorine-formula,formulas/liquid-chlorine-formula.html,Liquid Chlorine Dose Formula | Formula Library | WaterBalanceTools,Liquid Chlorine Dose Formula,formulas,chlorine|pool-volume,12,3,true,false,"index, follow",https://waterbalancetools.com/formulas/liquid-chlorine-formula,HowTo|BreadcrumbList|ListItem,false,0,477,true
/formulas/lsi-formula,formulas/lsi-formula.html,Langelier Saturation Index (LSI) Formula | Formula Library | WaterBalanceTools,Langelier Saturation Index (LSI) Formula,formulas,water-balance,17,3,true,false,"index, follow",https://waterbalancetools.com/formulas/lsi-formula,HowTo|BreadcrumbList|ListItem,false,0,456,true
/formulas/ph-adjustment-formula,formulas/ph-adjustment-formula.html,pH Adjustment Formula | Formula Library | WaterBalanceTools,pH Adjustment Formula,formulas,ph,12,3,true,false,"index, follow",https://waterbalancetools.com/formulas/ph-adjustment-formula,HowTo|BreadcrumbList|ListItem,false,0,434,true
/formulas/pool-volume-formula,formulas/pool-volume-formula.html,Pool Volume Formula | Formula Library | WaterBalanceTools,Pool Volume Formula,formulas,pool-volume,7,3,true,false,"index, follow",https://waterbalancetools.com/formulas/pool-volume-formula,HowTo|BreadcrumbList|ListItem,false,0,357,true
/formulas/salt-formula,formulas/salt-formula.html,Salt Pool Formula | Formula Library | WaterBalanceTools,Salt Pool Formula,formulas,pool-volume,6,3,true,false,"index, follow",https://waterbalancetools.com/formulas/salt-formula,HowTo|BreadcrumbList|ListItem,false,0,383,true
/formulas/shock-formula,formulas/shock-formula.html,Pool Shock Formula | Formula Library | WaterBalanceTools,Pool Shock Formula,formulas,chlorine|shock|algae,25,3,true,false,"index, follow",https://waterbalancetools.com/formulas/shock-formula,HowTo|BreadcrumbList|ListItem,false,0,397,true
/formulas/turnover-formula,formulas/turnover-formula.html,Pool Turnover Rate Formula | Formula Library | WaterBalanceTools,Pool Turnover Rate Formula,formulas,equipment,12,3,true,false,"index, follow",https://waterbalancetools.com/formulas/turnover-formula,HowTo|BreadcrumbList|ListItem,false,0,333,true
/glossary/aggressive-water,glossary/aggressive-water.html,Aggressive Water | Glossary | WaterBalanceTools,Aggressive Water,glossary,water-balance,2,3,true,false,"index, follow",https://waterbalancetools.com/glossary/aggressive-water,DefinedTerm|BreadcrumbList|ListItem,false,0,173,true
/glossary/algae-bloom,glossary/algae-bloom.html,Algae Bloom | Glossary | WaterBalanceTools,Algae Bloom,glossary,algae|troubleshooting,1,3,true,false,"index, follow",https://waterbalancetools.com/glossary/algae-bloom,DefinedTerm|BreadcrumbList|ListItem,false,0,187,true
/glossary/algaecide,glossary/algaecide.html,Algaecide | Glossary | WaterBalanceTools,Algaecide,glossary,algae,1,3,true,false,"index, follow",https://waterbalancetools.com/glossary/algaecide,DefinedTerm|BreadcrumbList|ListItem,false,0,189,true
/glossary/ammonia,glossary/ammonia.html,Ammonia (Pool Water) | Glossary | WaterBalanceTools,Ammonia (Pool Water),glossary,general,1,3,true,false,"index, follow",https://waterbalancetools.com/glossary/ammonia,DefinedTerm|BreadcrumbList|ListItem,false,0,186,true
/glossary/backwashing,glossary/backwashing.html,Backwashing | Glossary | WaterBalanceTools,Backwashing,glossary,equipment,4,3,true,false,"index, follow",https://waterbalancetools.com/glossary/backwashing,DefinedTerm|BreadcrumbList|ListItem,false,0,225,true
/glossary/bather-load,glossary/bather-load.html,Bather Load | Glossary | WaterBalanceTools,Bather Load,glossary,chlorine,1,3,true,false,"index, follow",https://waterbalancetools.com/glossary/bather-load,DefinedTerm|BreadcrumbList|ListItem,false,0,206,true
/glossary/bcdmh,glossary/bcdmh.html,BCDMH | Glossary | WaterBalanceTools,BCDMH,glossary,bromine,2,3,true,false,"index, follow",https://waterbalancetools.com/glossary/bcdmh,DefinedTerm|BreadcrumbList|ListItem,false,0,211,true
/glossary/bicarbonate-alkalinity,glossary/bicarbonate-alkalinity.html,Bicarbonate Alkalinity | Glossary | WaterBalanceTools,Bicarbonate Alkalinity,glossary,alkalinity,1,3,true,false,"index, follow",https://waterbalancetools.com/glossary/bicarbonate-alkalinity,DefinedTerm|BreadcrumbList|ListItem,false,0,213,true
/glossary/biofilm,glossary/biofilm.html,Biofilm | Glossary | WaterBalanceTools,Biofilm,glossary,hot-tub-chemistry,2,3,true,false,"index, follow",https://waterbalancetools.com/glossary/biofilm,DefinedTerm|BreadcrumbList|ListItem,false,0,182,true
/glossary/black-algae,glossary/black-algae.html,Black Algae | Glossary | WaterBalanceTools,Black Algae,glossary,algae|equipment,3,3,true,false,"index, follow",https://waterbalancetools.com/glossary/black-algae,DefinedTerm|BreadcrumbList|ListItem,false,0,178,true
/glossary/breakpoint-chlorination,glossary/breakpoint-chlorination.html,Breakpoint Chlorination | Glossary | WaterBalanceTools,Breakpoint Chlorination,glossary,chlorine,3,3,true,false,"index, follow",https://waterbalancetools.com/glossary/breakpoint-chlorination,DefinedTerm|BreadcrumbList|ListItem,false,0,216,true
/glossary/breakpoint-dose,glossary/breakpoint-dose.html,Breakpoint Dose | Glossary | WaterBalanceTools,Breakpoint Dose,glossary,chlorine,1,3,true,false,"index, follow",https://waterbalancetools.com/glossary/breakpoint-dose,DefinedTerm|BreadcrumbList|ListItem,false,0,209,true
/glossary/bromine,glossary/bromine.html,Bromine | Glossary | WaterBalanceTools,Bromine,glossary,bromine|hot-tub-chemistry,2,3,true,false,"index, follow",https://waterbalancetools.com/glossary/bromine,DefinedTerm|BreadcrumbList|ListItem,false,0,234,true
/glossary/calcium-hardness,glossary/calcium-hardness.html,Calcium Hardness | Glossary | WaterBalanceTools,Calcium Hardness,glossary,calcium-hardness,3,3,true,false,"index, follow",https://waterbalancetools.com/glossary/calcium-hardness,DefinedTerm|BreadcrumbList|ListItem,false,0,197,true
/glossary/calcium-hypochlorite,glossary/calcium-hypochlorite.html,Calcium Hypochlorite | Glossary | WaterBalanceTools,Calcium Hypochlorite,glossary,chlorine|shock,3,3,true,false,"index, follow",https://waterbalancetools.com/glossary/calcium-hypochlorite,DefinedTerm|BreadcrumbList|ListItem,false,0,210,true
/glossary/carbon-dioxide,glossary/carbon-dioxide.html,Carbon Dioxide | Glossary | WaterBalanceTools,Carbon Dioxide,glossary,ph,1,3,true,false,"index, follow",https://waterbalancetools.com/glossary/carbon-dioxide,DefinedTerm|BreadcrumbList|ListItem,false,0,187,true
/glossary/cartridge-filter,glossary/cartridge-filter.html,Cartridge Filter | Glossary | WaterBalanceTools,Cartridge Filter,glossary,equipment,2,3,true,false,"index, follow",https://waterbalancetools.com/glossary/cartridge-filter,DefinedTerm|BreadcrumbList|ListItem,false,0,208,true
/glossary/chemical-compatibility,glossary/chemical-compatibility.html,Chemical Compatibility | Glossary | WaterBalanceTools,Chemical Compatibility,glossary,general,2,3,true,false,"index, follow",https://waterbalancetools.com/glossary/chemical-compatibility,DefinedTerm|BreadcrumbList|ListItem,false,0,166,true
/glossary/chemical-log,glossary/chemical-log.html,Chemical Log | Glossary | WaterBalanceTools,Chemical Log,glossary,general,2,3,true,false,"index, follow",https://waterbalancetools.com/glossary/chemical-log,DefinedTerm|BreadcrumbList|ListItem,false,0,210,true
/glossary/chemical-storage,glossary/chemical-storage.html,Chemical Storage | Glossary | WaterBalanceTools,Chemical Storage,glossary,hot-tub-chemistry,1,3,true,false,"index, follow",https://waterbalancetools.com/glossary/chemical-storage,DefinedTerm|BreadcrumbList|ListItem,false,0,181,true
/glossary/chloramine,glossary/chloramine.html,Chloramine | Glossary | WaterBalanceTools,Chloramine,glossary,chlorine,6,3,true,false,"index, follow",https://waterbalancetools.com/glossary/chloramine,DefinedTerm|BreadcrumbList|ListItem,false,0,207,true
/glossary/chlorine-demand,glossary/chlorine-demand.html,Chlorine Demand | Glossary | WaterBalanceTools,Chlorine Demand,glossary,chlorine,1,3,true,false,"index, follow",https://waterbalancetools.com/glossary/chlorine-demand,DefinedTerm|BreadcrumbList|ListItem,false,0,205,true
/glossary/chlorine-stabilizer,glossary/chlorine-stabilizer.html,Chlorine Stabilizer | Glossary | WaterBalanceTools,Chlorine Stabilizer,glossary,chlorine|cyanuric-acid,2,3,true,false,"index, follow",https://waterbalancetools.com/glossary/chlorine-stabilizer,DefinedTerm|BreadcrumbList|ListItem,false,0,213,true
/glossary/clarifier,glossary/clarifier.html,Clarifier | Glossary | WaterBalanceTools,Clarifier,glossary,equipment,2,3,true,false,"index, follow",https://waterbalancetools.com/glossary/clarifier,DefinedTerm|BreadcrumbList|ListItem,false,0,183,true
/glossary/closing-chemical-kit,glossary/closing-chemical-kit.html,Closing Chemical Kit | Glossary | WaterBalanceTools,Closing Chemical Kit,glossary,seasonal-maintenance,1,3,true,false,"index, follow",https://waterbalancetools.com/glossary/closing-chemical-kit,DefinedTerm|BreadcrumbList|ListItem,false,0,168,true
/glossary/colorimetric-test,glossary/colorimetric-test.html,Colorimetric Test | Glossary | WaterBalanceTools,Colorimetric Test,glossary,general,1,3,true,false,"index, follow",https://waterbalancetools.com/glossary/colorimetric-test,DefinedTerm|BreadcrumbList|ListItem,false,0,187,true
/glossary/combined-chlorine,glossary/combined-chlorine.html,Combined Chlorine | Glossary | WaterBalanceTools,Combined Chlorine,glossary,chlorine,4,3,true,false,"index, follow",https://waterbalancetools.com/glossary/combined-chlorine,DefinedTerm|BreadcrumbList|ListItem,false,0,229,true
/glossary/conductivity,glossary/conductivity.html,Conductivity | Glossary | WaterBalanceTools,Conductivity,glossary,general,1,3,true,false,"index, follow",https://waterbalancetools.com/glossary/conductivity,DefinedTerm|BreadcrumbList|ListItem,false,0,176,true
/glossary/copper,glossary/copper.html,Copper (Pool Water) | Glossary | WaterBalanceTools,Copper (Pool Water),glossary,general,2,3,true,false,"index, follow",https://waterbalancetools.com/glossary/copper,DefinedTerm|BreadcrumbList|ListItem,false,0,194,true
/glossary/cyanuric-acid,glossary/cyanuric-acid.html,Cyanuric Acid | Glossary | WaterBalanceTools,Cyanuric Acid,glossary,chlorine|cyanuric-acid,5,3,true,false,"index, follow",https://waterbalancetools.com/glossary/cyanuric-acid,DefinedTerm|BreadcrumbList|ListItem,false,0,227,true
/glossary/de-filter,glossary/de-filter.html,DE Filter | Glossary | WaterBalanceTools,DE Filter,glossary,equipment,2,3,true,false,"index, follow",https://waterbalancetools.com/glossary/de-filter,DefinedTerm|BreadcrumbList|ListItem,false,0,215,true
/glossary/dead-algae,glossary/dead-algae.html,Dead Algae | Glossary | WaterBalanceTools,Dead Algae,glossary,shock|algae,1,3,true,false,"index, follow",https://waterbalancetools.com/glossary/dead-algae,DefinedTerm|BreadcrumbList|ListItem,false,0,187,true
/glossary/dichlor,glossary/dichlor.html,Dichlor | Glossary | WaterBalanceTools,Dichlor,glossary,chlorine|cyanuric-acid,3,3,true,false,"index, follow",https://waterbalancetools.com/glossary/dichlor,DefinedTerm|BreadcrumbList|ListItem,false,0,220,true
/glossary/dilution,glossary/dilution.html,Dilution | Glossary | WaterBalanceTools,Dilution,glossary,general,1,3,true,false,"index, follow",https://waterbalancetools.com/glossary/dilution,DefinedTerm|BreadcrumbList|ListItem,false,0,189,true
/glossary/dpd-test,glossary/dpd-test.html,DPD Test | Glossary | WaterBalanceTools,DPD Test,glossary,chlorine|testing,1,3,true,false,"index, follow",https://waterbalancetools.com/glossary/dpd-test,DefinedTerm|BreadcrumbList|ListItem,false,0,178,true
/glossary/evaporation,glossary/evaporation.html,Evaporation | Glossary | WaterBalanceTools,Evaporation,glossary,water-temperature,2,3,true,false,"index, follow",https://waterbalancetools.com/glossary/evaporation,DefinedTerm|BreadcrumbList|ListItem,false,0,185,true
/glossary/filter-pressure,glossary/filter-pressure.html,Filter Pressure | Glossary | WaterBalanceTools,Filter Pressure,glossary,equipment,5,3,true,false,"index, follow",https://waterbalancetools.com/glossary/filter-pressure,DefinedTerm|BreadcrumbList|ListItem,false,0,183,true
/glossary/flocculant,glossary/flocculant.html,Flocculant | Glossary | WaterBalanceTools,Flocculant,glossary,general,2,3,true,false,"index, follow",https://waterbalancetools.com/glossary/flocculant,DefinedTerm|BreadcrumbList|ListItem,false,0,197,true
/glossary/free-chlorine,glossary/free-chlorine.html,Free Chlorine | Glossary | WaterBalanceTools,Free Chlorine,glossary,chlorine,6,3,true,false,"index, follow",https://waterbalancetools.com/glossary/free-chlorine,DefinedTerm|BreadcrumbList|ListItem,false,0,219,true
/glossary/gpm,glossary/gpm.html,GPM (Gallons Per Minute) | Glossary | WaterBalanceTools,GPM (Gallons Per Minute),glossary,pool-volume|equipment,3,3,true,false,"index, follow",https://waterbalancetools.com/glossary/gpm,DefinedTerm|BreadcrumbList|ListItem,false,0,213,true
/glossary/green-algae,glossary/green-algae.html,Green Algae | Glossary | WaterBalanceTools,Green Algae,glossary,algae,3,3,true,false,"index, follow",https://waterbalancetools.com/glossary/green-algae,DefinedTerm|BreadcrumbList|ListItem,false,0,186,true
/glossary/hypochlorous-acid,glossary/hypochlorous-acid.html,Hypochlorous Acid | Glossary | WaterBalanceTools,Hypochlorous Acid,glossary,chlorine,1,3,true,false,"index, follow",https://waterbalancetools.com/glossary/hypochlorous-acid,DefinedTerm|BreadcrumbList|ListItem,false,0,195,true
/glossary,glossary/index.html,Pool Chemistry Glossary | WaterBalanceTools,Pool &amp; Hot Tub Water Chemistry Glossary,glossary,chlorine|ph|alkalinity|calcium-hardness|cyanuric-acid|water-balance,132,2,true,false,"index, follow",https://waterbalancetools.com/glossary,BreadcrumbList|ListItem,false,0,2297,true
/glossary/iron,glossary/iron.html,Iron (Pool Water) | Glossary | WaterBalanceTools,Iron (Pool Water),glossary,chlorine|shock,2,3,true,false,"index, follow",https://waterbalancetools.com/glossary/iron,DefinedTerm|BreadcrumbList|ListItem,false,0,196,true
/glossary/langelier-saturation-index,glossary/langelier-saturation-index.html,Langelier Saturation Index | Glossary | WaterBalanceTools,Langelier Saturation Index,glossary,water-balance,3,3,true,false,"index, follow",https://waterbalancetools.com/glossary/langelier-saturation-index,DefinedTerm|BreadcrumbList|ListItem,false,0,230,true
/glossary/main-drain,glossary/main-drain.html,Main Drain | Glossary | WaterBalanceTools,Main Drain,glossary,equipment,1,3,true,false,"index, follow",https://waterbalancetools.com/glossary/main-drain,DefinedTerm|BreadcrumbList|ListItem,false,0,202,true
/glossary/metal-sequestrant,glossary/metal-sequestrant.html,Metal Sequestrant | Glossary | WaterBalanceTools,Metal Sequestrant,glossary,general,2,3,true,false,"index, follow",https://waterbalancetools.com/glossary/metal-sequestrant,DefinedTerm|BreadcrumbList|ListItem,false,0,196,true
/glossary/multiport-valve,glossary/multiport-valve.html,Multiport Valve | Glossary | WaterBalanceTools,Multiport Valve,glossary,equipment,2,3,true,false,"index, follow",https://waterbalancetools.com/glossary/multiport-valve,DefinedTerm|BreadcrumbList|ListItem,false,0,187,true
/glossary/muriatic-acid,glossary/muriatic-acid.html,Muriatic Acid | Glossary | WaterBalanceTools,Muriatic Acid,glossary,ph|alkalinity,2,3,true,false,"index, follow",https://waterbalancetools.com/glossary/muriatic-acid,DefinedTerm|BreadcrumbList|ListItem,false,0,204,true
/glossary/mustard-algae,glossary/mustard-algae.html,Mustard Algae | Glossary | WaterBalanceTools,Mustard Algae,glossary,chlorine|algae,2,3,true,false,"index, follow",https://waterbalancetools.com/glossary/mustard-algae,DefinedTerm|BreadcrumbList|ListItem,false,0,192,true
/glossary/opening-chemical-kit,glossary/opening-chemical-kit.html,Opening Chemical Kit | Glossary | WaterBalanceTools,Opening Chemical Kit,glossary,shock|algae|seasonal-maintenance,1,3,true,false,"index, follow",https://waterbalancetools.com/glossary/opening-chemical-kit,DefinedTerm|BreadcrumbList|ListItem,false,0,199,true
/glossary/orp,glossary/orp.html,ORP (Oxidation-Reduction Potential) | WaterBalanceTools,ORP (Oxidation-Reduction Potential),glossary,general,2,3,true,false,"index, follow",https://waterbalancetools.com/glossary/orp,DefinedTerm|BreadcrumbList|ListItem,false,0,200,true
/glossary/oto-test,glossary/oto-test.html,OTO Test | Glossary | WaterBalanceTools,OTO Test,glossary,chlorine,2,3,true,false,"index, follow",https://waterbalancetools.com/glossary/oto-test,DefinedTerm|BreadcrumbList|ListItem,false,0,179,true
/glossary/oxidizer,glossary/oxidizer.html,Oxidizer | Glossary | WaterBalanceTools,Oxidizer,glossary,general,2,3,true,false,"index, follow",https://waterbalancetools.com/glossary/oxidizer,DefinedTerm|BreadcrumbList|ListItem,false,0,163,true
/glossary/ozone,glossary/ozone.html,Ozone | Glossary | WaterBalanceTools,Ozone,glossary,chlorine,1,3,true,false,"index, follow",https://waterbalancetools.com/glossary/ozone,DefinedTerm|BreadcrumbList|ListItem,false,0,206,true
/glossary/partial-drain,glossary/partial-drain.html,Partial Drain | Glossary | WaterBalanceTools,Partial Drain,glossary,general,2,3,true,false,"index, follow",https://waterbalancetools.com/glossary/partial-drain,DefinedTerm|BreadcrumbList|ListItem,false,0,212,true
/glossary/parts-per-million,glossary/parts-per-million.html,Parts Per Million | Glossary | WaterBalanceTools,Parts Per Million,glossary,general,2,3,true,false,"index, follow",https://waterbalancetools.com/glossary/parts-per-million,DefinedTerm|BreadcrumbList|ListItem,false,0,223,true
/glossary/ph-bounce,glossary/ph-bounce.html,pH Bounce | Glossary | WaterBalanceTools,pH Bounce,glossary,ph|alkalinity,2,3,true,false,"index, follow",https://waterbalancetools.com/glossary/ph-bounce,DefinedTerm|BreadcrumbList|ListItem,false,0,178,true
/glossary/ph-increaser,glossary/ph-increaser.html,pH Increaser | Glossary | WaterBalanceTools,pH Increaser,glossary,ph,1,3,true,false,"index, follow",https://waterbalancetools.com/glossary/ph-increaser,DefinedTerm|BreadcrumbList|ListItem,false,0,214,true
/glossary/ph,glossary/ph.html,pH | Glossary | WaterBalanceTools,pH,glossary,ph,6,3,true,false,"index, follow",https://waterbalancetools.com/glossary/ph,DefinedTerm|BreadcrumbList|ListItem,false,0,236,true
/glossary/phosphates,glossary/phosphates.html,Phosphates | Glossary | WaterBalanceTools,Phosphates,glossary,chlorine|algae,3,3,true,false,"index, follow",https://waterbalancetools.com/glossary/phosphates,DefinedTerm|BreadcrumbList|ListItem,false,0,210,true
/glossary/pink-slime,glossary/pink-slime.html,Pink Slime | Glossary | WaterBalanceTools,Pink Slime,glossary,general,1,3,true,false,"index, follow",https://waterbalancetools.com/glossary/pink-slime,DefinedTerm|BreadcrumbList|ListItem,false,0,197,true
/glossary/pool-chemistry-reference,glossary/pool-chemistry-reference.html,Pool Chemistry Reference | Glossary | WaterBalanceTools,Pool Chemistry Reference,glossary,general,2,3,true,false,"index, follow",https://waterbalancetools.com/glossary/pool-chemistry-reference,DefinedTerm|BreadcrumbList|ListItem,false,0,167,true
/glossary/pool-maintenance-schedule,glossary/pool-maintenance-schedule.html,Pool Maintenance Schedule | Glossary | WaterBalanceTools,Pool Maintenance Schedule,glossary,seasonal-maintenance|equipment,1,3,true,false,"index, follow",https://waterbalancetools.com/glossary/pool-maintenance-schedule,DefinedTerm|BreadcrumbList|ListItem,false,0,171,true
/glossary/pool-pump,glossary/pool-pump.html,Pool Pump | Glossary | WaterBalanceTools,Pool Pump,glossary,equipment,2,3,true,false,"index, follow",https://waterbalancetools.com/glossary/pool-pump,DefinedTerm|BreadcrumbList|ListItem,false,0,221,true
/glossary/pool-safety-equipment,glossary/pool-safety-equipment.html,Pool Safety Equipment | Glossary | WaterBalanceTools,Pool Safety Equipment,glossary,equipment,1,3,true,false,"index, follow",https://waterbalancetools.com/glossary/pool-safety-equipment,DefinedTerm|BreadcrumbList|ListItem,false,0,193,true
/glossary/pool-shock-schedule,glossary/pool-shock-schedule.html,Pool Shock Schedule | Glossary | WaterBalanceTools,Pool Shock Schedule,glossary,shock|seasonal-maintenance,1,3,true,false,"index, follow",https://waterbalancetools.com/glossary/pool-shock-schedule,DefinedTerm|BreadcrumbList|ListItem,false,0,183,true
/glossary/pool-turnover-rate,glossary/pool-turnover-rate.html,Pool Turnover Rate | Glossary | WaterBalanceTools,Pool Turnover Rate,glossary,pool-volume|equipment,2,3,true,false,"index, follow",https://waterbalancetools.com/glossary/pool-turnover-rate,DefinedTerm|BreadcrumbList|ListItem,false,0,189,true
/glossary/pool-volume-reference,glossary/pool-volume-reference.html,Pool Volume Reference | Glossary | WaterBalanceTools,Pool Volume Reference,glossary,pool-volume,1,3,true,false,"index, follow",https://waterbalancetools.com/glossary/pool-volume-reference,DefinedTerm|BreadcrumbList|ListItem,false,0,168,true
/glossary/pool-volume,glossary/pool-volume.html,Pool Volume | Glossary | WaterBalanceTools,Pool Volume,glossary,pool-volume,2,3,true,false,"index, follow",https://waterbalancetools.com/glossary/pool-volume,DefinedTerm|BreadcrumbList|ListItem,false,0,211,true
/glossary/pressure-gauge,glossary/pressure-gauge.html,Pressure Gauge | Glossary | WaterBalanceTools,Pressure Gauge,glossary,equipment,2,3,true,false,"index, follow",https://waterbalancetools.com/glossary/pressure-gauge,DefinedTerm|BreadcrumbList|ListItem,false,0,178,true
/glossary/pump-turnover,glossary/pump-turnover.html,Pump Turnover | Glossary | WaterBalanceTools,Pump Turnover,glossary,pool-volume|equipment,5,3,true,false,"index, follow",https://waterbalancetools.com/glossary/pump-turnover,DefinedTerm|BreadcrumbList|ListItem,false,0,231,true
/glossary/reagent,glossary/reagent.html,Reagent | Glossary | WaterBalanceTools,Reagent,glossary,testing,2,3,true,false,"index, follow",https://waterbalancetools.com/glossary/reagent,DefinedTerm|BreadcrumbList|ListItem,false,0,176,true
/glossary/return-jet,glossary/return-jet.html,Return Jet | Glossary | WaterBalanceTools,Return Jet,glossary,equipment,1,3,true,false,"index, follow",https://waterbalancetools.com/glossary/return-jet,DefinedTerm|BreadcrumbList|ListItem,false,0,180,true
/glossary/salt-chlorination,glossary/salt-chlorination.html,Salt Chlorination | Glossary | WaterBalanceTools,Salt Chlorination,glossary,chlorine,5,3,true,false,"index, follow",https://waterbalancetools.com/glossary/salt-chlorination,DefinedTerm|BreadcrumbList|ListItem,false,0,182,true
/glossary/sand-filter,glossary/sand-filter.html,Sand Filter | Glossary | WaterBalanceTools,Sand Filter,glossary,equipment,2,3,true,false,"index, follow",https://waterbalancetools.com/glossary/sand-filter,DefinedTerm|BreadcrumbList|ListItem,false,0,214,true
/glossary/sanitizer,glossary/sanitizer.html,Sanitizer | Glossary | WaterBalanceTools,Sanitizer,glossary,sanitizer,2,3,true,false,"index, follow",https://waterbalancetools.com/glossary/sanitizer,DefinedTerm|BreadcrumbList|ListItem,false,0,166,true
/glossary/saturated-ph,glossary/saturated-ph.html,Saturated pH | Glossary | WaterBalanceTools,Saturated pH,glossary,ph|water-balance,1,3,true,false,"index, follow",https://waterbalancetools.com/glossary/saturated-ph,DefinedTerm|BreadcrumbList|ListItem,false,0,192,true
/glossary/saturation-index,glossary/saturation-index.html,Saturation Index | Glossary | WaterBalanceTools,Saturation Index,glossary,water-balance,2,3,true,false,"index, follow",https://waterbalancetools.com/glossary/saturation-index,DefinedTerm|BreadcrumbList|ListItem,false,0,200,true
/glossary/scale-inhibitor,glossary/scale-inhibitor.html,Scale Inhibitor | Glossary | WaterBalanceTools,Scale Inhibitor,glossary,equipment,1,3,true,false,"index, follow",https://waterbalancetools.com/glossary/scale-inhibitor,DefinedTerm|BreadcrumbList|ListItem,false,0,165,true
/glossary/scaling-water,glossary/scaling-water.html,Scaling Water | Glossary | WaterBalanceTools,Scaling Water,glossary,water-balance,2,3,true,false,"index, follow",https://waterbalancetools.com/glossary/scaling-water,DefinedTerm|BreadcrumbList|ListItem,false,0,168,true
/glossary/shock-dosage,glossary/shock-dosage.html,Shock Dosage | Glossary | WaterBalanceTools,Shock Dosage,glossary,chlorine|shock|pool-volume,1,3,true,false,"index, follow",https://waterbalancetools.com/glossary/shock-dosage,DefinedTerm|BreadcrumbList|ListItem,false,0,204,true
/glossary/shock,glossary/shock.html,Shock | Glossary | WaterBalanceTools,Shock,glossary,chlorine|shock|algae,2,3,true,false,"index, follow",https://waterbalancetools.com/glossary/shock,DefinedTerm|BreadcrumbList|ListItem,false,0,237,true
/glossary/skimmer,glossary/skimmer.html,Skimmer | Glossary | WaterBalanceTools,Skimmer,glossary,general,2,3,true,false,"index, follow",https://waterbalancetools.com/glossary/skimmer,DefinedTerm|BreadcrumbList|ListItem,false,0,214,true
/glossary/sodium-bicarbonate,glossary/sodium-bicarbonate.html,Sodium Bicarbonate | Glossary | WaterBalanceTools,Sodium Bicarbonate,glossary,alkalinity,2,3,true,false,"index, follow",https://waterbalancetools.com/glossary/sodium-bicarbonate,DefinedTerm|BreadcrumbList|ListItem,false,0,209,true
/glossary/sodium-bisulfate,glossary/sodium-bisulfate.html,Sodium Bisulfate | Glossary | WaterBalanceTools,Sodium Bisulfate,glossary,ph|alkalinity,4,3,true,false,"index, follow",https://waterbalancetools.com/glossary/sodium-bisulfate,DefinedTerm|BreadcrumbList|ListItem,false,0,206,true
/glossary/sodium-carbonate,glossary/sodium-carbonate.html,Sodium Carbonate | Glossary | WaterBalanceTools,Sodium Carbonate,glossary,ph|alkalinity,2,3,true,false,"index, follow",https://waterbalancetools.com/glossary/sodium-carbonate,DefinedTerm|BreadcrumbList|ListItem,false,0,202,true
/glossary/sodium-hypochlorite,glossary/sodium-hypochlorite.html,Sodium Hypochlorite | Glossary | WaterBalanceTools,Sodium Hypochlorite,glossary,chlorine|shock,2,3,true,false,"index, follow",https://waterbalancetools.com/glossary/sodium-hypochlorite,DefinedTerm|BreadcrumbList|ListItem,false,0,212,true
/glossary/superchlorination,glossary/superchlorination.html,Superchlorination | Glossary | WaterBalanceTools,Superchlorination,glossary,chlorine|algae,4,3,true,false,"index, follow",https://waterbalancetools.com/glossary/superchlorination,DefinedTerm|BreadcrumbList|ListItem,false,0,227,true
/glossary/test-strip,glossary/test-strip.html,Test Strip | Glossary | WaterBalanceTools,Test Strip,glossary,testing,2,3,true,false,"index, follow",https://waterbalancetools.com/glossary/test-strip,DefinedTerm|BreadcrumbList|ListItem,false,0,190,true
/glossary/total-alkalinity,glossary/total-alkalinity.html,Total Alkalinity | Glossary | WaterBalanceTools,Total Alkalinity,glossary,ph|alkalinity,2,3,true,false,"index, follow",https://waterbalancetools.com/glossary/total-alkalinity,DefinedTerm|BreadcrumbList|ListItem,false,0,237,true
/glossary/total-chlorine,glossary/total-chlorine.html,Total Chlorine | Glossary | WaterBalanceTools,Total Chlorine,glossary,chlorine,3,3,true,false,"index, follow",https://waterbalancetools.com/glossary/total-chlorine,DefinedTerm|BreadcrumbList|ListItem,false,0,211,true
/glossary/total-dissolved-solids,glossary/total-dissolved-solids.html,Total Dissolved Solids | Glossary | WaterBalanceTools,Total Dissolved Solids,glossary,general,2,3,true,false,"index, follow",https://waterbalancetools.com/glossary/total-dissolved-solids,DefinedTerm|BreadcrumbList|ListItem,false,0,240,true
/glossary/total-hardness,glossary/total-hardness.html,Total Hardness | Glossary | WaterBalanceTools,Total Hardness,glossary,calcium-hardness,2,3,true,false,"index, follow",https://waterbalancetools.com/glossary/total-hardness,DefinedTerm|BreadcrumbList|ListItem,false,0,199,true
/glossary/trichlor,glossary/trichlor.html,Trichlor | Glossary | WaterBalanceTools,Trichlor,glossary,chlorine|cyanuric-acid,4,3,true,false,"index, follow",https://waterbalancetools.com/glossary/trichlor,DefinedTerm|BreadcrumbList|ListItem,false,0,224,true
/glossary/turbidity,glossary/turbidity.html,Turbidity | Glossary | WaterBalanceTools,Turbidity,glossary,general,3,3,true,false,"index, follow",https://waterbalancetools.com/glossary/turbidity,DefinedTerm|BreadcrumbList|ListItem,false,0,177,true
/glossary/uv-sanitization,glossary/uv-sanitization.html,UV Sanitization | Glossary | WaterBalanceTools,UV Sanitization,glossary,equipment,1,3,true,false,"index, follow",https://waterbalancetools.com/glossary/uv-sanitization,DefinedTerm|BreadcrumbList|ListItem,false,0,188,true
/glossary/water-balance-checklist,glossary/water-balance-checklist.html,Water Balance Checklist | Glossary | WaterBalanceTools,Water Balance Checklist,glossary,water-balance,1,3,true,false,"index, follow",https://waterbalancetools.com/glossary/water-balance-checklist,DefinedTerm|BreadcrumbList|ListItem,false,0,191,true
/glossary/water-temperature,glossary/water-temperature.html,Water Temperature | Glossary | WaterBalanceTools,Water Temperature,glossary,chlorine|water-temperature|water-balance,2,3,true,false,"index, follow",https://waterbalancetools.com/glossary/water-temperature,DefinedTerm|BreadcrumbList|ListItem,false,0,202,true
/glossary/water-test-log,glossary/water-test-log.html,Water Test Log | Glossary | WaterBalanceTools,Water Test Log,glossary,general,1,3,true,false,"index, follow",https://waterbalancetools.com/glossary/water-test-log,DefinedTerm|BreadcrumbList|ListItem,false,0,195,true
/glossary/winterization,glossary/winterization.html,Winterization | Glossary | WaterBalanceTools,Winterization,glossary,seasonal-maintenance|equipment,2,3,true,false,"index, follow",https://waterbalancetools.com/glossary/winterization,DefinedTerm|BreadcrumbList|ListItem,false,0,223,true
/guides/advanced/chlorine-breakdown-sunlight,guides/advanced/chlorine-breakdown-sunlight.html,"Chlorine Breakdown in Sunlight (UV, CYA &amp; Dosing) | WaterBalanceTools",Chlorine Breakdown in Sunlight,guides,chlorine|cyanuric-acid,14,2,true,false,"index, follow",https://waterbalancetools.com/guides/advanced/chlorine-breakdown-sunlight,FAQPage|Question|Answer|BreadcrumbList|ListItem,false,0,407,true
/guides/advanced/chlorine-vs-saltwater,guides/advanced/chlorine-vs-saltwater.html,Chlorine vs Saltwater Pools (How Sanitizing Actually Works) | WaterBalanceTools,Chlorine Pools vs Saltwater Pools: What’s Actually Different?,guides,chlorine|salt,12,2,true,false,"index, follow",https://waterbalancetools.com/guides/advanced/chlorine-vs-saltwater,FAQPage|Question|Answer|BreadcrumbList|ListItem,false,0,465,true
/guides/advanced/cya-stabilizer-explained,guides/advanced/cya-stabilizer-explained.html,CYA Stabilizer Explained (Chlorine Protection vs Lock-In) | WaterBalanceTools,Cyanuric Acid (CYA): Stabilizer Explained,guides,chlorine|cyanuric-acid,17,2,true,false,"index, follow",https://waterbalancetools.com/guides/advanced/cya-stabilizer-explained,FAQPage|Question|Answer|BreadcrumbList|ListItem,false,0,356,true
/guides/advanced,guides/advanced/index.html,Advanced Guides Hub | WaterBalanceTools,Advanced Guides Hub,guides,general,6,3,true,false,"index, follow",https://waterbalancetools.com/guides/advanced,BreadcrumbList|ListItem|CollectionPage|ItemList|WebSite,false,0,382,true
/guides/advanced/pool-chemistry-balance-explained,guides/advanced/pool-chemistry-balance-explained.html,"Pool Chemistry Balance Explained (pH, TA, Calcium &amp; Sanitizer) | WaterBalanceTools",Pool Chemistry Balance Explained,guides,ph|alkalinity|sanitizer|water-balance,7,2,true,false,"index, follow",https://waterbalancetools.com/guides/advanced/pool-chemistry-balance-explained,FAQPage|Question|Answer|BreadcrumbList|ListItem,false,0,393,true
/guides/alkalinity-guide,guides/alkalinity-guide.html,Pool Alkalinity Guide | WaterBalanceTools,Pool Alkalinity Guide,guides,ph|alkalinity,6,2,true,false,"index, follow",https://waterbalancetools.com/guides/alkalinity-guide,BreadcrumbList|ListItem,false,0,217,true
/guides/chlorine/chlorine-too-high-after-shocking,guides/chlorine/chlorine-too-high-after-shocking.html,Chlorine Too High After Shocking: What to Do | WaterBalanceTools,Chlorine Too High After Shocking: What to Do,guides,chlorine|shock|equipment,15,2,true,false,"index, follow",https://waterbalancetools.com/guides/chlorine/chlorine-too-high-after-shocking,BreadcrumbList|ListItem,false,0,439,true
/guides/chlorine/free-chlorine-vs-total-chlorine,guides/chlorine/free-chlorine-vs-total-chlorine.html,Free Chlorine vs Total Chlorine Explained | WaterBalanceTools,Free Chlorine vs Total Chlorine Explained,guides,chlorine|shock|sanitizer,17,2,true,false,"index, follow",https://waterbalancetools.com/guides/chlorine/free-chlorine-vs-total-chlorine,BreadcrumbList|ListItem,false,0,435,true
/guides/chlorine/how-often-should-i-shock-my-pool,guides/chlorine/how-often-should-i-shock-my-pool.html,How Often Should I Shock My Pool? | WaterBalanceTools,How Often Should I Shock My Pool?,guides,chlorine|shock|seasonal-maintenance|troubleshooting,13,2,true,false,"index, follow",https://waterbalancetools.com/guides/chlorine/how-often-should-i-shock-my-pool,BreadcrumbList|ListItem,false,0,485,true
/guides/chlorine,guides/chlorine/index.html,Chlorine Guides Hub | WaterBalanceTools,Chlorine Guides Hub,guides,chlorine|troubleshooting,15,3,true,false,"index, follow",https://waterbalancetools.com/guides/chlorine,BreadcrumbList|ListItem|CollectionPage|ItemList|WebSite,false,0,453,true
/guides/chlorine/why-pool-chlorine-disappears-overnight,guides/chlorine/why-pool-chlorine-disappears-overnight.html,Why Pool Chlorine Disappears Overnight | WaterBalanceTools,Why Pool Chlorine Disappears Overnight,guides,chlorine|algae|troubleshooting,12,2,true,false,"index, follow",https://waterbalancetools.com/guides/chlorine/why-pool-chlorine-disappears-overnight,BreadcrumbList|ListItem,false,0,475,true
/guides/chlorine/why-pool-wont-hold-chlorine,guides/chlorine/why-pool-wont-hold-chlorine.html,Why Pool Won't Hold Chlorine: Causes and Fixes | WaterBalanceTools,Why Pool Won't Hold Chlorine,guides,chlorine|cyanuric-acid|algae|troubleshooting,13,2,true,false,"index, follow",https://waterbalancetools.com/guides/chlorine/why-pool-wont-hold-chlorine,BreadcrumbList|ListItem,false,0,410,true
/guides/chlorine-guide,guides/chlorine-guide.html,Pool Chlorine Guide | WaterBalanceTools,Pool Chlorine Guide,guides,chlorine|shock|sanitizer,52,2,true,false,"index, follow",https://waterbalancetools.com/guides/chlorine-guide,BreadcrumbList|ListItem,false,0,364,true
/guides/edge-cases/evaporation-effect-on-pool-chemistry,guides/edge-cases/evaporation-effect-on-pool-chemistry.html,Does Evaporation Affect Pool Chemistry? | WaterBalanceTools,Evaporation's Effect on Pool Chemistry,guides,cyanuric-acid|water-temperature,3,2,true,false,"index, follow",https://waterbalancetools.com/guides/edge-cases/evaporation-effect-on-pool-chemistry,BreadcrumbList|ListItem,false,0,359,true
/guides/edge-cases/high-cya-chlorine-lock,guides/edge-cases/high-cya-chlorine-lock.html,High CYA Chlorine Lock (Why FC Reads Fine But Water Fails) | WaterBalanceTools,High CYA and “Chlorine Lock”,guides,chlorine|cyanuric-acid|sanitizer|troubleshooting,17,2,true,false,"index, follow",https://waterbalancetools.com/guides/edge-cases/high-cya-chlorine-lock,BreadcrumbList|ListItem,false,0,247,true
/guides/edge-cases,guides/edge-cases/index.html,Edge Cases Guides Hub | WaterBalanceTools,Edge Cases Guides Hub,guides,general,9,3,true,false,"index, follow",https://waterbalancetools.com/guides/edge-cases,BreadcrumbList|ListItem|CollectionPage|ItemList|WebSite,false,0,515,true
/guides/edge-cases/over-shocking-pool-effects,guides/edge-cases/over-shocking-pool-effects.html,Over-Shocking a Pool: Effects &amp; What to Do | WaterBalanceTools,Over-Shocking a Pool: Effects,guides,shock|equipment,10,2,true,false,"index, follow",https://waterbalancetools.com/guides/edge-cases/over-shocking-pool-effects,BreadcrumbList|ListItem,false,0,237,true
/guides/edge-cases/pool-temperature-effect-chlorine,guides/edge-cases/pool-temperature-effect-chlorine.html,"Pool Temperature Effect on Chlorine (Warmer Water, Faster Demand) | WaterBalanceTools",How Pool Temperature Affects Chlorine,guides,chlorine|water-temperature,10,2,true,false,"index, follow",https://waterbalancetools.com/guides/edge-cases/pool-temperature-effect-chlorine,BreadcrumbList|ListItem,false,0,230,true
/guides/edge-cases/rain-effect-on-pool-chemistry,guides/edge-cases/rain-effect-on-pool-chemistry.html,"Does Rain Affect Pool Chemistry? (Dilution, pH &amp; Chlorine) | WaterBalanceTools",Rain’s Effect on Pool Chemistry,guides,chlorine|ph|alkalinity,7,2,true,false,"index, follow",https://waterbalancetools.com/guides/edge-cases/rain-effect-on-pool-chemistry,BreadcrumbList|ListItem,false,0,238,true
/guides/edge-cases/swimming-after-shocking-pool,guides/edge-cases/swimming-after-shocking-pool.html,How Long After Shocking a Pool Can You Swim? (Safe Wait Times) | WaterBalanceTools,Swimming After Shocking a Pool,guides,shock,10,2,true,false,"index, follow",https://waterbalancetools.com/guides/edge-cases/swimming-after-shocking-pool,BreadcrumbList|ListItem,false,0,252,true
/guides/hot-tub/hot-tub-alkalinity-too-high,guides/hot-tub/hot-tub-alkalinity-too-high.html,Hot Tub Alkalinity Too High: What to Do | WaterBalanceTools,Hot Tub Alkalinity Too High: What to Do,guides,ph|alkalinity|hot-tub-chemistry|troubleshooting,11,2,true,false,"index, follow",https://waterbalancetools.com/guides/hot-tub/hot-tub-alkalinity-too-high,BreadcrumbList|ListItem,false,0,415,true
/guides/hot-tub/hot-tub-chlorine-too-high,guides/hot-tub/hot-tub-chlorine-too-high.html,Hot Tub Chlorine Too High: What to Do | WaterBalanceTools,Hot Tub Chlorine Too High: What to Do,guides,chlorine|hot-tub-chemistry|equipment,8,2,true,false,"index, follow",https://waterbalancetools.com/guides/hot-tub/hot-tub-chlorine-too-high,BreadcrumbList|ListItem,false,0,444,true
/guides/hot-tub/hot-tub-chlorine-too-low,guides/hot-tub/hot-tub-chlorine-too-low.html,Hot Tub Chlorine Too Low: Causes and Fix | WaterBalanceTools,Hot Tub Chlorine Too Low: Causes and Fix,guides,chlorine|water-temperature|hot-tub-chemistry|troubleshooting,5,2,true,false,"index, follow",https://waterbalancetools.com/guides/hot-tub/hot-tub-chlorine-too-low,BreadcrumbList|ListItem,false,0,409,true
/guides/hot-tub/hot-tub-ph-too-low,guides/hot-tub/hot-tub-ph-too-low.html,Hot Tub pH Too Low: Causes and Fix | WaterBalanceTools,Hot Tub pH Too Low: Causes and Fix,guides,chlorine|ph|hot-tub-chemistry|troubleshooting|equipment,11,2,true,false,"index, follow",https://waterbalancetools.com/guides/hot-tub/hot-tub-ph-too-low,BreadcrumbList|ListItem,false,0,416,true
/guides/hot-tub/how-often-to-shock-a-hot-tub,guides/hot-tub/how-often-to-shock-a-hot-tub.html,How Often to Shock a Hot Tub | WaterBalanceTools,How Often to Shock a Hot Tub,guides,shock|hot-tub-chemistry,12,2,true,false,"index, follow",https://waterbalancetools.com/guides/hot-tub/how-often-to-shock-a-hot-tub,BreadcrumbList|ListItem,false,0,408,true
/guides/hot-tub,guides/hot-tub/index.html,Hot Tub Guides Hub | WaterBalanceTools,Hot Tub Guides Hub,guides,hot-tub-chemistry|troubleshooting,12,2,true,false,"index, follow",https://waterbalancetools.com/guides/hot-tub,BreadcrumbList|ListItem|CollectionPage|ItemList|WebSite,false,0,466,true
/guides/hot-tub-chemistry,guides/hot-tub-chemistry.html,Hot Tub Chemistry Guide | WaterBalanceTools,Hot Tub Chemistry,guides,chlorine|bromine|pool-volume|hot-tub-chemistry,18,2,true,false,"index, follow",https://waterbalancetools.com/guides/hot-tub-chemistry,BreadcrumbList|ListItem,false,0,218,true
/guides/hot-tub-maintenance,guides/hot-tub-maintenance.html,Hot Tub Maintenance Guide | WaterBalanceTools,Hot Tub Maintenance,guides,hot-tub-chemistry,3,2,true,false,"index, follow",https://waterbalancetools.com/guides/hot-tub-maintenance,BreadcrumbList|ListItem,false,0,228,true
/guides,guides/index.html,Guides Hub | WaterBalanceTools,Guides Hub,guides,troubleshooting,49,2,true,false,"index, follow",https://waterbalancetools.com/guides,BreadcrumbList|ListItem|CollectionPage|ItemList|WebSite,false,0,472,true
/guides/ph/can-you-swim-in-high-ph-water,guides/ph/can-you-swim-in-high-ph-water.html,Can You Swim in High pH Pool Water? | WaterBalanceTools,Can You Swim in High pH Pool Water?,guides,chlorine|ph,28,2,true,false,"index, follow",https://waterbalancetools.com/guides/ph/can-you-swim-in-high-ph-water,BreadcrumbList|ListItem,false,0,489,true
/guides/ph/does-rain-lower-pool-ph,guides/ph/does-rain-lower-pool-ph.html,Does Rain Lower Pool pH? | WaterBalanceTools,Does Rain Lower Pool pH?,guides,ph|pool-volume,22,2,true,false,"index, follow",https://waterbalancetools.com/guides/ph/does-rain-lower-pool-ph,BreadcrumbList|ListItem,false,0,496,true
/guides/ph/how-to-lower-pool-ph,guides/ph/how-to-lower-pool-ph.html,How to Lower Pool pH: Step-by-Step Guide | WaterBalanceTools,How to Lower Pool pH,guides,ph,11,2,true,false,"index, follow",https://waterbalancetools.com/guides/ph/how-to-lower-pool-ph,BreadcrumbList|ListItem,false,0,572,true
/guides/ph,guides/ph/index.html,pH Guides Hub | WaterBalanceTools,pH Guides Hub,guides,ph|alkalinity,7,2,true,false,"index, follow",https://waterbalancetools.com/guides/ph,BreadcrumbList|ListItem|CollectionPage|ItemList|WebSite,false,0,438,true
/guides/ph/what-causes-high-pool-ph,guides/ph/what-causes-high-pool-ph.html,What Causes High Pool pH? | WaterBalanceTools,What Causes High Pool pH?,guides,ph|alkalinity|salt|algae|troubleshooting,7,2,true,false,"index, follow",https://waterbalancetools.com/guides/ph/what-causes-high-pool-ph,BreadcrumbList|ListItem,false,0,523,true
/guides/ph/why-pool-ph-keeps-rising,guides/ph/why-pool-ph-keeps-rising.html,Why Pool pH Keeps Rising | WaterBalanceTools,Why Pool pH Keeps Rising,guides,ph|alkalinity|algae|troubleshooting,11,2,true,false,"index, follow",https://waterbalancetools.com/guides/ph/why-pool-ph-keeps-rising,BreadcrumbList|ListItem,false,0,581,true
/guides/ph-guide,guides/ph-guide.html,Pool pH Guide | WaterBalanceTools,Pool pH Guide,guides,ph,14,2,true,false,"index, follow",https://waterbalancetools.com/guides/ph-guide,BreadcrumbList|ListItem,false,0,248,true
/guides/pool-chemistry-basics,guides/pool-chemistry-basics.html,Pool Chemistry Basics | WaterBalanceTools,Pool Chemistry Basics,guides,chlorine|ph|alkalinity,462,1,true,false,"index, follow",https://waterbalancetools.com/guides/pool-chemistry-basics,BreadcrumbList|ListItem,false,0,318,true
/guides/questions/can-rain-affect-pool-chemistry,guides/questions/can-rain-affect-pool-chemistry.html,Can Rain Affect Pool Chemistry? | WaterBalanceTools,Can Rain Affect Pool Chemistry?,guides,chlorine|ph|alkalinity|cyanuric-acid|troubleshooting,2,2,true,false,"index, follow",https://waterbalancetools.com/guides/questions/can-rain-affect-pool-chemistry,BreadcrumbList|ListItem|FAQPage|Question|Answer,false,0,690,true
/guides/questions/can-you-swim-after-shocking-a-pool,guides/questions/can-you-swim-after-shocking-a-pool.html,Can You Swim After Shocking a Pool? | WaterBalanceTools,Can You Swim After Shocking a Pool?,guides,shock,6,2,true,false,"index, follow",https://waterbalancetools.com/guides/questions/can-you-swim-after-shocking-a-pool,BreadcrumbList|ListItem|FAQPage|Question|Answer,false,0,720,true
/guides/questions,guides/questions/index.html,Questions Guides Hub | WaterBalanceTools,Questions Guides Hub,guides,general,6,3,true,false,"index, follow",https://waterbalancetools.com/guides/questions,BreadcrumbList|ListItem|CollectionPage|ItemList|WebSite,false,0,520,true
/guides/questions/why-does-hot-tub-water-smell,guides/questions/why-does-hot-tub-water-smell.html,Why Does Hot Tub Water Smell? | WaterBalanceTools,Why Does Hot Tub Water Smell?,guides,chlorine|hot-tub-chemistry|troubleshooting,9,2,true,false,"index, follow",https://waterbalancetools.com/guides/questions/why-does-hot-tub-water-smell,BreadcrumbList|ListItem|FAQPage|Question|Answer,false,0,776,true
/guides/questions/why-does-pool-water-turn-cloudy,guides/questions/why-does-pool-water-turn-cloudy.html,Why Does Pool Water Turn Cloudy? | WaterBalanceTools,Why Does Pool Water Turn Cloudy?,guides,chlorine|ph|algae|troubleshooting,4,2,true,false,"index, follow",https://waterbalancetools.com/guides/questions/why-does-pool-water-turn-cloudy,BreadcrumbList|ListItem|FAQPage|Question|Answer,false,0,748,true
/guides/questions/why-is-my-hot-tub-foamy,guides/questions/why-is-my-hot-tub-foamy.html,Why Is My Hot Tub Foamy? | WaterBalanceTools,Why Is My Hot Tub Foamy?,guides,calcium-hardness|hot-tub-chemistry|troubleshooting,11,2,true,false,"index, follow",https://waterbalancetools.com/guides/questions/why-is-my-hot-tub-foamy,BreadcrumbList|ListItem|FAQPage|Question|Answer,false,0,771,true
/guides/questions/why-is-my-pool-green-but-chlorine-is-high,guides/questions/why-is-my-pool-green-but-chlorine-is-high.html,Why Is My Pool Green But Chlorine Is High? | WaterBalanceTools,Why Is My Pool Green But Chlorine Is High?,guides,chlorine|ph|cyanuric-acid|algae|troubleshooting,7,2,true,false,"index, follow",https://waterbalancetools.com/guides/questions/why-is-my-pool-green-but-chlorine-is-high,BreadcrumbList|ListItem|FAQPage|Question|Answer,false,0,774,true
/guides/seasonal/closing-pool-chemistry-winter,guides/seasonal/closing-pool-chemistry-winter.html,"Closing Pool Chemistry for Winter (Balance, Shock &amp; Winterize) | WaterBalanceTools",Closing Pool Chemistry for Winter,guides,shock|algae|seasonal-maintenance|equipment,4,2,true,false,"index, follow",https://waterbalancetools.com/guides/seasonal/closing-pool-chemistry-winter,BreadcrumbList|ListItem,false,0,230,true
/guides/seasonal,guides/seasonal/index.html,Seasonal Guides Hub | WaterBalanceTools,Seasonal Guides Hub,guides,seasonal-maintenance,5,3,true,false,"index, follow",https://waterbalancetools.com/guides/seasonal,BreadcrumbList|ListItem|CollectionPage|ItemList|WebSite,false,0,386,true
/guides/seasonal/opening-pool-chemistry-checklist,guides/seasonal/opening-pool-chemistry-checklist.html,Opening Pool Chemistry Checklist (Start-Up Chemicals Order) | WaterBalanceTools,Opening Pool Chemistry Checklist,guides,seasonal-maintenance|equipment,6,2,true,false,"index, follow",https://waterbalancetools.com/guides/seasonal/opening-pool-chemistry-checklist,BreadcrumbList|ListItem,false,0,299,true
/guides/seasonal/summer-high-chlorine-demand,guides/seasonal/summer-high-chlorine-demand.html,"Summer High Chlorine Demand (Heat, Sun &amp; Load) | WaterBalanceTools",Summer High Chlorine Demand,guides,chlorine|seasonal-maintenance,7,2,true,false,"index, follow",https://waterbalancetools.com/guides/seasonal/summer-high-chlorine-demand,BreadcrumbList|ListItem,false,0,218,true
/guides/seasonal/winter-pool-maintenance-chemistry,guides/seasonal/winter-pool-maintenance-chemistry.html,Winter Pool Maintenance Chemistry (Mild &amp; Cold Climates) | WaterBalanceTools,Winter Pool Maintenance Chemistry,guides,seasonal-maintenance,5,2,true,false,"index, follow",https://waterbalancetools.com/guides/seasonal/winter-pool-maintenance-chemistry,BreadcrumbList|ListItem,false,0,242,true
/hot-tub-chemical-levels-chart,hot-tub-chemical-levels-chart.html,Hot Tub Chemical Levels Chart (All Parameters) | WaterBalanceTools,Hot Tub Chemical Levels Chart,root,chlorine|ph|alkalinity|calcium-hardness|cyanuric-acid|hot-tub-chemistry,11,2,true,false,"index, follow",https://waterbalancetools.com/hot-tub-chemical-levels-chart,FAQPage|Question|Answer|BreadcrumbList|ListItem,false,0,411,true
/hot-tub-chlorine-levels-chart,hot-tub-chlorine-levels-chart.html,Hot Tub Chlorine Levels Chart | WaterBalanceTools,Hot Tub Chlorine Levels Chart,root,chlorine|hot-tub-chemistry|equipment,4,2,true,false,"index, follow",https://waterbalancetools.com/hot-tub-chlorine-levels-chart,FAQPage|Question|Answer|BreadcrumbList|ListItem,true,1,423,true
/,index.html,Pool & Hot Tub Chemical Calculator | WaterBalanceTools,Pool & Hot Tub Chemical Calculator,root,chlorine|ph,491,0,true,false,"index, follow",https://waterbalancetools.com/,Organization|Place|WebSite|SearchAction|FAQPage|Question|Answer,false,0,348,true
/legal,legal/index.html,Legal Hub | WaterBalanceTools,Legal Hub,legal,general,2,2,true,false,"index, follow",https://waterbalancetools.com/legal,BreadcrumbList|ListItem|CollectionPage|ItemList|WebSite,false,0,246,true
/legal/legal,legal/legal.html,Legal Information | WaterBalanceTools,Legal Information,legal,general,462,1,true,false,"index, follow",https://waterbalancetools.com/legal/legal,BreadcrumbList|ListItem,false,0,427,true
/legal/ownership,legal/ownership.html,Ownership &amp; Operator Information | WaterBalanceTools,WaterBalanceTools Ownership,legal,general,462,1,true,false,"index, follow",https://waterbalancetools.com/legal/ownership,BreadcrumbList|ListItem,false,0,81,true
/maintenance/how-often-add-chlorine-pool,maintenance/how-often-add-chlorine-pool.html,How Often to Add Chlorine to a Pool | WaterBalanceTools,How Often to Add Chlorine to a Pool,maintenance,chlorine|shock|testing,2,3,true,false,"index, follow",https://waterbalancetools.com/maintenance/how-often-add-chlorine-pool,FAQPage|Question|Answer|BreadcrumbList|ListItem,false,0,205,true
/maintenance/how-to-balance-pool-water,maintenance/how-to-balance-pool-water.html,How to Balance Pool Water | WaterBalanceTools,How to Balance Pool Water,maintenance,chlorine|ph|alkalinity,4,3,true,false,"index, follow",https://waterbalancetools.com/maintenance/how-to-balance-pool-water,HowTo|HowToStep|BreadcrumbList|ListItem,false,0,158,true
/maintenance/how-to-fix-cloudy-hot-tub,maintenance/how-to-fix-cloudy-hot-tub.html,How to Fix Cloudy Hot Tub Water | WaterBalanceTools,How to Fix Cloudy Hot Tub Water,maintenance,alkalinity|sanitizer|hot-tub-chemistry|troubleshooting|equipment,2,4,true,false,"index, follow",https://waterbalancetools.com/maintenance/how-to-fix-cloudy-hot-tub,BreadcrumbList|ListItem,false,0,172,true
/maintenance,maintenance/index.html,Maintenance Hub | WaterBalanceTools,Maintenance Hub,maintenance,general,3,4,true,false,"index, follow",https://waterbalancetools.com/maintenance,BreadcrumbList|ListItem|CollectionPage|ItemList|WebSite,false,0,336,true
/methodology/calculation-assumptions,methodology/calculation-assumptions/index.html,Calculation Assumptions | WaterBalanceTools,Calculation Assumptions,methodology,general,24,2,true,false,"index, follow",https://waterbalancetools.com/methodology/calculation-assumptions/,BreadcrumbList|ListItem|WebPage,false,0,386,true
/methodology/calculation-methodology,methodology/calculation-methodology/index.html,Calculation Methodology | WaterBalanceTools,Calculation Methodology,methodology,general,30,2,true,false,"index, follow",https://waterbalancetools.com/methodology/calculation-methodology/,BreadcrumbList|ListItem|WebPage,false,0,377,true
/methodology/confidence-system,methodology/confidence-system/index.html,Confidence System | WaterBalanceTools,Confidence System,methodology,general,1,3,true,false,"index, follow",https://waterbalancetools.com/methodology/confidence-system/,BreadcrumbList|ListItem|WebPage,false,0,296,true
/methodology/formula-selection,methodology/formula-selection/index.html,Formula Selection | WaterBalanceTools,Formula Selection,methodology,general,24,2,true,false,"index, follow",https://waterbalancetools.com/methodology/formula-selection/,BreadcrumbList|ListItem|WebPage,false,0,276,true
/methodology,methodology/index.html,Calculation Methodology (methodology) | WaterBalanceTools,Calculation Methodology,methodology,general,9,2,true,false,"index, follow",https://waterbalancetools.com/methodology/,BreadcrumbList|ListItem|WebPage,false,0,54,true
/methodology/known-limitations,methodology/known-limitations/index.html,Known Limitations | WaterBalanceTools,Known Limitations,methodology,general,15,2,true,false,"index, follow",https://waterbalancetools.com/methodology/known-limitations/,BreadcrumbList|ListItem|WebPage,false,0,384,true
/methodology/precision-policy,methodology/precision-policy/index.html,Precision Policy | WaterBalanceTools,Precision Policy,methodology,general,1,3,true,false,"index, follow",https://waterbalancetools.com/methodology/precision-policy/,BreadcrumbList|ListItem|WebPage,false,0,297,true
/methodology/rounding-policy,methodology/rounding-policy/index.html,Rounding Policy | WaterBalanceTools,Rounding Policy,methodology,general,15,2,true,false,"index, follow",https://waterbalancetools.com/methodology/rounding-policy/,BreadcrumbList|ListItem|WebPage,false,0,327,true
/pool-alkalinity-levels-chart,pool-alkalinity-levels-chart.html,Pool Alkalinity Levels Chart | WaterBalanceTools,Pool Alkalinity Levels Chart,root,ph|alkalinity,3,2,true,false,"index, follow",https://waterbalancetools.com/pool-alkalinity-levels-chart,FAQPage|Question|Answer|BreadcrumbList|ListItem,true,1,403,true
/pool-chemical-levels-chart,pool-chemical-levels-chart.html,Pool Chemical Levels Chart (Ideal Ranges + Next Steps) | WaterBalanceTools,Pool chemical levels chart,root,chlorine|ph|alkalinity|cyanuric-acid,462,1,true,false,"index, follow",https://waterbalancetools.com/pool-chemical-levels-chart,FAQPage|Question|Answer|BreadcrumbList|ListItem,false,0,357,true
/pool-chemistry-system,pool-chemistry-system.html,Pool Chemistry System: How All Parameters Work Together | WaterBalanceTools,Pool Chemistry System: How All Parameters Work Together,root,chlorine|ph|alkalinity|calcium-hardness|cyanuric-acid|shock,1,2,true,false,"index, follow",https://waterbalancetools.com/pool-chemistry-system,BreadcrumbList|ListItem,false,0,1212,true
/pool-chlorine-levels-chart,pool-chlorine-levels-chart.html,Pool Chlorine Levels Chart (1–3 ppm + Shock Targets) | WaterBalanceTools,Pool chlorine levels chart,root,chlorine|cyanuric-acid|shock,29,1,true,false,"index, follow",https://waterbalancetools.com/pool-chlorine-levels-chart,FAQPage|Question|Answer|BreadcrumbList|ListItem,true,1,387,true
/pool-cya-levels-chart,pool-cya-levels-chart.html,Pool CYA (Cyanuric Acid) Levels Chart | WaterBalanceTools,Pool CYA (Cyanuric Acid) Levels Chart,root,chlorine|cyanuric-acid,4,2,true,false,"index, follow",https://waterbalancetools.com/pool-cya-levels-chart,FAQPage|Question|Answer|BreadcrumbList|ListItem,false,0,366,true
/pool-ph-levels-chart,pool-ph-levels-chart.html,Pool pH Levels Chart (7.2–7.6 + Fix Order) | WaterBalanceTools,Pool pH levels chart,root,chlorine|ph|troubleshooting|equipment,25,1,true,false,"index, follow",https://waterbalancetools.com/pool-ph-levels-chart,FAQPage|Question|Answer|BreadcrumbList|ListItem,false,0,297,true
/printable/maintenance-checklist,printable/maintenance-checklist.html,Maintenance Checklist | WaterBalanceTools,Pool & Hot Tub Maintenance Checklist,printable,general,1,3,true,false,"index, follow",https://waterbalancetools.com/printable/maintenance-checklist,WebPage|BreadcrumbList|ListItem,false,0,91,true
/programmatic/behavior/how-often-to-shock-pool,programmatic/behavior/how-often-to-shock-pool.html,How Often to Shock a Pool (Weekly Guide) | WaterBalanceTools,How Often Should You Shock a Pool?,programmatic,shock|algae|testing,7,2,true,false,"index, follow",https://waterbalancetools.com/programmatic/behavior/how-often-to-shock-pool,WebApplication|Offer|FAQPage|Question|Answer|BreadcrumbList|ListItem,false,0,518,true
/programmatic/behavior/how-often-to-test-pool-water,programmatic/behavior/how-often-to-test-pool-water.html,How Often to Test Pool Water (Simple Schedule) | WaterBalanceTools,How Often Should You Test Pool Water?,programmatic,chlorine|ph|troubleshooting,9,2,true,false,"index, follow",https://waterbalancetools.com/programmatic/behavior/how-often-to-test-pool-water,WebApplication|Offer|FAQPage|Question|Answer|BreadcrumbList|ListItem,false,0,504,true
/programmatic/behavior,programmatic/behavior/index.html,Programmatic Behavior Hub | WaterBalanceTools,Programmatic Behavior Hub,programmatic,general,8,3,true,false,"index, follow",https://waterbalancetools.com/programmatic/behavior,BreadcrumbList|ListItem|CollectionPage|ItemList|WebSite,false,0,339,true
/programmatic/behavior/when-to-add-chlorine,programmatic/behavior/when-to-add-chlorine.html,When to Add Chlorine to a Pool (Best Time) | WaterBalanceTools,When Should You Add Chlorine to a Pool?,programmatic,chlorine,13,2,true,false,"index, follow",https://waterbalancetools.com/programmatic/behavior/when-to-add-chlorine,WebApplication|Offer|FAQPage|Question|Answer|BreadcrumbList|ListItem,false,0,532,true
/programmatic/chlorine/how-much-chlorine-for-10000-gallon-pool,programmatic/chlorine/how-much-chlorine-for-10000-gallon-pool.html,How Much Chlorine for 10000 Gallon Pool | WaterBalanceTools,"How Much Chlorine Do You Need for a 10,000 Gallon Pool?",programmatic,chlorine,22,2,true,false,"index, follow",https://waterbalancetools.com/programmatic/chlorine/how-much-chlorine-for-10000-gallon-pool,WebApplication|Offer|FAQPage|Question|Answer|BreadcrumbList|ListItem|HowTo|HowToStep,false,0,578,true
/programmatic/chlorine/how-much-chlorine-for-12000-gallon-pool,programmatic/chlorine/how-much-chlorine-for-12000-gallon-pool.html,How Much Chlorine for 12000 Gallon Pool | WaterBalanceTools,"How Much Chlorine Do You Need for a 12,000 Gallon Pool?",programmatic,chlorine,16,2,true,false,"index, follow",https://waterbalancetools.com/programmatic/chlorine/how-much-chlorine-for-12000-gallon-pool,WebApplication|Offer|FAQPage|Question|Answer|BreadcrumbList|ListItem|HowTo|HowToStep,false,0,578,true
/programmatic/chlorine/how-much-chlorine-for-15000-gallon-pool,programmatic/chlorine/how-much-chlorine-for-15000-gallon-pool.html,How Much Chlorine for 15000 Gallon Pool | WaterBalanceTools,"How Much Chlorine Do You Need for a 15,000 Gallon Pool?",programmatic,chlorine,18,2,true,false,"index, follow",https://waterbalancetools.com/programmatic/chlorine/how-much-chlorine-for-15000-gallon-pool,WebApplication|Offer|FAQPage|Question|Answer|BreadcrumbList|ListItem|HowTo|HowToStep,false,0,581,true
/programmatic/chlorine/how-much-chlorine-for-18000-gallon-pool,programmatic/chlorine/how-much-chlorine-for-18000-gallon-pool.html,How Much Chlorine for 18000 Gallon Pool | WaterBalanceTools,"How Much Chlorine Do You Need for a 18,000 Gallon Pool?",programmatic,chlorine,16,2,true,false,"index, follow",https://waterbalancetools.com/programmatic/chlorine/how-much-chlorine-for-18000-gallon-pool,WebApplication|Offer|FAQPage|Question|Answer|BreadcrumbList|ListItem|HowTo|HowToStep,false,0,579,true
/programmatic/chlorine/how-much-chlorine-for-20000-gallon-pool,programmatic/chlorine/how-much-chlorine-for-20000-gallon-pool.html,How Much Chlorine for 20000 Gallon Pool | WaterBalanceTools,"How Much Chlorine Do You Need for a 20,000 Gallon Pool?",programmatic,chlorine,14,2,true,false,"index, follow",https://waterbalancetools.com/programmatic/chlorine/how-much-chlorine-for-20000-gallon-pool,WebApplication|Offer|FAQPage|Question|Answer|BreadcrumbList|ListItem|HowTo|HowToStep,false,0,577,true
/programmatic/chlorine/how-much-chlorine-for-25000-gallon-pool,programmatic/chlorine/how-much-chlorine-for-25000-gallon-pool.html,How Much Chlorine for 25000 Gallon Pool | WaterBalanceTools,"How Much Chlorine Do You Need for a 25,000 Gallon Pool?",programmatic,chlorine,12,2,true,false,"index, follow",https://waterbalancetools.com/programmatic/chlorine/how-much-chlorine-for-25000-gallon-pool,WebApplication|Offer|FAQPage|Question|Answer|BreadcrumbList|ListItem|HowTo|HowToStep,false,0,577,true
/programmatic/chlorine/how-much-chlorine-for-30000-gallon-pool,programmatic/chlorine/how-much-chlorine-for-30000-gallon-pool.html,How Much Chlorine for 30000 Gallon Pool | WaterBalanceTools,"How Much Chlorine Do You Need for a 30,000 Gallon Pool?",programmatic,chlorine,10,2,true,false,"index, follow",https://waterbalancetools.com/programmatic/chlorine/how-much-chlorine-for-30000-gallon-pool,WebApplication|Offer|FAQPage|Question|Answer|BreadcrumbList|ListItem|HowTo|HowToStep,false,0,580,true
/programmatic/chlorine/how-much-chlorine-for-5000-gallon-pool,programmatic/chlorine/how-much-chlorine-for-5000-gallon-pool.html,How Much Chlorine for 5000 Gallon Pool | WaterBalanceTools,"How Much Chlorine Do You Need for a 5,000 Gallon Pool?",programmatic,chlorine,12,2,true,false,"index, follow",https://waterbalancetools.com/programmatic/chlorine/how-much-chlorine-for-5000-gallon-pool,WebApplication|Offer|FAQPage|Question|Answer|BreadcrumbList|ListItem|HowTo|HowToStep,false,0,577,true
/programmatic/chlorine/how-much-chlorine-for-7000-gallon-pool,programmatic/chlorine/how-much-chlorine-for-7000-gallon-pool.html,How Much Chlorine for 7000 Gallon Pool | WaterBalanceTools,"How Much Chlorine Do You Need for a 7,000 Gallon Pool?",programmatic,chlorine,12,2,true,false,"index, follow",https://waterbalancetools.com/programmatic/chlorine/how-much-chlorine-for-7000-gallon-pool,WebApplication|Offer|FAQPage|Question|Answer|BreadcrumbList|ListItem|HowTo|HowToStep,false,0,578,true
/programmatic/chlorine/how-much-chlorine-for-8000-gallon-pool,programmatic/chlorine/how-much-chlorine-for-8000-gallon-pool.html,How Much Chlorine for 8000 Gallon Pool | WaterBalanceTools,"How Much Chlorine Do You Need for a 8,000 Gallon Pool?",programmatic,chlorine,14,2,true,false,"index, follow",https://waterbalancetools.com/programmatic/chlorine/how-much-chlorine-for-8000-gallon-pool,WebApplication|Offer|FAQPage|Question|Answer|BreadcrumbList|ListItem|HowTo|HowToStep,false,0,580,true
/programmatic/chlorine/how-much-chlorine-for-9000-gallon-pool,programmatic/chlorine/how-much-chlorine-for-9000-gallon-pool.html,How Much Chlorine for 9000 Gallon Pool | WaterBalanceTools,"How Much Chlorine Do You Need for a 9,000 Gallon Pool?",programmatic,chlorine,13,2,true,false,"index, follow",https://waterbalancetools.com/programmatic/chlorine/how-much-chlorine-for-9000-gallon-pool,WebApplication|Offer|FAQPage|Question|Answer|BreadcrumbList|ListItem|HowTo|HowToStep,false,0,578,true
/programmatic/chlorine,programmatic/chlorine/index.html,Programmatic Chlorine Hub | WaterBalanceTools,Programmatic Chlorine Hub,programmatic,chlorine|pool-volume,14,3,true,false,"index, follow",https://waterbalancetools.com/programmatic/chlorine,BreadcrumbList|ListItem|CollectionPage|ItemList|WebSite,false,0,589,true
/programmatic/explanations,programmatic/explanations/index.html,Programmatic Explanations Hub | WaterBalanceTools,Programmatic Explanations Hub,programmatic,general,7,3,true,false,"index, follow",https://waterbalancetools.com/programmatic/explanations,BreadcrumbList|ListItem|CollectionPage|ItemList|WebSite,false,0,313,true
/programmatic/explanations/what-is-pool-alkalinity,programmatic/explanations/what-is-pool-alkalinity.html,What Is Total Alkalinity (Pool Basics) | WaterBalanceTools,What Is Total Alkalinity in a Pool?,programmatic,ph|alkalinity|water-balance,26,2,true,false,"index, follow",https://waterbalancetools.com/programmatic/explanations/what-is-pool-alkalinity,FAQPage|Question|Answer|BreadcrumbList|ListItem,false,0,531,true
/programmatic/explanations/why-ph-affects-chlorine,programmatic/explanations/why-ph-affects-chlorine.html,Why pH Affects Chlorine (Pool Science) | WaterBalanceTools,Why Does pH Affect Chlorine Effectiveness?,programmatic,chlorine|ph|sanitizer|troubleshooting,10,2,true,false,"index, follow",https://waterbalancetools.com/programmatic/explanations/why-ph-affects-chlorine,FAQPage|Question|Answer|BreadcrumbList|ListItem,false,0,567,true
/programmatic/explanations/why-shower-before-pool,programmatic/explanations/why-shower-before-pool.html,Why Shower Before Swimming (Pool Chemistry) | WaterBalanceTools,Why Should You Shower Before Entering a Pool?,programmatic,sanitizer,4,2,true,false,"index, follow",https://waterbalancetools.com/programmatic/explanations/why-shower-before-pool,FAQPage|Question|Answer|BreadcrumbList|ListItem,false,0,549,true
/programmatic/hot-tubs/hot-tub-chemicals-for-200-gallons,programmatic/hot-tubs/hot-tub-chemicals-for-200-gallons.html,Hot Tub Chemicals for 200 Gallons | WaterBalanceTools,What Chemicals Do You Need for a 200 Gallon Hot Tub?,programmatic,chlorine|sanitizer|pool-volume|hot-tub-chemistry,10,2,true,false,"index, follow",https://waterbalancetools.com/programmatic/hot-tubs/hot-tub-chemicals-for-200-gallons,WebApplication|Offer|FAQPage|Question|Answer|BreadcrumbList|ListItem|HowTo|HowToStep,false,0,563,true
/programmatic/hot-tubs/hot-tub-chemicals-for-300-gallons,programmatic/hot-tubs/hot-tub-chemicals-for-300-gallons.html,Hot Tub Chemicals for 300 Gallons | WaterBalanceTools,What Chemicals Do You Need for a 300 Gallon Hot Tub?,programmatic,chlorine|sanitizer|pool-volume|hot-tub-chemistry,11,2,true,false,"index, follow",https://waterbalancetools.com/programmatic/hot-tubs/hot-tub-chemicals-for-300-gallons,WebApplication|Offer|FAQPage|Question|Answer|BreadcrumbList|ListItem|HowTo|HowToStep,false,0,566,true
/programmatic/hot-tubs/hot-tub-chemicals-for-400-gallons,programmatic/hot-tubs/hot-tub-chemicals-for-400-gallons.html,Hot Tub Chemicals for 400 Gallons | WaterBalanceTools,What Chemicals Do You Need for a 400 Gallon Hot Tub?,programmatic,chlorine|sanitizer|pool-volume|hot-tub-chemistry,13,2,true,false,"index, follow",https://waterbalancetools.com/programmatic/hot-tubs/hot-tub-chemicals-for-400-gallons,WebApplication|Offer|FAQPage|Question|Answer|BreadcrumbList|ListItem|HowTo|HowToStep,false,0,561,true
/programmatic/hot-tubs/hot-tub-chemicals-for-500-gallons,programmatic/hot-tubs/hot-tub-chemicals-for-500-gallons.html,Hot Tub Chemicals for 500 Gallons | WaterBalanceTools,What Chemicals Do You Need for a 500 Gallon Hot Tub?,programmatic,chlorine|sanitizer|pool-volume|hot-tub-chemistry,9,2,true,false,"index, follow",https://waterbalancetools.com/programmatic/hot-tubs/hot-tub-chemicals-for-500-gallons,WebApplication|Offer|FAQPage|Question|Answer|BreadcrumbList|ListItem|HowTo|HowToStep,false,0,564,true
/programmatic/hot-tubs/hot-tub-chemicals-for-600-gallons,programmatic/hot-tubs/hot-tub-chemicals-for-600-gallons.html,Hot Tub Chemicals for 600 Gallons | WaterBalanceTools,What Chemicals Do You Need for a 600 Gallon Hot Tub?,programmatic,chlorine|sanitizer|pool-volume|hot-tub-chemistry,10,2,true,false,"index, follow",https://waterbalancetools.com/programmatic/hot-tubs/hot-tub-chemicals-for-600-gallons,WebApplication|Offer|FAQPage|Question|Answer|BreadcrumbList|ListItem|HowTo|HowToStep,false,0,568,true
/programmatic/hot-tubs,programmatic/hot-tubs/index.html,Programmatic Hot Tub Hub | WaterBalanceTools,Programmatic Hot Tub Hub,programmatic,pool-volume|hot-tub-chemistry,8,3,true,false,"index, follow",https://waterbalancetools.com/programmatic/hot-tubs,BreadcrumbList|ListItem|CollectionPage|ItemList|WebSite,false,0,415,true
/programmatic,programmatic/index.html,Programmatic Hub | WaterBalanceTools,Programmatic Hub,programmatic,general,44,3,true,false,"index, follow",https://waterbalancetools.com/programmatic,BreadcrumbList|ListItem|CollectionPage|ItemList|WebSite,false,0,469,true
/programmatic/ph/how-to-adjust-ph-from-6-8-to-7-2,programmatic/ph/how-to-adjust-ph-from-6-8-to-7-2.html,How to Adjust Pool pH from 6.8 to 7.2 | WaterBalanceTools,How Do You Adjust Pool pH from 6.8 to 7.2?,programmatic,ph,9,2,true,false,"index, follow",https://waterbalancetools.com/programmatic/ph/how-to-adjust-ph-from-6-8-to-7-2,WebApplication|Offer|FAQPage|Question|Answer|BreadcrumbList|ListItem|HowTo|HowToStep,false,0,514,true
/programmatic/ph/how-to-adjust-ph-from-7-8-to-7-4,programmatic/ph/how-to-adjust-ph-from-7-8-to-7-4.html,How to Adjust Pool pH from 7.8 to 7.4 | WaterBalanceTools,How Do You Adjust Pool pH from 7.8 to 7.4?,programmatic,ph,10,2,true,false,"index, follow",https://waterbalancetools.com/programmatic/ph/how-to-adjust-ph-from-7-8-to-7-4,WebApplication|Offer|FAQPage|Question|Answer|BreadcrumbList|ListItem|HowTo|HowToStep,false,0,498,true
/programmatic/ph/how-to-adjust-ph-from-7-to-7-4,programmatic/ph/how-to-adjust-ph-from-7-to-7-4.html,How to Adjust Pool pH from 7 to 7.4 | WaterBalanceTools,How Do You Adjust Pool pH from 7 to 7.4?,programmatic,ph,11,2,true,false,"index, follow",https://waterbalancetools.com/programmatic/ph/how-to-adjust-ph-from-7-to-7-4,WebApplication|Offer|FAQPage|Question|Answer|BreadcrumbList|ListItem|HowTo|HowToStep,false,0,513,true
/programmatic/ph/how-to-adjust-ph-from-8-to-7-5,programmatic/ph/how-to-adjust-ph-from-8-to-7-5.html,How to Adjust Pool pH from 8 to 7.5 | WaterBalanceTools,How Do You Adjust Pool pH from 8 to 7.5?,programmatic,ph,14,2,true,false,"index, follow",https://waterbalancetools.com/programmatic/ph/how-to-adjust-ph-from-8-to-7-5,WebApplication|Offer|FAQPage|Question|Answer|BreadcrumbList|ListItem|HowTo|HowToStep,false,0,501,true
/programmatic/ph,programmatic/ph/index.html,Programmatic pH Hub | WaterBalanceTools,Programmatic pH Hub,programmatic,ph,6,3,true,false,"index, follow",https://waterbalancetools.com/programmatic/ph,BreadcrumbList|ListItem|CollectionPage|ItemList|WebSite,false,0,423,true
/programmatic/problems/cloudy-pool-fix,programmatic/problems/cloudy-pool-fix.html,Cloudy Pool Fix (Clear Water Fast) | WaterBalanceTools,How Do You Fix a Cloudy Pool?,programmatic,ph|troubleshooting,15,2,true,false,"index, follow",https://waterbalancetools.com/programmatic/problems/cloudy-pool-fix,WebApplication|Offer|FAQPage|Question|Answer|HowTo|HowToStep|BreadcrumbList|ListItem,false,0,585,true
/programmatic/problems/green-pool-how-much-chlorine,programmatic/problems/green-pool-how-much-chlorine.html,Fix a Green Pool Fast (Chlorine Guide) | WaterBalanceTools,How Much Chlorine Do You Need to Fix a Green Pool?,programmatic,chlorine|shock|algae|troubleshooting,21,2,true,false,"index, follow",https://waterbalancetools.com/programmatic/problems/green-pool-how-much-chlorine,WebApplication|Offer|FAQPage|Question|Answer|HowTo|HowToStep|BreadcrumbList|ListItem,false,0,611,true
/programmatic/problems/high-chlorine-how-to-lower,programmatic/problems/high-chlorine-how-to-lower.html,How to Lower High Chlorine Fast (Safe Method) | WaterBalanceTools,How Do You Lower High Chlorine in a Pool?,programmatic,chlorine|troubleshooting,15,2,true,false,"index, follow",https://waterbalancetools.com/programmatic/problems/high-chlorine-how-to-lower,WebApplication|Offer|FAQPage|Question|Answer|HowTo|HowToStep|BreadcrumbList|ListItem,false,0,568,true
/programmatic/problems,programmatic/problems/index.html,Programmatic Problems Hub | WaterBalanceTools,Programmatic Problems Hub,programmatic,troubleshooting,5,3,true,false,"index, follow",https://waterbalancetools.com/programmatic/problems,BreadcrumbList|ListItem|CollectionPage|ItemList|WebSite,false,0,369,true
/programmatic/problems/low-alkalinity-symptoms,programmatic/problems/low-alkalinity-symptoms.html,Low Alkalinity Symptoms (Fix TA Safely) | WaterBalanceTools,What Are the Symptoms of Low Alkalinity in a Pool?,programmatic,ph|alkalinity|troubleshooting,19,2,true,false,"index, follow",https://waterbalancetools.com/programmatic/problems/low-alkalinity-symptoms,WebApplication|Offer|FAQPage|Question|Answer|HowTo|HowToStep|BreadcrumbList|ListItem,false,0,563,true
/programmatic/shock/how-much-shock-for-10000-gallon-pool,programmatic/shock/how-much-shock-for-10000-gallon-pool.html,How Much Shock for 10000 Gallon Pool | WaterBalanceTools,"How Much Shock Do You Need for a 10,000 Gallon Pool?",programmatic,shock,22,2,true,false,"index, follow",https://waterbalancetools.com/programmatic/shock/how-much-shock-for-10000-gallon-pool,WebApplication|Offer|FAQPage|Question|Answer|BreadcrumbList|ListItem|HowTo|HowToStep,true,1,614,true
/programmatic/shock/how-much-shock-for-15000-gallon-pool,programmatic/shock/how-much-shock-for-15000-gallon-pool.html,How Much Shock for 15000 Gallon Pool | WaterBalanceTools,"How Much Shock Do You Need for a 15,000 Gallon Pool?",programmatic,shock,14,2,true,false,"index, follow",https://waterbalancetools.com/programmatic/shock/how-much-shock-for-15000-gallon-pool,WebApplication|Offer|FAQPage|Question|Answer|BreadcrumbList|ListItem|HowTo|HowToStep,true,1,619,true
/programmatic/shock/how-much-shock-for-20000-gallon-pool,programmatic/shock/how-much-shock-for-20000-gallon-pool.html,How Much Shock for 20000 Gallon Pool | WaterBalanceTools,"How Much Shock Do You Need for a 20,000 Gallon Pool?",programmatic,shock,13,2,true,false,"index, follow",https://waterbalancetools.com/programmatic/shock/how-much-shock-for-20000-gallon-pool,WebApplication|Offer|FAQPage|Question|Answer|BreadcrumbList|ListItem|HowTo|HowToStep,true,1,613,true
/programmatic/shock/how-much-shock-for-25000-gallon-pool,programmatic/shock/how-much-shock-for-25000-gallon-pool.html,How Much Shock for 25000 Gallon Pool | WaterBalanceTools,"How Much Shock Do You Need for a 25,000 Gallon Pool?",programmatic,shock,14,2,true,false,"index, follow",https://waterbalancetools.com/programmatic/shock/how-much-shock-for-25000-gallon-pool,WebApplication|Offer|FAQPage|Question|Answer|BreadcrumbList|ListItem|HowTo|HowToStep,true,1,617,true
/programmatic/shock/how-much-shock-for-30000-gallon-pool,programmatic/shock/how-much-shock-for-30000-gallon-pool.html,How Much Shock for 30000 Gallon Pool | WaterBalanceTools,"How Much Shock Do You Need for a 30,000 Gallon Pool?",programmatic,shock,13,2,true,false,"index, follow",https://waterbalancetools.com/programmatic/shock/how-much-shock-for-30000-gallon-pool,WebApplication|Offer|FAQPage|Question|Answer|BreadcrumbList|ListItem|HowTo|HowToStep,true,1,614,true
/programmatic/shock/how-much-shock-for-5000-gallon-pool,programmatic/shock/how-much-shock-for-5000-gallon-pool.html,How Much Shock for 5000 Gallon Pool | WaterBalanceTools,"How Much Shock Do You Need for a 5,000 Gallon Pool?",programmatic,shock,12,2,true,false,"index, follow",https://waterbalancetools.com/programmatic/shock/how-much-shock-for-5000-gallon-pool,WebApplication|Offer|FAQPage|Question|Answer|BreadcrumbList|ListItem|HowTo|HowToStep,true,1,619,true
/programmatic/shock,programmatic/shock/index.html,Programmatic Shock Hub | WaterBalanceTools,Programmatic Shock Hub,programmatic,shock|pool-volume,8,3,true,false,"index, follow",https://waterbalancetools.com/programmatic/shock,BreadcrumbList|ListItem|CollectionPage|ItemList|WebSite,false,0,470,true
/provenance,provenance/index.html,Data Provenance | WaterBalanceTools,Data Provenance,provenance,general,15,3,true,false,"index, follow",https://waterbalancetools.com/provenance/,BreadcrumbList|ListItem|WebPage,false,0,228,true
/reference/alkalinity-table,reference/alkalinity-table.html,Pool Alkalinity Adjustment Table | Reference | WaterBalanceTools,Pool Alkalinity Adjustment Table,reference,alkalinity,35,2,true,false,"index, follow",https://waterbalancetools.com/reference/alkalinity-table,BreadcrumbList|ListItem,false,0,231,true
/reference/calcium-hardness-explained,reference/calcium-hardness-explained.html,Calcium Hardness in Pools Explained | WaterBalanceTools,Calcium Hardness in Pools Explained,reference,calcium-hardness,3,2,true,false,"index, follow",https://waterbalancetools.com/reference/calcium-hardness-explained,BreadcrumbList|ListItem|DefinedTerm|DefinedTermSet|FAQPage|Question|Answer,false,0,898,true
/reference/calculator-directory,reference/calculator-directory.html,Pool & Spa Calculator Directory | Reference | WaterBalanceTools,Pool &amp; Spa Calculator Directory,reference,hot-tub-chemistry,3,2,true,false,"index, follow",https://waterbalancetools.com/reference/calculator-directory,BreadcrumbList|ListItem,false,0,255,true
/reference/chemical-compatibility,reference/chemical-compatibility.html,Pool Chemical Compatibility Guide | Reference | WaterBalanceTools,Pool Chemical Compatibility Guide,reference,general,9,2,true,false,"index, follow",https://waterbalancetools.com/reference/chemical-compatibility,BreadcrumbList|ListItem,false,0,238,true
/reference/chemical-conversion-tables,reference/chemical-conversion-tables.html,Pool Chemical Conversion Tables | Reference | WaterBalanceTools,Pool Chemical Conversion Tables,reference,pool-volume,13,2,true,false,"index, follow",https://waterbalancetools.com/reference/chemical-conversion-tables,BreadcrumbList|ListItem,false,0,156,true
/reference/chemical-safety,reference/chemical-safety.html,Pool Chemical Safety Guide | Reference | WaterBalanceTools,Pool Chemical Safety Guide,reference,general,6,2,true,false,"index, follow",https://waterbalancetools.com/reference/chemical-safety,BreadcrumbList|ListItem,false,0,324,true
/reference/chemical-storage-guide,reference/chemical-storage-guide.html,Pool Chemical Storage Guide | Reference | WaterBalanceTools,Pool Chemical Storage Guide,reference,water-temperature|hot-tub-chemistry,5,2,true,false,"index, follow",https://waterbalancetools.com/reference/chemical-storage-guide,BreadcrumbList|ListItem,false,0,274,true
/reference/chlorine-effectiveness-chart,reference/chlorine-effectiveness-chart.html,Chlorine Effectiveness vs. pH | Reference | WaterBalanceTools,Chlorine Effectiveness vs. pH,reference,chlorine|ph,6,2,true,false,"index, follow",https://waterbalancetools.com/reference/chlorine-effectiveness-chart,BreadcrumbList|ListItem,false,0,209,true
/reference/chlorine-explained,reference/chlorine-explained.html,Chlorine in Pools Explained | WaterBalanceTools,Chlorine in Pools Explained,reference,chlorine,10,2,true,false,"index, follow",https://waterbalancetools.com/reference/chlorine-explained,BreadcrumbList|ListItem|DefinedTerm|DefinedTermSet|FAQPage|Question|Answer,false,0,877,true
/reference/combined-chlorine-explained,reference/combined-chlorine-explained.html,Combined Chlorine (Chloramines) Explained | WaterBalanceTools,Combined Chlorine (Chloramines) Explained,reference,chlorine,7,2,true,false,"index, follow",https://waterbalancetools.com/reference/combined-chlorine-explained,BreadcrumbList|ListItem|DefinedTerm|DefinedTermSet|FAQPage|Question|Answer,false,0,950,true
/reference/common-pool-chemistry-mistakes,reference/common-pool-chemistry-mistakes.html,Common Pool Chemistry Mistakes | WaterBalanceTools,Common Pool Chemistry Mistakes,reference,chlorine|ph|alkalinity|troubleshooting,5,2,true,false,"index, follow",https://waterbalancetools.com/reference/common-pool-chemistry-mistakes,BreadcrumbList|ListItem,false,0,228,true
/reference/cya-matrix,reference/cya-matrix.html,CYA & Minimum Free Chlorine Matrix | WaterBalanceTools,CYA &amp; Minimum Free Chlorine Matrix,reference,chlorine|cyanuric-acid,8,2,true,false,"index, follow",https://waterbalancetools.com/reference/cya-matrix,BreadcrumbList|ListItem,false,0,222,true
/reference/cyanuric-acid-explained,reference/cyanuric-acid-explained.html,Cyanuric Acid (CYA / Stabilizer) Explained | WaterBalanceTools,Cyanuric Acid (CYA / Stabilizer) Explained,reference,chlorine|cyanuric-acid,6,2,true,false,"index, follow",https://waterbalancetools.com/reference/cyanuric-acid-explained,BreadcrumbList|ListItem|DefinedTerm|DefinedTermSet|FAQPage|Question|Answer,false,0,953,true
/reference/datasets/chemical-properties,reference/datasets/chemical-properties/index.html,Chemical Properties | Datasets | WaterBalanceTools,🔬 Chemical Properties,reference,general,6,3,false,false,noindex,https://waterbalancetools.com/reference/datasets/chemical-properties/,,false,0,1054,true
/reference/datasets/chemical-ranges,reference/datasets/chemical-ranges/index.html,Chemical Ranges | Datasets | WaterBalanceTools,⚗ Chemical Ranges,reference,general,22,2,false,false,noindex,https://waterbalancetools.com/reference/datasets/chemical-ranges/,,false,0,961,true
/reference/datasets/compatibility,reference/datasets/compatibility/index.html,Compatibility | Datasets | WaterBalanceTools,⚠ Compatibility,reference,general,6,3,false,false,noindex,https://waterbalancetools.com/reference/datasets/compatibility/,,false,0,650,true
/reference/datasets/confidence-levels,reference/datasets/confidence-levels/index.html,Confidence Levels | Datasets | WaterBalanceTools,✅ Confidence Levels,reference,general,6,3,false,false,noindex,https://waterbalancetools.com/reference/datasets/confidence-levels/,,false,0,266,true
/reference/datasets/conversion-factors,reference/datasets/conversion-factors/index.html,Conversion Factors | Datasets | WaterBalanceTools,↔ Conversion Factors,reference,general,13,2,false,false,noindex,https://waterbalancetools.com/reference/datasets/conversion-factors/,,false,0,406,true
/reference/datasets/dosage-matrices,reference/datasets/dosage-matrices/index.html,Dosage Matrices | Datasets | WaterBalanceTools,🧪 Dosage Matrices,reference,general,19,2,false,false,noindex,https://waterbalancetools.com/reference/datasets/dosage-matrices/,,false,0,780,true
/reference/datasets/hot-tub-ranges,reference/datasets/hot-tub-ranges/index.html,Hot Tub Ranges | Datasets | WaterBalanceTools,♨ Hot Tub Ranges,reference,hot-tub-chemistry,4,2,false,false,noindex,https://waterbalancetools.com/reference/datasets/hot-tub-ranges/,,false,0,209,true
/reference/datasets,reference/datasets/index.html,Canonical Datasets | Datasets | WaterBalanceTools,Canonical Dataset Documentation,reference,general,26,2,false,false,noindex,https://waterbalancetools.com/reference/datasets/,,false,0,241,true
/reference/datasets/maintenance-schedules,reference/datasets/maintenance-schedules/index.html,Maintenance Schedules | Datasets | WaterBalanceTools,🗓 Maintenance Schedules,reference,general,3,2,false,false,noindex,https://waterbalancetools.com/reference/datasets/maintenance-schedules/,,false,0,431,true
/reference/datasets/pool-types,reference/datasets/pool-types/index.html,Pool Types | Datasets | WaterBalanceTools,🏊 Pool Types,reference,general,3,2,false,false,noindex,https://waterbalancetools.com/reference/datasets/pool-types/,,false,0,261,true
/reference/datasets/temperature-guidelines,reference/datasets/temperature-guidelines/index.html,Temperature Guidelines | Datasets | WaterBalanceTools,🌡 Temperature Guidelines,reference,water-temperature,2,3,false,false,noindex,https://waterbalancetools.com/reference/datasets/temperature-guidelines/,,false,0,332,true
/reference/datasets/testing-frequency,reference/datasets/testing-frequency/index.html,Testing Frequency | Datasets | WaterBalanceTools,📅 Testing Frequency,reference,testing,2,3,false,false,noindex,https://waterbalancetools.com/reference/datasets/testing-frequency/,,false,0,342,true
/reference/datasets/units,reference/datasets/units/index.html,Units | Datasets | WaterBalanceTools,📏 Units,reference,general,4,3,false,false,noindex,https://waterbalancetools.com/reference/datasets/units/,,false,0,483,true
/reference/datasets/version,reference/datasets/version/index.html,Version Registry | Datasets | WaterBalanceTools,📦 Version Registry,reference,general,2,3,false,false,noindex,https://waterbalancetools.com/reference/datasets/version/,,false,0,160,true
/reference/datasets/water-balance,reference/datasets/water-balance/index.html,Water Balance (LSI) | Datasets | WaterBalanceTools,⚖ Water Balance (LSI),reference,water-balance,4,2,false,false,noindex,https://waterbalancetools.com/reference/datasets/water-balance/,,false,0,295,true
/reference/datasets/water-problems,reference/datasets/water-problems/index.html,Water Problems | Datasets | WaterBalanceTools,🚨 Water Problems,reference,troubleshooting,2,3,false,false,noindex,https://waterbalancetools.com/reference/datasets/water-problems/,,false,0,436,true
/reference/emergency-recovery,reference/emergency-recovery.html,Emergency Pool Recovery Protocol | Reference | WaterBalanceTools,Emergency Pool Recovery Protocol,reference,general,5,2,true,false,"index, follow",https://waterbalancetools.com/reference/emergency-recovery,BreadcrumbList|ListItem,false,0,330,true
/reference/filter-comparison,reference/filter-comparison.html,Pool Filter Type Comparison | Reference | WaterBalanceTools,Pool Filter Type Comparison,reference,equipment,7,2,true,false,"index, follow",https://waterbalancetools.com/reference/filter-comparison,BreadcrumbList|ListItem,false,0,207,true
/reference/free-chlorine-explained,reference/free-chlorine-explained.html,Free Chlorine Explained | WaterBalanceTools,Free Chlorine Explained,reference,chlorine|ph|sanitizer,7,2,true,false,"index, follow",https://waterbalancetools.com/reference/free-chlorine-explained,BreadcrumbList|ListItem|DefinedTerm|DefinedTermSet|FAQPage|Question|Answer,false,0,896,true
/reference/ideal-pool-levels,reference/ideal-pool-levels.html,Ideal Pool Chemical Levels | Reference | WaterBalanceTools,Ideal Pool Chemical Levels,reference,chlorine|ph|alkalinity|cyanuric-acid,24,2,true,false,"index, follow",https://waterbalancetools.com/reference/ideal-pool-levels,BreadcrumbList|ListItem,false,0,247,true
/reference/ideal-spa-levels,reference/ideal-spa-levels.html,Ideal Spa & Hot Tub Chemical Levels | WaterBalanceTools,Ideal Spa &amp; Hot Tub Chemical Levels,reference,chlorine|ph|alkalinity|bromine|hot-tub-chemistry,13,2,true,false,"index, follow",https://waterbalancetools.com/reference/ideal-spa-levels,BreadcrumbList|ListItem,false,0,182,true
/reference,reference/index.html,Pool Chemistry Reference | WaterBalanceTools,Pool Chemistry Reference,reference,chlorine|ph|alkalinity|cyanuric-acid,77,2,true,false,"index, follow",https://waterbalancetools.com/reference,BreadcrumbList|ListItem,false,0,246,true
/reference/ph-table,reference/ph-table.html,Pool pH Adjustment Reference Table | WaterBalanceTools,Pool pH Adjustment Reference Table,reference,ph,14,2,true,false,"index, follow",https://waterbalancetools.com/reference/ph-table,BreadcrumbList|ListItem,false,0,244,true
/reference/pool-chemical-timeline,reference/pool-chemical-timeline.html,Pool Chemical Timeline | Reference | WaterBalanceTools,Pool Chemical Timeline,reference,testing,7,2,true,false,"index, follow",https://waterbalancetools.com/reference/pool-chemical-timeline,BreadcrumbList|ListItem,false,0,236,true
/reference/pool-chemicals-explained,reference/pool-chemicals-explained.html,Pool Chemicals Explained | WaterBalanceTools,Pool Chemicals Explained,reference,chlorine|ph|cyanuric-acid|shock,6,2,true,false,"index, follow",https://waterbalancetools.com/reference/pool-chemicals-explained,BreadcrumbList|ListItem,false,0,234,true
/reference/pool-chemistry-reference,reference/pool-chemistry-reference.html,Pool Chemistry Reference Guide | WaterBalanceTools,Pool Chemistry Reference Guide,reference,chlorine|ph|alkalinity|cyanuric-acid|shock|water-temperature,11,1,true,false,"index, follow",https://waterbalancetools.com/reference/pool-chemistry-reference,BreadcrumbList|ListItem,false,0,647,true
/reference/pool-shape-guide,reference/pool-shape-guide.html,Pool Shape & Volume Guide | Reference | WaterBalanceTools,Pool Shape &amp; Volume Guide,reference,pool-volume,5,2,true,false,"index, follow",https://waterbalancetools.com/reference/pool-shape-guide,BreadcrumbList|ListItem,false,0,222,true
/reference/pool-volume-reference,reference/pool-volume-reference.html,Pool Volume Quick Reference | Reference | WaterBalanceTools,Pool Volume Quick Reference,reference,pool-volume,7,2,true,false,"index, follow",https://waterbalancetools.com/reference/pool-volume-reference,BreadcrumbList|ListItem,false,0,177,true
/reference/printable-resources-index,reference/printable-resources-index.html,Printable Pool Resources Index | Reference | WaterBalanceTools,Printable Pool Resources Index,reference,hot-tub-chemistry,5,2,true,false,"index, follow",https://waterbalancetools.com/reference/printable-resources-index,BreadcrumbList|ListItem,false,0,134,true
/reference/pump-sizing,reference/pump-sizing.html,Pool Pump Sizing Guide | Reference | WaterBalanceTools,Pool Pump Sizing Guide,reference,pool-volume|equipment,9,2,true,false,"index, follow",https://waterbalancetools.com/reference/pump-sizing,BreadcrumbList|ListItem,false,0,225,true
/reference/recommended-water-temperature,reference/recommended-water-temperature.html,Recommended Pool & Spa Water Temperature | WaterBalanceTools,Recommended Pool &amp; Spa Water Temperature,reference,water-temperature|hot-tub-chemistry,8,2,true,false,"index, follow",https://waterbalancetools.com/reference/recommended-water-temperature,BreadcrumbList|ListItem,false,0,239,true
/reference/salt-matrix,reference/salt-matrix.html,Salt Pool Level Reference Matrix | Reference | WaterBalanceTools,Salt Pool Level Reference Matrix,reference,pool-volume,8,2,true,false,"index, follow",https://waterbalancetools.com/reference/salt-matrix,BreadcrumbList|ListItem,false,0,257,true
/reference/salt-water-generator-explained,reference/salt-water-generator-explained.html,Salt Water Generator (SWG) Explained | WaterBalanceTools,Salt Water Generator (SWG) Explained,reference,chlorine|salt,6,2,true,false,"index, follow",https://waterbalancetools.com/reference/salt-water-generator-explained,BreadcrumbList|ListItem|DefinedTerm|DefinedTermSet|FAQPage|Question|Answer,false,0,993,true
/reference/shock-dosage-matrix,reference/shock-dosage-matrix.html,Shock Dosage Matrix | Reference | WaterBalanceTools,Shock Dosage Matrix,reference,shock|algae|pool-volume,7,2,true,false,"index, follow",https://waterbalancetools.com/reference/shock-dosage-matrix,BreadcrumbList|ListItem,false,0,253,true
/reference/shock-treatment-explained,reference/shock-treatment-explained.html,Pool Shock Treatment Explained | WaterBalanceTools,Pool Shock Treatment Explained,reference,shock,4,2,true,false,"index, follow",https://waterbalancetools.com/reference/shock-treatment-explained,BreadcrumbList|ListItem|DefinedTerm|DefinedTermSet|FAQPage|Question|Answer,false,0,928,true
/reference/testing-frequency,reference/testing-frequency.html,Pool & Spa Testing Frequency Guide | WaterBalanceTools,Pool &amp; Spa Testing Frequency Guide,reference,hot-tub-chemistry|testing,10,2,true,false,"index, follow",https://waterbalancetools.com/reference/testing-frequency,BreadcrumbList|ListItem,false,0,217,true
/reference/total-alkalinity-explained,reference/total-alkalinity-explained.html,Total Alkalinity Explained | WaterBalanceTools,Total Alkalinity Explained,reference,ph|alkalinity,25,2,true,false,"index, follow",https://waterbalancetools.com/reference/total-alkalinity-explained,BreadcrumbList|ListItem|DefinedTerm|DefinedTermSet|FAQPage|Question|Answer,false,0,886,true
/reference/vacation-rental-maintenance-schedule,reference/vacation-rental-maintenance-schedule.html,Vacation Rental Pool Maintenance Schedule | WaterBalanceTools,Vacation Rental Pool Maintenance Schedule,reference,general,4,2,true,false,"index, follow",https://waterbalancetools.com/reference/vacation-rental-maintenance-schedule,BreadcrumbList|ListItem,false,0,231,true
/reference/water-balance-checklist,reference/water-balance-checklist.html,Complete Water Balance Checklist | Reference | WaterBalanceTools,Complete Water Balance Checklist,reference,water-balance,6,2,true,false,"index, follow",https://waterbalancetools.com/reference/water-balance-checklist,BreadcrumbList|ListItem,false,0,231,true
/reference/water-replacement-guidelines,reference/water-replacement-guidelines.html,Pool Water Replacement Guidelines | Reference | WaterBalanceTools,Pool Water Replacement Guidelines,reference,cyanuric-acid,7,2,true,false,"index, follow",https://waterbalancetools.com/reference/water-replacement-guidelines,BreadcrumbList|ListItem,false,0,245,true
/releases/1.0.0,releases/1.0.0.html,Release 1.0.0 — Foundation | WaterBalanceTools,Release 1.0.0 — Foundation,releases,general,1,3,true,false,"index, follow",https://waterbalancetools.com/releases/1.0.0,BreadcrumbList|ListItem|WebPage,false,0,206,true
/releases/1.1.0,releases/1.1.0.html,Release 1.1.0 — Explorer | WaterBalanceTools,Release 1.1.0 — Explorer,releases,general,1,3,true,false,"index, follow",https://waterbalancetools.com/releases/1.1.0,BreadcrumbList|ListItem|WebPage,false,0,189,true
/releases/compatibility,releases/compatibility.html,Compatibility Matrix | WaterBalanceTools,Platform Compatibility Matrix,releases,general,3,3,true,false,"index, follow",https://waterbalancetools.com/releases/compatibility,BreadcrumbList|ListItem|WebPage,false,0,60,true
/releases,releases/index.html,Releases | WaterBalanceTools,Release History,releases,general,4,2,true,false,"index, follow",https://waterbalancetools.com/releases,BreadcrumbList|ListItem|WebPage,false,0,40,true
/resources/airbnb-pool-turnover-checklist,resources/airbnb-pool-turnover-checklist.html,Vacation Rental Pool Turnover Checklist | Free Printable | WaterBalanceTools,Vacation Rental Pool Turnover Checklist,resources,general,43,1,true,false,"index, follow",https://waterbalancetools.com/resources/airbnb-pool-turnover-checklist,HowTo|BreadcrumbList|ListItem,false,0,225,true
/resources/hot-tub-maintenance-log,resources/hot-tub-maintenance-log.html,Hot Tub Maintenance Log | Free Printable | WaterBalanceTools,Hot Tub Maintenance Log,resources,hot-tub-chemistry,50,1,true,false,"index, follow",https://waterbalancetools.com/resources/hot-tub-maintenance-log,HowTo|BreadcrumbList|ListItem,false,0,127,true
/resources,resources/index.html,Free Pool &amp; Hot Tub Printable Resources | WaterBalanceTools,Free Pool &amp; Hot Tub Printable Resources,resources,general,458,1,true,false,"index, follow",https://waterbalancetools.com/resources,CollectionPage|BreadcrumbList|ListItem,false,0,307,true
/resources/pool-chemical-log-sheet,resources/pool-chemical-log-sheet.html,Pool Chemical Log Sheet | Free Printable | WaterBalanceTools,Pool Chemical Log Sheet,resources,chlorine|ph|alkalinity,46,1,true,false,"index, follow",https://waterbalancetools.com/resources/pool-chemical-log-sheet,HowTo|BreadcrumbList|ListItem,false,0,140,true
/resources/pool-closing-checklist,resources/pool-closing-checklist.html,Pool Closing Checklist | Free Printable | WaterBalanceTools,Pool Closing Checklist,resources,seasonal-maintenance,27,1,true,false,"index, follow",https://waterbalancetools.com/resources/pool-closing-checklist,HowTo|BreadcrumbList|ListItem,false,0,238,true
/resources/pool-maintenance-checklist,resources/pool-maintenance-checklist.html,Pool Maintenance Checklist | Free Printable | WaterBalanceTools,Pool Maintenance Checklist,resources,seasonal-maintenance,73,1,true,false,"index, follow",https://waterbalancetools.com/resources/pool-maintenance-checklist,HowTo|BreadcrumbList|ListItem,false,0,227,true
/resources/pool-opening-checklist,resources/pool-opening-checklist.html,Pool Opening Checklist | Free Printable | WaterBalanceTools,Pool Opening Checklist,resources,seasonal-maintenance,26,1,true,false,"index, follow",https://waterbalancetools.com/resources/pool-opening-checklist,HowTo|BreadcrumbList|ListItem,false,0,253,true
/resources/pool-shock-log,resources/pool-shock-log.html,Pool Shock Treatment Log | Free Printable | WaterBalanceTools,Pool Shock Treatment Log,resources,shock,33,1,true,false,"index, follow",https://waterbalancetools.com/resources/pool-shock-log,HowTo|BreadcrumbList|ListItem,false,0,142,true
/resources/water-test-log,resources/water-test-log.html,Water Test Log | Free Printable | WaterBalanceTools,Water Test Log,resources,chlorine|ph|alkalinity|cyanuric-acid,50,1,true,false,"index, follow",https://waterbalancetools.com/resources/water-test-log,HowTo|BreadcrumbList|ListItem,false,0,139,true
/revisions,revisions/index.html,Revision History | WaterBalanceTools,Revision History,revisions,general,24,2,true,false,"index, follow",https://waterbalancetools.com/revisions/,BreadcrumbList|ListItem|WebPage,false,0,178,true
/salt-water-pool-chemical-levels-chart,salt-water-pool-chemical-levels-chart.html,Salt Water Pool Chemical Levels Chart | WaterBalanceTools,Salt Water Pool Chemical Levels Chart,root,chlorine|ph|cyanuric-acid|salt,4,2,true,false,"index, follow",https://waterbalancetools.com/salt-water-pool-chemical-levels-chart,FAQPage|Question|Answer|BreadcrumbList|ListItem,false,0,419,true
