url,file_path,cluster,originality_score,originality_evidence,usefulness_score,usefulness_evidence,completeness_score,completeness_evidence,specificity_score,specificity_evidence,accuracy_risk_score,accuracy_risk_evidence,repetition_score,repetition_evidence,search_intent_match_score,search_intent_match_evidence,user_task_completion_score,user_task_completion_evidence,aeo_answer_quality_score,aeo_answer_quality_evidence,trust_signals_score,trust_signals_evidence,overall_quality_score
https://waterbalancetools.com/404,404.html,root,3,Page has no sibling pages in its cluster family for comparison.,0,word_count=25; task-support signals=[none].,0,"word_count=25, heading_count=1.",0,0 sentence(s) with numeric ranges/units detected on page.,3,No chemistry claims with numeric ranges detected on this page.,3,Page participates in 0 exact repeated paragraph/heading/FAQ block(s) shared with sibling pages.,3,"meta_description length=130 chars, h1_count=1.",0,word_count=25; task-support signals=[none].,0,No answer-first structural signals detected.,1,last-updated date present; no named author or reviewer anywhere on page (sitewide pattern),1.3
https://waterbalancetools.com/about/,about/index.html,about,3,Page has no sibling pages in its cluster family for comparison.,1,word_count=228; task-support signals=[none].,2,"word_count=228, heading_count=7.",0,0 sentence(s) with numeric ranges/units detected on page.,3,No chemistry claims with numeric ranges detected on this page.,3,Page participates in 0 exact repeated paragraph/heading/FAQ block(s) shared with sibling pages.,3,"meta_description length=120 chars, h1_count=1.",1,word_count=228; task-support signals=[none].,1,single clear H1 with sufficient body text,1,last-updated date present; no named author or reviewer anywhere on page (sitewide pattern),1.8
https://waterbalancetools.com/academy/equipment/automatic-chlorinators,academy/equipment/automatic-chlorinators.html,academy/equipment,3,Page has no sibling pages in its cluster family for comparison.,2,word_count=724; task-support signals=[calculator/form present].,3,"word_count=724, heading_count=12.",3,5 sentence(s) with numeric ranges/units detected on page.,2,5 chemistry claim(s) detected; external sources exist sitewide.,2,Page participates in 2 exact repeated paragraph/heading/FAQ block(s) shared with sibling pages.,3,"meta_description length=153 chars, h1_count=1.",2,word_count=724; task-support signals=[calculator/form present].,1,single clear H1 with sufficient body text,1,"last-updated date present; has ""knowledge-sources""/""sources"" block (site-wide check: contains no external citations, only a review date -- see source-audit.csv); no named author or reviewer anywhere on page (sitewide pattern)",2.2
https://waterbalancetools.com/academy/equipment/,academy/equipment/index.html,academy/equipment,3,Page has no sibling pages in its cluster family for comparison.,1,word_count=219; task-support signals=[none].,2,"word_count=219, heading_count=3.",0,0 sentence(s) with numeric ranges/units detected on page.,3,No chemistry claims with numeric ranges detected on this page.,2,Page participates in 1 exact repeated paragraph/heading/FAQ block(s) shared with sibling pages.,3,"meta_description length=58 chars, h1_count=1.",1,word_count=219; task-support signals=[none].,1,single clear H1 with sufficient body text,1,last-updated date present; no named author or reviewer anywhere on page (sitewide pattern),1.7
https://waterbalancetools.com/academy/equipment/pool-filters,academy/equipment/pool-filters.html,academy/equipment,3,Page has no sibling pages in its cluster family for comparison.,2,word_count=747; task-support signals=[calculator/form present].,3,"word_count=747, heading_count=12.",0,0 sentence(s) with numeric ranges/units detected on page.,3,No chemistry claims with numeric ranges detected on this page.,1,Page participates in 4 exact repeated paragraph/heading/FAQ block(s) shared with sibling pages.,3,"meta_description length=122 chars, h1_count=1.",2,word_count=747; task-support signals=[calculator/form present].,1,single clear H1 with sufficient body text,1,"last-updated date present; has ""knowledge-sources""/""sources"" block (site-wide check: contains no external citations, only a review date -- see source-audit.csv); no named author or reviewer anywhere on page (sitewide pattern)",1.9
https://waterbalancetools.com/academy/equipment/pool-pumps,academy/equipment/pool-pumps.html,academy/equipment,3,Page has no sibling pages in its cluster family for comparison.,2,word_count=677; task-support signals=[calculator/form present].,3,"word_count=677, heading_count=12.",2,1 sentence(s) with numeric ranges/units detected on page.,2,1 chemistry claim(s) detected; external sources exist sitewide.,2,Page participates in 1 exact repeated paragraph/heading/FAQ block(s) shared with sibling pages.,3,"meta_description length=148 chars, h1_count=1.",2,word_count=677; task-support signals=[calculator/form present].,1,single clear H1 with sufficient body text,1,"last-updated date present; has ""knowledge-sources""/""sources"" block (site-wide check: contains no external citations, only a review date -- see source-audit.csv); no named author or reviewer anywhere on page (sitewide pattern)",2.1
https://waterbalancetools.com/academy/equipment/pool-skimmers,academy/equipment/pool-skimmers.html,academy/equipment,3,Page has no sibling pages in its cluster family for comparison.,2,word_count=750; task-support signals=[calculator/form present].,3,"word_count=750, heading_count=12.",0,0 sentence(s) with numeric ranges/units detected on page.,3,No chemistry claims with numeric ranges detected on this page.,2,Page participates in 2 exact repeated paragraph/heading/FAQ block(s) shared with sibling pages.,3,"meta_description length=117 chars, h1_count=1.",2,word_count=750; task-support signals=[calculator/form present].,1,single clear H1 with sufficient body text,1,"last-updated date present; has ""knowledge-sources""/""sources"" block (site-wide check: contains no external citations, only a review date -- see source-audit.csv); no named author or reviewer anywhere on page (sitewide pattern)",2
https://waterbalancetools.com/academy/equipment/salt-systems,academy/equipment/salt-systems.html,academy/equipment,3,Page has no sibling pages in its cluster family for comparison.,2,word_count=773; task-support signals=[calculator/form present].,3,"word_count=773, heading_count=12.",3,6 sentence(s) with numeric ranges/units detected on page.,2,6 chemistry claim(s) detected; external sources exist sitewide.,2,Page participates in 2 exact repeated paragraph/heading/FAQ block(s) shared with sibling pages.,3,"meta_description length=155 chars, h1_count=1.",2,word_count=773; task-support signals=[calculator/form present].,1,single clear H1 with sufficient body text,1,"last-updated date present; has ""knowledge-sources""/""sources"" block (site-wide check: contains no external citations, only a review date -- see source-audit.csv); no named author or reviewer anywhere on page (sitewide pattern)",2.2
https://waterbalancetools.com/academy/equipment/sand-vs-cartridge-filters,academy/equipment/sand-vs-cartridge-filters.html,academy/equipment,3,Page has no sibling pages in its cluster family for comparison.,2,word_count=704; task-support signals=[calculator/form present].,3,"word_count=704, heading_count=12.",0,0 sentence(s) with numeric ranges/units detected on page.,3,No chemistry claims with numeric ranges detected on this page.,2,Page participates in 2 exact repeated paragraph/heading/FAQ block(s) shared with sibling pages.,3,"meta_description length=147 chars, h1_count=1.",2,word_count=704; task-support signals=[calculator/form present].,1,single clear H1 with sufficient body text,1,"last-updated date present; has ""knowledge-sources""/""sources"" block (site-wide check: contains no external citations, only a review date -- see source-audit.csv); no named author or reviewer anywhere on page (sitewide pattern)",2
https://waterbalancetools.com/academy/fundamentals/how-temperature-changes-water-chemistry,academy/fundamentals/how-temperature-changes-water-chemistry.html,academy/fundamentals,3,Page has no sibling pages in its cluster family for comparison.,2,word_count=650; task-support signals=[calculator/form present].,3,"word_count=650, heading_count=12.",3,4 sentence(s) with numeric ranges/units detected on page.,2,4 chemistry claim(s) detected; external sources exist sitewide.,2,Page participates in 2 exact repeated paragraph/heading/FAQ block(s) shared with sibling pages.,3,"meta_description length=129 chars, h1_count=1.",2,word_count=650; task-support signals=[calculator/form present].,1,single clear H1 with sufficient body text,1,"last-updated date present; has ""knowledge-sources""/""sources"" block (site-wide check: contains no external citations, only a review date -- see source-audit.csv); no named author or reviewer anywhere on page (sitewide pattern)",2.2
https://waterbalancetools.com/academy/fundamentals/how-water-balance-works,academy/fundamentals/how-water-balance-works.html,academy/fundamentals,3,Page has no sibling pages in its cluster family for comparison.,2,word_count=659; task-support signals=[calculator/form present].,3,"word_count=659, heading_count=12.",2,2 sentence(s) with numeric ranges/units detected on page.,2,2 chemistry claim(s) detected; external sources exist sitewide.,1,Page participates in 4 exact repeated paragraph/heading/FAQ block(s) shared with sibling pages.,3,"meta_description length=143 chars, h1_count=1.",2,word_count=659; task-support signals=[calculator/form present].,1,single clear H1 with sufficient body text,1,"last-updated date present; has ""knowledge-sources""/""sources"" block (site-wide check: contains no external citations, only a review date -- see source-audit.csv); no named author or reviewer anywhere on page (sitewide pattern)",2
https://waterbalancetools.com/academy/fundamentals/,academy/fundamentals/index.html,academy/fundamentals,3,Page has no sibling pages in its cluster family for comparison.,1,word_count=258; task-support signals=[none].,2,"word_count=258, heading_count=3.",0,0 sentence(s) with numeric ranges/units detected on page.,3,No chemistry claims with numeric ranges detected on this page.,3,Page participates in 0 exact repeated paragraph/heading/FAQ block(s) shared with sibling pages.,3,"meta_description length=67 chars, h1_count=1.",1,word_count=258; task-support signals=[none].,1,single clear H1 with sufficient body text,1,last-updated date present; no named author or reviewer anywhere on page (sitewide pattern),1.8
https://waterbalancetools.com/academy/fundamentals/indoor-pool-chemistry,academy/fundamentals/indoor-pool-chemistry.html,academy/fundamentals,3,Page has no sibling pages in its cluster family for comparison.,2,word_count=964; task-support signals=[calculator/form present].,3,"word_count=964, heading_count=12.",0,0 sentence(s) with numeric ranges/units detected on page.,3,No chemistry claims with numeric ranges detected on this page.,2,Page participates in 2 exact repeated paragraph/heading/FAQ block(s) shared with sibling pages.,3,"meta_description length=149 chars, h1_count=1.",2,word_count=964; task-support signals=[calculator/form present].,1,single clear H1 with sufficient body text,1,"last-updated date present; has ""knowledge-sources""/""sources"" block (site-wide check: contains no external citations, only a review date -- see source-audit.csv); no named author or reviewer anywhere on page (sitewide pattern)",2
https://waterbalancetools.com/academy/fundamentals/pool-vs-hot-tub-chemistry,academy/fundamentals/pool-vs-hot-tub-chemistry.html,academy/fundamentals,3,Page has no sibling pages in its cluster family for comparison.,2,word_count=687; task-support signals=[calculator/form present].,3,"word_count=687, heading_count=12.",3,3 sentence(s) with numeric ranges/units detected on page.,2,3 chemistry claim(s) detected; external sources exist sitewide.,2,Page participates in 1 exact repeated paragraph/heading/FAQ block(s) shared with sibling pages.,3,"meta_description length=145 chars, h1_count=1.",2,word_count=687; task-support signals=[calculator/form present].,1,single clear H1 with sufficient body text,1,"last-updated date present; has ""knowledge-sources""/""sources"" block (site-wide check: contains no external citations, only a review date -- see source-audit.csv); no named author or reviewer anywhere on page (sitewide pattern)",2.2
https://waterbalancetools.com/academy/fundamentals/the-four-core-water-tests,academy/fundamentals/the-four-core-water-tests.html,academy/fundamentals,3,Page has no sibling pages in its cluster family for comparison.,2,word_count=673; task-support signals=[calculator/form present].,3,"word_count=673, heading_count=12.",3,6 sentence(s) with numeric ranges/units detected on page.,2,6 chemistry claim(s) detected; external sources exist sitewide.,1,Page participates in 3 exact repeated paragraph/heading/FAQ block(s) shared with sibling pages.,3,"meta_description length=121 chars, h1_count=1.",2,word_count=673; task-support signals=[calculator/form present].,1,single clear H1 with sufficient body text,1,"last-updated date present; has ""knowledge-sources""/""sources"" block (site-wide check: contains no external citations, only a review date -- see source-audit.csv); no named author or reviewer anywhere on page (sitewide pattern)",2.1
https://waterbalancetools.com/academy/fundamentals/understanding-pool-water-chemistry,academy/fundamentals/understanding-pool-water-chemistry.html,academy/fundamentals,3,Page has no sibling pages in its cluster family for comparison.,2,word_count=689; task-support signals=[calculator/form present].,3,"word_count=689, heading_count=12.",3,7 sentence(s) with numeric ranges/units detected on page.,2,7 chemistry claim(s) detected; external sources exist sitewide.,2,Page participates in 2 exact repeated paragraph/heading/FAQ block(s) shared with sibling pages.,3,"meta_description length=105 chars, h1_count=1.",2,word_count=689; task-support signals=[calculator/form present].,1,single clear H1 with sufficient body text,1,"last-updated date present; has ""knowledge-sources""/""sources"" block (site-wide check: contains no external citations, only a review date -- see source-audit.csv); no named author or reviewer anywhere on page (sitewide pattern)",2.2
https://waterbalancetools.com/academy/fundamentals/why-water-testing-matters,academy/fundamentals/why-water-testing-matters.html,academy/fundamentals,3,Page has no sibling pages in its cluster family for comparison.,2,word_count=646; task-support signals=[calculator/form present].,3,"word_count=646, heading_count=12.",3,3 sentence(s) with numeric ranges/units detected on page.,2,3 chemistry claim(s) detected; external sources exist sitewide.,2,Page participates in 1 exact repeated paragraph/heading/FAQ block(s) shared with sibling pages.,3,"meta_description length=128 chars, h1_count=1.",2,word_count=646; task-support signals=[calculator/form present].,1,single clear H1 with sufficient body text,1,"last-updated date present; has ""knowledge-sources""/""sources"" block (site-wide check: contains no external citations, only a review date -- see source-audit.csv); no named author or reviewer anywhere on page (sitewide pattern)",2.2
https://waterbalancetools.com/academy/hot-tubs/daily-spa-maintenance,academy/hot-tubs/daily-spa-maintenance.html,academy/hot-tubs,3,Page has no sibling pages in its cluster family for comparison.,2,word_count=672; task-support signals=[calculator/form present].,3,"word_count=672, heading_count=12.",3,3 sentence(s) with numeric ranges/units detected on page.,2,3 chemistry claim(s) detected; external sources exist sitewide.,2,Page participates in 2 exact repeated paragraph/heading/FAQ block(s) shared with sibling pages.,3,"meta_description length=129 chars, h1_count=1.",2,word_count=672; task-support signals=[calculator/form present].,1,single clear H1 with sufficient body text,1,"last-updated date present; has ""knowledge-sources""/""sources"" block (site-wide check: contains no external citations, only a review date -- see source-audit.csv); no named author or reviewer anywhere on page (sitewide pattern)",2.2
https://waterbalancetools.com/academy/hot-tubs/,academy/hot-tubs/index.html,academy/hot-tubs,3,Page has no sibling pages in its cluster family for comparison.,1,word_count=231; task-support signals=[none].,2,"word_count=231, heading_count=3.",0,0 sentence(s) with numeric ranges/units detected on page.,3,No chemistry claims with numeric ranges detected on this page.,2,Page participates in 1 exact repeated paragraph/heading/FAQ block(s) shared with sibling pages.,3,"meta_description length=57 chars, h1_count=1.",1,word_count=231; task-support signals=[none].,1,single clear H1 with sufficient body text,1,last-updated date present; no named author or reviewer anywhere on page (sitewide pattern),1.7
https://waterbalancetools.com/academy/hot-tubs/monthly-spa-maintenance,academy/hot-tubs/monthly-spa-maintenance.html,academy/hot-tubs,3,Page has no sibling pages in its cluster family for comparison.,2,word_count=694; task-support signals=[calculator/form present].,3,"word_count=694, heading_count=12.",2,1 sentence(s) with numeric ranges/units detected on page.,2,1 chemistry claim(s) detected; external sources exist sitewide.,3,Page participates in 0 exact repeated paragraph/heading/FAQ block(s) shared with sibling pages.,3,"meta_description length=150 chars, h1_count=1.",2,word_count=694; task-support signals=[calculator/form present].,1,single clear H1 with sufficient body text,1,"last-updated date present; has ""knowledge-sources""/""sources"" block (site-wide check: contains no external citations, only a review date -- see source-audit.csv); no named author or reviewer anywhere on page (sitewide pattern)",2.2
https://waterbalancetools.com/academy/hot-tubs/refilling-your-hot-tub,academy/hot-tubs/refilling-your-hot-tub.html,academy/hot-tubs,3,Page has no sibling pages in its cluster family for comparison.,2,word_count=790; task-support signals=[calculator/form present].,3,"word_count=790, heading_count=12.",3,4 sentence(s) with numeric ranges/units detected on page.,2,4 chemistry claim(s) detected; external sources exist sitewide.,2,Page participates in 1 exact repeated paragraph/heading/FAQ block(s) shared with sibling pages.,3,"meta_description length=128 chars, h1_count=1.",2,word_count=790; task-support signals=[calculator/form present].,1,single clear H1 with sufficient body text,1,"last-updated date present; has ""knowledge-sources""/""sources"" block (site-wide check: contains no external citations, only a review date -- see source-audit.csv); no named author or reviewer anywhere on page (sitewide pattern)",2.2
https://waterbalancetools.com/academy/hot-tubs/shock-after-heavy-use,academy/hot-tubs/shock-after-heavy-use.html,academy/hot-tubs,3,Page has no sibling pages in its cluster family for comparison.,2,word_count=740; task-support signals=[calculator/form present].,3,"word_count=740, heading_count=12.",2,1 sentence(s) with numeric ranges/units detected on page.,2,1 chemistry claim(s) detected; external sources exist sitewide.,3,Page participates in 0 exact repeated paragraph/heading/FAQ block(s) shared with sibling pages.,3,"meta_description length=148 chars, h1_count=1.",2,word_count=740; task-support signals=[calculator/form present].,1,single clear H1 with sufficient body text,1,"last-updated date present; has ""knowledge-sources""/""sources"" block (site-wide check: contains no external citations, only a review date -- see source-audit.csv); no named author or reviewer anywhere on page (sitewide pattern)",2.2
https://waterbalancetools.com/academy/hot-tubs/weekly-spa-maintenance,academy/hot-tubs/weekly-spa-maintenance.html,academy/hot-tubs,3,Page has no sibling pages in its cluster family for comparison.,2,word_count=698; task-support signals=[calculator/form present].,3,"word_count=698, heading_count=12.",2,2 sentence(s) with numeric ranges/units detected on page.,2,2 chemistry claim(s) detected; external sources exist sitewide.,2,Page participates in 2 exact repeated paragraph/heading/FAQ block(s) shared with sibling pages.,3,"meta_description length=121 chars, h1_count=1.",2,word_count=698; task-support signals=[calculator/form present].,1,single clear H1 with sufficient body text,1,"last-updated date present; has ""knowledge-sources""/""sources"" block (site-wide check: contains no external citations, only a review date -- see source-audit.csv); no named author or reviewer anywhere on page (sitewide pattern)",2.1
https://waterbalancetools.com/academy/hot-tubs/winter-spa-care,academy/hot-tubs/winter-spa-care.html,academy/hot-tubs,3,Page has no sibling pages in its cluster family for comparison.,2,word_count=790; task-support signals=[calculator/form present].,3,"word_count=790, heading_count=12.",3,3 sentence(s) with numeric ranges/units detected on page.,2,3 chemistry claim(s) detected; external sources exist sitewide.,2,Page participates in 2 exact repeated paragraph/heading/FAQ block(s) shared with sibling pages.,3,"meta_description length=145 chars, h1_count=1.",2,word_count=790; task-support signals=[calculator/form present].,1,single clear H1 with sufficient body text,1,"last-updated date present; has ""knowledge-sources""/""sources"" block (site-wide check: contains no external citations, only a review date -- see source-audit.csv); no named author or reviewer anywhere on page (sitewide pattern)",2.2
https://waterbalancetools.com/academy/,academy/index.html,academy,3,Page has no sibling pages in its cluster family for comparison.,1,word_count=156; task-support signals=[none].,1,"word_count=156, heading_count=4.",0,0 sentence(s) with numeric ranges/units detected on page.,3,No chemistry claims with numeric ranges detected on this page.,3,Page participates in 0 exact repeated paragraph/heading/FAQ block(s) shared with sibling pages.,3,"meta_description length=123 chars, h1_count=1.",1,word_count=156; task-support signals=[none].,1,single clear H1 with sufficient body text,1,last-updated date present; no named author or reviewer anywhere on page (sitewide pattern),1.7
https://waterbalancetools.com/academy/sanitizers/breakpoint-chlorination,academy/sanitizers/breakpoint-chlorination.html,academy/sanitizers,3,Page has no sibling pages in its cluster family for comparison.,2,word_count=723; task-support signals=[calculator/form present].,3,"word_count=723, heading_count=13.",2,1 sentence(s) with numeric ranges/units detected on page.,2,1 chemistry claim(s) detected; external sources exist sitewide.,2,Page participates in 2 exact repeated paragraph/heading/FAQ block(s) shared with sibling pages.,3,"meta_description length=134 chars, h1_count=1.",2,word_count=723; task-support signals=[calculator/form present].,1,single clear H1 with sufficient body text,1,"last-updated date present; has ""knowledge-sources""/""sources"" block (site-wide check: contains no external citations, only a review date -- see source-audit.csv); no named author or reviewer anywhere on page (sitewide pattern)",2.1
https://waterbalancetools.com/academy/sanitizers/bromine-vs-chlorine,academy/sanitizers/bromine-vs-chlorine.html,academy/sanitizers,3,Page has no sibling pages in its cluster family for comparison.,2,word_count=705; task-support signals=[calculator/form present].,3,"word_count=705, heading_count=12.",2,1 sentence(s) with numeric ranges/units detected on page.,2,1 chemistry claim(s) detected; external sources exist sitewide.,2,Page participates in 2 exact repeated paragraph/heading/FAQ block(s) shared with sibling pages.,3,"meta_description length=139 chars, h1_count=1.",2,word_count=705; task-support signals=[calculator/form present].,1,single clear H1 with sufficient body text,1,"last-updated date present; has ""knowledge-sources""/""sources"" block (site-wide check: contains no external citations, only a review date -- see source-audit.csv); no named author or reviewer anywhere on page (sitewide pattern)",2.1
https://waterbalancetools.com/academy/sanitizers/combined-chlorine-explained,academy/sanitizers/combined-chlorine-explained.html,academy/sanitizers,3,Page has no sibling pages in its cluster family for comparison.,2,word_count=653; task-support signals=[calculator/form present].,3,"word_count=653, heading_count=12.",2,1 sentence(s) with numeric ranges/units detected on page.,2,1 chemistry claim(s) detected; external sources exist sitewide.,1,Page participates in 3 exact repeated paragraph/heading/FAQ block(s) shared with sibling pages.,3,"meta_description length=160 chars, h1_count=1.",2,word_count=653; task-support signals=[calculator/form present].,1,single clear H1 with sufficient body text,1,"last-updated date present; has ""knowledge-sources""/""sources"" block (site-wide check: contains no external citations, only a review date -- see source-audit.csv); no named author or reviewer anywhere on page (sitewide pattern)",2
https://waterbalancetools.com/academy/sanitizers/,academy/sanitizers/index.html,academy/sanitizers,3,Page has no sibling pages in its cluster family for comparison.,1,word_count=230; task-support signals=[none].,2,"word_count=230, heading_count=3.",0,0 sentence(s) with numeric ranges/units detected on page.,3,No chemistry claims with numeric ranges detected on this page.,2,Page participates in 1 exact repeated paragraph/heading/FAQ block(s) shared with sibling pages.,3,"meta_description length=62 chars, h1_count=1.",1,word_count=230; task-support signals=[none].,1,single clear H1 with sufficient body text,1,last-updated date present; no named author or reviewer anywhere on page (sitewide pattern),1.7
https://waterbalancetools.com/academy/sanitizers/liquid-chlorine-vs-tablets,academy/sanitizers/liquid-chlorine-vs-tablets.html,academy/sanitizers,3,Page has no sibling pages in its cluster family for comparison.,2,word_count=698; task-support signals=[calculator/form present].,3,"word_count=698, heading_count=12.",3,6 sentence(s) with numeric ranges/units detected on page.,2,6 chemistry claim(s) detected; external sources exist sitewide.,1,Page participates in 4 exact repeated paragraph/heading/FAQ block(s) shared with sibling pages.,3,"meta_description length=125 chars, h1_count=1.",2,word_count=698; task-support signals=[calculator/form present].,1,single clear H1 with sufficient body text,1,"last-updated date present; has ""knowledge-sources""/""sources"" block (site-wide check: contains no external citations, only a review date -- see source-audit.csv); no named author or reviewer anywhere on page (sitewide pattern)",2.1
https://waterbalancetools.com/academy/sanitizers/shock-treatments-explained,academy/sanitizers/shock-treatments-explained.html,academy/sanitizers,3,Page has no sibling pages in its cluster family for comparison.,2,word_count=671; task-support signals=[calculator/form present].,3,"word_count=671, heading_count=12.",2,1 sentence(s) with numeric ranges/units detected on page.,2,1 chemistry claim(s) detected; external sources exist sitewide.,2,Page participates in 1 exact repeated paragraph/heading/FAQ block(s) shared with sibling pages.,3,"meta_description length=106 chars, h1_count=1.",2,word_count=671; task-support signals=[calculator/form present].,1,single clear H1 with sufficient body text,1,"last-updated date present; has ""knowledge-sources""/""sources"" block (site-wide check: contains no external citations, only a review date -- see source-audit.csv); no named author or reviewer anywhere on page (sitewide pattern)",2.1
https://waterbalancetools.com/academy/sanitizers/understanding-free-chlorine,academy/sanitizers/understanding-free-chlorine.html,academy/sanitizers,3,Page has no sibling pages in its cluster family for comparison.,2,word_count=681; task-support signals=[calculator/form present].,3,"word_count=681, heading_count=12.",3,3 sentence(s) with numeric ranges/units detected on page.,2,3 chemistry claim(s) detected; external sources exist sitewide.,1,Page participates in 3 exact repeated paragraph/heading/FAQ block(s) shared with sibling pages.,3,"meta_description length=137 chars, h1_count=1.",2,word_count=681; task-support signals=[calculator/form present].,1,single clear H1 with sufficient body text,1,"last-updated date present; has ""knowledge-sources""/""sources"" block (site-wide check: contains no external citations, only a review date -- see source-audit.csv); no named author or reviewer anywhere on page (sitewide pattern)",2.1
https://waterbalancetools.com/academy/testing/common-testing-mistakes,academy/testing/common-testing-mistakes.html,academy/testing,3,Page has no sibling pages in its cluster family for comparison.,2,word_count=677; task-support signals=[calculator/form present].,3,"word_count=677, heading_count=12.",2,2 sentence(s) with numeric ranges/units detected on page.,2,2 chemistry claim(s) detected; external sources exist sitewide.,2,Page participates in 2 exact repeated paragraph/heading/FAQ block(s) shared with sibling pages.,3,"meta_description length=143 chars, h1_count=1.",2,word_count=677; task-support signals=[calculator/form present].,1,single clear H1 with sufficient body text,1,"last-updated date present; has ""knowledge-sources""/""sources"" block (site-wide check: contains no external citations, only a review date -- see source-audit.csv); no named author or reviewer anywhere on page (sitewide pattern)",2.1
https://waterbalancetools.com/academy/testing/digital-pool-testers,academy/testing/digital-pool-testers.html,academy/testing,3,Page has no sibling pages in its cluster family for comparison.,2,word_count=634; task-support signals=[calculator/form present].,3,"word_count=634, heading_count=12.",0,0 sentence(s) with numeric ranges/units detected on page.,3,No chemistry claims with numeric ranges detected on this page.,1,Page participates in 3 exact repeated paragraph/heading/FAQ block(s) shared with sibling pages.,3,"meta_description length=152 chars, h1_count=1.",2,word_count=634; task-support signals=[calculator/form present].,1,single clear H1 with sufficient body text,1,"last-updated date present; has ""knowledge-sources""/""sources"" block (site-wide check: contains no external citations, only a review date -- see source-audit.csv); no named author or reviewer anywhere on page (sitewide pattern)",1.9
https://waterbalancetools.com/academy/testing/how-often-to-test-water,academy/testing/how-often-to-test-water.html,academy/testing,3,Page has no sibling pages in its cluster family for comparison.,2,word_count=639; task-support signals=[calculator/form present].,3,"word_count=639, heading_count=12.",2,1 sentence(s) with numeric ranges/units detected on page.,2,1 chemistry claim(s) detected; external sources exist sitewide.,2,Page participates in 1 exact repeated paragraph/heading/FAQ block(s) shared with sibling pages.,3,"meta_description length=140 chars, h1_count=1.",2,word_count=639; task-support signals=[calculator/form present].,1,single clear H1 with sufficient body text,1,"last-updated date present; has ""knowledge-sources""/""sources"" block (site-wide check: contains no external citations, only a review date -- see source-audit.csv); no named author or reviewer anywhere on page (sitewide pattern)",2.1
https://waterbalancetools.com/academy/testing/,academy/testing/index.html,academy/testing,3,Page has no sibling pages in its cluster family for comparison.,1,word_count=216; task-support signals=[none].,2,"word_count=216, heading_count=3.",0,0 sentence(s) with numeric ranges/units detected on page.,3,No chemistry claims with numeric ranges detected on this page.,2,Page participates in 2 exact repeated paragraph/heading/FAQ block(s) shared with sibling pages.,3,"meta_description length=56 chars, h1_count=1.",1,word_count=216; task-support signals=[none].,1,single clear H1 with sufficient body text,1,last-updated date present; no named author or reviewer anywhere on page (sitewide pattern),1.7
https://waterbalancetools.com/academy/testing/understanding-test-results,academy/testing/understanding-test-results.html,academy/testing,3,Page has no sibling pages in its cluster family for comparison.,2,word_count=723; task-support signals=[calculator/form present].,3,"word_count=723, heading_count=12.",3,6 sentence(s) with numeric ranges/units detected on page.,2,6 chemistry claim(s) detected; external sources exist sitewide.,3,Page participates in 0 exact repeated paragraph/heading/FAQ block(s) shared with sibling pages.,3,"meta_description length=143 chars, h1_count=1.",2,word_count=723; task-support signals=[calculator/form present].,1,single clear H1 with sufficient body text,1,"last-updated date present; has ""knowledge-sources""/""sources"" block (site-wide check: contains no external citations, only a review date -- see source-audit.csv); no named author or reviewer anywhere on page (sitewide pattern)",2.3
https://waterbalancetools.com/academy/testing/using-liquid-test-kits,academy/testing/using-liquid-test-kits.html,academy/testing,3,Page has no sibling pages in its cluster family for comparison.,2,word_count=669; task-support signals=[calculator/form present].,3,"word_count=669, heading_count=12.",3,4 sentence(s) with numeric ranges/units detected on page.,2,4 chemistry claim(s) detected; external sources exist sitewide.,1,Page participates in 3 exact repeated paragraph/heading/FAQ block(s) shared with sibling pages.,3,"meta_description length=130 chars, h1_count=1.",2,word_count=669; task-support signals=[calculator/form present].,1,single clear H1 with sufficient body text,1,"last-updated date present; has ""knowledge-sources""/""sources"" block (site-wide check: contains no external citations, only a review date -- see source-audit.csv); no named author or reviewer anywhere on page (sitewide pattern)",2.1
https://waterbalancetools.com/academy/testing/using-test-strips,academy/testing/using-test-strips.html,academy/testing,3,Page has no sibling pages in its cluster family for comparison.,2,word_count=663; task-support signals=[calculator/form present].,3,"word_count=663, heading_count=12.",2,1 sentence(s) with numeric ranges/units detected on page.,2,1 chemistry claim(s) detected; external sources exist sitewide.,2,Page participates in 2 exact repeated paragraph/heading/FAQ block(s) shared with sibling pages.,3,"meta_description length=127 chars, h1_count=1.",2,word_count=663; task-support signals=[calculator/form present].,1,single clear H1 with sufficient body text,1,"last-updated date present; has ""knowledge-sources""/""sources"" block (site-wide check: contains no external citations, only a review date -- see source-audit.csv); no named author or reviewer anywhere on page (sitewide pattern)",2.1
https://waterbalancetools.com/academy/troubleshooting/cloudy-water,academy/troubleshooting/cloudy-water.html,academy/troubleshooting,3,Page has no sibling pages in its cluster family for comparison.,2,word_count=767; task-support signals=[calculator/form present].,3,"word_count=767, heading_count=13.",3,5 sentence(s) with numeric ranges/units detected on page.,2,5 chemistry claim(s) detected; external sources exist sitewide.,2,Page participates in 2 exact repeated paragraph/heading/FAQ block(s) shared with sibling pages.,3,"meta_description length=112 chars, h1_count=1.",2,word_count=767; task-support signals=[calculator/form present].,1,single clear H1 with sufficient body text,1,"last-updated date present; has ""knowledge-sources""/""sources"" block (site-wide check: contains no external citations, only a review date -- see source-audit.csv); no named author or reviewer anywhere on page (sitewide pattern)",2.2
https://waterbalancetools.com/academy/troubleshooting/corrosion,academy/troubleshooting/corrosion.html,academy/troubleshooting,3,Page has no sibling pages in its cluster family for comparison.,2,word_count=762; task-support signals=[calculator/form present].,3,"word_count=762, heading_count=13.",3,4 sentence(s) with numeric ranges/units detected on page.,2,4 chemistry claim(s) detected; external sources exist sitewide.,2,Page participates in 2 exact repeated paragraph/heading/FAQ block(s) shared with sibling pages.,3,"meta_description length=120 chars, h1_count=1.",2,word_count=762; task-support signals=[calculator/form present].,1,single clear H1 with sufficient body text,1,"last-updated date present; has ""knowledge-sources""/""sources"" block (site-wide check: contains no external citations, only a review date -- see source-audit.csv); no named author or reviewer anywhere on page (sitewide pattern)",2.2
https://waterbalancetools.com/academy/troubleshooting/foaming-hot-tubs,academy/troubleshooting/foaming-hot-tubs.html,academy/troubleshooting,3,Page has no sibling pages in its cluster family for comparison.,2,word_count=699; task-support signals=[calculator/form present].,3,"word_count=699, heading_count=12.",2,2 sentence(s) with numeric ranges/units detected on page.,2,2 chemistry claim(s) detected; external sources exist sitewide.,3,Page participates in 0 exact repeated paragraph/heading/FAQ block(s) shared with sibling pages.,3,"meta_description length=126 chars, h1_count=1.",2,word_count=699; task-support signals=[calculator/form present].,1,single clear H1 with sufficient body text,1,"last-updated date present; has ""knowledge-sources""/""sources"" block (site-wide check: contains no external citations, only a review date -- see source-audit.csv); no named author or reviewer anywhere on page (sitewide pattern)",2.2
https://waterbalancetools.com/academy/troubleshooting/green-water,academy/troubleshooting/green-water.html,academy/troubleshooting,3,Page has no sibling pages in its cluster family for comparison.,2,word_count=844; task-support signals=[calculator/form present].,3,"word_count=844, heading_count=13.",3,3 sentence(s) with numeric ranges/units detected on page.,2,3 chemistry claim(s) detected; external sources exist sitewide.,2,Page participates in 1 exact repeated paragraph/heading/FAQ block(s) shared with sibling pages.,3,"meta_description length=139 chars, h1_count=1.",2,word_count=844; task-support signals=[calculator/form present].,1,single clear H1 with sufficient body text,1,"last-updated date present; has ""knowledge-sources""/""sources"" block (site-wide check: contains no external citations, only a review date -- see source-audit.csv); no named author or reviewer anywhere on page (sitewide pattern)",2.2
https://waterbalancetools.com/academy/troubleshooting/,academy/troubleshooting/index.html,academy/troubleshooting,3,Page has no sibling pages in its cluster family for comparison.,1,word_count=235; task-support signals=[none].,2,"word_count=235, heading_count=3.",0,0 sentence(s) with numeric ranges/units detected on page.,3,No chemistry claims with numeric ranges detected on this page.,2,Page participates in 1 exact repeated paragraph/heading/FAQ block(s) shared with sibling pages.,3,"meta_description length=62 chars, h1_count=1.",1,word_count=235; task-support signals=[none].,1,single clear H1 with sufficient body text,1,last-updated date present; no named author or reviewer anywhere on page (sitewide pattern),1.7
https://waterbalancetools.com/academy/troubleshooting/scaling,academy/troubleshooting/scaling.html,academy/troubleshooting,3,Page has no sibling pages in its cluster family for comparison.,2,word_count=757; task-support signals=[calculator/form present].,3,"word_count=757, heading_count=13.",3,4 sentence(s) with numeric ranges/units detected on page.,2,4 chemistry claim(s) detected; external sources exist sitewide.,2,Page participates in 2 exact repeated paragraph/heading/FAQ block(s) shared with sibling pages.,3,"meta_description length=130 chars, h1_count=1.",2,word_count=757; task-support signals=[calculator/form present].,1,single clear H1 with sufficient body text,1,"last-updated date present; has ""knowledge-sources""/""sources"" block (site-wide check: contains no external citations, only a review date -- see source-audit.csv); no named author or reviewer anywhere on page (sitewide pattern)",2.2
https://waterbalancetools.com/academy/troubleshooting/strong-chlorine-smell,academy/troubleshooting/strong-chlorine-smell.html,academy/troubleshooting,3,Page has no sibling pages in its cluster family for comparison.,2,word_count=760; task-support signals=[calculator/form present].,3,"word_count=760, heading_count=13.",2,2 sentence(s) with numeric ranges/units detected on page.,2,2 chemistry claim(s) detected; external sources exist sitewide.,3,Page participates in 0 exact repeated paragraph/heading/FAQ block(s) shared with sibling pages.,3,"meta_description length=147 chars, h1_count=1.",2,word_count=760; task-support signals=[calculator/form present].,1,single clear H1 with sufficient body text,1,"last-updated date present; has ""knowledge-sources""/""sources"" block (site-wide check: contains no external citations, only a review date -- see source-audit.csv); no named author or reviewer anywhere on page (sitewide pattern)",2.2
https://waterbalancetools.com/academy/vacation-rentals/chemical-log-sheets,academy/vacation-rentals/chemical-log-sheets.html,academy/vacation-rentals,3,Page has no sibling pages in its cluster family for comparison.,2,word_count=765; task-support signals=[calculator/form present].,3,"word_count=765, heading_count=12.",2,1 sentence(s) with numeric ranges/units detected on page.,2,1 chemistry claim(s) detected; external sources exist sitewide.,2,Page participates in 2 exact repeated paragraph/heading/FAQ block(s) shared with sibling pages.,3,"meta_description length=143 chars, h1_count=1.",2,word_count=765; task-support signals=[calculator/form present].,1,single clear H1 with sufficient body text,1,"last-updated date present; has ""knowledge-sources""/""sources"" block (site-wide check: contains no external citations, only a review date -- see source-audit.csv); no named author or reviewer anywhere on page (sitewide pattern)",2.1
https://waterbalancetools.com/academy/vacation-rentals/emergency-water-recovery,academy/vacation-rentals/emergency-water-recovery.html,academy/vacation-rentals,3,Page has no sibling pages in its cluster family for comparison.,2,word_count=837; task-support signals=[calculator/form present].,3,"word_count=837, heading_count=12.",3,4 sentence(s) with numeric ranges/units detected on page.,2,4 chemistry claim(s) detected; external sources exist sitewide.,3,Page participates in 0 exact repeated paragraph/heading/FAQ block(s) shared with sibling pages.,3,"meta_description length=133 chars, h1_count=1.",2,word_count=837; task-support signals=[calculator/form present].,1,single clear H1 with sufficient body text,1,"last-updated date present; has ""knowledge-sources""/""sources"" block (site-wide check: contains no external citations, only a review date -- see source-audit.csv); no named author or reviewer anywhere on page (sitewide pattern)",2.3
https://waterbalancetools.com/academy/vacation-rentals/guest-safety,academy/vacation-rentals/guest-safety.html,academy/vacation-rentals,3,Page has no sibling pages in its cluster family for comparison.,2,word_count=718; task-support signals=[calculator/form present].,3,"word_count=718, heading_count=12.",0,0 sentence(s) with numeric ranges/units detected on page.,3,No chemistry claims with numeric ranges detected on this page.,2,Page participates in 1 exact repeated paragraph/heading/FAQ block(s) shared with sibling pages.,3,"meta_description length=137 chars, h1_count=1.",2,word_count=718; task-support signals=[calculator/form present].,1,single clear H1 with sufficient body text,1,"last-updated date present; has ""knowledge-sources""/""sources"" block (site-wide check: contains no external citations, only a review date -- see source-audit.csv); no named author or reviewer anywhere on page (sitewide pattern)",2
https://waterbalancetools.com/academy/vacation-rentals/,academy/vacation-rentals/index.html,academy/vacation-rentals,3,Page has no sibling pages in its cluster family for comparison.,1,word_count=230; task-support signals=[none].,2,"word_count=230, heading_count=3.",0,0 sentence(s) with numeric ranges/units detected on page.,3,No chemistry claims with numeric ranges detected on this page.,3,Page participates in 0 exact repeated paragraph/heading/FAQ block(s) shared with sibling pages.,3,"meta_description length=62 chars, h1_count=1.",1,word_count=230; task-support signals=[none].,1,single clear H1 with sufficient body text,1,last-updated date present; no named author or reviewer anywhere on page (sitewide pattern),1.8
https://waterbalancetools.com/academy/vacation-rentals/maintenance-schedule,academy/vacation-rentals/maintenance-schedule.html,academy/vacation-rentals,3,Page has no sibling pages in its cluster family for comparison.,2,word_count=673; task-support signals=[calculator/form present].,3,"word_count=673, heading_count=12.",0,0 sentence(s) with numeric ranges/units detected on page.,3,No chemistry claims with numeric ranges detected on this page.,2,Page participates in 2 exact repeated paragraph/heading/FAQ block(s) shared with sibling pages.,3,"meta_description length=152 chars, h1_count=1.",2,word_count=673; task-support signals=[calculator/form present].,1,single clear H1 with sufficient body text,1,"last-updated date present; has ""knowledge-sources""/""sources"" block (site-wide check: contains no external citations, only a review date -- see source-audit.csv); no named author or reviewer anywhere on page (sitewide pattern)",2
https://waterbalancetools.com/academy/vacation-rentals/turnover-checklist,academy/vacation-rentals/turnover-checklist.html,academy/vacation-rentals,3,Page has no sibling pages in its cluster family for comparison.,2,word_count=731; task-support signals=[calculator/form present].,3,"word_count=731, heading_count=12.",3,5 sentence(s) with numeric ranges/units detected on page.,2,5 chemistry claim(s) detected; external sources exist sitewide.,2,Page participates in 2 exact repeated paragraph/heading/FAQ block(s) shared with sibling pages.,3,"meta_description length=113 chars, h1_count=1.",2,word_count=731; task-support signals=[calculator/form present].,1,single clear H1 with sufficient body text,1,"last-updated date present; has ""knowledge-sources""/""sources"" block (site-wide check: contains no external citations, only a review date -- see source-audit.csv); no named author or reviewer anywhere on page (sitewide pattern)",2.2
https://waterbalancetools.com/academy/vacation-rentals/weekly-inspection,academy/vacation-rentals/weekly-inspection.html,academy/vacation-rentals,3,Page has no sibling pages in its cluster family for comparison.,2,word_count=709; task-support signals=[calculator/form present].,3,"word_count=709, heading_count=12.",2,1 sentence(s) with numeric ranges/units detected on page.,2,1 chemistry claim(s) detected; external sources exist sitewide.,2,Page participates in 2 exact repeated paragraph/heading/FAQ block(s) shared with sibling pages.,3,"meta_description length=160 chars, h1_count=1.",2,word_count=709; task-support signals=[calculator/form present].,1,single clear H1 with sufficient body text,1,"last-updated date present; has ""knowledge-sources""/""sources"" block (site-wide check: contains no external citations, only a review date -- see source-audit.csv); no named author or reviewer anywhere on page (sitewide pattern)",2.1
https://waterbalancetools.com/academy/water-balance/,academy/water-balance/index.html,academy/water-balance,3,Page has no sibling pages in its cluster family for comparison.,1,word_count=221; task-support signals=[none].,2,"word_count=221, heading_count=3.",0,0 sentence(s) with numeric ranges/units detected on page.,3,No chemistry claims with numeric ranges detected on this page.,2,Page participates in 1 exact repeated paragraph/heading/FAQ block(s) shared with sibling pages.,3,"meta_description length=67 chars, h1_count=1.",1,word_count=221; task-support signals=[none].,1,single clear H1 with sufficient body text,1,last-updated date present; no named author or reviewer anywhere on page (sitewide pattern),1.7
https://waterbalancetools.com/academy/water-balance/understanding-calcium-hardness,academy/water-balance/understanding-calcium-hardness.html,academy/water-balance,3,Page has no sibling pages in its cluster family for comparison.,2,word_count=696; task-support signals=[calculator/form present].,3,"word_count=696, heading_count=12.",3,4 sentence(s) with numeric ranges/units detected on page.,2,4 chemistry claim(s) detected; external sources exist sitewide.,3,Page participates in 0 exact repeated paragraph/heading/FAQ block(s) shared with sibling pages.,3,"meta_description length=111 chars, h1_count=1.",2,word_count=696; task-support signals=[calculator/form present].,1,single clear H1 with sufficient body text,1,"last-updated date present; has ""knowledge-sources""/""sources"" block (site-wide check: contains no external citations, only a review date -- see source-audit.csv); no named author or reviewer anywhere on page (sitewide pattern)",2.3
https://waterbalancetools.com/academy/water-balance/understanding-cyanuric-acid,academy/water-balance/understanding-cyanuric-acid.html,academy/water-balance,3,Page has no sibling pages in its cluster family for comparison.,2,word_count=747; task-support signals=[calculator/form present].,3,"word_count=747, heading_count=12.",3,6 sentence(s) with numeric ranges/units detected on page.,2,6 chemistry claim(s) detected; external sources exist sitewide.,2,Page participates in 1 exact repeated paragraph/heading/FAQ block(s) shared with sibling pages.,3,"meta_description length=108 chars, h1_count=1.",2,word_count=747; task-support signals=[calculator/form present].,1,single clear H1 with sufficient body text,1,"last-updated date present; has ""knowledge-sources""/""sources"" block (site-wide check: contains no external citations, only a review date -- see source-audit.csv); no named author or reviewer anywhere on page (sitewide pattern)",2.2
https://waterbalancetools.com/academy/water-balance/understanding-lsi,academy/water-balance/understanding-lsi.html,academy/water-balance,3,Page has no sibling pages in its cluster family for comparison.,2,word_count=728; task-support signals=[calculator/form present].,3,"word_count=728, heading_count=12.",2,2 sentence(s) with numeric ranges/units detected on page.,2,2 chemistry claim(s) detected; external sources exist sitewide.,2,Page participates in 1 exact repeated paragraph/heading/FAQ block(s) shared with sibling pages.,3,"meta_description length=158 chars, h1_count=1.",2,word_count=728; task-support signals=[calculator/form present].,1,single clear H1 with sufficient body text,1,"last-updated date present; has ""knowledge-sources""/""sources"" block (site-wide check: contains no external citations, only a review date -- see source-audit.csv); no named author or reviewer anywhere on page (sitewide pattern)",2.1
https://waterbalancetools.com/academy/water-balance/understanding-ph,academy/water-balance/understanding-ph.html,academy/water-balance,3,Page has no sibling pages in its cluster family for comparison.,2,word_count=723; task-support signals=[calculator/form present].,3,"word_count=723, heading_count=12.",3,7 sentence(s) with numeric ranges/units detected on page.,2,7 chemistry claim(s) detected; external sources exist sitewide.,2,Page participates in 2 exact repeated paragraph/heading/FAQ block(s) shared with sibling pages.,3,"meta_description length=110 chars, h1_count=1.",2,word_count=723; task-support signals=[calculator/form present].,1,single clear H1 with sufficient body text,1,"last-updated date present; has ""knowledge-sources""/""sources"" block (site-wide check: contains no external citations, only a review date -- see source-audit.csv); no named author or reviewer anywhere on page (sitewide pattern)",2.2
https://waterbalancetools.com/academy/water-balance/understanding-total-alkalinity,academy/water-balance/understanding-total-alkalinity.html,academy/water-balance,3,Page has no sibling pages in its cluster family for comparison.,2,word_count=708; task-support signals=[calculator/form present].,3,"word_count=708, heading_count=12.",3,3 sentence(s) with numeric ranges/units detected on page.,2,3 chemistry claim(s) detected; external sources exist sitewide.,2,Page participates in 2 exact repeated paragraph/heading/FAQ block(s) shared with sibling pages.,3,"meta_description length=110 chars, h1_count=1.",2,word_count=708; task-support signals=[calculator/form present].,1,single clear H1 with sufficient body text,1,"last-updated date present; has ""knowledge-sources""/""sources"" block (site-wide check: contains no external citations, only a review date -- see source-audit.csv); no named author or reviewer anywhere on page (sitewide pattern)",2.2
https://waterbalancetools.com/academy/water-balance/water-balance-order,academy/water-balance/water-balance-order.html,academy/water-balance,3,Page has no sibling pages in its cluster family for comparison.,2,word_count=719; task-support signals=[calculator/form present].,3,"word_count=719, heading_count=12.",3,3 sentence(s) with numeric ranges/units detected on page.,2,3 chemistry claim(s) detected; external sources exist sitewide.,2,Page participates in 1 exact repeated paragraph/heading/FAQ block(s) shared with sibling pages.,3,"meta_description length=155 chars, h1_count=1.",2,word_count=719; task-support signals=[calculator/form present].,1,single clear H1 with sufficient body text,1,"last-updated date present; has ""knowledge-sources""/""sources"" block (site-wide check: contains no external citations, only a review date -- see source-audit.csv); no named author or reviewer anywhere on page (sitewide pattern)",2.2
https://waterbalancetools.com/all-pages,all-pages.html,root,3,Page has no sibling pages in its cluster family for comparison.,1,word_count=734; task-support signals=[none].,3,"word_count=734, heading_count=15.",0,0 sentence(s) with numeric ranges/units detected on page.,3,No chemistry claims with numeric ranges detected on this page.,3,Page participates in 0 exact repeated paragraph/heading/FAQ block(s) shared with sibling pages.,3,"meta_description length=102 chars, h1_count=1.",1,word_count=734; task-support signals=[none].,1,single clear H1 with sufficient body text,1,last-updated date present; no named author or reviewer anywhere on page (sitewide pattern),1.9
https://waterbalancetools.com/audit/google/authority-flow,audit/google/authority-flow.html,audit/google,3,Page has no sibling pages in its cluster family for comparison.,2,word_count=545; task-support signals=[table present].,1,"word_count=545, heading_count=1.",1,0 sentence(s) with numeric ranges/units detected on page.,3,No chemistry claims with numeric ranges detected on this page.,3,Page participates in 0 exact repeated paragraph/heading/FAQ block(s) shared with sibling pages.,3,"meta_description length=71 chars, h1_count=1.",2,word_count=545; task-support signals=[table present].,1,single clear H1 with sufficient body text,1,last-updated date present; no named author or reviewer anywhere on page (sitewide pattern),2
https://waterbalancetools.com/audit/google/crawl-depth,audit/google/crawl-depth.html,audit/google,3,Page has no sibling pages in its cluster family for comparison.,2,word_count=3199; task-support signals=[table present].,1,"word_count=3199, heading_count=1.",2,2 sentence(s) with numeric ranges/units detected on page.,2,2 chemistry claim(s) detected; external sources exist sitewide.,3,Page participates in 0 exact repeated paragraph/heading/FAQ block(s) shared with sibling pages.,3,"meta_description length=85 chars, h1_count=1.",2,word_count=3199; task-support signals=[table present].,1,single clear H1 with sufficient body text,1,last-updated date present; no named author or reviewer anywhere on page (sitewide pattern),2
https://waterbalancetools.com/audit/google/freshness,audit/google/freshness.html,audit/google,3,Page has no sibling pages in its cluster family for comparison.,2,word_count=408; task-support signals=[table present].,1,"word_count=408, heading_count=1.",1,0 sentence(s) with numeric ranges/units detected on page.,3,No chemistry claims with numeric ranges detected on this page.,3,Page participates in 0 exact repeated paragraph/heading/FAQ block(s) shared with sibling pages.,2,"meta_description length=10 chars, h1_count=1.",2,word_count=408; task-support signals=[table present].,1,single clear H1 with sufficient body text,1,last-updated date present; no named author or reviewer anywhere on page (sitewide pattern),1.9
https://waterbalancetools.com/audit/google/,audit/google/index.html,audit/google,3,Page has no sibling pages in its cluster family for comparison.,0,word_count=29; task-support signals=[none].,0,"word_count=29, heading_count=2.",0,0 sentence(s) with numeric ranges/units detected on page.,3,No chemistry claims with numeric ranges detected on this page.,3,Page participates in 0 exact repeated paragraph/heading/FAQ block(s) shared with sibling pages.,2,"meta_description length=26 chars, h1_count=1.",0,word_count=29; task-support signals=[none].,0,No answer-first structural signals detected.,1,last-updated date present; no named author or reviewer anywhere on page (sitewide pattern),1.2
https://waterbalancetools.com/audit/google/priority-report,audit/google/priority-report.html,audit/google,3,Page has no sibling pages in its cluster family for comparison.,2,word_count=2234; task-support signals=[table present].,2,"word_count=2234, heading_count=3.",1,0 sentence(s) with numeric ranges/units detected on page.,3,No chemistry claims with numeric ranges detected on this page.,3,Page participates in 0 exact repeated paragraph/heading/FAQ block(s) shared with sibling pages.,3,"meta_description length=60 chars, h1_count=1.",2,word_count=2234; task-support signals=[table present].,1,single clear H1 with sufficient body text,1,last-updated date present; no named author or reviewer anywhere on page (sitewide pattern),2.1
https://waterbalancetools.com/audit/google/search-console-helper,audit/google/search-console-helper.html,audit/google,3,Page has no sibling pages in its cluster family for comparison.,0,word_count=17; task-support signals=[none].,0,"word_count=17, heading_count=1.",0,0 sentence(s) with numeric ranges/units detected on page.,3,No chemistry claims with numeric ranges detected on this page.,3,Page participates in 0 exact repeated paragraph/heading/FAQ block(s) shared with sibling pages.,3,"meta_description length=61 chars, h1_count=1.",0,word_count=17; task-support signals=[none].,0,No answer-first structural signals detected.,1,last-updated date present; no named author or reviewer anywhere on page (sitewide pattern),1.3
https://waterbalancetools.com/audit/google/weak-pages,audit/google/weak-pages.html,audit/google,3,Page has no sibling pages in its cluster family for comparison.,2,word_count=834; task-support signals=[table present].,1,"word_count=834, heading_count=1.",1,0 sentence(s) with numeric ranges/units detected on page.,3,No chemistry claims with numeric ranges detected on this page.,3,Page participates in 0 exact repeated paragraph/heading/FAQ block(s) shared with sibling pages.,3,"meta_description length=62 chars, h1_count=1.",2,word_count=834; task-support signals=[table present].,1,single clear H1 with sufficient body text,1,last-updated date present; no named author or reviewer anywhere on page (sitewide pattern),2
https://waterbalancetools.com/calculators/chemical-calculator,calculators/chemical-calculator.html,calculators,3,"Max 6-word-shingle Jaccard similarity to sibling page ""calculators/pool-chlorine-calculator.html"" in cluster ""calculators"" is 0.22.",3,"word_count=915; task-support signals=[calculator/form present, 8 FAQ items, quick-answer block present].",3,"word_count=915, heading_count=26.",3,7 sentence(s) with numeric ranges/units detected on page.,2,7 chemistry claim(s) detected; external sources exist sitewide.,2,Page participates in 2 exact repeated paragraph/heading/FAQ block(s) shared with sibling pages.,3,"meta_description length=156 chars, h1_count=1.",3,calculator_present=true for a calculator-type page.,3,quick-answer block; 8 FAQ item(s); single clear H1 with sufficient body text,2,last-updated date present; no named author or reviewer anywhere on page (sitewide pattern); 2 external authority link(s),2.7
https://waterbalancetools.com/calculators/hot-tub-chlorine-calculator,calculators/hot-tub-chlorine-calculator.html,calculators,2,"Max 6-word-shingle Jaccard similarity to sibling page ""calculators/pool-chlorine-calculator.html"" in cluster ""calculators"" is 0.28.",3,"word_count=735; task-support signals=[calculator/form present, 8 FAQ items, quick-answer block present].",3,"word_count=735, heading_count=20.",3,5 sentence(s) with numeric ranges/units detected on page.,2,5 chemistry claim(s) detected; external sources exist sitewide.,1,Page participates in 5 exact repeated paragraph/heading/FAQ block(s) shared with sibling pages.,3,"meta_description length=154 chars, h1_count=1.",3,calculator_present=true for a calculator-type page.,3,quick-answer block; 8 FAQ item(s); single clear H1 with sufficient body text,2,last-updated date present; no named author or reviewer anywhere on page (sitewide pattern); 1 external authority link(s),2.5
https://waterbalancetools.com/calculators/hot-tub-ph-calculator,calculators/hot-tub-ph-calculator.html,calculators,2,"Max 6-word-shingle Jaccard similarity to sibling page ""calculators/pool-alkalinity-calculator.html"" in cluster ""calculators"" is 0.39.",2,word_count=319; task-support signals=[calculator/form present].,2,"word_count=319, heading_count=15.",2,1 sentence(s) with numeric ranges/units detected on page.,2,1 chemistry claim(s) detected; external sources exist sitewide.,3,Page participates in 0 exact repeated paragraph/heading/FAQ block(s) shared with sibling pages.,3,"meta_description length=109 chars, h1_count=1.",3,calculator_present=true for a calculator-type page.,1,single clear H1 with sufficient body text,1,last-updated date present; no named author or reviewer anywhere on page (sitewide pattern),2.1
https://waterbalancetools.com/calculators/hot-tub-shock-calculator,calculators/hot-tub-shock-calculator.html,calculators,2,"Max 6-word-shingle Jaccard similarity to sibling page ""calculators/pool-alkalinity-calculator.html"" in cluster ""calculators"" is 0.38.",2,word_count=362; task-support signals=[calculator/form present].,2,"word_count=362, heading_count=15.",3,3 sentence(s) with numeric ranges/units detected on page.,2,3 chemistry claim(s) detected; external sources exist sitewide.,2,Page participates in 2 exact repeated paragraph/heading/FAQ block(s) shared with sibling pages.,3,"meta_description length=94 chars, h1_count=1.",3,calculator_present=true for a calculator-type page.,1,single clear H1 with sufficient body text,1,last-updated date present; no named author or reviewer anywhere on page (sitewide pattern),2.1
https://waterbalancetools.com/calculators/,calculators/index.html,calculators,3,Page has no sibling pages in its cluster family for comparison.,1,word_count=551; task-support signals=[none].,3,"word_count=551, heading_count=10.",2,1 sentence(s) with numeric ranges/units detected on page.,2,1 chemistry claim(s) detected; external sources exist sitewide.,3,Page participates in 0 exact repeated paragraph/heading/FAQ block(s) shared with sibling pages.,3,"meta_description length=80 chars, h1_count=1.",0,calculator_present=false for a calculator-type page.,1,single clear H1 with sufficient body text,1,last-updated date present; no named author or reviewer anywhere on page (sitewide pattern),1.9
https://waterbalancetools.com/calculators/pool-alkalinity-calculator,calculators/pool-alkalinity-calculator.html,calculators,2,"Max 6-word-shingle Jaccard similarity to sibling page ""calculators/hot-tub-ph-calculator.html"" in cluster ""calculators"" is 0.39.",2,word_count=338; task-support signals=[calculator/form present].,2,"word_count=338, heading_count=15.",3,4 sentence(s) with numeric ranges/units detected on page.,2,4 chemistry claim(s) detected; external sources exist sitewide.,2,Page participates in 2 exact repeated paragraph/heading/FAQ block(s) shared with sibling pages.,3,"meta_description length=120 chars, h1_count=1.",3,calculator_present=true for a calculator-type page.,1,single clear H1 with sufficient body text,1,last-updated date present; no named author or reviewer anywhere on page (sitewide pattern),2.1
https://waterbalancetools.com/calculators/pool-chlorine-calculator,calculators/pool-chlorine-calculator.html,calculators,2,"Max 6-word-shingle Jaccard similarity to sibling page ""calculators/pool-alkalinity-calculator.html"" in cluster ""calculators"" is 0.30.",3,"word_count=493; task-support signals=[calculator/form present, 2 FAQ items].",3,"word_count=493, heading_count=17.",3,6 sentence(s) with numeric ranges/units detected on page.,2,6 chemistry claim(s) detected; external sources exist sitewide.,1,Page participates in 4 exact repeated paragraph/heading/FAQ block(s) shared with sibling pages.,3,"meta_description length=160 chars, h1_count=1.",3,calculator_present=true for a calculator-type page.,2,2 FAQ item(s); single clear H1 with sufficient body text,2,last-updated date present; no named author or reviewer anywhere on page (sitewide pattern); 2 external authority link(s),2.4
https://waterbalancetools.com/calculators/pool-cyanuric-acid-calculator,calculators/pool-cyanuric-acid-calculator.html,calculators,2,"Max 6-word-shingle Jaccard similarity to sibling page ""calculators/saltwater-pool-salt-calculator.html"" in cluster ""calculators"" is 0.39.",2,word_count=368; task-support signals=[calculator/form present].,2,"word_count=368, heading_count=15.",3,3 sentence(s) with numeric ranges/units detected on page.,2,3 chemistry claim(s) detected; external sources exist sitewide.,2,Page participates in 2 exact repeated paragraph/heading/FAQ block(s) shared with sibling pages.,3,"meta_description length=112 chars, h1_count=1.",3,calculator_present=true for a calculator-type page.,1,single clear H1 with sufficient body text,1,last-updated date present; no named author or reviewer anywhere on page (sitewide pattern),2.1
https://waterbalancetools.com/calculators/pool-ph-calculator,calculators/pool-ph-calculator.html,calculators,2,"Max 6-word-shingle Jaccard similarity to sibling page ""calculators/hot-tub-ph-calculator.html"" in cluster ""calculators"" is 0.28.",3,"word_count=676; task-support signals=[calculator/form present, 8 FAQ items, quick-answer block present].",3,"word_count=676, heading_count=20.",2,2 sentence(s) with numeric ranges/units detected on page.,2,2 chemistry claim(s) detected; external sources exist sitewide.,2,Page participates in 1 exact repeated paragraph/heading/FAQ block(s) shared with sibling pages.,3,"meta_description length=153 chars, h1_count=1.",3,calculator_present=true for a calculator-type page.,3,quick-answer block; 8 FAQ item(s); single clear H1 with sufficient body text,2,last-updated date present; no named author or reviewer anywhere on page (sitewide pattern); 1 external authority link(s),2.5
https://waterbalancetools.com/calculators/pool-shock-calculator,calculators/pool-shock-calculator.html,calculators,3,"Max 6-word-shingle Jaccard similarity to sibling page ""calculators/hot-tub-shock-calculator.html"" in cluster ""calculators"" is 0.24.",3,"word_count=686; task-support signals=[calculator/form present, 8 FAQ items, quick-answer block present].",3,"word_count=686, heading_count=19.",3,4 sentence(s) with numeric ranges/units detected on page.,2,4 chemistry claim(s) detected; external sources exist sitewide.,2,Page participates in 2 exact repeated paragraph/heading/FAQ block(s) shared with sibling pages.,3,"meta_description length=160 chars, h1_count=1.",3,calculator_present=true for a calculator-type page.,3,quick-answer block; 8 FAQ item(s); single clear H1 with sufficient body text,1,last-updated date present; no named author or reviewer anywhere on page (sitewide pattern),2.6
https://waterbalancetools.com/calculators/pool-turnover-rate-calculator,calculators/pool-turnover-rate-calculator.html,calculators,2,"Max 6-word-shingle Jaccard similarity to sibling page ""calculators/pool-volume-calculator.html"" in cluster ""calculators"" is 0.44.",2,word_count=346; task-support signals=[calculator/form present].,2,"word_count=346, heading_count=15.",2,1 sentence(s) with numeric ranges/units detected on page.,2,1 chemistry claim(s) detected; external sources exist sitewide.,3,Page participates in 0 exact repeated paragraph/heading/FAQ block(s) shared with sibling pages.,3,"meta_description length=114 chars, h1_count=1.",3,calculator_present=true for a calculator-type page.,1,single clear H1 with sufficient body text,1,last-updated date present; no named author or reviewer anywhere on page (sitewide pattern),2.1
https://waterbalancetools.com/calculators/pool-volume-calculator,calculators/pool-volume-calculator.html,calculators,1,"Max 6-word-shingle Jaccard similarity to sibling page ""calculators/volume-calculator.html"" in cluster ""calculators"" is 0.53.",2,word_count=357; task-support signals=[calculator/form present].,2,"word_count=357, heading_count=18.",2,1 sentence(s) with numeric ranges/units detected on page.,2,1 chemistry claim(s) detected; external sources exist sitewide.,3,Page participates in 0 exact repeated paragraph/heading/FAQ block(s) shared with sibling pages.,3,"meta_description length=102 chars, h1_count=1.",3,calculator_present=true for a calculator-type page.,1,single clear H1 with sufficient body text,1,last-updated date present; no named author or reviewer anywhere on page (sitewide pattern),2
https://waterbalancetools.com/calculators/saltwater-pool-salt-calculator,calculators/saltwater-pool-salt-calculator.html,calculators,2,"Max 6-word-shingle Jaccard similarity to sibling page ""calculators/pool-cyanuric-acid-calculator.html"" in cluster ""calculators"" is 0.39.",2,word_count=361; task-support signals=[calculator/form present].,2,"word_count=361, heading_count=15.",2,2 sentence(s) with numeric ranges/units detected on page.,2,2 chemistry claim(s) detected; external sources exist sitewide.,2,Page participates in 2 exact repeated paragraph/heading/FAQ block(s) shared with sibling pages.,3,"meta_description length=120 chars, h1_count=1.",3,calculator_present=true for a calculator-type page.,1,single clear H1 with sufficient body text,1,last-updated date present; no named author or reviewer anywhere on page (sitewide pattern),2
https://waterbalancetools.com/calculators/spa-volume-calculator,calculators/spa-volume-calculator.html,calculators,2,"Max 6-word-shingle Jaccard similarity to sibling page ""calculators/pool-volume-calculator.html"" in cluster ""calculators"" is 0.42.",2,word_count=332; task-support signals=[calculator/form present].,2,"word_count=332, heading_count=15.",2,1 sentence(s) with numeric ranges/units detected on page.,2,1 chemistry claim(s) detected; external sources exist sitewide.,3,Page participates in 0 exact repeated paragraph/heading/FAQ block(s) shared with sibling pages.,3,"meta_description length=96 chars, h1_count=1.",3,calculator_present=true for a calculator-type page.,1,single clear H1 with sufficient body text,1,last-updated date present; no named author or reviewer anywhere on page (sitewide pattern),2.1
https://waterbalancetools.com/calculators/volume-calculator,calculators/volume-calculator.html,calculators,1,"Max 6-word-shingle Jaccard similarity to sibling page ""calculators/pool-volume-calculator.html"" in cluster ""calculators"" is 0.53.",2,word_count=339; task-support signals=[calculator/form present].,2,"word_count=339, heading_count=15.",2,1 sentence(s) with numeric ranges/units detected on page.,2,1 chemistry claim(s) detected; external sources exist sitewide.,3,Page participates in 0 exact repeated paragraph/heading/FAQ block(s) shared with sibling pages.,3,"meta_description length=91 chars, h1_count=1.",3,calculator_present=true for a calculator-type page.,1,single clear H1 with sufficient body text,1,last-updated date present; no named author or reviewer anywhere on page (sitewide pattern),2
https://waterbalancetools.com/charts/hot-tub-chemical-levels-chart,charts/hot-tub-chemical-levels-chart.html,charts,3,Page has no sibling pages in its cluster family for comparison.,2,word_count=132; task-support signals=[table present].,1,"word_count=132, heading_count=7.",2,2 sentence(s) with numeric ranges/units detected on page.,2,2 chemistry claim(s) detected; external sources exist sitewide.,3,Page participates in 0 exact repeated paragraph/heading/FAQ block(s) shared with sibling pages.,3,"meta_description length=85 chars, h1_count=1.",2,word_count=132; task-support signals=[table present].,1,single clear H1 with sufficient body text,1,last-updated date present; no named author or reviewer anywhere on page (sitewide pattern),2
https://waterbalancetools.com/charts/,charts/index.html,charts,3,Page has no sibling pages in its cluster family for comparison.,1,word_count=243; task-support signals=[none].,2,"word_count=243, heading_count=10.",2,1 sentence(s) with numeric ranges/units detected on page.,2,1 chemistry claim(s) detected; external sources exist sitewide.,3,Page participates in 0 exact repeated paragraph/heading/FAQ block(s) shared with sibling pages.,3,"meta_description length=80 chars, h1_count=1.",1,word_count=243; task-support signals=[none].,1,single clear H1 with sufficient body text,1,last-updated date present; no named author or reviewer anywhere on page (sitewide pattern),1.9
https://waterbalancetools.com/charts/pool-chemical-levels-chart,charts/pool-chemical-levels-chart.html,charts,3,Page has no sibling pages in its cluster family for comparison.,2,word_count=210; task-support signals=[table present].,2,"word_count=210, heading_count=7.",2,2 sentence(s) with numeric ranges/units detected on page.,2,2 chemistry claim(s) detected; external sources exist sitewide.,3,Page participates in 0 exact repeated paragraph/heading/FAQ block(s) shared with sibling pages.,3,"meta_description length=123 chars, h1_count=1.",2,word_count=210; task-support signals=[table present].,1,single clear H1 with sufficient body text,1,last-updated date present; no named author or reviewer anywhere on page (sitewide pattern),2.1
https://waterbalancetools.com/charts/pool-water-balance-chart,charts/pool-water-balance-chart.html,charts,3,Page has no sibling pages in its cluster family for comparison.,1,word_count=163; task-support signals=[none].,1,"word_count=163, heading_count=6.",3,3 sentence(s) with numeric ranges/units detected on page.,2,3 chemistry claim(s) detected; external sources exist sitewide.,3,Page participates in 0 exact repeated paragraph/heading/FAQ block(s) shared with sibling pages.,3,"meta_description length=101 chars, h1_count=1.",1,word_count=163; task-support signals=[none].,1,single clear H1 with sufficient body text,1,last-updated date present; no named author or reviewer anywhere on page (sitewide pattern),1.9
https://waterbalancetools.com/comparisons/chlorine-vs-bromine-hot-tub,comparisons/chlorine-vs-bromine-hot-tub.html,comparisons,3,Page has no sibling pages in its cluster family for comparison.,1,word_count=215; task-support signals=[none].,2,"word_count=215, heading_count=10.",2,2 sentence(s) with numeric ranges/units detected on page.,2,2 chemistry claim(s) detected; external sources exist sitewide.,3,Page participates in 0 exact repeated paragraph/heading/FAQ block(s) shared with sibling pages.,3,"meta_description length=106 chars, h1_count=1.",1,word_count=215; task-support signals=[none].,1,single clear H1 with sufficient body text,1,last-updated date present; no named author or reviewer anywhere on page (sitewide pattern),1.9
https://waterbalancetools.com/comparisons/chlorine-vs-bromine,comparisons/chlorine-vs-bromine.html,comparisons,3,Page has no sibling pages in its cluster family for comparison.,3,"word_count=658; task-support signals=[table present, quick-answer block present].",3,"word_count=658, heading_count=16.",2,2 sentence(s) with numeric ranges/units detected on page.,2,2 chemistry claim(s) detected; external sources exist sitewide.,3,Page participates in 0 exact repeated paragraph/heading/FAQ block(s) shared with sibling pages.,3,"meta_description length=139 chars, h1_count=1.",3,"word_count=658; task-support signals=[table present, quick-answer block present].",2,quick-answer block; single clear H1 with sufficient body text,1,last-updated date present; no named author or reviewer anywhere on page (sitewide pattern),2.5
https://waterbalancetools.com/comparisons/free-chlorine-vs-total-chlorine,comparisons/free-chlorine-vs-total-chlorine.html,comparisons,3,Page has no sibling pages in its cluster family for comparison.,3,"word_count=709; task-support signals=[table present, quick-answer block present].",3,"word_count=709, heading_count=16.",3,5 sentence(s) with numeric ranges/units detected on page.,2,5 chemistry claim(s) detected; external sources exist sitewide.,2,Page participates in 1 exact repeated paragraph/heading/FAQ block(s) shared with sibling pages.,3,"meta_description length=158 chars, h1_count=1.",3,"word_count=709; task-support signals=[table present, quick-answer block present].",2,quick-answer block; single clear H1 with sufficient body text,1,last-updated date present; no named author or reviewer anywhere on page (sitewide pattern),2.5
https://waterbalancetools.com/comparisons/,comparisons/index.html,comparisons,3,Page has no sibling pages in its cluster family for comparison.,1,word_count=544; task-support signals=[none].,3,"word_count=544, heading_count=9.",2,1 sentence(s) with numeric ranges/units detected on page.,2,1 chemistry claim(s) detected; external sources exist sitewide.,1,Page participates in 5 exact repeated paragraph/heading/FAQ block(s) shared with sibling pages.,3,"meta_description length=75 chars, h1_count=1.",1,word_count=544; task-support signals=[none].,1,single clear H1 with sufficient body text,1,last-updated date present; no named author or reviewer anywhere on page (sitewide pattern),1.8
https://waterbalancetools.com/comparisons/liquid-chlorine-vs-tablets,comparisons/liquid-chlorine-vs-tablets.html,comparisons,3,Page has no sibling pages in its cluster family for comparison.,3,"word_count=726; task-support signals=[table present, quick-answer block present].",3,"word_count=726, heading_count=16.",3,3 sentence(s) with numeric ranges/units detected on page.,2,3 chemistry claim(s) detected; external sources exist sitewide.,2,Page participates in 1 exact repeated paragraph/heading/FAQ block(s) shared with sibling pages.,3,"meta_description length=124 chars, h1_count=1.",3,"word_count=726; task-support signals=[table present, quick-answer block present].",2,quick-answer block; single clear H1 with sufficient body text,1,last-updated date present; no named author or reviewer anywhere on page (sitewide pattern),2.5
https://waterbalancetools.com/comparisons/pool-shock-vs-chlorine,comparisons/pool-shock-vs-chlorine.html,comparisons,3,Page has no sibling pages in its cluster family for comparison.,3,"word_count=648; task-support signals=[table present, quick-answer block present].",3,"word_count=648, heading_count=16.",3,3 sentence(s) with numeric ranges/units detected on page.,2,3 chemistry claim(s) detected; external sources exist sitewide.,3,Page participates in 0 exact repeated paragraph/heading/FAQ block(s) shared with sibling pages.,3,"meta_description length=148 chars, h1_count=1.",3,"word_count=648; task-support signals=[table present, quick-answer block present].",2,quick-answer block; single clear H1 with sufficient body text,1,last-updated date present; no named author or reviewer anywhere on page (sitewide pattern),2.6
https://waterbalancetools.com/comparisons/salt-water-pool-vs-chlorine-pool,comparisons/salt-water-pool-vs-chlorine-pool.html,comparisons,3,Page has no sibling pages in its cluster family for comparison.,3,"word_count=710; task-support signals=[table present, quick-answer block present].",3,"word_count=710, heading_count=16.",2,2 sentence(s) with numeric ranges/units detected on page.,2,2 chemistry claim(s) detected; external sources exist sitewide.,3,Page participates in 0 exact repeated paragraph/heading/FAQ block(s) shared with sibling pages.,3,"meta_description length=160 chars, h1_count=1.",3,"word_count=710; task-support signals=[table present, quick-answer block present].",2,quick-answer block; single clear H1 with sufficient body text,1,last-updated date present; no named author or reviewer anywhere on page (sitewide pattern),2.5
https://waterbalancetools.com/comparisons/saltwater-pool-vs-chlorine,comparisons/saltwater-pool-vs-chlorine.html,comparisons,3,Page has no sibling pages in its cluster family for comparison.,1,word_count=247; task-support signals=[none].,2,"word_count=247, heading_count=11.",3,3 sentence(s) with numeric ranges/units detected on page.,2,3 chemistry claim(s) detected; external sources exist sitewide.,3,Page participates in 0 exact repeated paragraph/heading/FAQ block(s) shared with sibling pages.,3,"meta_description length=75 chars, h1_count=1.",1,word_count=247; task-support signals=[none].,1,single clear H1 with sufficient body text,1,last-updated date present; no named author or reviewer anywhere on page (sitewide pattern),2
https://waterbalancetools.com/editorial/content-standards/,editorial/content-standards/index.html,editorial/content-standards,3,Page has no sibling pages in its cluster family for comparison.,1,word_count=271; task-support signals=[none].,2,"word_count=271, heading_count=9.",0,0 sentence(s) with numeric ranges/units detected on page.,3,No chemistry claims with numeric ranges detected on this page.,3,Page participates in 0 exact repeated paragraph/heading/FAQ block(s) shared with sibling pages.,3,"meta_description length=91 chars, h1_count=1.",1,word_count=271; task-support signals=[none].,1,single clear H1 with sufficient body text,1,last-updated date present; no named author or reviewer anywhere on page (sitewide pattern),1.8
https://waterbalancetools.com/editorial/correction-policy/,editorial/correction-policy/index.html,editorial/correction-policy,3,Page has no sibling pages in its cluster family for comparison.,1,word_count=262; task-support signals=[none].,2,"word_count=262, heading_count=9.",0,0 sentence(s) with numeric ranges/units detected on page.,3,No chemistry claims with numeric ranges detected on this page.,3,Page participates in 0 exact repeated paragraph/heading/FAQ block(s) shared with sibling pages.,3,"meta_description length=80 chars, h1_count=1.",1,word_count=262; task-support signals=[none].,1,single clear H1 with sufficient body text,1,last-updated date present; no named author or reviewer anywhere on page (sitewide pattern),1.8
https://waterbalancetools.com/editorial/editorial-policy/,editorial/editorial-policy/index.html,editorial/editorial-policy,3,Page has no sibling pages in its cluster family for comparison.,1,word_count=373; task-support signals=[none].,2,"word_count=373, heading_count=9.",0,0 sentence(s) with numeric ranges/units detected on page.,3,No chemistry claims with numeric ranges detected on this page.,3,Page participates in 0 exact repeated paragraph/heading/FAQ block(s) shared with sibling pages.,3,"meta_description length=109 chars, h1_count=1.",1,word_count=373; task-support signals=[none].,1,single clear H1 with sufficient body text,1,last-updated date present; no named author or reviewer anywhere on page (sitewide pattern),1.8
https://waterbalancetools.com/editorial/,editorial/index.html,editorial,3,Page has no sibling pages in its cluster family for comparison.,1,word_count=129; task-support signals=[none].,1,"word_count=129, heading_count=3.",0,0 sentence(s) with numeric ranges/units detected on page.,3,No chemistry claims with numeric ranges detected on this page.,3,Page participates in 0 exact repeated paragraph/heading/FAQ block(s) shared with sibling pages.,3,"meta_description length=141 chars, h1_count=1.",1,word_count=129; task-support signals=[none].,1,single clear H1 with sufficient body text,1,last-updated date present; no named author or reviewer anywhere on page (sitewide pattern),1.7
https://waterbalancetools.com/editorial/review-process/,editorial/review-process/index.html,editorial/review-process,3,Page has no sibling pages in its cluster family for comparison.,1,word_count=286; task-support signals=[none].,2,"word_count=286, heading_count=9.",0,0 sentence(s) with numeric ranges/units detected on page.,3,No chemistry claims with numeric ranges detected on this page.,3,Page participates in 0 exact repeated paragraph/heading/FAQ block(s) shared with sibling pages.,3,"meta_description length=103 chars, h1_count=1.",1,word_count=286; task-support signals=[none].,1,single clear H1 with sufficient body text,1,last-updated date present; no named author or reviewer anywhere on page (sitewide pattern),1.8
https://waterbalancetools.com/editorial/update-policy/,editorial/update-policy/index.html,editorial/update-policy,3,Page has no sibling pages in its cluster family for comparison.,1,word_count=256; task-support signals=[none].,2,"word_count=256, heading_count=9.",0,0 sentence(s) with numeric ranges/units detected on page.,3,No chemistry claims with numeric ranges detected on this page.,3,Page participates in 0 exact repeated paragraph/heading/FAQ block(s) shared with sibling pages.,3,"meta_description length=79 chars, h1_count=1.",1,word_count=256; task-support signals=[none].,1,single clear H1 with sufficient body text,1,last-updated date present; no named author or reviewer anywhere on page (sitewide pattern),1.8
https://waterbalancetools.com/entities/algae,entities/algae.html,entities,3,"Max 6-word-shingle Jaccard similarity to sibling page ""entities/green-water.html"" in cluster ""entities"" is 0.21.",1,word_count=278; task-support signals=[none].,2,"word_count=278, heading_count=30.",0,0 sentence(s) with numeric ranges/units detected on page.,3,No chemistry claims with numeric ranges detected on this page.,1,Page participates in 4 exact repeated paragraph/heading/FAQ block(s) shared with sibling pages.,3,"meta_description length=80 chars, h1_count=1.",1,word_count=278; task-support signals=[none].,1,single clear H1 with sufficient body text,1,last-updated date present; no named author or reviewer anywhere on page (sitewide pattern),1.6
https://waterbalancetools.com/entities/alkalinity,entities/alkalinity.html,entities,3,Page has no sibling pages in its cluster family for comparison.,1,word_count=384; task-support signals=[none].,2,"word_count=384, heading_count=42.",3,3 sentence(s) with numeric ranges/units detected on page.,2,3 chemistry claim(s) detected; external sources exist sitewide.,1,Page participates in 4 exact repeated paragraph/heading/FAQ block(s) shared with sibling pages.,3,"meta_description length=57 chars, h1_count=1.",1,word_count=384; task-support signals=[none].,1,single clear H1 with sufficient body text,1,last-updated date present; no named author or reviewer anywhere on page (sitewide pattern),1.8
https://waterbalancetools.com/entities/automatic-chlorinator,entities/automatic-chlorinator.html,entities,3,Page has no sibling pages in its cluster family for comparison.,1,word_count=234; task-support signals=[none].,2,"word_count=234, heading_count=23.",3,3 sentence(s) with numeric ranges/units detected on page.,2,3 chemistry claim(s) detected; external sources exist sitewide.,2,Page participates in 2 exact repeated paragraph/heading/FAQ block(s) shared with sibling pages.,3,"meta_description length=99 chars, h1_count=1.",1,word_count=234; task-support signals=[none].,1,single clear H1 with sufficient body text,1,last-updated date present; no named author or reviewer anywhere on page (sitewide pattern),1.9
https://waterbalancetools.com/entities/backwashing,entities/backwashing.html,entities,3,"Max 6-word-shingle Jaccard similarity to sibling page ""entities/cartridge-filter.html"" in cluster ""entities"" is 0.19.",1,word_count=292; task-support signals=[none].,2,"word_count=292, heading_count=25.",0,0 sentence(s) with numeric ranges/units detected on page.,3,No chemistry claims with numeric ranges detected on this page.,2,Page participates in 2 exact repeated paragraph/heading/FAQ block(s) shared with sibling pages.,3,"meta_description length=82 chars, h1_count=1.",1,word_count=292; task-support signals=[none].,1,single clear H1 with sufficient body text,1,last-updated date present; no named author or reviewer anywhere on page (sitewide pattern),1.7
https://waterbalancetools.com/entities/baking-soda,entities/baking-soda.html,entities,3,Page has no sibling pages in its cluster family for comparison.,1,word_count=237; task-support signals=[none].,2,"word_count=237, heading_count=25.",2,1 sentence(s) with numeric ranges/units detected on page.,2,1 chemistry claim(s) detected; external sources exist sitewide.,2,Page participates in 2 exact repeated paragraph/heading/FAQ block(s) shared with sibling pages.,3,"meta_description length=85 chars, h1_count=1.",1,word_count=237; task-support signals=[none].,1,single clear H1 with sufficient body text,1,last-updated date present; no named author or reviewer anywhere on page (sitewide pattern),1.8
https://waterbalancetools.com/entities/balancing,entities/balancing.html,entities,3,Page has no sibling pages in its cluster family for comparison.,1,word_count=337; task-support signals=[none].,2,"word_count=337, heading_count=37.",0,0 sentence(s) with numeric ranges/units detected on page.,3,No chemistry claims with numeric ranges detected on this page.,1,Page participates in 5 exact repeated paragraph/heading/FAQ block(s) shared with sibling pages.,3,"meta_description length=102 chars, h1_count=1.",1,word_count=337; task-support signals=[none].,1,single clear H1 with sufficient body text,1,last-updated date present; no named author or reviewer anywhere on page (sitewide pattern),1.6
https://waterbalancetools.com/entities/biguanide,entities/biguanide.html,entities,3,Page has no sibling pages in its cluster family for comparison.,1,word_count=180; task-support signals=[none].,1,"word_count=180, heading_count=12.",2,2 sentence(s) with numeric ranges/units detected on page.,2,2 chemistry claim(s) detected; external sources exist sitewide.,2,Page participates in 2 exact repeated paragraph/heading/FAQ block(s) shared with sibling pages.,3,"meta_description length=102 chars, h1_count=1.",1,word_count=180; task-support signals=[none].,1,single clear H1 with sufficient body text,1,last-updated date present; no named author or reviewer anywhere on page (sitewide pattern),1.7
https://waterbalancetools.com/entities/breakpoint-chlorination,entities/breakpoint-chlorination.html,entities,3,Page has no sibling pages in its cluster family for comparison.,1,word_count=283; task-support signals=[none].,2,"word_count=283, heading_count=30.",2,1 sentence(s) with numeric ranges/units detected on page.,2,1 chemistry claim(s) detected; external sources exist sitewide.,2,Page participates in 2 exact repeated paragraph/heading/FAQ block(s) shared with sibling pages.,3,"meta_description length=78 chars, h1_count=1.",1,word_count=283; task-support signals=[none].,1,single clear H1 with sufficient body text,1,last-updated date present; no named author or reviewer anywhere on page (sitewide pattern),1.8
https://waterbalancetools.com/entities/bromine,entities/bromine.html,entities,3,Page has no sibling pages in its cluster family for comparison.,1,word_count=262; task-support signals=[none].,2,"word_count=262, heading_count=30.",2,2 sentence(s) with numeric ranges/units detected on page.,2,2 chemistry claim(s) detected; external sources exist sitewide.,2,Page participates in 2 exact repeated paragraph/heading/FAQ block(s) shared with sibling pages.,3,"meta_description length=99 chars, h1_count=1.",1,word_count=262; task-support signals=[none].,1,single clear H1 with sufficient body text,1,last-updated date present; no named author or reviewer anywhere on page (sitewide pattern),1.8
https://waterbalancetools.com/entities/calcium-chloride,entities/calcium-chloride.html,entities,3,Page has no sibling pages in its cluster family for comparison.,1,word_count=215; task-support signals=[none].,2,"word_count=215, heading_count=23.",2,1 sentence(s) with numeric ranges/units detected on page.,2,1 chemistry claim(s) detected; external sources exist sitewide.,2,Page participates in 2 exact repeated paragraph/heading/FAQ block(s) shared with sibling pages.,3,"meta_description length=86 chars, h1_count=1.",1,word_count=215; task-support signals=[none].,1,single clear H1 with sufficient body text,1,last-updated date present; no named author or reviewer anywhere on page (sitewide pattern),1.8
https://waterbalancetools.com/entities/calcium-hardness,entities/calcium-hardness.html,entities,3,Page has no sibling pages in its cluster family for comparison.,1,word_count=409; task-support signals=[none].,3,"word_count=409, heading_count=42.",3,4 sentence(s) with numeric ranges/units detected on page.,2,4 chemistry claim(s) detected; external sources exist sitewide.,0,Page participates in 6 exact repeated paragraph/heading/FAQ block(s) shared with sibling pages.,3,"meta_description length=95 chars, h1_count=1.",1,word_count=409; task-support signals=[none].,1,single clear H1 with sufficient body text,1,last-updated date present; no named author or reviewer anywhere on page (sitewide pattern),1.8
https://waterbalancetools.com/entities/calcium-hypochlorite,entities/calcium-hypochlorite.html,entities,3,Page has no sibling pages in its cluster family for comparison.,1,word_count=267; task-support signals=[none].,2,"word_count=267, heading_count=28.",3,4 sentence(s) with numeric ranges/units detected on page.,2,4 chemistry claim(s) detected; external sources exist sitewide.,1,Page participates in 3 exact repeated paragraph/heading/FAQ block(s) shared with sibling pages.,3,"meta_description length=84 chars, h1_count=1.",1,word_count=267; task-support signals=[none].,1,single clear H1 with sufficient body text,1,last-updated date present; no named author or reviewer anywhere on page (sitewide pattern),1.8
https://waterbalancetools.com/entities/cartridge-filter,entities/cartridge-filter.html,entities,2,"Max 6-word-shingle Jaccard similarity to sibling page ""entities/de-filter.html"" in cluster ""entities"" is 0.26.",1,word_count=239; task-support signals=[none].,2,"word_count=239, heading_count=23.",0,0 sentence(s) with numeric ranges/units detected on page.,3,No chemistry claims with numeric ranges detected on this page.,1,Page participates in 3 exact repeated paragraph/heading/FAQ block(s) shared with sibling pages.,3,"meta_description length=104 chars, h1_count=1.",1,word_count=239; task-support signals=[none].,1,single clear H1 with sufficient body text,1,last-updated date present; no named author or reviewer anywhere on page (sitewide pattern),1.5
https://waterbalancetools.com/entities/cdc,entities/cdc.html,entities,3,"Max 6-word-shingle Jaccard similarity to sibling page ""entities/epa.html"" in cluster ""entities"" is 0.15.",1,word_count=139; task-support signals=[none].,1,"word_count=139, heading_count=12.",0,0 sentence(s) with numeric ranges/units detected on page.,3,No chemistry claims with numeric ranges detected on this page.,2,Page participates in 1 exact repeated paragraph/heading/FAQ block(s) shared with sibling pages.,3,"meta_description length=112 chars, h1_count=1.",1,word_count=139; task-support signals=[none].,1,single clear H1 with sufficient body text,1,last-updated date present; no named author or reviewer anywhere on page (sitewide pattern),1.6
https://waterbalancetools.com/entities/chemical-feeder,entities/chemical-feeder.html,entities,3,Page has no sibling pages in its cluster family for comparison.,1,word_count=170; task-support signals=[none].,1,"word_count=170, heading_count=13.",0,0 sentence(s) with numeric ranges/units detected on page.,3,No chemistry claims with numeric ranges detected on this page.,1,Page participates in 3 exact repeated paragraph/heading/FAQ block(s) shared with sibling pages.,3,"meta_description length=74 chars, h1_count=1.",1,word_count=170; task-support signals=[none].,1,single clear H1 with sufficient body text,1,last-updated date present; no named author or reviewer anywhere on page (sitewide pattern),1.5
https://waterbalancetools.com/entities/chemical-log,entities/chemical-log.html,entities,3,"Max 6-word-shingle Jaccard similarity to sibling page ""entities/water-test-sheet.html"" in cluster ""entities"" is 0.22.",1,word_count=180; task-support signals=[none].,1,"word_count=180, heading_count=18.",0,0 sentence(s) with numeric ranges/units detected on page.,3,No chemistry claims with numeric ranges detected on this page.,2,Page participates in 2 exact repeated paragraph/heading/FAQ block(s) shared with sibling pages.,3,"meta_description length=85 chars, h1_count=1.",1,word_count=180; task-support signals=[none].,1,single clear H1 with sufficient body text,1,last-updated date present; no named author or reviewer anywhere on page (sitewide pattern),1.6
https://waterbalancetools.com/entities/closing-checklist,entities/closing-checklist.html,entities,3,"Max 6-word-shingle Jaccard similarity to sibling page ""entities/pool-opening.html"" in cluster ""entities"" is 0.16.",1,word_count=142; task-support signals=[none].,1,"word_count=142, heading_count=15.",0,0 sentence(s) with numeric ranges/units detected on page.,3,No chemistry claims with numeric ranges detected on this page.,2,Page participates in 2 exact repeated paragraph/heading/FAQ block(s) shared with sibling pages.,3,"meta_description length=58 chars, h1_count=1.",1,word_count=142; task-support signals=[none].,1,single clear H1 with sufficient body text,1,last-updated date present; no named author or reviewer anywhere on page (sitewide pattern),1.6
https://waterbalancetools.com/entities/cloudy-water,entities/cloudy-water.html,entities,3,Page has no sibling pages in its cluster family for comparison.,1,word_count=294; task-support signals=[none].,2,"word_count=294, heading_count=30.",0,0 sentence(s) with numeric ranges/units detected on page.,3,No chemistry claims with numeric ranges detected on this page.,0,Page participates in 6 exact repeated paragraph/heading/FAQ block(s) shared with sibling pages.,3,"meta_description length=94 chars, h1_count=1.",1,word_count=294; task-support signals=[none].,1,single clear H1 with sufficient body text,1,last-updated date present; no named author or reviewer anywhere on page (sitewide pattern),1.5
https://waterbalancetools.com/entities/combined-chlorine,entities/combined-chlorine.html,entities,3,Page has no sibling pages in its cluster family for comparison.,1,word_count=336; task-support signals=[none].,2,"word_count=336, heading_count=38.",3,3 sentence(s) with numeric ranges/units detected on page.,2,3 chemistry claim(s) detected; external sources exist sitewide.,1,Page participates in 3 exact repeated paragraph/heading/FAQ block(s) shared with sibling pages.,3,"meta_description length=88 chars, h1_count=1.",1,word_count=336; task-support signals=[none].,1,single clear H1 with sufficient body text,1,last-updated date present; no named author or reviewer anywhere on page (sitewide pattern),1.8
https://waterbalancetools.com/entities/commercial-pool,entities/commercial-pool.html,entities,3,Page has no sibling pages in its cluster family for comparison.,1,word_count=259; task-support signals=[none].,2,"word_count=259, heading_count=26.",0,0 sentence(s) with numeric ranges/units detected on page.,3,No chemistry claims with numeric ranges detected on this page.,1,Page participates in 4 exact repeated paragraph/heading/FAQ block(s) shared with sibling pages.,3,"meta_description length=85 chars, h1_count=1.",1,word_count=259; task-support signals=[none].,1,single clear H1 with sufficient body text,1,last-updated date present; no named author or reviewer anywhere on page (sitewide pattern),1.6
https://waterbalancetools.com/entities/concrete-pool,entities/concrete-pool.html,entities,3,"Max 6-word-shingle Jaccard similarity to sibling page ""entities/fiberglass-pool.html"" in cluster ""entities"" is 0.20.",1,word_count=237; task-support signals=[none].,2,"word_count=237, heading_count=23.",2,2 sentence(s) with numeric ranges/units detected on page.,2,2 chemistry claim(s) detected; external sources exist sitewide.,1,Page participates in 4 exact repeated paragraph/heading/FAQ block(s) shared with sibling pages.,3,"meta_description length=85 chars, h1_count=1.",1,word_count=237; task-support signals=[none].,1,single clear H1 with sufficient body text,1,last-updated date present; no named author or reviewer anywhere on page (sitewide pattern),1.7
https://waterbalancetools.com/entities/copper,entities/copper.html,entities,3,Page has no sibling pages in its cluster family for comparison.,1,word_count=197; task-support signals=[none].,1,"word_count=197, heading_count=16.",3,3 sentence(s) with numeric ranges/units detected on page.,2,3 chemistry claim(s) detected; external sources exist sitewide.,2,Page participates in 2 exact repeated paragraph/heading/FAQ block(s) shared with sibling pages.,3,"meta_description length=107 chars, h1_count=1.",1,word_count=197; task-support signals=[none].,1,single clear H1 with sufficient body text,1,last-updated date present; no named author or reviewer anywhere on page (sitewide pattern),1.8
https://waterbalancetools.com/entities/corrosion,entities/corrosion.html,entities,3,"Max 6-word-shingle Jaccard similarity to sibling page ""entities/scaling.html"" in cluster ""entities"" is 0.23.",1,word_count=333; task-support signals=[none].,2,"word_count=333, heading_count=32.",2,1 sentence(s) with numeric ranges/units detected on page.,2,1 chemistry claim(s) detected; external sources exist sitewide.,1,Page participates in 5 exact repeated paragraph/heading/FAQ block(s) shared with sibling pages.,3,"meta_description length=80 chars, h1_count=1.",1,word_count=333; task-support signals=[none].,1,single clear H1 with sufficient body text,1,last-updated date present; no named author or reviewer anywhere on page (sitewide pattern),1.7
https://waterbalancetools.com/entities/cover,entities/cover.html,entities,3,Page has no sibling pages in its cluster family for comparison.,1,word_count=225; task-support signals=[none].,2,"word_count=225, heading_count=17.",2,1 sentence(s) with numeric ranges/units detected on page.,2,1 chemistry claim(s) detected; external sources exist sitewide.,2,Page participates in 2 exact repeated paragraph/heading/FAQ block(s) shared with sibling pages.,3,"meta_description length=91 chars, h1_count=1.",1,word_count=225; task-support signals=[none].,1,single clear H1 with sufficient body text,1,last-updated date present; no named author or reviewer anywhere on page (sitewide pattern),1.8
https://waterbalancetools.com/entities/cyanuric-acid,entities/cyanuric-acid.html,entities,3,Page has no sibling pages in its cluster family for comparison.,1,word_count=331; task-support signals=[none].,2,"word_count=331, heading_count=37.",3,3 sentence(s) with numeric ranges/units detected on page.,2,3 chemistry claim(s) detected; external sources exist sitewide.,2,Page participates in 2 exact repeated paragraph/heading/FAQ block(s) shared with sibling pages.,3,"meta_description length=82 chars, h1_count=1.",1,word_count=331; task-support signals=[none].,1,single clear H1 with sufficient body text,1,last-updated date present; no named author or reviewer anywhere on page (sitewide pattern),1.9
https://waterbalancetools.com/entities/de-filter,entities/de-filter.html,entities,2,"Max 6-word-shingle Jaccard similarity to sibling page ""entities/sand-filter.html"" in cluster ""entities"" is 0.28.",1,word_count=270; task-support signals=[none].,2,"word_count=270, heading_count=23.",0,0 sentence(s) with numeric ranges/units detected on page.,3,No chemistry claims with numeric ranges detected on this page.,1,Page participates in 4 exact repeated paragraph/heading/FAQ block(s) shared with sibling pages.,3,"meta_description length=97 chars, h1_count=1.",1,word_count=270; task-support signals=[none].,1,single clear H1 with sufficient body text,1,last-updated date present; no named author or reviewer anywhere on page (sitewide pattern),1.5
https://waterbalancetools.com/entities/emergency-reference,entities/emergency-reference.html,entities,3,Page has no sibling pages in its cluster family for comparison.,1,word_count=192; task-support signals=[none].,1,"word_count=192, heading_count=22.",0,0 sentence(s) with numeric ranges/units detected on page.,3,No chemistry claims with numeric ranges detected on this page.,1,Page participates in 3 exact repeated paragraph/heading/FAQ block(s) shared with sibling pages.,3,"meta_description length=74 chars, h1_count=1.",1,word_count=192; task-support signals=[none].,1,single clear H1 with sufficient body text,1,last-updated date present; no named author or reviewer anywhere on page (sitewide pattern),1.5
https://waterbalancetools.com/entities/epa,entities/epa.html,entities,3,"Max 6-word-shingle Jaccard similarity to sibling page ""entities/nsf.html"" in cluster ""entities"" is 0.17.",1,word_count=128; task-support signals=[none].,1,"word_count=128, heading_count=9.",0,0 sentence(s) with numeric ranges/units detected on page.,3,No chemistry claims with numeric ranges detected on this page.,2,Page participates in 1 exact repeated paragraph/heading/FAQ block(s) shared with sibling pages.,3,"meta_description length=88 chars, h1_count=1.",1,word_count=128; task-support signals=[none].,1,single clear H1 with sufficient body text,1,last-updated date present; no named author or reviewer anywhere on page (sitewide pattern),1.6
https://waterbalancetools.com/entities/eye-irritation,entities/eye-irritation.html,entities,3,"Max 6-word-shingle Jaccard similarity to sibling page ""entities/skin-irritation.html"" in cluster ""entities"" is 0.24.",1,word_count=211; task-support signals=[none].,2,"word_count=211, heading_count=23.",0,0 sentence(s) with numeric ranges/units detected on page.,3,No chemistry claims with numeric ranges detected on this page.,2,Page participates in 2 exact repeated paragraph/heading/FAQ block(s) shared with sibling pages.,3,"meta_description length=61 chars, h1_count=1.",1,word_count=211; task-support signals=[none].,1,single clear H1 with sufficient body text,1,last-updated date present; no named author or reviewer anywhere on page (sitewide pattern),1.7
https://waterbalancetools.com/entities/fiberglass-pool,entities/fiberglass-pool.html,entities,2,"Max 6-word-shingle Jaccard similarity to sibling page ""entities/vinyl-pool.html"" in cluster ""entities"" is 0.27.",1,word_count=193; task-support signals=[none].,1,"word_count=193, heading_count=18.",2,1 sentence(s) with numeric ranges/units detected on page.,2,1 chemistry claim(s) detected; external sources exist sitewide.,1,Page participates in 3 exact repeated paragraph/heading/FAQ block(s) shared with sibling pages.,3,"meta_description length=85 chars, h1_count=1.",1,word_count=193; task-support signals=[none].,1,single clear H1 with sufficient body text,1,last-updated date present; no named author or reviewer anywhere on page (sitewide pattern),1.5
https://waterbalancetools.com/entities/filtration,entities/filtration.html,entities,3,"Max 6-word-shingle Jaccard similarity to sibling page ""entities/de-filter.html"" in cluster ""entities"" is 0.21.",1,word_count=350; task-support signals=[none].,2,"word_count=350, heading_count=35.",0,0 sentence(s) with numeric ranges/units detected on page.,3,No chemistry claims with numeric ranges detected on this page.,1,Page participates in 5 exact repeated paragraph/heading/FAQ block(s) shared with sibling pages.,3,"meta_description length=73 chars, h1_count=1.",1,word_count=350; task-support signals=[none].,1,single clear H1 with sufficient body text,1,last-updated date present; no named author or reviewer anywhere on page (sitewide pattern),1.6
https://waterbalancetools.com/entities/flow-rate,entities/flow-rate.html,entities,3,"Max 6-word-shingle Jaccard similarity to sibling page ""entities/turnover-time.html"" in cluster ""entities"" is 0.20.",1,word_count=290; task-support signals=[none].,2,"word_count=290, heading_count=27.",0,0 sentence(s) with numeric ranges/units detected on page.,3,No chemistry claims with numeric ranges detected on this page.,1,Page participates in 3 exact repeated paragraph/heading/FAQ block(s) shared with sibling pages.,3,"meta_description length=78 chars, h1_count=1.",1,word_count=290; task-support signals=[none].,1,single clear H1 with sufficient body text,1,last-updated date present; no named author or reviewer anywhere on page (sitewide pattern),1.6
https://waterbalancetools.com/entities/foaming,entities/foaming.html,entities,3,Page has no sibling pages in its cluster family for comparison.,1,word_count=207; task-support signals=[none].,2,"word_count=207, heading_count=13.",0,0 sentence(s) with numeric ranges/units detected on page.,3,No chemistry claims with numeric ranges detected on this page.,1,Page participates in 3 exact repeated paragraph/heading/FAQ block(s) shared with sibling pages.,3,"meta_description length=91 chars, h1_count=1.",1,word_count=207; task-support signals=[none].,1,single clear H1 with sufficient body text,1,last-updated date present; no named author or reviewer anywhere on page (sitewide pattern),1.6
https://waterbalancetools.com/entities/free-chlorine,entities/free-chlorine.html,entities,3,Page has no sibling pages in its cluster family for comparison.,1,word_count=457; task-support signals=[none].,3,"word_count=457, heading_count=49.",2,2 sentence(s) with numeric ranges/units detected on page.,2,2 chemistry claim(s) detected; external sources exist sitewide.,1,Page participates in 5 exact repeated paragraph/heading/FAQ block(s) shared with sibling pages.,3,"meta_description length=66 chars, h1_count=1.",1,word_count=457; task-support signals=[none].,1,single clear H1 with sufficient body text,1,last-updated date present; no named author or reviewer anywhere on page (sitewide pattern),1.8
https://waterbalancetools.com/entities/gallons,entities/gallons.html,entities,3,Page has no sibling pages in its cluster family for comparison.,1,word_count=209; task-support signals=[none].,2,"word_count=209, heading_count=23.",2,1 sentence(s) with numeric ranges/units detected on page.,2,1 chemistry claim(s) detected; external sources exist sitewide.,2,Page participates in 1 exact repeated paragraph/heading/FAQ block(s) shared with sibling pages.,3,"meta_description length=64 chars, h1_count=1.",1,word_count=209; task-support signals=[none].,1,single clear H1 with sufficient body text,1,last-updated date present; no named author or reviewer anywhere on page (sitewide pattern),1.8
https://waterbalancetools.com/entities/green-water,entities/green-water.html,entities,3,"Max 6-word-shingle Jaccard similarity to sibling page ""entities/algae.html"" in cluster ""entities"" is 0.21.",1,word_count=308; task-support signals=[none].,2,"word_count=308, heading_count=30.",2,1 sentence(s) with numeric ranges/units detected on page.,2,1 chemistry claim(s) detected; external sources exist sitewide.,1,Page participates in 4 exact repeated paragraph/heading/FAQ block(s) shared with sibling pages.,3,"meta_description length=77 chars, h1_count=1.",1,word_count=308; task-support signals=[none].,1,single clear H1 with sufficient body text,1,last-updated date present; no named author or reviewer anywhere on page (sitewide pattern),1.7
https://waterbalancetools.com/entities/heater,entities/heater.html,entities,3,Page has no sibling pages in its cluster family for comparison.,1,word_count=217; task-support signals=[none].,2,"word_count=217, heading_count=16.",0,0 sentence(s) with numeric ranges/units detected on page.,3,No chemistry claims with numeric ranges detected on this page.,1,Page participates in 3 exact repeated paragraph/heading/FAQ block(s) shared with sibling pages.,3,"meta_description length=86 chars, h1_count=1.",1,word_count=217; task-support signals=[none].,1,single clear H1 with sufficient body text,1,last-updated date present; no named author or reviewer anywhere on page (sitewide pattern),1.6
https://waterbalancetools.com/entities/high-chlorine,entities/high-chlorine.html,entities,3,Page has no sibling pages in its cluster family for comparison.,1,word_count=205; task-support signals=[none].,2,"word_count=205, heading_count=15.",3,3 sentence(s) with numeric ranges/units detected on page.,2,3 chemistry claim(s) detected; external sources exist sitewide.,2,Page participates in 2 exact repeated paragraph/heading/FAQ block(s) shared with sibling pages.,3,"meta_description length=89 chars, h1_count=1.",1,word_count=205; task-support signals=[none].,1,single clear H1 with sufficient body text,1,last-updated date present; no named author or reviewer anywhere on page (sitewide pattern),1.9
https://waterbalancetools.com/entities/high-ph,entities/high-ph.html,entities,3,"Max 6-word-shingle Jaccard similarity to sibling page ""entities/low-ph.html"" in cluster ""entities"" is 0.21.",1,word_count=303; task-support signals=[none].,2,"word_count=303, heading_count=29.",2,2 sentence(s) with numeric ranges/units detected on page.,2,2 chemistry claim(s) detected; external sources exist sitewide.,1,Page participates in 5 exact repeated paragraph/heading/FAQ block(s) shared with sibling pages.,3,"meta_description length=87 chars, h1_count=1.",1,word_count=303; task-support signals=[none].,1,single clear H1 with sufficient body text,1,last-updated date present; no named author or reviewer anywhere on page (sitewide pattern),1.7
https://waterbalancetools.com/entities/hot-tub,entities/hot-tub.html,entities,3,Page has no sibling pages in its cluster family for comparison.,1,word_count=370; task-support signals=[none].,2,"word_count=370, heading_count=37.",0,0 sentence(s) with numeric ranges/units detected on page.,3,No chemistry claims with numeric ranges detected on this page.,1,Page participates in 5 exact repeated paragraph/heading/FAQ block(s) shared with sibling pages.,3,"meta_description length=75 chars, h1_count=1.",1,word_count=370; task-support signals=[none].,1,single clear H1 with sufficient body text,1,last-updated date present; no named author or reviewer anywhere on page (sitewide pattern),1.6
https://waterbalancetools.com/entities/hydrogen-peroxide,entities/hydrogen-peroxide.html,entities,3,Page has no sibling pages in its cluster family for comparison.,1,word_count=190; task-support signals=[none].,1,"word_count=190, heading_count=14.",2,2 sentence(s) with numeric ranges/units detected on page.,2,2 chemistry claim(s) detected; external sources exist sitewide.,2,Page participates in 2 exact repeated paragraph/heading/FAQ block(s) shared with sibling pages.,3,"meta_description length=87 chars, h1_count=1.",1,word_count=190; task-support signals=[none].,1,single clear H1 with sufficient body text,1,last-updated date present; no named author or reviewer anywhere on page (sitewide pattern),1.7
https://waterbalancetools.com/entities/,entities/index.html,entities,3,Page has no sibling pages in its cluster family for comparison.,1,word_count=1657; task-support signals=[none].,3,"word_count=1657, heading_count=12.",0,0 sentence(s) with numeric ranges/units detected on page.,3,No chemistry claims with numeric ranges detected on this page.,2,Page participates in 1 exact repeated paragraph/heading/FAQ block(s) shared with sibling pages.,3,"meta_description length=160 chars, h1_count=1.",1,word_count=1657; task-support signals=[none].,1,single clear H1 with sufficient body text,1,last-updated date present; no named author or reviewer anywhere on page (sitewide pattern),1.8
https://waterbalancetools.com/entities/indoor-pool,entities/indoor-pool.html,entities,3,Page has no sibling pages in its cluster family for comparison.,1,word_count=199; task-support signals=[none].,1,"word_count=199, heading_count=19.",0,0 sentence(s) with numeric ranges/units detected on page.,3,No chemistry claims with numeric ranges detected on this page.,2,Page participates in 2 exact repeated paragraph/heading/FAQ block(s) shared with sibling pages.,3,"meta_description length=77 chars, h1_count=1.",1,word_count=199; task-support signals=[none].,1,single clear H1 with sufficient body text,1,last-updated date present; no named author or reviewer anywhere on page (sitewide pattern),1.6
https://waterbalancetools.com/entities/iron,entities/iron.html,entities,3,Page has no sibling pages in its cluster family for comparison.,1,word_count=192; task-support signals=[none].,1,"word_count=192, heading_count=15.",2,2 sentence(s) with numeric ranges/units detected on page.,2,2 chemistry claim(s) detected; external sources exist sitewide.,2,Page participates in 1 exact repeated paragraph/heading/FAQ block(s) shared with sibling pages.,3,"meta_description length=78 chars, h1_count=1.",1,word_count=192; task-support signals=[none].,1,single clear H1 with sufficient body text,1,last-updated date present; no named author or reviewer anywhere on page (sitewide pattern),1.7
https://waterbalancetools.com/entities/lamotte,entities/lamotte.html,entities,3,Page has no sibling pages in its cluster family for comparison.,1,word_count=125; task-support signals=[none].,1,"word_count=125, heading_count=10.",0,0 sentence(s) with numeric ranges/units detected on page.,3,No chemistry claims with numeric ranges detected on this page.,2,Page participates in 1 exact repeated paragraph/heading/FAQ block(s) shared with sibling pages.,3,"meta_description length=92 chars, h1_count=1.",1,word_count=125; task-support signals=[none].,1,single clear H1 with sufficient body text,1,last-updated date present; no named author or reviewer anywhere on page (sitewide pattern),1.6
https://waterbalancetools.com/entities/liquid-chlorine,entities/liquid-chlorine.html,entities,3,Page has no sibling pages in its cluster family for comparison.,1,word_count=236; task-support signals=[none].,2,"word_count=236, heading_count=27.",3,3 sentence(s) with numeric ranges/units detected on page.,2,3 chemistry claim(s) detected; external sources exist sitewide.,2,Page participates in 2 exact repeated paragraph/heading/FAQ block(s) shared with sibling pages.,3,"meta_description length=87 chars, h1_count=1.",1,word_count=236; task-support signals=[none].,1,single clear H1 with sufficient body text,1,last-updated date present; no named author or reviewer anywhere on page (sitewide pattern),1.9
https://waterbalancetools.com/entities/liters,entities/liters.html,entities,3,"Max 6-word-shingle Jaccard similarity to sibling page ""entities/unit-gallons.html"" in cluster ""entities"" is 0.16.",1,word_count=160; task-support signals=[none].,1,"word_count=160, heading_count=17.",0,0 sentence(s) with numeric ranges/units detected on page.,3,No chemistry claims with numeric ranges detected on this page.,2,Page participates in 2 exact repeated paragraph/heading/FAQ block(s) shared with sibling pages.,3,"meta_description length=66 chars, h1_count=1.",1,word_count=160; task-support signals=[none].,1,single clear H1 with sufficient body text,1,last-updated date present; no named author or reviewer anywhere on page (sitewide pattern),1.6
https://waterbalancetools.com/entities/low-chlorine,entities/low-chlorine.html,entities,3,Page has no sibling pages in its cluster family for comparison.,1,word_count=288; task-support signals=[none].,2,"word_count=288, heading_count=30.",2,1 sentence(s) with numeric ranges/units detected on page.,2,1 chemistry claim(s) detected; external sources exist sitewide.,1,Page participates in 4 exact repeated paragraph/heading/FAQ block(s) shared with sibling pages.,3,"meta_description length=82 chars, h1_count=1.",1,word_count=288; task-support signals=[none].,1,single clear H1 with sufficient body text,1,last-updated date present; no named author or reviewer anywhere on page (sitewide pattern),1.7
https://waterbalancetools.com/entities/low-ph,entities/low-ph.html,entities,3,"Max 6-word-shingle Jaccard similarity to sibling page ""entities/high-ph.html"" in cluster ""entities"" is 0.21.",1,word_count=269; task-support signals=[none].,2,"word_count=269, heading_count=28.",0,0 sentence(s) with numeric ranges/units detected on page.,3,No chemistry claims with numeric ranges detected on this page.,1,Page participates in 4 exact repeated paragraph/heading/FAQ block(s) shared with sibling pages.,3,"meta_description length=81 chars, h1_count=1.",1,word_count=269; task-support signals=[none].,1,single clear H1 with sufficient body text,1,last-updated date present; no named author or reviewer anywhere on page (sitewide pattern),1.6
https://waterbalancetools.com/entities/lsi,entities/lsi.html,entities,3,Page has no sibling pages in its cluster family for comparison.,1,word_count=376; task-support signals=[none].,2,"word_count=376, heading_count=34.",0,0 sentence(s) with numeric ranges/units detected on page.,3,No chemistry claims with numeric ranges detected on this page.,0,Page participates in 6 exact repeated paragraph/heading/FAQ block(s) shared with sibling pages.,3,"meta_description length=84 chars, h1_count=1.",1,word_count=376; task-support signals=[none].,1,single clear H1 with sufficient body text,1,last-updated date present; no named author or reviewer anywhere on page (sitewide pattern),1.5
https://waterbalancetools.com/entities/maintenance-checklist,entities/maintenance-checklist.html,entities,3,"Max 6-word-shingle Jaccard similarity to sibling page ""entities/water-test-sheet.html"" in cluster ""entities"" is 0.17.",1,word_count=195; task-support signals=[none].,1,"word_count=195, heading_count=23.",0,0 sentence(s) with numeric ranges/units detected on page.,3,No chemistry claims with numeric ranges detected on this page.,1,Page participates in 3 exact repeated paragraph/heading/FAQ block(s) shared with sibling pages.,3,"meta_description length=97 chars, h1_count=1.",1,word_count=195; task-support signals=[none].,1,single clear H1 with sufficient body text,1,last-updated date present; no named author or reviewer anywhere on page (sitewide pattern),1.5
https://waterbalancetools.com/entities/maintenance-log,entities/maintenance-log.html,entities,3,Page has no sibling pages in its cluster family for comparison.,1,word_count=174; task-support signals=[none].,1,"word_count=174, heading_count=21.",0,0 sentence(s) with numeric ranges/units detected on page.,3,No chemistry claims with numeric ranges detected on this page.,2,Page participates in 2 exact repeated paragraph/heading/FAQ block(s) shared with sibling pages.,3,"meta_description length=97 chars, h1_count=1.",1,word_count=174; task-support signals=[none].,1,single clear H1 with sufficient body text,1,last-updated date present; no named author or reviewer anywhere on page (sitewide pattern),1.6
https://waterbalancetools.com/entities/manganese,entities/manganese.html,entities,3,Page has no sibling pages in its cluster family for comparison.,1,word_count=168; task-support signals=[none].,1,"word_count=168, heading_count=12.",2,2 sentence(s) with numeric ranges/units detected on page.,2,2 chemistry claim(s) detected; external sources exist sitewide.,2,Page participates in 2 exact repeated paragraph/heading/FAQ block(s) shared with sibling pages.,3,"meta_description length=69 chars, h1_count=1.",1,word_count=168; task-support signals=[none].,1,single clear H1 with sufficient body text,1,last-updated date present; no named author or reviewer anywhere on page (sitewide pattern),1.7
https://waterbalancetools.com/entities/muriatic-acid,entities/muriatic-acid.html,entities,3,Page has no sibling pages in its cluster family for comparison.,1,word_count=302; task-support signals=[none].,2,"word_count=302, heading_count=32.",2,2 sentence(s) with numeric ranges/units detected on page.,2,2 chemistry claim(s) detected; external sources exist sitewide.,1,Page participates in 3 exact repeated paragraph/heading/FAQ block(s) shared with sibling pages.,3,"meta_description length=79 chars, h1_count=1.",1,word_count=302; task-support signals=[none].,1,single clear H1 with sufficient body text,1,last-updated date present; no named author or reviewer anywhere on page (sitewide pattern),1.7
https://waterbalancetools.com/entities/nsf,entities/nsf.html,entities,3,"Max 6-word-shingle Jaccard similarity to sibling page ""entities/epa.html"" in cluster ""entities"" is 0.17.",1,word_count=120; task-support signals=[none].,1,"word_count=120, heading_count=9.",0,0 sentence(s) with numeric ranges/units detected on page.,3,No chemistry claims with numeric ranges detected on this page.,3,Page participates in 0 exact repeated paragraph/heading/FAQ block(s) shared with sibling pages.,3,"meta_description length=87 chars, h1_count=1.",1,word_count=120; task-support signals=[none].,1,single clear H1 with sufficient body text,1,last-updated date present; no named author or reviewer anywhere on page (sitewide pattern),1.7
https://waterbalancetools.com/entities/opening-checklist,entities/opening-checklist.html,entities,3,"Max 6-word-shingle Jaccard similarity to sibling page ""entities/closing-checklist.html"" in cluster ""entities"" is 0.16.",1,word_count=153; task-support signals=[none].,1,"word_count=153, heading_count=16.",0,0 sentence(s) with numeric ranges/units detected on page.,3,No chemistry claims with numeric ranges detected on this page.,2,Page participates in 2 exact repeated paragraph/heading/FAQ block(s) shared with sibling pages.,3,"meta_description length=59 chars, h1_count=1.",1,word_count=153; task-support signals=[none].,1,single clear H1 with sufficient body text,1,last-updated date present; no named author or reviewer anywhere on page (sitewide pattern),1.6
https://waterbalancetools.com/entities/orp,entities/orp.html,entities,3,Page has no sibling pages in its cluster family for comparison.,1,word_count=204; task-support signals=[none].,2,"word_count=204, heading_count=20.",0,0 sentence(s) with numeric ranges/units detected on page.,3,No chemistry claims with numeric ranges detected on this page.,2,Page participates in 2 exact repeated paragraph/heading/FAQ block(s) shared with sibling pages.,3,"meta_description length=89 chars, h1_count=1.",1,word_count=204; task-support signals=[none].,1,single clear H1 with sufficient body text,1,last-updated date present; no named author or reviewer anywhere on page (sitewide pattern),1.7
https://waterbalancetools.com/entities/outdoor-pool,entities/outdoor-pool.html,entities,3,Page has no sibling pages in its cluster family for comparison.,1,word_count=225; task-support signals=[none].,2,"word_count=225, heading_count=28.",0,0 sentence(s) with numeric ranges/units detected on page.,3,No chemistry claims with numeric ranges detected on this page.,1,Page participates in 3 exact repeated paragraph/heading/FAQ block(s) shared with sibling pages.,3,"meta_description length=87 chars, h1_count=1.",1,word_count=225; task-support signals=[none].,1,single clear H1 with sufficient body text,1,last-updated date present; no named author or reviewer anywhere on page (sitewide pattern),1.6
https://waterbalancetools.com/entities/oxidation,entities/oxidation.html,entities,3,Page has no sibling pages in its cluster family for comparison.,1,word_count=207; task-support signals=[none].,2,"word_count=207, heading_count=19.",0,0 sentence(s) with numeric ranges/units detected on page.,3,No chemistry claims with numeric ranges detected on this page.,1,Page participates in 3 exact repeated paragraph/heading/FAQ block(s) shared with sibling pages.,3,"meta_description length=97 chars, h1_count=1.",1,word_count=207; task-support signals=[none].,1,single clear H1 with sufficient body text,1,last-updated date present; no named author or reviewer anywhere on page (sitewide pattern),1.6
https://waterbalancetools.com/entities/ozone,entities/ozone.html,entities,3,Page has no sibling pages in its cluster family for comparison.,1,word_count=202; task-support signals=[none].,2,"word_count=202, heading_count=14.",2,2 sentence(s) with numeric ranges/units detected on page.,2,2 chemistry claim(s) detected; external sources exist sitewide.,2,Page participates in 2 exact repeated paragraph/heading/FAQ block(s) shared with sibling pages.,3,"meta_description length=95 chars, h1_count=1.",1,word_count=202; task-support signals=[none].,1,single clear H1 with sufficient body text,1,last-updated date present; no named author or reviewer anywhere on page (sitewide pattern),1.8
https://waterbalancetools.com/entities/ph,entities/ph.html,entities,3,Page has no sibling pages in its cluster family for comparison.,1,word_count=489; task-support signals=[none].,3,"word_count=489, heading_count=51.",2,2 sentence(s) with numeric ranges/units detected on page.,2,2 chemistry claim(s) detected; external sources exist sitewide.,0,Page participates in 7 exact repeated paragraph/heading/FAQ block(s) shared with sibling pages.,3,"meta_description length=89 chars, h1_count=1.",1,word_count=489; task-support signals=[none].,1,single clear H1 with sufficient body text,1,last-updated date present; no named author or reviewer anywhere on page (sitewide pattern),1.7
https://waterbalancetools.com/entities/phosphate,entities/phosphate.html,entities,3,Page has no sibling pages in its cluster family for comparison.,1,word_count=200; task-support signals=[none].,2,"word_count=200, heading_count=17.",0,0 sentence(s) with numeric ranges/units detected on page.,3,No chemistry claims with numeric ranges detected on this page.,2,Page participates in 2 exact repeated paragraph/heading/FAQ block(s) shared with sibling pages.,3,"meta_description length=61 chars, h1_count=1.",1,word_count=200; task-support signals=[none].,1,single clear H1 with sufficient body text,1,last-updated date present; no named author or reviewer anywhere on page (sitewide pattern),1.7
https://waterbalancetools.com/entities/phta,entities/phta.html,entities,3,Page has no sibling pages in its cluster family for comparison.,1,word_count=204; task-support signals=[none].,2,"word_count=204, heading_count=13.",0,0 sentence(s) with numeric ranges/units detected on page.,3,No chemistry claims with numeric ranges detected on this page.,3,Page participates in 0 exact repeated paragraph/heading/FAQ block(s) shared with sibling pages.,3,"meta_description length=100 chars, h1_count=1.",1,word_count=204; task-support signals=[none].,1,single clear H1 with sufficient body text,1,last-updated date present; no named author or reviewer anywhere on page (sitewide pattern),1.8
https://waterbalancetools.com/entities/pool-opening,entities/pool-opening.html,entities,3,"Max 6-word-shingle Jaccard similarity to sibling page ""entities/closing-checklist.html"" in cluster ""entities"" is 0.16.",1,word_count=230; task-support signals=[none].,2,"word_count=230, heading_count=21.",0,0 sentence(s) with numeric ranges/units detected on page.,3,No chemistry claims with numeric ranges detected on this page.,1,Page participates in 3 exact repeated paragraph/heading/FAQ block(s) shared with sibling pages.,3,"meta_description length=70 chars, h1_count=1.",1,word_count=230; task-support signals=[none].,1,single clear H1 with sufficient body text,1,last-updated date present; no named author or reviewer anywhere on page (sitewide pattern),1.6
https://waterbalancetools.com/entities/pool-salt,entities/pool-salt.html,entities,3,Page has no sibling pages in its cluster family for comparison.,1,word_count=200; task-support signals=[none].,2,"word_count=200, heading_count=23.",3,3 sentence(s) with numeric ranges/units detected on page.,2,3 chemistry claim(s) detected; external sources exist sitewide.,2,Page participates in 1 exact repeated paragraph/heading/FAQ block(s) shared with sibling pages.,3,"meta_description length=71 chars, h1_count=1.",1,word_count=200; task-support signals=[none].,1,single clear H1 with sufficient body text,1,last-updated date present; no named author or reviewer anywhere on page (sitewide pattern),1.9
https://waterbalancetools.com/entities/ppm,entities/ppm.html,entities,3,"Max 6-word-shingle Jaccard similarity to sibling page ""entities/unit-ppm.html"" in cluster ""entities"" is 0.17.",1,word_count=233; task-support signals=[none].,2,"word_count=233, heading_count=20.",2,2 sentence(s) with numeric ranges/units detected on page.,2,2 chemistry claim(s) detected; external sources exist sitewide.,1,Page participates in 3 exact repeated paragraph/heading/FAQ block(s) shared with sibling pages.,3,"meta_description length=70 chars, h1_count=1.",1,word_count=233; task-support signals=[none].,1,single clear H1 with sufficient body text,1,last-updated date present; no named author or reviewer anywhere on page (sitewide pattern),1.7
https://waterbalancetools.com/entities/pump,entities/pump.html,entities,3,"Max 6-word-shingle Jaccard similarity to sibling page ""entities/filtration.html"" in cluster ""entities"" is 0.17.",1,word_count=339; task-support signals=[none].,2,"word_count=339, heading_count=30.",2,1 sentence(s) with numeric ranges/units detected on page.,2,1 chemistry claim(s) detected; external sources exist sitewide.,1,Page participates in 5 exact repeated paragraph/heading/FAQ block(s) shared with sibling pages.,3,"meta_description length=107 chars, h1_count=1.",1,word_count=339; task-support signals=[none].,1,single clear H1 with sufficient body text,1,last-updated date present; no named author or reviewer anywhere on page (sitewide pattern),1.7
https://waterbalancetools.com/entities/salt-chlorinator,entities/salt-chlorinator.html,entities,3,"Max 6-word-shingle Jaccard similarity to sibling page ""entities/salt.html"" in cluster ""entities"" is 0.18.",1,word_count=308; task-support signals=[none].,2,"word_count=308, heading_count=28.",3,3 sentence(s) with numeric ranges/units detected on page.,2,3 chemistry claim(s) detected; external sources exist sitewide.,1,Page participates in 4 exact repeated paragraph/heading/FAQ block(s) shared with sibling pages.,3,"meta_description length=96 chars, h1_count=1.",1,word_count=308; task-support signals=[none].,1,single clear H1 with sufficient body text,1,last-updated date present; no named author or reviewer anywhere on page (sitewide pattern),1.8
https://waterbalancetools.com/entities/salt,entities/salt.html,entities,3,"Max 6-word-shingle Jaccard similarity to sibling page ""entities/salt-chlorinator.html"" in cluster ""entities"" is 0.18.",1,word_count=307; task-support signals=[none].,2,"word_count=307, heading_count=32.",3,3 sentence(s) with numeric ranges/units detected on page.,2,3 chemistry claim(s) detected; external sources exist sitewide.,1,Page participates in 3 exact repeated paragraph/heading/FAQ block(s) shared with sibling pages.,3,"meta_description length=92 chars, h1_count=1.",1,word_count=307; task-support signals=[none].,1,single clear H1 with sufficient body text,1,last-updated date present; no named author or reviewer anywhere on page (sitewide pattern),1.8
https://waterbalancetools.com/entities/saltwater-pool,entities/saltwater-pool.html,entities,3,Page has no sibling pages in its cluster family for comparison.,1,word_count=306; task-support signals=[none].,2,"word_count=306, heading_count=32.",2,2 sentence(s) with numeric ranges/units detected on page.,2,2 chemistry claim(s) detected; external sources exist sitewide.,1,Page participates in 4 exact repeated paragraph/heading/FAQ block(s) shared with sibling pages.,3,"meta_description length=96 chars, h1_count=1.",1,word_count=306; task-support signals=[none].,1,single clear H1 with sufficient body text,1,last-updated date present; no named author or reviewer anywhere on page (sitewide pattern),1.7
https://waterbalancetools.com/entities/sand-filter,entities/sand-filter.html,entities,2,"Max 6-word-shingle Jaccard similarity to sibling page ""entities/de-filter.html"" in cluster ""entities"" is 0.28.",1,word_count=275; task-support signals=[none].,2,"word_count=275, heading_count=25.",0,0 sentence(s) with numeric ranges/units detected on page.,3,No chemistry claims with numeric ranges detected on this page.,1,Page participates in 4 exact repeated paragraph/heading/FAQ block(s) shared with sibling pages.,3,"meta_description length=67 chars, h1_count=1.",1,word_count=275; task-support signals=[none].,1,single clear H1 with sufficient body text,1,last-updated date present; no named author or reviewer anywhere on page (sitewide pattern),1.5
https://waterbalancetools.com/entities/sanitizing,entities/sanitizing.html,entities,3,Page has no sibling pages in its cluster family for comparison.,1,word_count=313; task-support signals=[none].,2,"word_count=313, heading_count=34.",0,0 sentence(s) with numeric ranges/units detected on page.,3,No chemistry claims with numeric ranges detected on this page.,2,Page participates in 2 exact repeated paragraph/heading/FAQ block(s) shared with sibling pages.,3,"meta_description length=81 chars, h1_count=1.",1,word_count=313; task-support signals=[none].,1,single clear H1 with sufficient body text,1,last-updated date present; no named author or reviewer anywhere on page (sitewide pattern),1.7
https://waterbalancetools.com/entities/scaling,entities/scaling.html,entities,3,"Max 6-word-shingle Jaccard similarity to sibling page ""entities/corrosion.html"" in cluster ""entities"" is 0.23.",1,word_count=314; task-support signals=[none].,2,"word_count=314, heading_count=31.",2,1 sentence(s) with numeric ranges/units detected on page.,2,1 chemistry claim(s) detected; external sources exist sitewide.,1,Page participates in 5 exact repeated paragraph/heading/FAQ block(s) shared with sibling pages.,3,"meta_description length=93 chars, h1_count=1.",1,word_count=314; task-support signals=[none].,1,single clear H1 with sufficient body text,1,last-updated date present; no named author or reviewer anywhere on page (sitewide pattern),1.7
https://waterbalancetools.com/entities/shock-treatment,entities/shock-treatment.html,entities,3,Page has no sibling pages in its cluster family for comparison.,1,word_count=438; task-support signals=[none].,3,"word_count=438, heading_count=43.",3,7 sentence(s) with numeric ranges/units detected on page.,2,7 chemistry claim(s) detected; external sources exist sitewide.,1,Page participates in 3 exact repeated paragraph/heading/FAQ block(s) shared with sibling pages.,3,"meta_description length=111 chars, h1_count=1.",1,word_count=438; task-support signals=[none].,1,single clear H1 with sufficient body text,1,last-updated date present; no named author or reviewer anywhere on page (sitewide pattern),1.9
https://waterbalancetools.com/entities/skimmer,entities/skimmer.html,entities,3,Page has no sibling pages in its cluster family for comparison.,1,word_count=184; task-support signals=[none].,1,"word_count=184, heading_count=16.",0,0 sentence(s) with numeric ranges/units detected on page.,3,No chemistry claims with numeric ranges detected on this page.,2,Page participates in 1 exact repeated paragraph/heading/FAQ block(s) shared with sibling pages.,3,"meta_description length=89 chars, h1_count=1.",1,word_count=184; task-support signals=[none].,1,single clear H1 with sufficient body text,1,last-updated date present; no named author or reviewer anywhere on page (sitewide pattern),1.6
https://waterbalancetools.com/entities/skin-irritation,entities/skin-irritation.html,entities,3,"Max 6-word-shingle Jaccard similarity to sibling page ""entities/eye-irritation.html"" in cluster ""entities"" is 0.24.",1,word_count=225; task-support signals=[none].,2,"word_count=225, heading_count=22.",2,1 sentence(s) with numeric ranges/units detected on page.,2,1 chemistry claim(s) detected; external sources exist sitewide.,1,Page participates in 3 exact repeated paragraph/heading/FAQ block(s) shared with sibling pages.,3,"meta_description length=89 chars, h1_count=1.",1,word_count=225; task-support signals=[none].,1,single clear H1 with sufficient body text,1,last-updated date present; no named author or reviewer anywhere on page (sitewide pattern),1.7
https://waterbalancetools.com/entities/soda-ash,entities/soda-ash.html,entities,3,Page has no sibling pages in its cluster family for comparison.,1,word_count=226; task-support signals=[none].,2,"word_count=226, heading_count=25.",0,0 sentence(s) with numeric ranges/units detected on page.,3,No chemistry claims with numeric ranges detected on this page.,2,Page participates in 2 exact repeated paragraph/heading/FAQ block(s) shared with sibling pages.,3,"meta_description length=50 chars, h1_count=1.",1,word_count=226; task-support signals=[none].,1,single clear H1 with sufficient body text,1,last-updated date present; no named author or reviewer anywhere on page (sitewide pattern),1.7
https://waterbalancetools.com/entities/sodium-dichlor,entities/sodium-dichlor.html,entities,3,Page has no sibling pages in its cluster family for comparison.,1,word_count=218; task-support signals=[none].,2,"word_count=218, heading_count=22.",3,3 sentence(s) with numeric ranges/units detected on page.,2,3 chemistry claim(s) detected; external sources exist sitewide.,2,Page participates in 2 exact repeated paragraph/heading/FAQ block(s) shared with sibling pages.,3,"meta_description length=88 chars, h1_count=1.",1,word_count=218; task-support signals=[none].,1,single clear H1 with sufficient body text,1,last-updated date present; no named author or reviewer anywhere on page (sitewide pattern),1.9
https://waterbalancetools.com/entities/stabilizer,entities/stabilizer.html,entities,3,Page has no sibling pages in its cluster family for comparison.,1,word_count=218; task-support signals=[none].,2,"word_count=218, heading_count=24.",2,1 sentence(s) with numeric ranges/units detected on page.,2,1 chemistry claim(s) detected; external sources exist sitewide.,2,Page participates in 2 exact repeated paragraph/heading/FAQ block(s) shared with sibling pages.,3,"meta_description length=80 chars, h1_count=1.",1,word_count=218; task-support signals=[none].,1,single clear H1 with sufficient body text,1,last-updated date present; no named author or reviewer anywhere on page (sitewide pattern),1.8
https://waterbalancetools.com/entities/strong-chlorine-smell,entities/strong-chlorine-smell.html,entities,3,Page has no sibling pages in its cluster family for comparison.,1,word_count=258; task-support signals=[none].,2,"word_count=258, heading_count=26.",2,2 sentence(s) with numeric ranges/units detected on page.,2,2 chemistry claim(s) detected; external sources exist sitewide.,1,Page participates in 3 exact repeated paragraph/heading/FAQ block(s) shared with sibling pages.,3,"meta_description length=67 chars, h1_count=1.",1,word_count=258; task-support signals=[none].,1,single clear H1 with sufficient body text,1,last-updated date present; no named author or reviewer anywhere on page (sitewide pattern),1.7
https://waterbalancetools.com/entities/swim-spa,entities/swim-spa.html,entities,3,Page has no sibling pages in its cluster family for comparison.,1,word_count=228; task-support signals=[none].,2,"word_count=228, heading_count=23.",0,0 sentence(s) with numeric ranges/units detected on page.,3,No chemistry claims with numeric ranges detected on this page.,1,Page participates in 3 exact repeated paragraph/heading/FAQ block(s) shared with sibling pages.,3,"meta_description length=73 chars, h1_count=1.",1,word_count=228; task-support signals=[none].,1,single clear H1 with sufficient body text,1,last-updated date present; no named author or reviewer anywhere on page (sitewide pattern),1.6
https://waterbalancetools.com/entities/swimming-pool,entities/swimming-pool.html,entities,3,Page has no sibling pages in its cluster family for comparison.,1,word_count=331; task-support signals=[none].,2,"word_count=331, heading_count=37.",2,1 sentence(s) with numeric ranges/units detected on page.,2,1 chemistry claim(s) detected; external sources exist sitewide.,2,Page participates in 2 exact repeated paragraph/heading/FAQ block(s) shared with sibling pages.,3,"meta_description length=77 chars, h1_count=1.",1,word_count=331; task-support signals=[none].,1,single clear H1 with sufficient body text,1,last-updated date present; no named author or reviewer anywhere on page (sitewide pattern),1.8
https://waterbalancetools.com/entities/taylor-technologies,entities/taylor-technologies.html,entities,3,Page has no sibling pages in its cluster family for comparison.,1,word_count=174; task-support signals=[none].,1,"word_count=174, heading_count=12.",0,0 sentence(s) with numeric ranges/units detected on page.,3,No chemistry claims with numeric ranges detected on this page.,3,Page participates in 0 exact repeated paragraph/heading/FAQ block(s) shared with sibling pages.,3,"meta_description length=125 chars, h1_count=1.",1,word_count=174; task-support signals=[none].,1,single clear H1 with sufficient body text,1,last-updated date present; no named author or reviewer anywhere on page (sitewide pattern),1.7
https://waterbalancetools.com/entities/temperature,entities/temperature.html,entities,3,Page has no sibling pages in its cluster family for comparison.,1,word_count=298; task-support signals=[none].,2,"word_count=298, heading_count=30.",3,4 sentence(s) with numeric ranges/units detected on page.,2,4 chemistry claim(s) detected; external sources exist sitewide.,1,Page participates in 4 exact repeated paragraph/heading/FAQ block(s) shared with sibling pages.,3,"meta_description length=90 chars, h1_count=1.",1,word_count=298; task-support signals=[none].,1,single clear H1 with sufficient body text,1,last-updated date present; no named author or reviewer anywhere on page (sitewide pattern),1.8
https://waterbalancetools.com/entities/testing,entities/testing.html,entities,3,Page has no sibling pages in its cluster family for comparison.,1,word_count=336; task-support signals=[none].,2,"word_count=336, heading_count=31.",0,0 sentence(s) with numeric ranges/units detected on page.,3,No chemistry claims with numeric ranges detected on this page.,1,Page participates in 4 exact repeated paragraph/heading/FAQ block(s) shared with sibling pages.,3,"meta_description length=93 chars, h1_count=1.",1,word_count=336; task-support signals=[none].,1,single clear H1 with sufficient body text,1,last-updated date present; no named author or reviewer anywhere on page (sitewide pattern),1.6
https://waterbalancetools.com/entities/total-chlorine,entities/total-chlorine.html,entities,3,Page has no sibling pages in its cluster family for comparison.,1,word_count=215; task-support signals=[none].,2,"word_count=215, heading_count=28.",0,0 sentence(s) with numeric ranges/units detected on page.,3,No chemistry claims with numeric ranges detected on this page.,2,Page participates in 1 exact repeated paragraph/heading/FAQ block(s) shared with sibling pages.,3,"meta_description length=61 chars, h1_count=1.",1,word_count=215; task-support signals=[none].,1,single clear H1 with sufficient body text,1,last-updated date present; no named author or reviewer anywhere on page (sitewide pattern),1.7
https://waterbalancetools.com/entities/total-dissolved-solids,entities/total-dissolved-solids.html,entities,3,Page has no sibling pages in its cluster family for comparison.,1,word_count=244; task-support signals=[none].,2,"word_count=244, heading_count=21.",3,3 sentence(s) with numeric ranges/units detected on page.,2,3 chemistry claim(s) detected; external sources exist sitewide.,2,Page participates in 2 exact repeated paragraph/heading/FAQ block(s) shared with sibling pages.,3,"meta_description length=67 chars, h1_count=1.",1,word_count=244; task-support signals=[none].,1,single clear H1 with sufficient body text,1,last-updated date present; no named author or reviewer anywhere on page (sitewide pattern),1.9
https://waterbalancetools.com/entities/trichlor-tablets,entities/trichlor-tablets.html,entities,3,Page has no sibling pages in its cluster family for comparison.,1,word_count=289; task-support signals=[none].,2,"word_count=289, heading_count=26.",3,4 sentence(s) with numeric ranges/units detected on page.,2,4 chemistry claim(s) detected; external sources exist sitewide.,2,Page participates in 2 exact repeated paragraph/heading/FAQ block(s) shared with sibling pages.,3,"meta_description length=100 chars, h1_count=1.",1,word_count=289; task-support signals=[none].,1,single clear H1 with sufficient body text,1,last-updated date present; no named author or reviewer anywhere on page (sitewide pattern),1.9
https://waterbalancetools.com/entities/turnover-time,entities/turnover-time.html,entities,3,"Max 6-word-shingle Jaccard similarity to sibling page ""entities/flow-rate.html"" in cluster ""entities"" is 0.20.",1,word_count=285; task-support signals=[none].,2,"word_count=285, heading_count=28.",0,0 sentence(s) with numeric ranges/units detected on page.,3,No chemistry claims with numeric ranges detected on this page.,1,Page participates in 3 exact repeated paragraph/heading/FAQ block(s) shared with sibling pages.,3,"meta_description length=91 chars, h1_count=1.",1,word_count=285; task-support signals=[none].,1,single clear H1 with sufficient body text,1,last-updated date present; no named author or reviewer anywhere on page (sitewide pattern),1.6
https://waterbalancetools.com/entities/unit-celsius,entities/unit-celsius.html,entities,3,"Max 6-word-shingle Jaccard similarity to sibling page ""entities/unit-fahrenheit.html"" in cluster ""entities"" is 0.22.",1,word_count=105; task-support signals=[none].,1,"word_count=105, heading_count=12.",2,1 sentence(s) with numeric ranges/units detected on page.,2,1 chemistry claim(s) detected; external sources exist sitewide.,3,Page participates in 0 exact repeated paragraph/heading/FAQ block(s) shared with sibling pages.,3,"meta_description length=67 chars, h1_count=1.",1,word_count=105; task-support signals=[none].,1,single clear H1 with sufficient body text,1,last-updated date present; no named author or reviewer anywhere on page (sitewide pattern),1.8
https://waterbalancetools.com/entities/unit-days,entities/unit-days.html,entities,3,"Max 6-word-shingle Jaccard similarity to sibling page ""entities/unit-weeks.html"" in cluster ""entities"" is 0.24.",1,word_count=130; task-support signals=[none].,1,"word_count=130, heading_count=13.",0,0 sentence(s) with numeric ranges/units detected on page.,3,No chemistry claims with numeric ranges detected on this page.,2,Page participates in 1 exact repeated paragraph/heading/FAQ block(s) shared with sibling pages.,3,"meta_description length=79 chars, h1_count=1.",1,word_count=130; task-support signals=[none].,1,single clear H1 with sufficient body text,1,last-updated date present; no named author or reviewer anywhere on page (sitewide pattern),1.6
https://waterbalancetools.com/entities/unit-fahrenheit,entities/unit-fahrenheit.html,entities,3,"Max 6-word-shingle Jaccard similarity to sibling page ""entities/unit-celsius.html"" in cluster ""entities"" is 0.22.",1,word_count=126; task-support signals=[none].,1,"word_count=126, heading_count=15.",2,1 sentence(s) with numeric ranges/units detected on page.,2,1 chemistry claim(s) detected; external sources exist sitewide.,3,Page participates in 0 exact repeated paragraph/heading/FAQ block(s) shared with sibling pages.,3,"meta_description length=97 chars, h1_count=1.",1,word_count=126; task-support signals=[none].,1,single clear H1 with sufficient body text,1,last-updated date present; no named author or reviewer anywhere on page (sitewide pattern),1.8
https://waterbalancetools.com/entities/unit-gallons,entities/unit-gallons.html,entities,3,"Max 6-word-shingle Jaccard similarity to sibling page ""entities/unit-liters.html"" in cluster ""entities"" is 0.20.",1,word_count=129; task-support signals=[none].,1,"word_count=129, heading_count=17.",0,0 sentence(s) with numeric ranges/units detected on page.,3,No chemistry claims with numeric ranges detected on this page.,2,Page participates in 1 exact repeated paragraph/heading/FAQ block(s) shared with sibling pages.,3,"meta_description length=82 chars, h1_count=1.",1,word_count=129; task-support signals=[none].,1,single clear H1 with sufficient body text,1,last-updated date present; no named author or reviewer anywhere on page (sitewide pattern),1.6
https://waterbalancetools.com/entities/unit-hours,entities/unit-hours.html,entities,2,"Max 6-word-shingle Jaccard similarity to sibling page ""entities/unit-minutes.html"" in cluster ""entities"" is 0.31.",1,word_count=150; task-support signals=[none].,1,"word_count=150, heading_count=18.",0,0 sentence(s) with numeric ranges/units detected on page.,3,No chemistry claims with numeric ranges detected on this page.,3,Page participates in 0 exact repeated paragraph/heading/FAQ block(s) shared with sibling pages.,3,"meta_description length=69 chars, h1_count=1.",1,word_count=150; task-support signals=[none].,1,single clear H1 with sufficient body text,1,last-updated date present; no named author or reviewer anywhere on page (sitewide pattern),1.6
https://waterbalancetools.com/entities/unit-liters,entities/unit-liters.html,entities,3,"Max 6-word-shingle Jaccard similarity to sibling page ""entities/unit-gallons.html"" in cluster ""entities"" is 0.20.",1,word_count=116; task-support signals=[none].,1,"word_count=116, heading_count=15.",0,0 sentence(s) with numeric ranges/units detected on page.,3,No chemistry claims with numeric ranges detected on this page.,3,Page participates in 0 exact repeated paragraph/heading/FAQ block(s) shared with sibling pages.,3,"meta_description length=157 chars, h1_count=1.",1,word_count=116; task-support signals=[none].,1,single clear H1 with sufficient body text,1,last-updated date present; no named author or reviewer anywhere on page (sitewide pattern),1.7
https://waterbalancetools.com/entities/unit-mg-l,entities/unit-mg-l.html,entities,3,Page has no sibling pages in its cluster family for comparison.,1,word_count=117; task-support signals=[none].,1,"word_count=117, heading_count=12.",2,1 sentence(s) with numeric ranges/units detected on page.,2,1 chemistry claim(s) detected; external sources exist sitewide.,2,Page participates in 1 exact repeated paragraph/heading/FAQ block(s) shared with sibling pages.,3,"meta_description length=73 chars, h1_count=1.",1,word_count=117; task-support signals=[none].,1,single clear H1 with sufficient body text,1,last-updated date present; no named author or reviewer anywhere on page (sitewide pattern),1.7
https://waterbalancetools.com/entities/unit-minutes,entities/unit-minutes.html,entities,2,"Max 6-word-shingle Jaccard similarity to sibling page ""entities/unit-hours.html"" in cluster ""entities"" is 0.31.",1,word_count=133; task-support signals=[none].,1,"word_count=133, heading_count=17.",0,0 sentence(s) with numeric ranges/units detected on page.,3,No chemistry claims with numeric ranges detected on this page.,3,Page participates in 0 exact repeated paragraph/heading/FAQ block(s) shared with sibling pages.,3,"meta_description length=90 chars, h1_count=1.",1,word_count=133; task-support signals=[none].,1,single clear H1 with sufficient body text,1,last-updated date present; no named author or reviewer anywhere on page (sitewide pattern),1.6
https://waterbalancetools.com/entities/unit-months,entities/unit-months.html,entities,3,"Max 6-word-shingle Jaccard similarity to sibling page ""entities/unit-weeks.html"" in cluster ""entities"" is 0.20.",1,word_count=135; task-support signals=[none].,1,"word_count=135, heading_count=14.",0,0 sentence(s) with numeric ranges/units detected on page.,3,No chemistry claims with numeric ranges detected on this page.,2,Page participates in 2 exact repeated paragraph/heading/FAQ block(s) shared with sibling pages.,3,"meta_description length=90 chars, h1_count=1.",1,word_count=135; task-support signals=[none].,1,single clear H1 with sufficient body text,1,last-updated date present; no named author or reviewer anywhere on page (sitewide pattern),1.6
https://waterbalancetools.com/entities/unit-ppm,entities/unit-ppm.html,entities,3,"Max 6-word-shingle Jaccard similarity to sibling page ""entities/ppm.html"" in cluster ""entities"" is 0.17.",1,word_count=139; task-support signals=[none].,1,"word_count=139, heading_count=14.",2,1 sentence(s) with numeric ranges/units detected on page.,2,1 chemistry claim(s) detected; external sources exist sitewide.,1,Page participates in 3 exact repeated paragraph/heading/FAQ block(s) shared with sibling pages.,3,"meta_description length=71 chars, h1_count=1.",1,word_count=139; task-support signals=[none].,1,single clear H1 with sufficient body text,1,last-updated date present; no named author or reviewer anywhere on page (sitewide pattern),1.6
https://waterbalancetools.com/entities/unit-weeks,entities/unit-weeks.html,entities,3,"Max 6-word-shingle Jaccard similarity to sibling page ""entities/unit-days.html"" in cluster ""entities"" is 0.24.",1,word_count=126; task-support signals=[none].,1,"word_count=126, heading_count=13.",0,0 sentence(s) with numeric ranges/units detected on page.,3,No chemistry claims with numeric ranges detected on this page.,2,Page participates in 1 exact repeated paragraph/heading/FAQ block(s) shared with sibling pages.,3,"meta_description length=78 chars, h1_count=1.",1,word_count=126; task-support signals=[none].,1,single clear H1 with sufficient body text,1,last-updated date present; no named author or reviewer anywhere on page (sitewide pattern),1.6
https://waterbalancetools.com/entities/vacation-rental-checklist,entities/vacation-rental-checklist.html,entities,3,"Max 6-word-shingle Jaccard similarity to sibling page ""entities/chemical-log.html"" in cluster ""entities"" is 0.21.",1,word_count=231; task-support signals=[none].,2,"word_count=231, heading_count=25.",0,0 sentence(s) with numeric ranges/units detected on page.,3,No chemistry claims with numeric ranges detected on this page.,1,Page participates in 3 exact repeated paragraph/heading/FAQ block(s) shared with sibling pages.,3,"meta_description length=109 chars, h1_count=1.",1,word_count=231; task-support signals=[none].,1,single clear H1 with sufficient body text,1,last-updated date present; no named author or reviewer anywhere on page (sitewide pattern),1.6
https://waterbalancetools.com/entities/vinyl-pool,entities/vinyl-pool.html,entities,2,"Max 6-word-shingle Jaccard similarity to sibling page ""entities/fiberglass-pool.html"" in cluster ""entities"" is 0.27.",1,word_count=221; task-support signals=[none].,2,"word_count=221, heading_count=19.",2,1 sentence(s) with numeric ranges/units detected on page.,2,1 chemistry claim(s) detected; external sources exist sitewide.,1,Page participates in 3 exact repeated paragraph/heading/FAQ block(s) shared with sibling pages.,3,"meta_description length=75 chars, h1_count=1.",1,word_count=221; task-support signals=[none].,1,single clear H1 with sufficient body text,1,last-updated date present; no named author or reviewer anywhere on page (sitewide pattern),1.6
https://waterbalancetools.com/entities/water-replacement,entities/water-replacement.html,entities,3,Page has no sibling pages in its cluster family for comparison.,1,word_count=266; task-support signals=[none].,2,"word_count=266, heading_count=24.",2,2 sentence(s) with numeric ranges/units detected on page.,2,2 chemistry claim(s) detected; external sources exist sitewide.,1,Page participates in 4 exact repeated paragraph/heading/FAQ block(s) shared with sibling pages.,3,"meta_description length=101 chars, h1_count=1.",1,word_count=266; task-support signals=[none].,1,single clear H1 with sufficient body text,1,last-updated date present; no named author or reviewer anywhere on page (sitewide pattern),1.7
https://waterbalancetools.com/entities/water-test-sheet,entities/water-test-sheet.html,entities,3,"Max 6-word-shingle Jaccard similarity to sibling page ""entities/chemical-log.html"" in cluster ""entities"" is 0.22.",1,word_count=182; task-support signals=[none].,1,"word_count=182, heading_count=18.",0,0 sentence(s) with numeric ranges/units detected on page.,3,No chemistry claims with numeric ranges detected on this page.,2,Page participates in 2 exact repeated paragraph/heading/FAQ block(s) shared with sibling pages.,3,"meta_description length=85 chars, h1_count=1.",1,word_count=182; task-support signals=[none].,1,single clear H1 with sufficient body text,1,last-updated date present; no named author or reviewer anywhere on page (sitewide pattern),1.6
https://waterbalancetools.com/entities/winterization,entities/winterization.html,entities,3,Page has no sibling pages in its cluster family for comparison.,1,word_count=247; task-support signals=[none].,2,"word_count=247, heading_count=20.",0,0 sentence(s) with numeric ranges/units detected on page.,3,No chemistry claims with numeric ranges detected on this page.,1,Page participates in 3 exact repeated paragraph/heading/FAQ block(s) shared with sibling pages.,3,"meta_description length=81 chars, h1_count=1.",1,word_count=247; task-support signals=[none].,1,single clear H1 with sufficient body text,1,last-updated date present; no named author or reviewer anywhere on page (sitewide pattern),1.6
https://waterbalancetools.com/formulas/alkalinity-formula,formulas/alkalinity-formula.html,formulas,3,Page has no sibling pages in its cluster family for comparison.,3,"word_count=375; task-support signals=[calculator/form present, table present].",2,"word_count=375, heading_count=7.",3,3 sentence(s) with numeric ranges/units detected on page.,2,3 chemistry claim(s) detected; external sources exist sitewide.,3,Page participates in 0 exact repeated paragraph/heading/FAQ block(s) shared with sibling pages.,3,"meta_description length=122 chars, h1_count=1.",3,"word_count=375; task-support signals=[calculator/form present, table present].",1,single clear H1 with sufficient body text,1,"last-updated date present; has ""knowledge-sources""/""sources"" block (site-wide check: contains no external citations, only a review date -- see source-audit.csv); no named author or reviewer anywhere on page (sitewide pattern)",2.4
https://waterbalancetools.com/formulas/cya-formula,formulas/cya-formula.html,formulas,3,Page has no sibling pages in its cluster family for comparison.,3,"word_count=396; task-support signals=[calculator/form present, table present].",2,"word_count=396, heading_count=7.",3,6 sentence(s) with numeric ranges/units detected on page.,2,6 chemistry claim(s) detected; external sources exist sitewide.,3,Page participates in 0 exact repeated paragraph/heading/FAQ block(s) shared with sibling pages.,3,"meta_description length=108 chars, h1_count=1.",3,"word_count=396; task-support signals=[calculator/form present, table present].",1,single clear H1 with sufficient body text,1,"last-updated date present; has ""knowledge-sources""/""sources"" block (site-wide check: contains no external citations, only a review date -- see source-audit.csv); no named author or reviewer anywhere on page (sitewide pattern)",2.4
https://waterbalancetools.com/formulas/,formulas/index.html,formulas,3,Page has no sibling pages in its cluster family for comparison.,1,word_count=245; task-support signals=[none].,2,"word_count=245, heading_count=3.",0,0 sentence(s) with numeric ranges/units detected on page.,3,No chemistry claims with numeric ranges detected on this page.,3,Page participates in 0 exact repeated paragraph/heading/FAQ block(s) shared with sibling pages.,3,"meta_description length=160 chars, h1_count=1.",1,word_count=245; task-support signals=[none].,1,single clear H1 with sufficient body text,1,last-updated date present; no named author or reviewer anywhere on page (sitewide pattern),1.8
https://waterbalancetools.com/formulas/liquid-chlorine-formula,formulas/liquid-chlorine-formula.html,formulas,3,Page has no sibling pages in its cluster family for comparison.,3,"word_count=475; task-support signals=[calculator/form present, table present].",3,"word_count=475, heading_count=7.",3,9 sentence(s) with numeric ranges/units detected on page.,2,9 chemistry claim(s) detected; external sources exist sitewide.,3,Page participates in 0 exact repeated paragraph/heading/FAQ block(s) shared with sibling pages.,3,"meta_description length=116 chars, h1_count=1.",3,"word_count=475; task-support signals=[calculator/form present, table present].",1,single clear H1 with sufficient body text,1,"last-updated date present; has ""knowledge-sources""/""sources"" block (site-wide check: contains no external citations, only a review date -- see source-audit.csv); no named author or reviewer anywhere on page (sitewide pattern)",2.5
https://waterbalancetools.com/formulas/lsi-formula,formulas/lsi-formula.html,formulas,3,Page has no sibling pages in its cluster family for comparison.,3,"word_count=454; task-support signals=[calculator/form present, table present].",3,"word_count=454, heading_count=7.",2,1 sentence(s) with numeric ranges/units detected on page.,2,1 chemistry claim(s) detected; external sources exist sitewide.,3,Page participates in 0 exact repeated paragraph/heading/FAQ block(s) shared with sibling pages.,3,"meta_description length=136 chars, h1_count=1.",3,"word_count=454; task-support signals=[calculator/form present, table present].",1,single clear H1 with sufficient body text,1,"last-updated date present; has ""knowledge-sources""/""sources"" block (site-wide check: contains no external citations, only a review date -- see source-audit.csv); no named author or reviewer anywhere on page (sitewide pattern)",2.4
https://waterbalancetools.com/formulas/ph-adjustment-formula,formulas/ph-adjustment-formula.html,formulas,3,Page has no sibling pages in its cluster family for comparison.,3,"word_count=433; task-support signals=[calculator/form present, table present].",3,"word_count=433, heading_count=7.",3,4 sentence(s) with numeric ranges/units detected on page.,2,4 chemistry claim(s) detected; external sources exist sitewide.,3,Page participates in 0 exact repeated paragraph/heading/FAQ block(s) shared with sibling pages.,3,"meta_description length=101 chars, h1_count=1.",3,"word_count=433; task-support signals=[calculator/form present, table present].",1,single clear H1 with sufficient body text,1,"last-updated date present; has ""knowledge-sources""/""sources"" block (site-wide check: contains no external citations, only a review date -- see source-audit.csv); no named author or reviewer anywhere on page (sitewide pattern)",2.5
https://waterbalancetools.com/formulas/pool-volume-formula,formulas/pool-volume-formula.html,formulas,3,Page has no sibling pages in its cluster family for comparison.,3,"word_count=355; task-support signals=[calculator/form present, table present].",2,"word_count=355, heading_count=7.",1,0 sentence(s) with numeric ranges/units detected on page.,3,No chemistry claims with numeric ranges detected on this page.,3,Page participates in 0 exact repeated paragraph/heading/FAQ block(s) shared with sibling pages.,3,"meta_description length=135 chars, h1_count=1.",3,"word_count=355; task-support signals=[calculator/form present, table present].",1,single clear H1 with sufficient body text,1,"last-updated date present; has ""knowledge-sources""/""sources"" block (site-wide check: contains no external citations, only a review date -- see source-audit.csv); no named author or reviewer anywhere on page (sitewide pattern)",2.3
https://waterbalancetools.com/formulas/salt-formula,formulas/salt-formula.html,formulas,3,Page has no sibling pages in its cluster family for comparison.,3,"word_count=381; task-support signals=[calculator/form present, table present].",2,"word_count=381, heading_count=7.",3,5 sentence(s) with numeric ranges/units detected on page.,2,5 chemistry claim(s) detected; external sources exist sitewide.,3,Page participates in 0 exact repeated paragraph/heading/FAQ block(s) shared with sibling pages.,3,"meta_description length=112 chars, h1_count=1.",3,"word_count=381; task-support signals=[calculator/form present, table present].",1,single clear H1 with sufficient body text,1,"last-updated date present; has ""knowledge-sources""/""sources"" block (site-wide check: contains no external citations, only a review date -- see source-audit.csv); no named author or reviewer anywhere on page (sitewide pattern)",2.4
https://waterbalancetools.com/formulas/shock-formula,formulas/shock-formula.html,formulas,3,Page has no sibling pages in its cluster family for comparison.,3,"word_count=395; task-support signals=[calculator/form present, table present].",2,"word_count=395, heading_count=7.",3,6 sentence(s) with numeric ranges/units detected on page.,2,6 chemistry claim(s) detected; external sources exist sitewide.,3,Page participates in 0 exact repeated paragraph/heading/FAQ block(s) shared with sibling pages.,3,"meta_description length=132 chars, h1_count=1.",3,"word_count=395; task-support signals=[calculator/form present, table present].",1,single clear H1 with sufficient body text,1,"last-updated date present; has ""knowledge-sources""/""sources"" block (site-wide check: contains no external citations, only a review date -- see source-audit.csv); no named author or reviewer anywhere on page (sitewide pattern)",2.4
https://waterbalancetools.com/formulas/turnover-formula,formulas/turnover-formula.html,formulas,3,Page has no sibling pages in its cluster family for comparison.,3,"word_count=331; task-support signals=[calculator/form present, table present].",2,"word_count=331, heading_count=7.",1,0 sentence(s) with numeric ranges/units detected on page.,3,No chemistry claims with numeric ranges detected on this page.,3,Page participates in 0 exact repeated paragraph/heading/FAQ block(s) shared with sibling pages.,3,"meta_description length=125 chars, h1_count=1.",3,"word_count=331; task-support signals=[calculator/form present, table present].",1,single clear H1 with sufficient body text,1,"last-updated date present; has ""knowledge-sources""/""sources"" block (site-wide check: contains no external citations, only a review date -- see source-audit.csv); no named author or reviewer anywhere on page (sitewide pattern)",2.3
https://waterbalancetools.com/glossary/aggressive-water,glossary/aggressive-water.html,glossary,3,Page has no sibling pages in its cluster family for comparison.,1,word_count=169; task-support signals=[none].,1,"word_count=169, heading_count=5.",0,0 sentence(s) with numeric ranges/units detected on page.,3,No chemistry claims with numeric ranges detected on this page.,3,Page participates in 0 exact repeated paragraph/heading/FAQ block(s) shared with sibling pages.,3,"meta_description length=132 chars, h1_count=1.",1,word_count=169; task-support signals=[none].,1,single clear H1 with sufficient body text,1,"last-updated date present; has ""knowledge-sources""/""sources"" block (site-wide check: contains no external citations, only a review date -- see source-audit.csv); no named author or reviewer anywhere on page (sitewide pattern)",1.7
https://waterbalancetools.com/glossary/algae-bloom,glossary/algae-bloom.html,glossary,3,Page has no sibling pages in its cluster family for comparison.,1,word_count=183; task-support signals=[none].,1,"word_count=183, heading_count=5.",2,2 sentence(s) with numeric ranges/units detected on page.,2,2 chemistry claim(s) detected; external sources exist sitewide.,3,Page participates in 0 exact repeated paragraph/heading/FAQ block(s) shared with sibling pages.,3,"meta_description length=160 chars, h1_count=1.",1,word_count=183; task-support signals=[none].,1,single clear H1 with sufficient body text,1,"last-updated date present; has ""knowledge-sources""/""sources"" block (site-wide check: contains no external citations, only a review date -- see source-audit.csv); no named author or reviewer anywhere on page (sitewide pattern)",1.8
https://waterbalancetools.com/glossary/algaecide,glossary/algaecide.html,glossary,3,Page has no sibling pages in its cluster family for comparison.,1,word_count=185; task-support signals=[none].,1,"word_count=185, heading_count=5.",0,0 sentence(s) with numeric ranges/units detected on page.,3,No chemistry claims with numeric ranges detected on this page.,3,Page participates in 0 exact repeated paragraph/heading/FAQ block(s) shared with sibling pages.,3,"meta_description length=160 chars, h1_count=1.",1,word_count=185; task-support signals=[none].,1,single clear H1 with sufficient body text,1,"last-updated date present; has ""knowledge-sources""/""sources"" block (site-wide check: contains no external citations, only a review date -- see source-audit.csv); no named author or reviewer anywhere on page (sitewide pattern)",1.7
https://waterbalancetools.com/glossary/ammonia,glossary/ammonia.html,glossary,3,Page has no sibling pages in its cluster family for comparison.,1,word_count=182; task-support signals=[none].,1,"word_count=182, heading_count=5.",0,0 sentence(s) with numeric ranges/units detected on page.,3,No chemistry claims with numeric ranges detected on this page.,3,Page participates in 0 exact repeated paragraph/heading/FAQ block(s) shared with sibling pages.,3,"meta_description length=160 chars, h1_count=1.",1,word_count=182; task-support signals=[none].,1,single clear H1 with sufficient body text,1,"last-updated date present; has ""knowledge-sources""/""sources"" block (site-wide check: contains no external citations, only a review date -- see source-audit.csv); no named author or reviewer anywhere on page (sitewide pattern)",1.7
https://waterbalancetools.com/glossary/backwashing,glossary/backwashing.html,glossary,3,Page has no sibling pages in its cluster family for comparison.,1,word_count=221; task-support signals=[none].,2,"word_count=221, heading_count=6.",0,0 sentence(s) with numeric ranges/units detected on page.,3,No chemistry claims with numeric ranges detected on this page.,3,Page participates in 0 exact repeated paragraph/heading/FAQ block(s) shared with sibling pages.,3,"meta_description length=160 chars, h1_count=1.",1,word_count=221; task-support signals=[none].,1,single clear H1 with sufficient body text,1,"last-updated date present; has ""knowledge-sources""/""sources"" block (site-wide check: contains no external citations, only a review date -- see source-audit.csv); no named author or reviewer anywhere on page (sitewide pattern)",1.8
https://waterbalancetools.com/glossary/bather-load,glossary/bather-load.html,glossary,3,Page has no sibling pages in its cluster family for comparison.,1,word_count=202; task-support signals=[none].,2,"word_count=202, heading_count=5.",0,0 sentence(s) with numeric ranges/units detected on page.,3,No chemistry claims with numeric ranges detected on this page.,3,Page participates in 0 exact repeated paragraph/heading/FAQ block(s) shared with sibling pages.,3,"meta_description length=160 chars, h1_count=1.",1,word_count=202; task-support signals=[none].,1,single clear H1 with sufficient body text,1,"last-updated date present; has ""knowledge-sources""/""sources"" block (site-wide check: contains no external citations, only a review date -- see source-audit.csv); no named author or reviewer anywhere on page (sitewide pattern)",1.8
https://waterbalancetools.com/glossary/bcdmh,glossary/bcdmh.html,glossary,3,Page has no sibling pages in its cluster family for comparison.,1,word_count=207; task-support signals=[none].,2,"word_count=207, heading_count=6.",3,3 sentence(s) with numeric ranges/units detected on page.,2,3 chemistry claim(s) detected; external sources exist sitewide.,2,Page participates in 1 exact repeated paragraph/heading/FAQ block(s) shared with sibling pages.,3,"meta_description length=160 chars, h1_count=1.",1,word_count=207; task-support signals=[none].,1,single clear H1 with sufficient body text,1,"last-updated date present; has ""knowledge-sources""/""sources"" block (site-wide check: contains no external citations, only a review date -- see source-audit.csv); no named author or reviewer anywhere on page (sitewide pattern)",1.9
https://waterbalancetools.com/glossary/bicarbonate-alkalinity,glossary/bicarbonate-alkalinity.html,glossary,3,Page has no sibling pages in its cluster family for comparison.,1,word_count=209; task-support signals=[none].,2,"word_count=209, heading_count=6.",3,3 sentence(s) with numeric ranges/units detected on page.,2,3 chemistry claim(s) detected; external sources exist sitewide.,2,Page participates in 1 exact repeated paragraph/heading/FAQ block(s) shared with sibling pages.,3,"meta_description length=160 chars, h1_count=1.",1,word_count=209; task-support signals=[none].,1,single clear H1 with sufficient body text,1,"last-updated date present; has ""knowledge-sources""/""sources"" block (site-wide check: contains no external citations, only a review date -- see source-audit.csv); no named author or reviewer anywhere on page (sitewide pattern)",1.9
https://waterbalancetools.com/glossary/biofilm,glossary/biofilm.html,glossary,3,Page has no sibling pages in its cluster family for comparison.,1,word_count=178; task-support signals=[none].,1,"word_count=178, heading_count=5.",0,0 sentence(s) with numeric ranges/units detected on page.,3,No chemistry claims with numeric ranges detected on this page.,3,Page participates in 0 exact repeated paragraph/heading/FAQ block(s) shared with sibling pages.,3,"meta_description length=160 chars, h1_count=1.",1,word_count=178; task-support signals=[none].,1,single clear H1 with sufficient body text,1,"last-updated date present; has ""knowledge-sources""/""sources"" block (site-wide check: contains no external citations, only a review date -- see source-audit.csv); no named author or reviewer anywhere on page (sitewide pattern)",1.7
https://waterbalancetools.com/glossary/black-algae,glossary/black-algae.html,glossary,3,Page has no sibling pages in its cluster family for comparison.,1,word_count=174; task-support signals=[none].,1,"word_count=174, heading_count=5.",3,3 sentence(s) with numeric ranges/units detected on page.,2,3 chemistry claim(s) detected; external sources exist sitewide.,3,Page participates in 0 exact repeated paragraph/heading/FAQ block(s) shared with sibling pages.,3,"meta_description length=160 chars, h1_count=1.",1,word_count=174; task-support signals=[none].,1,single clear H1 with sufficient body text,1,"last-updated date present; has ""knowledge-sources""/""sources"" block (site-wide check: contains no external citations, only a review date -- see source-audit.csv); no named author or reviewer anywhere on page (sitewide pattern)",1.9
https://waterbalancetools.com/glossary/breakpoint-chlorination,glossary/breakpoint-chlorination.html,glossary,3,Page has no sibling pages in its cluster family for comparison.,1,word_count=212; task-support signals=[none].,2,"word_count=212, heading_count=6.",0,0 sentence(s) with numeric ranges/units detected on page.,3,No chemistry claims with numeric ranges detected on this page.,3,Page participates in 0 exact repeated paragraph/heading/FAQ block(s) shared with sibling pages.,3,"meta_description length=160 chars, h1_count=1.",1,word_count=212; task-support signals=[none].,1,single clear H1 with sufficient body text,1,"last-updated date present; has ""knowledge-sources""/""sources"" block (site-wide check: contains no external citations, only a review date -- see source-audit.csv); no named author or reviewer anywhere on page (sitewide pattern)",1.8
https://waterbalancetools.com/glossary/breakpoint-dose,glossary/breakpoint-dose.html,glossary,3,Page has no sibling pages in its cluster family for comparison.,1,word_count=205; task-support signals=[none].,2,"word_count=205, heading_count=5.",3,4 sentence(s) with numeric ranges/units detected on page.,2,4 chemistry claim(s) detected; external sources exist sitewide.,3,Page participates in 0 exact repeated paragraph/heading/FAQ block(s) shared with sibling pages.,3,"meta_description length=160 chars, h1_count=1.",1,word_count=205; task-support signals=[none].,1,single clear H1 with sufficient body text,1,"last-updated date present; has ""knowledge-sources""/""sources"" block (site-wide check: contains no external citations, only a review date -- see source-audit.csv); no named author or reviewer anywhere on page (sitewide pattern)",2
https://waterbalancetools.com/glossary/bromine,glossary/bromine.html,glossary,3,Page has no sibling pages in its cluster family for comparison.,1,word_count=230; task-support signals=[none].,2,"word_count=230, heading_count=6.",3,4 sentence(s) with numeric ranges/units detected on page.,2,4 chemistry claim(s) detected; external sources exist sitewide.,2,Page participates in 1 exact repeated paragraph/heading/FAQ block(s) shared with sibling pages.,3,"meta_description length=160 chars, h1_count=1.",1,word_count=230; task-support signals=[none].,1,single clear H1 with sufficient body text,1,"last-updated date present; has ""knowledge-sources""/""sources"" block (site-wide check: contains no external citations, only a review date -- see source-audit.csv); no named author or reviewer anywhere on page (sitewide pattern)",1.9
https://waterbalancetools.com/glossary/calcium-hardness,glossary/calcium-hardness.html,glossary,3,Page has no sibling pages in its cluster family for comparison.,1,word_count=193; task-support signals=[none].,1,"word_count=193, heading_count=6.",3,5 sentence(s) with numeric ranges/units detected on page.,2,5 chemistry claim(s) detected; external sources exist sitewide.,3,Page participates in 0 exact repeated paragraph/heading/FAQ block(s) shared with sibling pages.,3,"meta_description length=160 chars, h1_count=1.",1,word_count=193; task-support signals=[none].,1,single clear H1 with sufficient body text,1,"last-updated date present; has ""knowledge-sources""/""sources"" block (site-wide check: contains no external citations, only a review date -- see source-audit.csv); no named author or reviewer anywhere on page (sitewide pattern)",1.9
https://waterbalancetools.com/glossary/calcium-hypochlorite,glossary/calcium-hypochlorite.html,glossary,3,Page has no sibling pages in its cluster family for comparison.,1,word_count=206; task-support signals=[none].,2,"word_count=206, heading_count=6.",3,4 sentence(s) with numeric ranges/units detected on page.,2,4 chemistry claim(s) detected; external sources exist sitewide.,3,Page participates in 0 exact repeated paragraph/heading/FAQ block(s) shared with sibling pages.,3,"meta_description length=160 chars, h1_count=1.",1,word_count=206; task-support signals=[none].,1,single clear H1 with sufficient body text,1,"last-updated date present; has ""knowledge-sources""/""sources"" block (site-wide check: contains no external citations, only a review date -- see source-audit.csv); no named author or reviewer anywhere on page (sitewide pattern)",2
https://waterbalancetools.com/glossary/carbon-dioxide,glossary/carbon-dioxide.html,glossary,3,Page has no sibling pages in its cluster family for comparison.,1,word_count=183; task-support signals=[none].,1,"word_count=183, heading_count=5.",0,0 sentence(s) with numeric ranges/units detected on page.,3,No chemistry claims with numeric ranges detected on this page.,3,Page participates in 0 exact repeated paragraph/heading/FAQ block(s) shared with sibling pages.,3,"meta_description length=160 chars, h1_count=1.",1,word_count=183; task-support signals=[none].,1,single clear H1 with sufficient body text,1,"last-updated date present; has ""knowledge-sources""/""sources"" block (site-wide check: contains no external citations, only a review date -- see source-audit.csv); no named author or reviewer anywhere on page (sitewide pattern)",1.7
https://waterbalancetools.com/glossary/cartridge-filter,glossary/cartridge-filter.html,glossary,3,Page has no sibling pages in its cluster family for comparison.,1,word_count=204; task-support signals=[none].,2,"word_count=204, heading_count=6.",0,0 sentence(s) with numeric ranges/units detected on page.,3,No chemistry claims with numeric ranges detected on this page.,3,Page participates in 0 exact repeated paragraph/heading/FAQ block(s) shared with sibling pages.,3,"meta_description length=160 chars, h1_count=1.",1,word_count=204; task-support signals=[none].,1,single clear H1 with sufficient body text,1,"last-updated date present; has ""knowledge-sources""/""sources"" block (site-wide check: contains no external citations, only a review date -- see source-audit.csv); no named author or reviewer anywhere on page (sitewide pattern)",1.8
https://waterbalancetools.com/glossary/chemical-compatibility,glossary/chemical-compatibility.html,glossary,3,Page has no sibling pages in its cluster family for comparison.,1,word_count=162; task-support signals=[none].,1,"word_count=162, heading_count=5.",0,0 sentence(s) with numeric ranges/units detected on page.,3,No chemistry claims with numeric ranges detected on this page.,3,Page participates in 0 exact repeated paragraph/heading/FAQ block(s) shared with sibling pages.,3,"meta_description length=160 chars, h1_count=1.",1,word_count=162; task-support signals=[none].,1,single clear H1 with sufficient body text,1,"last-updated date present; has ""knowledge-sources""/""sources"" block (site-wide check: contains no external citations, only a review date -- see source-audit.csv); no named author or reviewer anywhere on page (sitewide pattern)",1.7
https://waterbalancetools.com/glossary/chemical-log,glossary/chemical-log.html,glossary,3,Page has no sibling pages in its cluster family for comparison.,1,word_count=206; task-support signals=[none].,2,"word_count=206, heading_count=6.",0,0 sentence(s) with numeric ranges/units detected on page.,3,No chemistry claims with numeric ranges detected on this page.,3,Page participates in 0 exact repeated paragraph/heading/FAQ block(s) shared with sibling pages.,3,"meta_description length=160 chars, h1_count=1.",1,word_count=206; task-support signals=[none].,1,single clear H1 with sufficient body text,1,"last-updated date present; has ""knowledge-sources""/""sources"" block (site-wide check: contains no external citations, only a review date -- see source-audit.csv); no named author or reviewer anywhere on page (sitewide pattern)",1.8
https://waterbalancetools.com/glossary/chemical-storage,glossary/chemical-storage.html,glossary,3,Page has no sibling pages in its cluster family for comparison.,1,word_count=177; task-support signals=[none].,1,"word_count=177, heading_count=5.",0,0 sentence(s) with numeric ranges/units detected on page.,3,No chemistry claims with numeric ranges detected on this page.,3,Page participates in 0 exact repeated paragraph/heading/FAQ block(s) shared with sibling pages.,3,"meta_description length=160 chars, h1_count=1.",1,word_count=177; task-support signals=[none].,1,single clear H1 with sufficient body text,1,"last-updated date present; has ""knowledge-sources""/""sources"" block (site-wide check: contains no external citations, only a review date -- see source-audit.csv); no named author or reviewer anywhere on page (sitewide pattern)",1.7
https://waterbalancetools.com/glossary/chloramine,glossary/chloramine.html,glossary,3,"Max 6-word-shingle Jaccard similarity to sibling page ""glossary/combined-chlorine.html"" in cluster ""glossary"" is 0.17.",1,word_count=203; task-support signals=[none].,2,"word_count=203, heading_count=6.",3,3 sentence(s) with numeric ranges/units detected on page.,2,3 chemistry claim(s) detected; external sources exist sitewide.,2,Page participates in 1 exact repeated paragraph/heading/FAQ block(s) shared with sibling pages.,3,"meta_description length=160 chars, h1_count=1.",1,word_count=203; task-support signals=[none].,1,single clear H1 with sufficient body text,1,"last-updated date present; has ""knowledge-sources""/""sources"" block (site-wide check: contains no external citations, only a review date -- see source-audit.csv); no named author or reviewer anywhere on page (sitewide pattern)",1.9
https://waterbalancetools.com/glossary/chlorine-demand,glossary/chlorine-demand.html,glossary,3,Page has no sibling pages in its cluster family for comparison.,1,word_count=201; task-support signals=[none].,2,"word_count=201, heading_count=5.",0,0 sentence(s) with numeric ranges/units detected on page.,3,No chemistry claims with numeric ranges detected on this page.,3,Page participates in 0 exact repeated paragraph/heading/FAQ block(s) shared with sibling pages.,3,"meta_description length=160 chars, h1_count=1.",1,word_count=201; task-support signals=[none].,1,single clear H1 with sufficient body text,1,"last-updated date present; has ""knowledge-sources""/""sources"" block (site-wide check: contains no external citations, only a review date -- see source-audit.csv); no named author or reviewer anywhere on page (sitewide pattern)",1.8
https://waterbalancetools.com/glossary/chlorine-stabilizer,glossary/chlorine-stabilizer.html,glossary,3,Page has no sibling pages in its cluster family for comparison.,1,word_count=209; task-support signals=[none].,2,"word_count=209, heading_count=6.",3,3 sentence(s) with numeric ranges/units detected on page.,2,3 chemistry claim(s) detected; external sources exist sitewide.,2,Page participates in 1 exact repeated paragraph/heading/FAQ block(s) shared with sibling pages.,3,"meta_description length=160 chars, h1_count=1.",1,word_count=209; task-support signals=[none].,1,single clear H1 with sufficient body text,1,"last-updated date present; has ""knowledge-sources""/""sources"" block (site-wide check: contains no external citations, only a review date -- see source-audit.csv); no named author or reviewer anywhere on page (sitewide pattern)",1.9
https://waterbalancetools.com/glossary/clarifier,glossary/clarifier.html,glossary,3,Page has no sibling pages in its cluster family for comparison.,1,word_count=179; task-support signals=[none].,1,"word_count=179, heading_count=5.",0,0 sentence(s) with numeric ranges/units detected on page.,3,No chemistry claims with numeric ranges detected on this page.,3,Page participates in 0 exact repeated paragraph/heading/FAQ block(s) shared with sibling pages.,3,"meta_description length=160 chars, h1_count=1.",1,word_count=179; task-support signals=[none].,1,single clear H1 with sufficient body text,1,"last-updated date present; has ""knowledge-sources""/""sources"" block (site-wide check: contains no external citations, only a review date -- see source-audit.csv); no named author or reviewer anywhere on page (sitewide pattern)",1.7
https://waterbalancetools.com/glossary/closing-chemical-kit,glossary/closing-chemical-kit.html,glossary,3,Page has no sibling pages in its cluster family for comparison.,1,word_count=164; task-support signals=[none].,1,"word_count=164, heading_count=5.",0,0 sentence(s) with numeric ranges/units detected on page.,3,No chemistry claims with numeric ranges detected on this page.,3,Page participates in 0 exact repeated paragraph/heading/FAQ block(s) shared with sibling pages.,3,"meta_description length=160 chars, h1_count=1.",1,word_count=164; task-support signals=[none].,1,single clear H1 with sufficient body text,1,"last-updated date present; has ""knowledge-sources""/""sources"" block (site-wide check: contains no external citations, only a review date -- see source-audit.csv); no named author or reviewer anywhere on page (sitewide pattern)",1.7
https://waterbalancetools.com/glossary/colorimetric-test,glossary/colorimetric-test.html,glossary,3,Page has no sibling pages in its cluster family for comparison.,1,word_count=183; task-support signals=[none].,1,"word_count=183, heading_count=5.",0,0 sentence(s) with numeric ranges/units detected on page.,3,No chemistry claims with numeric ranges detected on this page.,3,Page participates in 0 exact repeated paragraph/heading/FAQ block(s) shared with sibling pages.,3,"meta_description length=160 chars, h1_count=1.",1,word_count=183; task-support signals=[none].,1,single clear H1 with sufficient body text,1,"last-updated date present; has ""knowledge-sources""/""sources"" block (site-wide check: contains no external citations, only a review date -- see source-audit.csv); no named author or reviewer anywhere on page (sitewide pattern)",1.7
https://waterbalancetools.com/glossary/combined-chlorine,glossary/combined-chlorine.html,glossary,3,"Max 6-word-shingle Jaccard similarity to sibling page ""glossary/chloramine.html"" in cluster ""glossary"" is 0.17.",1,word_count=225; task-support signals=[none].,2,"word_count=225, heading_count=6.",3,4 sentence(s) with numeric ranges/units detected on page.,2,4 chemistry claim(s) detected; external sources exist sitewide.,2,Page participates in 1 exact repeated paragraph/heading/FAQ block(s) shared with sibling pages.,3,"meta_description length=160 chars, h1_count=1.",1,word_count=225; task-support signals=[none].,1,single clear H1 with sufficient body text,1,"last-updated date present; has ""knowledge-sources""/""sources"" block (site-wide check: contains no external citations, only a review date -- see source-audit.csv); no named author or reviewer anywhere on page (sitewide pattern)",1.9
https://waterbalancetools.com/glossary/conductivity,glossary/conductivity.html,glossary,3,Page has no sibling pages in its cluster family for comparison.,1,word_count=172; task-support signals=[none].,1,"word_count=172, heading_count=5.",2,2 sentence(s) with numeric ranges/units detected on page.,2,2 chemistry claim(s) detected; external sources exist sitewide.,3,Page participates in 0 exact repeated paragraph/heading/FAQ block(s) shared with sibling pages.,3,"meta_description length=160 chars, h1_count=1.",1,word_count=172; task-support signals=[none].,1,single clear H1 with sufficient body text,1,"last-updated date present; has ""knowledge-sources""/""sources"" block (site-wide check: contains no external citations, only a review date -- see source-audit.csv); no named author or reviewer anywhere on page (sitewide pattern)",1.8
https://waterbalancetools.com/glossary/copper,glossary/copper.html,glossary,3,Page has no sibling pages in its cluster family for comparison.,1,word_count=190; task-support signals=[none].,1,"word_count=190, heading_count=6.",3,3 sentence(s) with numeric ranges/units detected on page.,2,3 chemistry claim(s) detected; external sources exist sitewide.,3,Page participates in 0 exact repeated paragraph/heading/FAQ block(s) shared with sibling pages.,3,"meta_description length=160 chars, h1_count=1.",1,word_count=190; task-support signals=[none].,1,single clear H1 with sufficient body text,1,"last-updated date present; has ""knowledge-sources""/""sources"" block (site-wide check: contains no external citations, only a review date -- see source-audit.csv); no named author or reviewer anywhere on page (sitewide pattern)",1.9
https://waterbalancetools.com/glossary/cyanuric-acid,glossary/cyanuric-acid.html,glossary,3,Page has no sibling pages in its cluster family for comparison.,1,word_count=223; task-support signals=[none].,2,"word_count=223, heading_count=6.",3,5 sentence(s) with numeric ranges/units detected on page.,2,5 chemistry claim(s) detected; external sources exist sitewide.,2,Page participates in 1 exact repeated paragraph/heading/FAQ block(s) shared with sibling pages.,3,"meta_description length=160 chars, h1_count=1.",1,word_count=223; task-support signals=[none].,1,single clear H1 with sufficient body text,1,"last-updated date present; has ""knowledge-sources""/""sources"" block (site-wide check: contains no external citations, only a review date -- see source-audit.csv); no named author or reviewer anywhere on page (sitewide pattern)",1.9
https://waterbalancetools.com/glossary/de-filter,glossary/de-filter.html,glossary,3,Page has no sibling pages in its cluster family for comparison.,1,word_count=211; task-support signals=[none].,2,"word_count=211, heading_count=6.",0,0 sentence(s) with numeric ranges/units detected on page.,3,No chemistry claims with numeric ranges detected on this page.,3,Page participates in 0 exact repeated paragraph/heading/FAQ block(s) shared with sibling pages.,3,"meta_description length=160 chars, h1_count=1.",1,word_count=211; task-support signals=[none].,1,single clear H1 with sufficient body text,1,"last-updated date present; has ""knowledge-sources""/""sources"" block (site-wide check: contains no external citations, only a review date -- see source-audit.csv); no named author or reviewer anywhere on page (sitewide pattern)",1.8
https://waterbalancetools.com/glossary/dead-algae,glossary/dead-algae.html,glossary,3,Page has no sibling pages in its cluster family for comparison.,1,word_count=183; task-support signals=[none].,1,"word_count=183, heading_count=5.",0,0 sentence(s) with numeric ranges/units detected on page.,3,No chemistry claims with numeric ranges detected on this page.,3,Page participates in 0 exact repeated paragraph/heading/FAQ block(s) shared with sibling pages.,3,"meta_description length=160 chars, h1_count=1.",1,word_count=183; task-support signals=[none].,1,single clear H1 with sufficient body text,1,"last-updated date present; has ""knowledge-sources""/""sources"" block (site-wide check: contains no external citations, only a review date -- see source-audit.csv); no named author or reviewer anywhere on page (sitewide pattern)",1.7
https://waterbalancetools.com/glossary/dichlor,glossary/dichlor.html,glossary,3,Page has no sibling pages in its cluster family for comparison.,1,word_count=216; task-support signals=[none].,2,"word_count=216, heading_count=6.",3,3 sentence(s) with numeric ranges/units detected on page.,2,3 chemistry claim(s) detected; external sources exist sitewide.,3,Page participates in 0 exact repeated paragraph/heading/FAQ block(s) shared with sibling pages.,3,"meta_description length=160 chars, h1_count=1.",1,word_count=216; task-support signals=[none].,1,single clear H1 with sufficient body text,1,"last-updated date present; has ""knowledge-sources""/""sources"" block (site-wide check: contains no external citations, only a review date -- see source-audit.csv); no named author or reviewer anywhere on page (sitewide pattern)",2
https://waterbalancetools.com/glossary/dilution,glossary/dilution.html,glossary,3,Page has no sibling pages in its cluster family for comparison.,1,word_count=185; task-support signals=[none].,1,"word_count=185, heading_count=5.",2,1 sentence(s) with numeric ranges/units detected on page.,2,1 chemistry claim(s) detected; external sources exist sitewide.,3,Page participates in 0 exact repeated paragraph/heading/FAQ block(s) shared with sibling pages.,3,"meta_description length=160 chars, h1_count=1.",1,word_count=185; task-support signals=[none].,1,single clear H1 with sufficient body text,1,"last-updated date present; has ""knowledge-sources""/""sources"" block (site-wide check: contains no external citations, only a review date -- see source-audit.csv); no named author or reviewer anywhere on page (sitewide pattern)",1.8
https://waterbalancetools.com/glossary/dpd-test,glossary/dpd-test.html,glossary,3,Page has no sibling pages in its cluster family for comparison.,1,word_count=174; task-support signals=[none].,1,"word_count=174, heading_count=5.",0,0 sentence(s) with numeric ranges/units detected on page.,3,No chemistry claims with numeric ranges detected on this page.,3,Page participates in 0 exact repeated paragraph/heading/FAQ block(s) shared with sibling pages.,3,"meta_description length=160 chars, h1_count=1.",1,word_count=174; task-support signals=[none].,1,single clear H1 with sufficient body text,1,"last-updated date present; has ""knowledge-sources""/""sources"" block (site-wide check: contains no external citations, only a review date -- see source-audit.csv); no named author or reviewer anywhere on page (sitewide pattern)",1.7
https://waterbalancetools.com/glossary/evaporation,glossary/evaporation.html,glossary,3,Page has no sibling pages in its cluster family for comparison.,1,word_count=181; task-support signals=[none].,1,"word_count=181, heading_count=5.",0,0 sentence(s) with numeric ranges/units detected on page.,3,No chemistry claims with numeric ranges detected on this page.,3,Page participates in 0 exact repeated paragraph/heading/FAQ block(s) shared with sibling pages.,3,"meta_description length=160 chars, h1_count=1.",1,word_count=181; task-support signals=[none].,1,single clear H1 with sufficient body text,1,"last-updated date present; has ""knowledge-sources""/""sources"" block (site-wide check: contains no external citations, only a review date -- see source-audit.csv); no named author or reviewer anywhere on page (sitewide pattern)",1.7
https://waterbalancetools.com/glossary/filter-pressure,glossary/filter-pressure.html,glossary,3,Page has no sibling pages in its cluster family for comparison.,1,word_count=179; task-support signals=[none].,1,"word_count=179, heading_count=5.",0,0 sentence(s) with numeric ranges/units detected on page.,3,No chemistry claims with numeric ranges detected on this page.,3,Page participates in 0 exact repeated paragraph/heading/FAQ block(s) shared with sibling pages.,3,"meta_description length=160 chars, h1_count=1.",1,word_count=179; task-support signals=[none].,1,single clear H1 with sufficient body text,1,"last-updated date present; has ""knowledge-sources""/""sources"" block (site-wide check: contains no external citations, only a review date -- see source-audit.csv); no named author or reviewer anywhere on page (sitewide pattern)",1.7
https://waterbalancetools.com/glossary/flocculant,glossary/flocculant.html,glossary,3,Page has no sibling pages in its cluster family for comparison.,1,word_count=193; task-support signals=[none].,1,"word_count=193, heading_count=5.",0,0 sentence(s) with numeric ranges/units detected on page.,3,No chemistry claims with numeric ranges detected on this page.,3,Page participates in 0 exact repeated paragraph/heading/FAQ block(s) shared with sibling pages.,3,"meta_description length=160 chars, h1_count=1.",1,word_count=193; task-support signals=[none].,1,single clear H1 with sufficient body text,1,"last-updated date present; has ""knowledge-sources""/""sources"" block (site-wide check: contains no external citations, only a review date -- see source-audit.csv); no named author or reviewer anywhere on page (sitewide pattern)",1.7
https://waterbalancetools.com/glossary/free-chlorine,glossary/free-chlorine.html,glossary,3,Page has no sibling pages in its cluster family for comparison.,1,word_count=215; task-support signals=[none].,2,"word_count=215, heading_count=6.",3,4 sentence(s) with numeric ranges/units detected on page.,2,4 chemistry claim(s) detected; external sources exist sitewide.,3,Page participates in 0 exact repeated paragraph/heading/FAQ block(s) shared with sibling pages.,3,"meta_description length=160 chars, h1_count=1.",1,word_count=215; task-support signals=[none].,1,single clear H1 with sufficient body text,1,"last-updated date present; has ""knowledge-sources""/""sources"" block (site-wide check: contains no external citations, only a review date -- see source-audit.csv); no named author or reviewer anywhere on page (sitewide pattern)",2
https://waterbalancetools.com/glossary/gpm,glossary/gpm.html,glossary,3,Page has no sibling pages in its cluster family for comparison.,1,word_count=209; task-support signals=[none].,2,"word_count=209, heading_count=6.",0,0 sentence(s) with numeric ranges/units detected on page.,3,No chemistry claims with numeric ranges detected on this page.,3,Page participates in 0 exact repeated paragraph/heading/FAQ block(s) shared with sibling pages.,3,"meta_description length=160 chars, h1_count=1.",1,word_count=209; task-support signals=[none].,1,single clear H1 with sufficient body text,1,"last-updated date present; has ""knowledge-sources""/""sources"" block (site-wide check: contains no external citations, only a review date -- see source-audit.csv); no named author or reviewer anywhere on page (sitewide pattern)",1.8
https://waterbalancetools.com/glossary/green-algae,glossary/green-algae.html,glossary,3,Page has no sibling pages in its cluster family for comparison.,1,word_count=182; task-support signals=[none].,1,"word_count=182, heading_count=5.",2,2 sentence(s) with numeric ranges/units detected on page.,2,2 chemistry claim(s) detected; external sources exist sitewide.,3,Page participates in 0 exact repeated paragraph/heading/FAQ block(s) shared with sibling pages.,3,"meta_description length=160 chars, h1_count=1.",1,word_count=182; task-support signals=[none].,1,single clear H1 with sufficient body text,1,"last-updated date present; has ""knowledge-sources""/""sources"" block (site-wide check: contains no external citations, only a review date -- see source-audit.csv); no named author or reviewer anywhere on page (sitewide pattern)",1.8
https://waterbalancetools.com/glossary/hypochlorous-acid,glossary/hypochlorous-acid.html,glossary,3,Page has no sibling pages in its cluster family for comparison.,1,word_count=191; task-support signals=[none].,1,"word_count=191, heading_count=5.",3,3 sentence(s) with numeric ranges/units detected on page.,2,3 chemistry claim(s) detected; external sources exist sitewide.,3,Page participates in 0 exact repeated paragraph/heading/FAQ block(s) shared with sibling pages.,3,"meta_description length=160 chars, h1_count=1.",1,word_count=191; task-support signals=[none].,1,single clear H1 with sufficient body text,1,"last-updated date present; has ""knowledge-sources""/""sources"" block (site-wide check: contains no external citations, only a review date -- see source-audit.csv); no named author or reviewer anywhere on page (sitewide pattern)",1.9
https://waterbalancetools.com/glossary/,glossary/index.html,glossary,3,Page has no sibling pages in its cluster family for comparison.,1,word_count=2298; task-support signals=[none].,3,"word_count=2298, heading_count=21.",0,0 sentence(s) with numeric ranges/units detected on page.,3,No chemistry claims with numeric ranges detected on this page.,3,Page participates in 0 exact repeated paragraph/heading/FAQ block(s) shared with sibling pages.,3,"meta_description length=131 chars, h1_count=1.",1,word_count=2298; task-support signals=[none].,1,single clear H1 with sufficient body text,1,last-updated date present; no named author or reviewer anywhere on page (sitewide pattern),1.9
https://waterbalancetools.com/glossary/iron,glossary/iron.html,glossary,3,Page has no sibling pages in its cluster family for comparison.,1,word_count=192; task-support signals=[none].,1,"word_count=192, heading_count=6.",3,3 sentence(s) with numeric ranges/units detected on page.,2,3 chemistry claim(s) detected; external sources exist sitewide.,3,Page participates in 0 exact repeated paragraph/heading/FAQ block(s) shared with sibling pages.,3,"meta_description length=160 chars, h1_count=1.",1,word_count=192; task-support signals=[none].,1,single clear H1 with sufficient body text,1,"last-updated date present; has ""knowledge-sources""/""sources"" block (site-wide check: contains no external citations, only a review date -- see source-audit.csv); no named author or reviewer anywhere on page (sitewide pattern)",1.9
https://waterbalancetools.com/glossary/langelier-saturation-index,glossary/langelier-saturation-index.html,glossary,3,Page has no sibling pages in its cluster family for comparison.,1,word_count=226; task-support signals=[none].,2,"word_count=226, heading_count=6.",2,1 sentence(s) with numeric ranges/units detected on page.,2,1 chemistry claim(s) detected; external sources exist sitewide.,2,Page participates in 1 exact repeated paragraph/heading/FAQ block(s) shared with sibling pages.,3,"meta_description length=160 chars, h1_count=1.",1,word_count=226; task-support signals=[none].,1,single clear H1 with sufficient body text,1,"last-updated date present; has ""knowledge-sources""/""sources"" block (site-wide check: contains no external citations, only a review date -- see source-audit.csv); no named author or reviewer anywhere on page (sitewide pattern)",1.8
https://waterbalancetools.com/glossary/main-drain,glossary/main-drain.html,glossary,3,Page has no sibling pages in its cluster family for comparison.,1,word_count=198; task-support signals=[none].,1,"word_count=198, heading_count=5.",0,0 sentence(s) with numeric ranges/units detected on page.,3,No chemistry claims with numeric ranges detected on this page.,3,Page participates in 0 exact repeated paragraph/heading/FAQ block(s) shared with sibling pages.,3,"meta_description length=160 chars, h1_count=1.",1,word_count=198; task-support signals=[none].,1,single clear H1 with sufficient body text,1,"last-updated date present; has ""knowledge-sources""/""sources"" block (site-wide check: contains no external citations, only a review date -- see source-audit.csv); no named author or reviewer anywhere on page (sitewide pattern)",1.7
https://waterbalancetools.com/glossary/metal-sequestrant,glossary/metal-sequestrant.html,glossary,3,Page has no sibling pages in its cluster family for comparison.,1,word_count=192; task-support signals=[none].,1,"word_count=192, heading_count=5.",0,0 sentence(s) with numeric ranges/units detected on page.,3,No chemistry claims with numeric ranges detected on this page.,3,Page participates in 0 exact repeated paragraph/heading/FAQ block(s) shared with sibling pages.,3,"meta_description length=160 chars, h1_count=1.",1,word_count=192; task-support signals=[none].,1,single clear H1 with sufficient body text,1,"last-updated date present; has ""knowledge-sources""/""sources"" block (site-wide check: contains no external citations, only a review date -- see source-audit.csv); no named author or reviewer anywhere on page (sitewide pattern)",1.7
https://waterbalancetools.com/glossary/multiport-valve,glossary/multiport-valve.html,glossary,3,Page has no sibling pages in its cluster family for comparison.,1,word_count=183; task-support signals=[none].,1,"word_count=183, heading_count=5.",0,0 sentence(s) with numeric ranges/units detected on page.,3,No chemistry claims with numeric ranges detected on this page.,3,Page participates in 0 exact repeated paragraph/heading/FAQ block(s) shared with sibling pages.,3,"meta_description length=160 chars, h1_count=1.",1,word_count=183; task-support signals=[none].,1,single clear H1 with sufficient body text,1,"last-updated date present; has ""knowledge-sources""/""sources"" block (site-wide check: contains no external citations, only a review date -- see source-audit.csv); no named author or reviewer anywhere on page (sitewide pattern)",1.7
https://waterbalancetools.com/glossary/muriatic-acid,glossary/muriatic-acid.html,glossary,3,Page has no sibling pages in its cluster family for comparison.,1,word_count=200; task-support signals=[none].,2,"word_count=200, heading_count=6.",3,3 sentence(s) with numeric ranges/units detected on page.,2,3 chemistry claim(s) detected; external sources exist sitewide.,3,Page participates in 0 exact repeated paragraph/heading/FAQ block(s) shared with sibling pages.,3,"meta_description length=160 chars, h1_count=1.",1,word_count=200; task-support signals=[none].,1,single clear H1 with sufficient body text,1,"last-updated date present; has ""knowledge-sources""/""sources"" block (site-wide check: contains no external citations, only a review date -- see source-audit.csv); no named author or reviewer anywhere on page (sitewide pattern)",2
https://waterbalancetools.com/glossary/mustard-algae,glossary/mustard-algae.html,glossary,3,Page has no sibling pages in its cluster family for comparison.,1,word_count=188; task-support signals=[none].,1,"word_count=188, heading_count=5.",3,3 sentence(s) with numeric ranges/units detected on page.,2,3 chemistry claim(s) detected; external sources exist sitewide.,3,Page participates in 0 exact repeated paragraph/heading/FAQ block(s) shared with sibling pages.,3,"meta_description length=160 chars, h1_count=1.",1,word_count=188; task-support signals=[none].,1,single clear H1 with sufficient body text,1,"last-updated date present; has ""knowledge-sources""/""sources"" block (site-wide check: contains no external citations, only a review date -- see source-audit.csv); no named author or reviewer anywhere on page (sitewide pattern)",1.9
https://waterbalancetools.com/glossary/opening-chemical-kit,glossary/opening-chemical-kit.html,glossary,3,Page has no sibling pages in its cluster family for comparison.,1,word_count=195; task-support signals=[none].,1,"word_count=195, heading_count=5.",0,0 sentence(s) with numeric ranges/units detected on page.,3,No chemistry claims with numeric ranges detected on this page.,3,Page participates in 0 exact repeated paragraph/heading/FAQ block(s) shared with sibling pages.,3,"meta_description length=160 chars, h1_count=1.",1,word_count=195; task-support signals=[none].,1,single clear H1 with sufficient body text,1,"last-updated date present; has ""knowledge-sources""/""sources"" block (site-wide check: contains no external citations, only a review date -- see source-audit.csv); no named author or reviewer anywhere on page (sitewide pattern)",1.7
https://waterbalancetools.com/glossary/orp,glossary/orp.html,glossary,3,Page has no sibling pages in its cluster family for comparison.,1,word_count=196; task-support signals=[none].,1,"word_count=196, heading_count=6.",0,0 sentence(s) with numeric ranges/units detected on page.,3,No chemistry claims with numeric ranges detected on this page.,3,Page participates in 0 exact repeated paragraph/heading/FAQ block(s) shared with sibling pages.,3,"meta_description length=160 chars, h1_count=1.",1,word_count=196; task-support signals=[none].,1,single clear H1 with sufficient body text,1,"last-updated date present; has ""knowledge-sources""/""sources"" block (site-wide check: contains no external citations, only a review date -- see source-audit.csv); no named author or reviewer anywhere on page (sitewide pattern)",1.7
https://waterbalancetools.com/glossary/oto-test,glossary/oto-test.html,glossary,3,Page has no sibling pages in its cluster family for comparison.,1,word_count=175; task-support signals=[none].,1,"word_count=175, heading_count=5.",0,0 sentence(s) with numeric ranges/units detected on page.,3,No chemistry claims with numeric ranges detected on this page.,3,Page participates in 0 exact repeated paragraph/heading/FAQ block(s) shared with sibling pages.,3,"meta_description length=160 chars, h1_count=1.",1,word_count=175; task-support signals=[none].,1,single clear H1 with sufficient body text,1,"last-updated date present; has ""knowledge-sources""/""sources"" block (site-wide check: contains no external citations, only a review date -- see source-audit.csv); no named author or reviewer anywhere on page (sitewide pattern)",1.7
https://waterbalancetools.com/glossary/oxidizer,glossary/oxidizer.html,glossary,3,Page has no sibling pages in its cluster family for comparison.,1,word_count=159; task-support signals=[none].,1,"word_count=159, heading_count=5.",0,0 sentence(s) with numeric ranges/units detected on page.,3,No chemistry claims with numeric ranges detected on this page.,3,Page participates in 0 exact repeated paragraph/heading/FAQ block(s) shared with sibling pages.,3,"meta_description length=160 chars, h1_count=1.",1,word_count=159; task-support signals=[none].,1,single clear H1 with sufficient body text,1,"last-updated date present; has ""knowledge-sources""/""sources"" block (site-wide check: contains no external citations, only a review date -- see source-audit.csv); no named author or reviewer anywhere on page (sitewide pattern)",1.7
https://waterbalancetools.com/glossary/ozone,glossary/ozone.html,glossary,3,Page has no sibling pages in its cluster family for comparison.,1,word_count=202; task-support signals=[none].,2,"word_count=202, heading_count=5.",3,3 sentence(s) with numeric ranges/units detected on page.,2,3 chemistry claim(s) detected; external sources exist sitewide.,3,Page participates in 0 exact repeated paragraph/heading/FAQ block(s) shared with sibling pages.,3,"meta_description length=160 chars, h1_count=1.",1,word_count=202; task-support signals=[none].,1,single clear H1 with sufficient body text,1,"last-updated date present; has ""knowledge-sources""/""sources"" block (site-wide check: contains no external citations, only a review date -- see source-audit.csv); no named author or reviewer anywhere on page (sitewide pattern)",2
https://waterbalancetools.com/glossary/partial-drain,glossary/partial-drain.html,glossary,3,Page has no sibling pages in its cluster family for comparison.,1,word_count=208; task-support signals=[none].,2,"word_count=208, heading_count=5.",3,5 sentence(s) with numeric ranges/units detected on page.,2,5 chemistry claim(s) detected; external sources exist sitewide.,3,Page participates in 0 exact repeated paragraph/heading/FAQ block(s) shared with sibling pages.,3,"meta_description length=160 chars, h1_count=1.",1,word_count=208; task-support signals=[none].,1,single clear H1 with sufficient body text,1,"last-updated date present; has ""knowledge-sources""/""sources"" block (site-wide check: contains no external citations, only a review date -- see source-audit.csv); no named author or reviewer anywhere on page (sitewide pattern)",2
https://waterbalancetools.com/glossary/parts-per-million,glossary/parts-per-million.html,glossary,3,Page has no sibling pages in its cluster family for comparison.,1,word_count=219; task-support signals=[none].,2,"word_count=219, heading_count=6.",2,2 sentence(s) with numeric ranges/units detected on page.,2,2 chemistry claim(s) detected; external sources exist sitewide.,3,Page participates in 0 exact repeated paragraph/heading/FAQ block(s) shared with sibling pages.,3,"meta_description length=160 chars, h1_count=1.",1,word_count=219; task-support signals=[none].,1,single clear H1 with sufficient body text,1,"last-updated date present; has ""knowledge-sources""/""sources"" block (site-wide check: contains no external citations, only a review date -- see source-audit.csv); no named author or reviewer anywhere on page (sitewide pattern)",1.9
https://waterbalancetools.com/glossary/ph-bounce,glossary/ph-bounce.html,glossary,3,Page has no sibling pages in its cluster family for comparison.,1,word_count=174; task-support signals=[none].,1,"word_count=174, heading_count=5.",3,3 sentence(s) with numeric ranges/units detected on page.,2,3 chemistry claim(s) detected; external sources exist sitewide.,3,Page participates in 0 exact repeated paragraph/heading/FAQ block(s) shared with sibling pages.,3,"meta_description length=160 chars, h1_count=1.",1,word_count=174; task-support signals=[none].,1,single clear H1 with sufficient body text,1,"last-updated date present; has ""knowledge-sources""/""sources"" block (site-wide check: contains no external citations, only a review date -- see source-audit.csv); no named author or reviewer anywhere on page (sitewide pattern)",1.9
https://waterbalancetools.com/glossary/ph-increaser,glossary/ph-increaser.html,glossary,3,Page has no sibling pages in its cluster family for comparison.,1,word_count=210; task-support signals=[none].,2,"word_count=210, heading_count=6.",0,0 sentence(s) with numeric ranges/units detected on page.,3,No chemistry claims with numeric ranges detected on this page.,2,Page participates in 1 exact repeated paragraph/heading/FAQ block(s) shared with sibling pages.,3,"meta_description length=160 chars, h1_count=1.",1,word_count=210; task-support signals=[none].,1,single clear H1 with sufficient body text,1,"last-updated date present; has ""knowledge-sources""/""sources"" block (site-wide check: contains no external citations, only a review date -- see source-audit.csv); no named author or reviewer anywhere on page (sitewide pattern)",1.7
https://waterbalancetools.com/glossary/ph,glossary/ph.html,glossary,3,Page has no sibling pages in its cluster family for comparison.,1,word_count=232; task-support signals=[none].,2,"word_count=232, heading_count=6.",2,2 sentence(s) with numeric ranges/units detected on page.,2,2 chemistry claim(s) detected; external sources exist sitewide.,3,Page participates in 0 exact repeated paragraph/heading/FAQ block(s) shared with sibling pages.,3,"meta_description length=160 chars, h1_count=1.",1,word_count=232; task-support signals=[none].,1,single clear H1 with sufficient body text,1,"last-updated date present; has ""knowledge-sources""/""sources"" block (site-wide check: contains no external citations, only a review date -- see source-audit.csv); no named author or reviewer anywhere on page (sitewide pattern)",1.9
https://waterbalancetools.com/glossary/phosphates,glossary/phosphates.html,glossary,3,Page has no sibling pages in its cluster family for comparison.,1,word_count=206; task-support signals=[none].,2,"word_count=206, heading_count=6.",0,0 sentence(s) with numeric ranges/units detected on page.,3,No chemistry claims with numeric ranges detected on this page.,3,Page participates in 0 exact repeated paragraph/heading/FAQ block(s) shared with sibling pages.,3,"meta_description length=160 chars, h1_count=1.",1,word_count=206; task-support signals=[none].,1,single clear H1 with sufficient body text,1,"last-updated date present; has ""knowledge-sources""/""sources"" block (site-wide check: contains no external citations, only a review date -- see source-audit.csv); no named author or reviewer anywhere on page (sitewide pattern)",1.8
https://waterbalancetools.com/glossary/pink-slime,glossary/pink-slime.html,glossary,3,Page has no sibling pages in its cluster family for comparison.,1,word_count=193; task-support signals=[none].,1,"word_count=193, heading_count=5.",0,0 sentence(s) with numeric ranges/units detected on page.,3,No chemistry claims with numeric ranges detected on this page.,3,Page participates in 0 exact repeated paragraph/heading/FAQ block(s) shared with sibling pages.,3,"meta_description length=160 chars, h1_count=1.",1,word_count=193; task-support signals=[none].,1,single clear H1 with sufficient body text,1,"last-updated date present; has ""knowledge-sources""/""sources"" block (site-wide check: contains no external citations, only a review date -- see source-audit.csv); no named author or reviewer anywhere on page (sitewide pattern)",1.7
https://waterbalancetools.com/glossary/pool-chemistry-reference,glossary/pool-chemistry-reference.html,glossary,3,Page has no sibling pages in its cluster family for comparison.,1,word_count=163; task-support signals=[none].,1,"word_count=163, heading_count=5.",2,1 sentence(s) with numeric ranges/units detected on page.,2,1 chemistry claim(s) detected; external sources exist sitewide.,3,Page participates in 0 exact repeated paragraph/heading/FAQ block(s) shared with sibling pages.,3,"meta_description length=160 chars, h1_count=1.",1,word_count=163; task-support signals=[none].,1,single clear H1 with sufficient body text,1,"last-updated date present; has ""knowledge-sources""/""sources"" block (site-wide check: contains no external citations, only a review date -- see source-audit.csv); no named author or reviewer anywhere on page (sitewide pattern)",1.8
https://waterbalancetools.com/glossary/pool-maintenance-schedule,glossary/pool-maintenance-schedule.html,glossary,3,Page has no sibling pages in its cluster family for comparison.,1,word_count=167; task-support signals=[none].,1,"word_count=167, heading_count=5.",0,0 sentence(s) with numeric ranges/units detected on page.,3,No chemistry claims with numeric ranges detected on this page.,3,Page participates in 0 exact repeated paragraph/heading/FAQ block(s) shared with sibling pages.,3,"meta_description length=160 chars, h1_count=1.",1,word_count=167; task-support signals=[none].,1,single clear H1 with sufficient body text,1,"last-updated date present; has ""knowledge-sources""/""sources"" block (site-wide check: contains no external citations, only a review date -- see source-audit.csv); no named author or reviewer anywhere on page (sitewide pattern)",1.7
https://waterbalancetools.com/glossary/pool-pump,glossary/pool-pump.html,glossary,3,Page has no sibling pages in its cluster family for comparison.,1,word_count=217; task-support signals=[none].,2,"word_count=217, heading_count=6.",0,0 sentence(s) with numeric ranges/units detected on page.,3,No chemistry claims with numeric ranges detected on this page.,3,Page participates in 0 exact repeated paragraph/heading/FAQ block(s) shared with sibling pages.,3,"meta_description length=160 chars, h1_count=1.",1,word_count=217; task-support signals=[none].,1,single clear H1 with sufficient body text,1,"last-updated date present; has ""knowledge-sources""/""sources"" block (site-wide check: contains no external citations, only a review date -- see source-audit.csv); no named author or reviewer anywhere on page (sitewide pattern)",1.8
https://waterbalancetools.com/glossary/pool-safety-equipment,glossary/pool-safety-equipment.html,glossary,3,Page has no sibling pages in its cluster family for comparison.,1,word_count=189; task-support signals=[none].,1,"word_count=189, heading_count=5.",0,0 sentence(s) with numeric ranges/units detected on page.,3,No chemistry claims with numeric ranges detected on this page.,3,Page participates in 0 exact repeated paragraph/heading/FAQ block(s) shared with sibling pages.,3,"meta_description length=160 chars, h1_count=1.",1,word_count=189; task-support signals=[none].,1,single clear H1 with sufficient body text,1,"last-updated date present; has ""knowledge-sources""/""sources"" block (site-wide check: contains no external citations, only a review date -- see source-audit.csv); no named author or reviewer anywhere on page (sitewide pattern)",1.7
https://waterbalancetools.com/glossary/pool-shock-schedule,glossary/pool-shock-schedule.html,glossary,3,Page has no sibling pages in its cluster family for comparison.,1,word_count=179; task-support signals=[none].,1,"word_count=179, heading_count=5.",3,3 sentence(s) with numeric ranges/units detected on page.,2,3 chemistry claim(s) detected; external sources exist sitewide.,3,Page participates in 0 exact repeated paragraph/heading/FAQ block(s) shared with sibling pages.,3,"meta_description length=160 chars, h1_count=1.",1,word_count=179; task-support signals=[none].,1,single clear H1 with sufficient body text,1,"last-updated date present; has ""knowledge-sources""/""sources"" block (site-wide check: contains no external citations, only a review date -- see source-audit.csv); no named author or reviewer anywhere on page (sitewide pattern)",1.9
https://waterbalancetools.com/glossary/pool-turnover-rate,glossary/pool-turnover-rate.html,glossary,3,Page has no sibling pages in its cluster family for comparison.,1,word_count=185; task-support signals=[none].,1,"word_count=185, heading_count=5.",0,0 sentence(s) with numeric ranges/units detected on page.,3,No chemistry claims with numeric ranges detected on this page.,3,Page participates in 0 exact repeated paragraph/heading/FAQ block(s) shared with sibling pages.,3,"meta_description length=160 chars, h1_count=1.",1,word_count=185; task-support signals=[none].,1,single clear H1 with sufficient body text,1,"last-updated date present; has ""knowledge-sources""/""sources"" block (site-wide check: contains no external citations, only a review date -- see source-audit.csv); no named author or reviewer anywhere on page (sitewide pattern)",1.7
https://waterbalancetools.com/glossary/pool-volume-reference,glossary/pool-volume-reference.html,glossary,3,Page has no sibling pages in its cluster family for comparison.,1,word_count=164; task-support signals=[none].,1,"word_count=164, heading_count=5.",0,0 sentence(s) with numeric ranges/units detected on page.,3,No chemistry claims with numeric ranges detected on this page.,3,Page participates in 0 exact repeated paragraph/heading/FAQ block(s) shared with sibling pages.,3,"meta_description length=160 chars, h1_count=1.",1,word_count=164; task-support signals=[none].,1,single clear H1 with sufficient body text,1,"last-updated date present; has ""knowledge-sources""/""sources"" block (site-wide check: contains no external citations, only a review date -- see source-audit.csv); no named author or reviewer anywhere on page (sitewide pattern)",1.7
https://waterbalancetools.com/glossary/pool-volume,glossary/pool-volume.html,glossary,3,Page has no sibling pages in its cluster family for comparison.,1,word_count=207; task-support signals=[none].,2,"word_count=207, heading_count=6.",2,1 sentence(s) with numeric ranges/units detected on page.,2,1 chemistry claim(s) detected; external sources exist sitewide.,3,Page participates in 0 exact repeated paragraph/heading/FAQ block(s) shared with sibling pages.,3,"meta_description length=160 chars, h1_count=1.",1,word_count=207; task-support signals=[none].,1,single clear H1 with sufficient body text,1,"last-updated date present; has ""knowledge-sources""/""sources"" block (site-wide check: contains no external citations, only a review date -- see source-audit.csv); no named author or reviewer anywhere on page (sitewide pattern)",1.9
https://waterbalancetools.com/glossary/pressure-gauge,glossary/pressure-gauge.html,glossary,3,Page has no sibling pages in its cluster family for comparison.,1,word_count=174; task-support signals=[none].,1,"word_count=174, heading_count=5.",0,0 sentence(s) with numeric ranges/units detected on page.,3,No chemistry claims with numeric ranges detected on this page.,3,Page participates in 0 exact repeated paragraph/heading/FAQ block(s) shared with sibling pages.,3,"meta_description length=160 chars, h1_count=1.",1,word_count=174; task-support signals=[none].,1,single clear H1 with sufficient body text,1,"last-updated date present; has ""knowledge-sources""/""sources"" block (site-wide check: contains no external citations, only a review date -- see source-audit.csv); no named author or reviewer anywhere on page (sitewide pattern)",1.7
https://waterbalancetools.com/glossary/pump-turnover,glossary/pump-turnover.html,glossary,3,Page has no sibling pages in its cluster family for comparison.,1,word_count=227; task-support signals=[none].,2,"word_count=227, heading_count=6.",0,0 sentence(s) with numeric ranges/units detected on page.,3,No chemistry claims with numeric ranges detected on this page.,3,Page participates in 0 exact repeated paragraph/heading/FAQ block(s) shared with sibling pages.,3,"meta_description length=160 chars, h1_count=1.",1,word_count=227; task-support signals=[none].,1,single clear H1 with sufficient body text,1,"last-updated date present; has ""knowledge-sources""/""sources"" block (site-wide check: contains no external citations, only a review date -- see source-audit.csv); no named author or reviewer anywhere on page (sitewide pattern)",1.8
https://waterbalancetools.com/glossary/reagent,glossary/reagent.html,glossary,3,Page has no sibling pages in its cluster family for comparison.,1,word_count=172; task-support signals=[none].,1,"word_count=172, heading_count=5.",0,0 sentence(s) with numeric ranges/units detected on page.,3,No chemistry claims with numeric ranges detected on this page.,3,Page participates in 0 exact repeated paragraph/heading/FAQ block(s) shared with sibling pages.,3,"meta_description length=160 chars, h1_count=1.",1,word_count=172; task-support signals=[none].,1,single clear H1 with sufficient body text,1,"last-updated date present; has ""knowledge-sources""/""sources"" block (site-wide check: contains no external citations, only a review date -- see source-audit.csv); no named author or reviewer anywhere on page (sitewide pattern)",1.7
https://waterbalancetools.com/glossary/return-jet,glossary/return-jet.html,glossary,3,Page has no sibling pages in its cluster family for comparison.,1,word_count=176; task-support signals=[none].,1,"word_count=176, heading_count=5.",0,0 sentence(s) with numeric ranges/units detected on page.,3,No chemistry claims with numeric ranges detected on this page.,3,Page participates in 0 exact repeated paragraph/heading/FAQ block(s) shared with sibling pages.,3,"meta_description length=160 chars, h1_count=1.",1,word_count=176; task-support signals=[none].,1,single clear H1 with sufficient body text,1,"last-updated date present; has ""knowledge-sources""/""sources"" block (site-wide check: contains no external citations, only a review date -- see source-audit.csv); no named author or reviewer anywhere on page (sitewide pattern)",1.7
https://waterbalancetools.com/glossary/salt-chlorination,glossary/salt-chlorination.html,glossary,3,Page has no sibling pages in its cluster family for comparison.,1,word_count=178; task-support signals=[none].,1,"word_count=178, heading_count=5.",2,2 sentence(s) with numeric ranges/units detected on page.,2,2 chemistry claim(s) detected; external sources exist sitewide.,3,Page participates in 0 exact repeated paragraph/heading/FAQ block(s) shared with sibling pages.,3,"meta_description length=160 chars, h1_count=1.",1,word_count=178; task-support signals=[none].,1,single clear H1 with sufficient body text,1,"last-updated date present; has ""knowledge-sources""/""sources"" block (site-wide check: contains no external citations, only a review date -- see source-audit.csv); no named author or reviewer anywhere on page (sitewide pattern)",1.8
https://waterbalancetools.com/glossary/sand-filter,glossary/sand-filter.html,glossary,3,Page has no sibling pages in its cluster family for comparison.,1,word_count=210; task-support signals=[none].,2,"word_count=210, heading_count=6.",0,0 sentence(s) with numeric ranges/units detected on page.,3,No chemistry claims with numeric ranges detected on this page.,3,Page participates in 0 exact repeated paragraph/heading/FAQ block(s) shared with sibling pages.,3,"meta_description length=160 chars, h1_count=1.",1,word_count=210; task-support signals=[none].,1,single clear H1 with sufficient body text,1,"last-updated date present; has ""knowledge-sources""/""sources"" block (site-wide check: contains no external citations, only a review date -- see source-audit.csv); no named author or reviewer anywhere on page (sitewide pattern)",1.8
https://waterbalancetools.com/glossary/sanitizer,glossary/sanitizer.html,glossary,3,Page has no sibling pages in its cluster family for comparison.,1,word_count=162; task-support signals=[none].,1,"word_count=162, heading_count=5.",2,2 sentence(s) with numeric ranges/units detected on page.,2,2 chemistry claim(s) detected; external sources exist sitewide.,3,Page participates in 0 exact repeated paragraph/heading/FAQ block(s) shared with sibling pages.,3,"meta_description length=160 chars, h1_count=1.",1,word_count=162; task-support signals=[none].,1,single clear H1 with sufficient body text,1,"last-updated date present; has ""knowledge-sources""/""sources"" block (site-wide check: contains no external citations, only a review date -- see source-audit.csv); no named author or reviewer anywhere on page (sitewide pattern)",1.8
https://waterbalancetools.com/glossary/saturated-ph,glossary/saturated-ph.html,glossary,3,Page has no sibling pages in its cluster family for comparison.,1,word_count=188; task-support signals=[none].,1,"word_count=188, heading_count=5.",0,0 sentence(s) with numeric ranges/units detected on page.,3,No chemistry claims with numeric ranges detected on this page.,3,Page participates in 0 exact repeated paragraph/heading/FAQ block(s) shared with sibling pages.,3,"meta_description length=160 chars, h1_count=1.",1,word_count=188; task-support signals=[none].,1,single clear H1 with sufficient body text,1,"last-updated date present; has ""knowledge-sources""/""sources"" block (site-wide check: contains no external citations, only a review date -- see source-audit.csv); no named author or reviewer anywhere on page (sitewide pattern)",1.7
https://waterbalancetools.com/glossary/saturation-index,glossary/saturation-index.html,glossary,3,Page has no sibling pages in its cluster family for comparison.,1,word_count=196; task-support signals=[none].,1,"word_count=196, heading_count=6.",0,0 sentence(s) with numeric ranges/units detected on page.,3,No chemistry claims with numeric ranges detected on this page.,2,Page participates in 1 exact repeated paragraph/heading/FAQ block(s) shared with sibling pages.,3,"meta_description length=160 chars, h1_count=1.",1,word_count=196; task-support signals=[none].,1,single clear H1 with sufficient body text,1,"last-updated date present; has ""knowledge-sources""/""sources"" block (site-wide check: contains no external citations, only a review date -- see source-audit.csv); no named author or reviewer anywhere on page (sitewide pattern)",1.6
https://waterbalancetools.com/glossary/scale-inhibitor,glossary/scale-inhibitor.html,glossary,3,Page has no sibling pages in its cluster family for comparison.,1,word_count=161; task-support signals=[none].,1,"word_count=161, heading_count=5.",0,0 sentence(s) with numeric ranges/units detected on page.,3,No chemistry claims with numeric ranges detected on this page.,3,Page participates in 0 exact repeated paragraph/heading/FAQ block(s) shared with sibling pages.,3,"meta_description length=160 chars, h1_count=1.",1,word_count=161; task-support signals=[none].,1,single clear H1 with sufficient body text,1,"last-updated date present; has ""knowledge-sources""/""sources"" block (site-wide check: contains no external citations, only a review date -- see source-audit.csv); no named author or reviewer anywhere on page (sitewide pattern)",1.7
https://waterbalancetools.com/glossary/scaling-water,glossary/scaling-water.html,glossary,3,Page has no sibling pages in its cluster family for comparison.,1,word_count=164; task-support signals=[none].,1,"word_count=164, heading_count=5.",0,0 sentence(s) with numeric ranges/units detected on page.,3,No chemistry claims with numeric ranges detected on this page.,3,Page participates in 0 exact repeated paragraph/heading/FAQ block(s) shared with sibling pages.,3,"meta_description length=117 chars, h1_count=1.",1,word_count=164; task-support signals=[none].,1,single clear H1 with sufficient body text,1,"last-updated date present; has ""knowledge-sources""/""sources"" block (site-wide check: contains no external citations, only a review date -- see source-audit.csv); no named author or reviewer anywhere on page (sitewide pattern)",1.7
https://waterbalancetools.com/glossary/shock-dosage,glossary/shock-dosage.html,glossary,3,Page has no sibling pages in its cluster family for comparison.,1,word_count=200; task-support signals=[none].,2,"word_count=200, heading_count=5.",3,3 sentence(s) with numeric ranges/units detected on page.,2,3 chemistry claim(s) detected; external sources exist sitewide.,3,Page participates in 0 exact repeated paragraph/heading/FAQ block(s) shared with sibling pages.,3,"meta_description length=160 chars, h1_count=1.",1,word_count=200; task-support signals=[none].,1,single clear H1 with sufficient body text,1,"last-updated date present; has ""knowledge-sources""/""sources"" block (site-wide check: contains no external citations, only a review date -- see source-audit.csv); no named author or reviewer anywhere on page (sitewide pattern)",2
https://waterbalancetools.com/glossary/shock,glossary/shock.html,glossary,3,"Max 6-word-shingle Jaccard similarity to sibling page ""glossary/superchlorination.html"" in cluster ""glossary"" is 0.19.",1,word_count=233; task-support signals=[none].,2,"word_count=233, heading_count=6.",3,4 sentence(s) with numeric ranges/units detected on page.,2,4 chemistry claim(s) detected; external sources exist sitewide.,2,Page participates in 1 exact repeated paragraph/heading/FAQ block(s) shared with sibling pages.,3,"meta_description length=160 chars, h1_count=1.",1,word_count=233; task-support signals=[none].,1,single clear H1 with sufficient body text,1,"last-updated date present; has ""knowledge-sources""/""sources"" block (site-wide check: contains no external citations, only a review date -- see source-audit.csv); no named author or reviewer anywhere on page (sitewide pattern)",1.9
https://waterbalancetools.com/glossary/skimmer,glossary/skimmer.html,glossary,3,Page has no sibling pages in its cluster family for comparison.,1,word_count=210; task-support signals=[none].,2,"word_count=210, heading_count=6.",0,0 sentence(s) with numeric ranges/units detected on page.,3,No chemistry claims with numeric ranges detected on this page.,3,Page participates in 0 exact repeated paragraph/heading/FAQ block(s) shared with sibling pages.,3,"meta_description length=160 chars, h1_count=1.",1,word_count=210; task-support signals=[none].,1,single clear H1 with sufficient body text,1,"last-updated date present; has ""knowledge-sources""/""sources"" block (site-wide check: contains no external citations, only a review date -- see source-audit.csv); no named author or reviewer anywhere on page (sitewide pattern)",1.8
https://waterbalancetools.com/glossary/sodium-bicarbonate,glossary/sodium-bicarbonate.html,glossary,3,Page has no sibling pages in its cluster family for comparison.,1,word_count=205; task-support signals=[none].,2,"word_count=205, heading_count=6.",3,3 sentence(s) with numeric ranges/units detected on page.,2,3 chemistry claim(s) detected; external sources exist sitewide.,3,Page participates in 0 exact repeated paragraph/heading/FAQ block(s) shared with sibling pages.,3,"meta_description length=160 chars, h1_count=1.",1,word_count=205; task-support signals=[none].,1,single clear H1 with sufficient body text,1,"last-updated date present; has ""knowledge-sources""/""sources"" block (site-wide check: contains no external citations, only a review date -- see source-audit.csv); no named author or reviewer anywhere on page (sitewide pattern)",2
https://waterbalancetools.com/glossary/sodium-bisulfate,glossary/sodium-bisulfate.html,glossary,3,Page has no sibling pages in its cluster family for comparison.,1,word_count=202; task-support signals=[none].,2,"word_count=202, heading_count=5.",2,2 sentence(s) with numeric ranges/units detected on page.,2,2 chemistry claim(s) detected; external sources exist sitewide.,3,Page participates in 0 exact repeated paragraph/heading/FAQ block(s) shared with sibling pages.,3,"meta_description length=160 chars, h1_count=1.",1,word_count=202; task-support signals=[none].,1,single clear H1 with sufficient body text,1,"last-updated date present; has ""knowledge-sources""/""sources"" block (site-wide check: contains no external citations, only a review date -- see source-audit.csv); no named author or reviewer anywhere on page (sitewide pattern)",1.9
https://waterbalancetools.com/glossary/sodium-carbonate,glossary/sodium-carbonate.html,glossary,3,Page has no sibling pages in its cluster family for comparison.,1,word_count=198; task-support signals=[none].,1,"word_count=198, heading_count=6.",0,0 sentence(s) with numeric ranges/units detected on page.,3,No chemistry claims with numeric ranges detected on this page.,2,Page participates in 1 exact repeated paragraph/heading/FAQ block(s) shared with sibling pages.,3,"meta_description length=160 chars, h1_count=1.",1,word_count=198; task-support signals=[none].,1,single clear H1 with sufficient body text,1,"last-updated date present; has ""knowledge-sources""/""sources"" block (site-wide check: contains no external citations, only a review date -- see source-audit.csv); no named author or reviewer anywhere on page (sitewide pattern)",1.6
https://waterbalancetools.com/glossary/sodium-hypochlorite,glossary/sodium-hypochlorite.html,glossary,3,Page has no sibling pages in its cluster family for comparison.,1,word_count=208; task-support signals=[none].,2,"word_count=208, heading_count=6.",3,3 sentence(s) with numeric ranges/units detected on page.,2,3 chemistry claim(s) detected; external sources exist sitewide.,3,Page participates in 0 exact repeated paragraph/heading/FAQ block(s) shared with sibling pages.,3,"meta_description length=160 chars, h1_count=1.",1,word_count=208; task-support signals=[none].,1,single clear H1 with sufficient body text,1,"last-updated date present; has ""knowledge-sources""/""sources"" block (site-wide check: contains no external citations, only a review date -- see source-audit.csv); no named author or reviewer anywhere on page (sitewide pattern)",2
https://waterbalancetools.com/glossary/superchlorination,glossary/superchlorination.html,glossary,3,"Max 6-word-shingle Jaccard similarity to sibling page ""glossary/shock.html"" in cluster ""glossary"" is 0.19.",1,word_count=223; task-support signals=[none].,2,"word_count=223, heading_count=6.",3,4 sentence(s) with numeric ranges/units detected on page.,2,4 chemistry claim(s) detected; external sources exist sitewide.,2,Page participates in 1 exact repeated paragraph/heading/FAQ block(s) shared with sibling pages.,3,"meta_description length=160 chars, h1_count=1.",1,word_count=223; task-support signals=[none].,1,single clear H1 with sufficient body text,1,"last-updated date present; has ""knowledge-sources""/""sources"" block (site-wide check: contains no external citations, only a review date -- see source-audit.csv); no named author or reviewer anywhere on page (sitewide pattern)",1.9
https://waterbalancetools.com/glossary/test-strip,glossary/test-strip.html,glossary,3,Page has no sibling pages in its cluster family for comparison.,1,word_count=186; task-support signals=[none].,1,"word_count=186, heading_count=5.",2,2 sentence(s) with numeric ranges/units detected on page.,2,2 chemistry claim(s) detected; external sources exist sitewide.,3,Page participates in 0 exact repeated paragraph/heading/FAQ block(s) shared with sibling pages.,3,"meta_description length=160 chars, h1_count=1.",1,word_count=186; task-support signals=[none].,1,single clear H1 with sufficient body text,1,"last-updated date present; has ""knowledge-sources""/""sources"" block (site-wide check: contains no external citations, only a review date -- see source-audit.csv); no named author or reviewer anywhere on page (sitewide pattern)",1.8
https://waterbalancetools.com/glossary/total-alkalinity,glossary/total-alkalinity.html,glossary,3,Page has no sibling pages in its cluster family for comparison.,1,word_count=233; task-support signals=[none].,2,"word_count=233, heading_count=6.",3,6 sentence(s) with numeric ranges/units detected on page.,2,6 chemistry claim(s) detected; external sources exist sitewide.,2,Page participates in 1 exact repeated paragraph/heading/FAQ block(s) shared with sibling pages.,3,"meta_description length=160 chars, h1_count=1.",1,word_count=233; task-support signals=[none].,1,single clear H1 with sufficient body text,1,"last-updated date present; has ""knowledge-sources""/""sources"" block (site-wide check: contains no external citations, only a review date -- see source-audit.csv); no named author or reviewer anywhere on page (sitewide pattern)",1.9
https://waterbalancetools.com/glossary/total-chlorine,glossary/total-chlorine.html,glossary,3,Page has no sibling pages in its cluster family for comparison.,1,word_count=207; task-support signals=[none].,2,"word_count=207, heading_count=6.",0,0 sentence(s) with numeric ranges/units detected on page.,3,No chemistry claims with numeric ranges detected on this page.,3,Page participates in 0 exact repeated paragraph/heading/FAQ block(s) shared with sibling pages.,3,"meta_description length=160 chars, h1_count=1.",1,word_count=207; task-support signals=[none].,1,single clear H1 with sufficient body text,1,"last-updated date present; has ""knowledge-sources""/""sources"" block (site-wide check: contains no external citations, only a review date -- see source-audit.csv); no named author or reviewer anywhere on page (sitewide pattern)",1.8
https://waterbalancetools.com/glossary/total-dissolved-solids,glossary/total-dissolved-solids.html,glossary,3,Page has no sibling pages in its cluster family for comparison.,1,word_count=236; task-support signals=[none].,2,"word_count=236, heading_count=6.",3,4 sentence(s) with numeric ranges/units detected on page.,2,4 chemistry claim(s) detected; external sources exist sitewide.,3,Page participates in 0 exact repeated paragraph/heading/FAQ block(s) shared with sibling pages.,3,"meta_description length=160 chars, h1_count=1.",1,word_count=236; task-support signals=[none].,1,single clear H1 with sufficient body text,1,"last-updated date present; has ""knowledge-sources""/""sources"" block (site-wide check: contains no external citations, only a review date -- see source-audit.csv); no named author or reviewer anywhere on page (sitewide pattern)",2
https://waterbalancetools.com/glossary/total-hardness,glossary/total-hardness.html,glossary,3,Page has no sibling pages in its cluster family for comparison.,1,word_count=195; task-support signals=[none].,1,"word_count=195, heading_count=5.",3,3 sentence(s) with numeric ranges/units detected on page.,2,3 chemistry claim(s) detected; external sources exist sitewide.,3,Page participates in 0 exact repeated paragraph/heading/FAQ block(s) shared with sibling pages.,3,"meta_description length=160 chars, h1_count=1.",1,word_count=195; task-support signals=[none].,1,single clear H1 with sufficient body text,1,"last-updated date present; has ""knowledge-sources""/""sources"" block (site-wide check: contains no external citations, only a review date -- see source-audit.csv); no named author or reviewer anywhere on page (sitewide pattern)",1.9
https://waterbalancetools.com/glossary/trichlor,glossary/trichlor.html,glossary,3,Page has no sibling pages in its cluster family for comparison.,1,word_count=220; task-support signals=[none].,2,"word_count=220, heading_count=6.",3,3 sentence(s) with numeric ranges/units detected on page.,2,3 chemistry claim(s) detected; external sources exist sitewide.,3,Page participates in 0 exact repeated paragraph/heading/FAQ block(s) shared with sibling pages.,3,"meta_description length=160 chars, h1_count=1.",1,word_count=220; task-support signals=[none].,1,single clear H1 with sufficient body text,1,"last-updated date present; has ""knowledge-sources""/""sources"" block (site-wide check: contains no external citations, only a review date -- see source-audit.csv); no named author or reviewer anywhere on page (sitewide pattern)",2
https://waterbalancetools.com/glossary/turbidity,glossary/turbidity.html,glossary,3,Page has no sibling pages in its cluster family for comparison.,1,word_count=173; task-support signals=[none].,1,"word_count=173, heading_count=5.",0,0 sentence(s) with numeric ranges/units detected on page.,3,No chemistry claims with numeric ranges detected on this page.,3,Page participates in 0 exact repeated paragraph/heading/FAQ block(s) shared with sibling pages.,3,"meta_description length=160 chars, h1_count=1.",1,word_count=173; task-support signals=[none].,1,single clear H1 with sufficient body text,1,"last-updated date present; has ""knowledge-sources""/""sources"" block (site-wide check: contains no external citations, only a review date -- see source-audit.csv); no named author or reviewer anywhere on page (sitewide pattern)",1.7
https://waterbalancetools.com/glossary/uv-sanitization,glossary/uv-sanitization.html,glossary,3,Page has no sibling pages in its cluster family for comparison.,1,word_count=184; task-support signals=[none].,1,"word_count=184, heading_count=5.",3,3 sentence(s) with numeric ranges/units detected on page.,2,3 chemistry claim(s) detected; external sources exist sitewide.,3,Page participates in 0 exact repeated paragraph/heading/FAQ block(s) shared with sibling pages.,3,"meta_description length=160 chars, h1_count=1.",1,word_count=184; task-support signals=[none].,1,single clear H1 with sufficient body text,1,"last-updated date present; has ""knowledge-sources""/""sources"" block (site-wide check: contains no external citations, only a review date -- see source-audit.csv); no named author or reviewer anywhere on page (sitewide pattern)",1.9
https://waterbalancetools.com/glossary/water-balance-checklist,glossary/water-balance-checklist.html,glossary,3,Page has no sibling pages in its cluster family for comparison.,1,word_count=187; task-support signals=[none].,1,"word_count=187, heading_count=5.",2,1 sentence(s) with numeric ranges/units detected on page.,2,1 chemistry claim(s) detected; external sources exist sitewide.,3,Page participates in 0 exact repeated paragraph/heading/FAQ block(s) shared with sibling pages.,3,"meta_description length=160 chars, h1_count=1.",1,word_count=187; task-support signals=[none].,1,single clear H1 with sufficient body text,1,"last-updated date present; has ""knowledge-sources""/""sources"" block (site-wide check: contains no external citations, only a review date -- see source-audit.csv); no named author or reviewer anywhere on page (sitewide pattern)",1.8
https://waterbalancetools.com/glossary/water-temperature,glossary/water-temperature.html,glossary,3,Page has no sibling pages in its cluster family for comparison.,1,word_count=198; task-support signals=[none].,1,"word_count=198, heading_count=6.",3,4 sentence(s) with numeric ranges/units detected on page.,2,4 chemistry claim(s) detected; external sources exist sitewide.,3,Page participates in 0 exact repeated paragraph/heading/FAQ block(s) shared with sibling pages.,3,"meta_description length=160 chars, h1_count=1.",1,word_count=198; task-support signals=[none].,1,single clear H1 with sufficient body text,1,"last-updated date present; has ""knowledge-sources""/""sources"" block (site-wide check: contains no external citations, only a review date -- see source-audit.csv); no named author or reviewer anywhere on page (sitewide pattern)",1.9
https://waterbalancetools.com/glossary/water-test-log,glossary/water-test-log.html,glossary,3,Page has no sibling pages in its cluster family for comparison.,1,word_count=191; task-support signals=[none].,1,"word_count=191, heading_count=6.",0,0 sentence(s) with numeric ranges/units detected on page.,3,No chemistry claims with numeric ranges detected on this page.,3,Page participates in 0 exact repeated paragraph/heading/FAQ block(s) shared with sibling pages.,3,"meta_description length=160 chars, h1_count=1.",1,word_count=191; task-support signals=[none].,1,single clear H1 with sufficient body text,1,"last-updated date present; has ""knowledge-sources""/""sources"" block (site-wide check: contains no external citations, only a review date -- see source-audit.csv); no named author or reviewer anywhere on page (sitewide pattern)",1.7
https://waterbalancetools.com/glossary/winterization,glossary/winterization.html,glossary,3,Page has no sibling pages in its cluster family for comparison.,1,word_count=219; task-support signals=[none].,2,"word_count=219, heading_count=6.",2,2 sentence(s) with numeric ranges/units detected on page.,2,2 chemistry claim(s) detected; external sources exist sitewide.,3,Page participates in 0 exact repeated paragraph/heading/FAQ block(s) shared with sibling pages.,3,"meta_description length=160 chars, h1_count=1.",1,word_count=219; task-support signals=[none].,1,single clear H1 with sufficient body text,1,"last-updated date present; has ""knowledge-sources""/""sources"" block (site-wide check: contains no external citations, only a review date -- see source-audit.csv); no named author or reviewer anywhere on page (sitewide pattern)",1.9
https://waterbalancetools.com/guides/advanced/chlorine-breakdown-sunlight,guides/advanced/chlorine-breakdown-sunlight.html,guides/advanced,3,Page has no sibling pages in its cluster family for comparison.,2,word_count=407; task-support signals=[3 FAQ items].,3,"word_count=407, heading_count=14.",2,1 sentence(s) with numeric ranges/units detected on page.,2,1 chemistry claim(s) detected; external sources exist sitewide.,2,Page participates in 1 exact repeated paragraph/heading/FAQ block(s) shared with sibling pages.,3,"meta_description length=92 chars, h1_count=1.",2,word_count=407; task-support signals=[3 FAQ items].,2,3 FAQ item(s); single clear H1 with sufficient body text,1,last-updated date present; no named author or reviewer anywhere on page (sitewide pattern),2.2
https://waterbalancetools.com/guides/advanced/chlorine-vs-saltwater,guides/advanced/chlorine-vs-saltwater.html,guides/advanced,3,Page has no sibling pages in its cluster family for comparison.,2,word_count=465; task-support signals=[3 FAQ items].,3,"word_count=465, heading_count=14.",2,2 sentence(s) with numeric ranges/units detected on page.,2,2 chemistry claim(s) detected; external sources exist sitewide.,2,Page participates in 1 exact repeated paragraph/heading/FAQ block(s) shared with sibling pages.,3,"meta_description length=117 chars, h1_count=1.",2,word_count=465; task-support signals=[3 FAQ items].,2,3 FAQ item(s); single clear H1 with sufficient body text,1,last-updated date present; no named author or reviewer anywhere on page (sitewide pattern),2.2
https://waterbalancetools.com/guides/advanced/cya-stabilizer-explained,guides/advanced/cya-stabilizer-explained.html,guides/advanced,3,Page has no sibling pages in its cluster family for comparison.,2,word_count=356; task-support signals=[3 FAQ items].,2,"word_count=356, heading_count=14.",2,1 sentence(s) with numeric ranges/units detected on page.,2,1 chemistry claim(s) detected; external sources exist sitewide.,2,Page participates in 1 exact repeated paragraph/heading/FAQ block(s) shared with sibling pages.,3,"meta_description length=103 chars, h1_count=1.",2,word_count=356; task-support signals=[3 FAQ items].,2,3 FAQ item(s); single clear H1 with sufficient body text,1,last-updated date present; no named author or reviewer anywhere on page (sitewide pattern),2.1
https://waterbalancetools.com/guides/advanced/,guides/advanced/index.html,guides/advanced,3,Page has no sibling pages in its cluster family for comparison.,1,word_count=382; task-support signals=[none].,2,"word_count=382, heading_count=9.",2,1 sentence(s) with numeric ranges/units detected on page.,2,1 chemistry claim(s) detected; external sources exist sitewide.,3,Page participates in 0 exact repeated paragraph/heading/FAQ block(s) shared with sibling pages.,3,"meta_description length=72 chars, h1_count=1.",1,word_count=382; task-support signals=[none].,1,single clear H1 with sufficient body text,1,last-updated date present; no named author or reviewer anywhere on page (sitewide pattern),1.9
https://waterbalancetools.com/guides/advanced/pool-chemistry-balance-explained,guides/advanced/pool-chemistry-balance-explained.html,guides/advanced,3,Page has no sibling pages in its cluster family for comparison.,2,word_count=393; task-support signals=[3 FAQ items].,2,"word_count=393, heading_count=14.",0,0 sentence(s) with numeric ranges/units detected on page.,3,No chemistry claims with numeric ranges detected on this page.,2,Page participates in 1 exact repeated paragraph/heading/FAQ block(s) shared with sibling pages.,3,"meta_description length=122 chars, h1_count=1.",2,word_count=393; task-support signals=[3 FAQ items].,2,3 FAQ item(s); single clear H1 with sufficient body text,1,last-updated date present; no named author or reviewer anywhere on page (sitewide pattern),2
https://waterbalancetools.com/guides/alkalinity-guide,guides/alkalinity-guide.html,guides,2,"Max 6-word-shingle Jaccard similarity to sibling page ""guides/hot-tub-chemistry.html"" in cluster ""guides"" is 0.30.",1,word_count=213; task-support signals=[none].,2,"word_count=213, heading_count=6.",2,2 sentence(s) with numeric ranges/units detected on page.,2,2 chemistry claim(s) detected; external sources exist sitewide.,1,Page participates in 3 exact repeated paragraph/heading/FAQ block(s) shared with sibling pages.,3,"meta_description length=67 chars, h1_count=1.",1,word_count=213; task-support signals=[none].,1,single clear H1 with sufficient body text,1,last-updated date present; no named author or reviewer anywhere on page (sitewide pattern),1.6
https://waterbalancetools.com/guides/chlorine-guide,guides/chlorine-guide.html,guides,3,"Max 6-word-shingle Jaccard similarity to sibling page ""guides/alkalinity-guide.html"" in cluster ""guides"" is 0.20.",1,word_count=356; task-support signals=[none].,2,"word_count=356, heading_count=6.",2,2 sentence(s) with numeric ranges/units detected on page.,2,2 chemistry claim(s) detected; external sources exist sitewide.,1,Page participates in 3 exact repeated paragraph/heading/FAQ block(s) shared with sibling pages.,3,"meta_description length=76 chars, h1_count=1.",1,word_count=356; task-support signals=[none].,1,single clear H1 with sufficient body text,1,last-updated date present; no named author or reviewer anywhere on page (sitewide pattern),1.7
https://waterbalancetools.com/guides/chlorine/chlorine-too-high-after-shocking,guides/chlorine/chlorine-too-high-after-shocking.html,guides/chlorine,3,Page has no sibling pages in its cluster family for comparison.,3,"word_count=441; task-support signals=[table present, quick-answer block present].",3,"word_count=441, heading_count=11.",3,8 sentence(s) with numeric ranges/units detected on page.,2,8 chemistry claim(s) detected; external sources exist sitewide.,2,Page participates in 1 exact repeated paragraph/heading/FAQ block(s) shared with sibling pages.,3,"meta_description length=134 chars, h1_count=1.",3,"word_count=441; task-support signals=[table present, quick-answer block present].",2,quick-answer block; single clear H1 with sufficient body text,1,last-updated date present; no named author or reviewer anywhere on page (sitewide pattern),2.5
https://waterbalancetools.com/guides/chlorine/free-chlorine-vs-total-chlorine,guides/chlorine/free-chlorine-vs-total-chlorine.html,guides/chlorine,3,Page has no sibling pages in its cluster family for comparison.,3,"word_count=436; task-support signals=[table present, quick-answer block present].",3,"word_count=436, heading_count=12.",3,7 sentence(s) with numeric ranges/units detected on page.,2,7 chemistry claim(s) detected; external sources exist sitewide.,2,Page participates in 1 exact repeated paragraph/heading/FAQ block(s) shared with sibling pages.,3,"meta_description length=144 chars, h1_count=1.",3,"word_count=436; task-support signals=[table present, quick-answer block present].",2,quick-answer block; single clear H1 with sufficient body text,1,last-updated date present; no named author or reviewer anywhere on page (sitewide pattern),2.5
https://waterbalancetools.com/guides/chlorine/how-often-should-i-shock-my-pool,guides/chlorine/how-often-should-i-shock-my-pool.html,guides/chlorine,3,Page has no sibling pages in its cluster family for comparison.,3,"word_count=485; task-support signals=[table present, quick-answer block present].",3,"word_count=485, heading_count=13.",3,5 sentence(s) with numeric ranges/units detected on page.,2,5 chemistry claim(s) detected; external sources exist sitewide.,2,Page participates in 1 exact repeated paragraph/heading/FAQ block(s) shared with sibling pages.,3,"meta_description length=135 chars, h1_count=1.",3,"word_count=485; task-support signals=[table present, quick-answer block present].",2,quick-answer block; single clear H1 with sufficient body text,1,last-updated date present; no named author or reviewer anywhere on page (sitewide pattern),2.5
https://waterbalancetools.com/guides/chlorine/,guides/chlorine/index.html,guides/chlorine,3,Page has no sibling pages in its cluster family for comparison.,1,word_count=453; task-support signals=[none].,3,"word_count=453, heading_count=9.",2,1 sentence(s) with numeric ranges/units detected on page.,2,1 chemistry claim(s) detected; external sources exist sitewide.,3,Page participates in 0 exact repeated paragraph/heading/FAQ block(s) shared with sibling pages.,3,"meta_description length=75 chars, h1_count=1.",1,word_count=453; task-support signals=[none].,1,single clear H1 with sufficient body text,1,last-updated date present; no named author or reviewer anywhere on page (sitewide pattern),2
https://waterbalancetools.com/guides/chlorine/why-pool-chlorine-disappears-overnight,guides/chlorine/why-pool-chlorine-disappears-overnight.html,guides/chlorine,3,Page has no sibling pages in its cluster family for comparison.,3,"word_count=474; task-support signals=[table present, quick-answer block present].",3,"word_count=474, heading_count=12.",3,7 sentence(s) with numeric ranges/units detected on page.,2,7 chemistry claim(s) detected; external sources exist sitewide.,2,Page participates in 1 exact repeated paragraph/heading/FAQ block(s) shared with sibling pages.,3,"meta_description length=129 chars, h1_count=1.",3,"word_count=474; task-support signals=[table present, quick-answer block present].",2,quick-answer block; single clear H1 with sufficient body text,1,last-updated date present; no named author or reviewer anywhere on page (sitewide pattern),2.5
https://waterbalancetools.com/guides/chlorine/why-pool-wont-hold-chlorine,guides/chlorine/why-pool-wont-hold-chlorine.html,guides/chlorine,3,Page has no sibling pages in its cluster family for comparison.,3,"word_count=412; task-support signals=[table present, quick-answer block present].",3,"word_count=412, heading_count=11.",3,6 sentence(s) with numeric ranges/units detected on page.,2,6 chemistry claim(s) detected; external sources exist sitewide.,2,Page participates in 1 exact repeated paragraph/heading/FAQ block(s) shared with sibling pages.,3,"meta_description length=133 chars, h1_count=1.",3,"word_count=412; task-support signals=[table present, quick-answer block present].",2,quick-answer block; single clear H1 with sufficient body text,1,last-updated date present; no named author or reviewer anywhere on page (sitewide pattern),2.5
https://waterbalancetools.com/guides/edge-cases/evaporation-effect-on-pool-chemistry,guides/edge-cases/evaporation-effect-on-pool-chemistry.html,guides/edge-cases,3,Page has no sibling pages in its cluster family for comparison.,1,word_count=357; task-support signals=[none].,2,"word_count=357, heading_count=10.",2,1 sentence(s) with numeric ranges/units detected on page.,2,1 chemistry claim(s) detected; external sources exist sitewide.,2,Page participates in 1 exact repeated paragraph/heading/FAQ block(s) shared with sibling pages.,3,"meta_description length=139 chars, h1_count=1.",1,word_count=357; task-support signals=[none].,1,single clear H1 with sufficient body text,1,last-updated date present; no named author or reviewer anywhere on page (sitewide pattern),1.8
https://waterbalancetools.com/guides/edge-cases/high-cya-chlorine-lock,guides/edge-cases/high-cya-chlorine-lock.html,guides/edge-cases,3,Page has no sibling pages in its cluster family for comparison.,1,word_count=247; task-support signals=[none].,2,"word_count=247, heading_count=10.",2,1 sentence(s) with numeric ranges/units detected on page.,2,1 chemistry claim(s) detected; external sources exist sitewide.,2,Page participates in 1 exact repeated paragraph/heading/FAQ block(s) shared with sibling pages.,3,"meta_description length=116 chars, h1_count=1.",1,word_count=247; task-support signals=[none].,1,single clear H1 with sufficient body text,1,last-updated date present; no named author or reviewer anywhere on page (sitewide pattern),1.8
https://waterbalancetools.com/guides/edge-cases/,guides/edge-cases/index.html,guides/edge-cases,3,Page has no sibling pages in its cluster family for comparison.,1,word_count=524; task-support signals=[none].,3,"word_count=524, heading_count=9.",0,0 sentence(s) with numeric ranges/units detected on page.,3,No chemistry claims with numeric ranges detected on this page.,2,Page participates in 2 exact repeated paragraph/heading/FAQ block(s) shared with sibling pages.,3,"meta_description length=65 chars, h1_count=1.",1,word_count=524; task-support signals=[none].,1,single clear H1 with sufficient body text,1,last-updated date present; no named author or reviewer anywhere on page (sitewide pattern),1.8
https://waterbalancetools.com/guides/edge-cases/over-shocking-pool-effects,guides/edge-cases/over-shocking-pool-effects.html,guides/edge-cases,3,Page has no sibling pages in its cluster family for comparison.,1,word_count=237; task-support signals=[none].,2,"word_count=237, heading_count=10.",2,2 sentence(s) with numeric ranges/units detected on page.,2,2 chemistry claim(s) detected; external sources exist sitewide.,2,Page participates in 1 exact repeated paragraph/heading/FAQ block(s) shared with sibling pages.,3,"meta_description length=113 chars, h1_count=1.",1,word_count=237; task-support signals=[none].,1,single clear H1 with sufficient body text,1,last-updated date present; no named author or reviewer anywhere on page (sitewide pattern),1.8
https://waterbalancetools.com/guides/edge-cases/pool-temperature-effect-chlorine,guides/edge-cases/pool-temperature-effect-chlorine.html,guides/edge-cases,3,Page has no sibling pages in its cluster family for comparison.,1,word_count=230; task-support signals=[none].,2,"word_count=230, heading_count=10.",3,3 sentence(s) with numeric ranges/units detected on page.,2,3 chemistry claim(s) detected; external sources exist sitewide.,2,Page participates in 1 exact repeated paragraph/heading/FAQ block(s) shared with sibling pages.,3,"meta_description length=80 chars, h1_count=1.",1,word_count=230; task-support signals=[none].,1,single clear H1 with sufficient body text,1,last-updated date present; no named author or reviewer anywhere on page (sitewide pattern),1.9
https://waterbalancetools.com/guides/edge-cases/rain-effect-on-pool-chemistry,guides/edge-cases/rain-effect-on-pool-chemistry.html,guides/edge-cases,3,Page has no sibling pages in its cluster family for comparison.,1,word_count=237; task-support signals=[none].,2,"word_count=237, heading_count=10.",2,2 sentence(s) with numeric ranges/units detected on page.,2,2 chemistry claim(s) detected; external sources exist sitewide.,2,Page participates in 1 exact repeated paragraph/heading/FAQ block(s) shared with sibling pages.,3,"meta_description length=107 chars, h1_count=1.",1,word_count=237; task-support signals=[none].,1,single clear H1 with sufficient body text,1,last-updated date present; no named author or reviewer anywhere on page (sitewide pattern),1.8
https://waterbalancetools.com/guides/edge-cases/swimming-after-shocking-pool,guides/edge-cases/swimming-after-shocking-pool.html,guides/edge-cases,3,Page has no sibling pages in its cluster family for comparison.,1,word_count=252; task-support signals=[none].,2,"word_count=252, heading_count=10.",2,2 sentence(s) with numeric ranges/units detected on page.,2,2 chemistry claim(s) detected; external sources exist sitewide.,2,Page participates in 1 exact repeated paragraph/heading/FAQ block(s) shared with sibling pages.,3,"meta_description length=146 chars, h1_count=1.",1,word_count=252; task-support signals=[none].,1,single clear H1 with sufficient body text,1,last-updated date present; no named author or reviewer anywhere on page (sitewide pattern),1.8
https://waterbalancetools.com/guides/hot-tub-chemistry,guides/hot-tub-chemistry.html,guides,2,"Max 6-word-shingle Jaccard similarity to sibling page ""guides/alkalinity-guide.html"" in cluster ""guides"" is 0.30.",1,word_count=213; task-support signals=[none].,2,"word_count=213, heading_count=5.",2,1 sentence(s) with numeric ranges/units detected on page.,2,1 chemistry claim(s) detected; external sources exist sitewide.,1,Page participates in 3 exact repeated paragraph/heading/FAQ block(s) shared with sibling pages.,3,"meta_description length=67 chars, h1_count=1.",1,word_count=213; task-support signals=[none].,1,single clear H1 with sufficient body text,1,last-updated date present; no named author or reviewer anywhere on page (sitewide pattern),1.6
https://waterbalancetools.com/guides/hot-tub-maintenance,guides/hot-tub-maintenance.html,guides,2,"Max 6-word-shingle Jaccard similarity to sibling page ""guides/hot-tub-chemistry.html"" in cluster ""guides"" is 0.28.",1,word_count=223; task-support signals=[none].,2,"word_count=223, heading_count=5.",2,2 sentence(s) with numeric ranges/units detected on page.,2,2 chemistry claim(s) detected; external sources exist sitewide.,1,Page participates in 4 exact repeated paragraph/heading/FAQ block(s) shared with sibling pages.,3,"meta_description length=89 chars, h1_count=1.",1,word_count=223; task-support signals=[none].,1,single clear H1 with sufficient body text,1,last-updated date present; no named author or reviewer anywhere on page (sitewide pattern),1.6
https://waterbalancetools.com/guides/hot-tub/hot-tub-alkalinity-too-high,guides/hot-tub/hot-tub-alkalinity-too-high.html,guides/hot-tub,3,Page has no sibling pages in its cluster family for comparison.,3,"word_count=415; task-support signals=[table present, quick-answer block present].",3,"word_count=415, heading_count=11.",3,4 sentence(s) with numeric ranges/units detected on page.,2,4 chemistry claim(s) detected; external sources exist sitewide.,2,Page participates in 1 exact repeated paragraph/heading/FAQ block(s) shared with sibling pages.,3,"meta_description length=123 chars, h1_count=1.",3,"word_count=415; task-support signals=[table present, quick-answer block present].",2,quick-answer block; single clear H1 with sufficient body text,1,last-updated date present; no named author or reviewer anywhere on page (sitewide pattern),2.5
https://waterbalancetools.com/guides/hot-tub/hot-tub-chlorine-too-high,guides/hot-tub/hot-tub-chlorine-too-high.html,guides/hot-tub,3,Page has no sibling pages in its cluster family for comparison.,3,"word_count=446; task-support signals=[table present, quick-answer block present].",3,"word_count=446, heading_count=11.",3,7 sentence(s) with numeric ranges/units detected on page.,2,7 chemistry claim(s) detected; external sources exist sitewide.,2,Page participates in 1 exact repeated paragraph/heading/FAQ block(s) shared with sibling pages.,3,"meta_description length=132 chars, h1_count=1.",3,"word_count=446; task-support signals=[table present, quick-answer block present].",2,quick-answer block; single clear H1 with sufficient body text,1,last-updated date present; no named author or reviewer anywhere on page (sitewide pattern),2.5
https://waterbalancetools.com/guides/hot-tub/hot-tub-chlorine-too-low,guides/hot-tub/hot-tub-chlorine-too-low.html,guides/hot-tub,3,Page has no sibling pages in its cluster family for comparison.,3,"word_count=409; task-support signals=[table present, quick-answer block present].",3,"word_count=409, heading_count=10.",3,8 sentence(s) with numeric ranges/units detected on page.,2,8 chemistry claim(s) detected; external sources exist sitewide.,2,Page participates in 1 exact repeated paragraph/heading/FAQ block(s) shared with sibling pages.,3,"meta_description length=128 chars, h1_count=1.",3,"word_count=409; task-support signals=[table present, quick-answer block present].",2,quick-answer block; single clear H1 with sufficient body text,1,last-updated date present; no named author or reviewer anywhere on page (sitewide pattern),2.5
https://waterbalancetools.com/guides/hot-tub/hot-tub-ph-too-low,guides/hot-tub/hot-tub-ph-too-low.html,guides/hot-tub,3,Page has no sibling pages in its cluster family for comparison.,3,"word_count=416; task-support signals=[table present, quick-answer block present].",3,"word_count=416, heading_count=10.",2,2 sentence(s) with numeric ranges/units detected on page.,2,2 chemistry claim(s) detected; external sources exist sitewide.,2,Page participates in 1 exact repeated paragraph/heading/FAQ block(s) shared with sibling pages.,3,"meta_description length=126 chars, h1_count=1.",3,"word_count=416; task-support signals=[table present, quick-answer block present].",2,quick-answer block; single clear H1 with sufficient body text,1,last-updated date present; no named author or reviewer anywhere on page (sitewide pattern),2.4
https://waterbalancetools.com/guides/hot-tub/how-often-to-shock-a-hot-tub,guides/hot-tub/how-often-to-shock-a-hot-tub.html,guides/hot-tub,3,Page has no sibling pages in its cluster family for comparison.,3,"word_count=408; task-support signals=[table present, quick-answer block present].",3,"word_count=408, heading_count=11.",2,2 sentence(s) with numeric ranges/units detected on page.,2,2 chemistry claim(s) detected; external sources exist sitewide.,2,Page participates in 1 exact repeated paragraph/heading/FAQ block(s) shared with sibling pages.,3,"meta_description length=128 chars, h1_count=1.",3,"word_count=408; task-support signals=[table present, quick-answer block present].",2,quick-answer block; single clear H1 with sufficient body text,1,last-updated date present; no named author or reviewer anywhere on page (sitewide pattern),2.4
https://waterbalancetools.com/guides/hot-tub/,guides/hot-tub/index.html,guides/hot-tub,3,Page has no sibling pages in its cluster family for comparison.,1,word_count=466; task-support signals=[none].,3,"word_count=466, heading_count=9.",3,3 sentence(s) with numeric ranges/units detected on page.,2,3 chemistry claim(s) detected; external sources exist sitewide.,3,Page participates in 0 exact repeated paragraph/heading/FAQ block(s) shared with sibling pages.,3,"meta_description length=66 chars, h1_count=1.",1,word_count=466; task-support signals=[none].,1,single clear H1 with sufficient body text,1,last-updated date present; no named author or reviewer anywhere on page (sitewide pattern),2.1
https://waterbalancetools.com/guides/,guides/index.html,guides,3,Page has no sibling pages in its cluster family for comparison.,1,word_count=472; task-support signals=[none].,3,"word_count=472, heading_count=10.",2,1 sentence(s) with numeric ranges/units detected on page.,2,1 chemistry claim(s) detected; external sources exist sitewide.,3,Page participates in 0 exact repeated paragraph/heading/FAQ block(s) shared with sibling pages.,3,"meta_description length=70 chars, h1_count=1.",1,word_count=472; task-support signals=[none].,1,single clear H1 with sufficient body text,1,last-updated date present; no named author or reviewer anywhere on page (sitewide pattern),2
https://waterbalancetools.com/guides/ph-guide,guides/ph-guide.html,guides,2,"Max 6-word-shingle Jaccard similarity to sibling page ""guides/hot-tub-chemistry.html"" in cluster ""guides"" is 0.28.",1,word_count=244; task-support signals=[none].,2,"word_count=244, heading_count=6.",2,1 sentence(s) with numeric ranges/units detected on page.,2,1 chemistry claim(s) detected; external sources exist sitewide.,1,Page participates in 3 exact repeated paragraph/heading/FAQ block(s) shared with sibling pages.,3,"meta_description length=75 chars, h1_count=1.",1,word_count=244; task-support signals=[none].,1,single clear H1 with sufficient body text,1,last-updated date present; no named author or reviewer anywhere on page (sitewide pattern),1.6
https://waterbalancetools.com/guides/ph/can-you-swim-in-high-ph-water,guides/ph/can-you-swim-in-high-ph-water.html,guides/ph,3,Page has no sibling pages in its cluster family for comparison.,3,"word_count=491; task-support signals=[table present, 3 FAQ items, quick-answer block present].",3,"word_count=491, heading_count=11.",3,4 sentence(s) with numeric ranges/units detected on page.,2,4 chemistry claim(s) detected; external sources exist sitewide.,2,Page participates in 1 exact repeated paragraph/heading/FAQ block(s) shared with sibling pages.,3,"meta_description length=142 chars, h1_count=1.",3,"word_count=491; task-support signals=[table present, 3 FAQ items, quick-answer block present].",3,quick-answer block; 3 FAQ item(s); single clear H1 with sufficient body text,1,last-updated date present; no named author or reviewer anywhere on page (sitewide pattern),2.6
https://waterbalancetools.com/guides/ph/does-rain-lower-pool-ph,guides/ph/does-rain-lower-pool-ph.html,guides/ph,3,Page has no sibling pages in its cluster family for comparison.,3,"word_count=496; task-support signals=[table present, 3 FAQ items, quick-answer block present].",3,"word_count=496, heading_count=11.",1,0 sentence(s) with numeric ranges/units detected on page.,3,No chemistry claims with numeric ranges detected on this page.,2,Page participates in 1 exact repeated paragraph/heading/FAQ block(s) shared with sibling pages.,3,"meta_description length=132 chars, h1_count=1.",3,"word_count=496; task-support signals=[table present, 3 FAQ items, quick-answer block present].",3,quick-answer block; 3 FAQ item(s); single clear H1 with sufficient body text,1,last-updated date present; no named author or reviewer anywhere on page (sitewide pattern),2.5
https://waterbalancetools.com/guides/ph/how-to-lower-pool-ph,guides/ph/how-to-lower-pool-ph.html,guides/ph,3,Page has no sibling pages in its cluster family for comparison.,3,"word_count=572; task-support signals=[table present, 4 FAQ items, quick-answer block present].",3,"word_count=572, heading_count=11.",3,4 sentence(s) with numeric ranges/units detected on page.,2,4 chemistry claim(s) detected; external sources exist sitewide.,2,Page participates in 1 exact repeated paragraph/heading/FAQ block(s) shared with sibling pages.,3,"meta_description length=130 chars, h1_count=1.",3,"word_count=572; task-support signals=[table present, 4 FAQ items, quick-answer block present].",3,quick-answer block; 4 FAQ item(s); single clear H1 with sufficient body text,1,last-updated date present; no named author or reviewer anywhere on page (sitewide pattern),2.6
https://waterbalancetools.com/guides/ph/,guides/ph/index.html,guides/ph,3,Page has no sibling pages in its cluster family for comparison.,1,word_count=438; task-support signals=[none].,3,"word_count=438, heading_count=9.",0,0 sentence(s) with numeric ranges/units detected on page.,3,No chemistry claims with numeric ranges detected on this page.,3,Page participates in 0 exact repeated paragraph/heading/FAQ block(s) shared with sibling pages.,3,"meta_description length=81 chars, h1_count=1.",1,word_count=438; task-support signals=[none].,1,single clear H1 with sufficient body text,1,last-updated date present; no named author or reviewer anywhere on page (sitewide pattern),1.9
https://waterbalancetools.com/guides/ph/what-causes-high-pool-ph,guides/ph/what-causes-high-pool-ph.html,guides/ph,3,Page has no sibling pages in its cluster family for comparison.,3,"word_count=523; task-support signals=[table present, 3 FAQ items, quick-answer block present].",3,"word_count=523, heading_count=11.",3,3 sentence(s) with numeric ranges/units detected on page.,2,3 chemistry claim(s) detected; external sources exist sitewide.,2,Page participates in 1 exact repeated paragraph/heading/FAQ block(s) shared with sibling pages.,3,"meta_description length=127 chars, h1_count=1.",3,"word_count=523; task-support signals=[table present, 3 FAQ items, quick-answer block present].",3,quick-answer block; 3 FAQ item(s); single clear H1 with sufficient body text,1,last-updated date present; no named author or reviewer anywhere on page (sitewide pattern),2.6
https://waterbalancetools.com/guides/ph/why-pool-ph-keeps-rising,guides/ph/why-pool-ph-keeps-rising.html,guides/ph,3,Page has no sibling pages in its cluster family for comparison.,3,"word_count=581; task-support signals=[table present, 4 FAQ items, quick-answer block present].",3,"word_count=581, heading_count=11.",3,3 sentence(s) with numeric ranges/units detected on page.,2,3 chemistry claim(s) detected; external sources exist sitewide.,2,Page participates in 1 exact repeated paragraph/heading/FAQ block(s) shared with sibling pages.,3,"meta_description length=117 chars, h1_count=1.",3,"word_count=581; task-support signals=[table present, 4 FAQ items, quick-answer block present].",3,quick-answer block; 4 FAQ item(s); single clear H1 with sufficient body text,1,last-updated date present; no named author or reviewer anywhere on page (sitewide pattern),2.6
https://waterbalancetools.com/guides/pool-chemistry-basics,guides/pool-chemistry-basics.html,guides,3,"Max 6-word-shingle Jaccard similarity to sibling page ""guides/alkalinity-guide.html"" in cluster ""guides"" is 0.21.",1,word_count=314; task-support signals=[none].,2,"word_count=314, heading_count=6.",3,3 sentence(s) with numeric ranges/units detected on page.,2,3 chemistry claim(s) detected; external sources exist sitewide.,1,Page participates in 4 exact repeated paragraph/heading/FAQ block(s) shared with sibling pages.,3,"meta_description length=95 chars, h1_count=1.",1,word_count=314; task-support signals=[none].,1,single clear H1 with sufficient body text,1,last-updated date present; no named author or reviewer anywhere on page (sitewide pattern),1.8
https://waterbalancetools.com/guides/questions/can-rain-affect-pool-chemistry,guides/questions/can-rain-affect-pool-chemistry.html,guides/questions,3,Page has no sibling pages in its cluster family for comparison.,3,"word_count=684; task-support signals=[table present, 4 FAQ items, quick-answer block present].",3,"word_count=684, heading_count=12.",3,3 sentence(s) with numeric ranges/units detected on page.,2,3 chemistry claim(s) detected; external sources exist sitewide.,2,Page participates in 1 exact repeated paragraph/heading/FAQ block(s) shared with sibling pages.,3,"meta_description length=151 chars, h1_count=1.",3,"word_count=684; task-support signals=[table present, 4 FAQ items, quick-answer block present].",3,quick-answer block; 4 FAQ item(s); single clear H1 with sufficient body text,1,last-updated date present; no named author or reviewer anywhere on page (sitewide pattern),2.6
https://waterbalancetools.com/guides/questions/can-you-swim-after-shocking-a-pool,guides/questions/can-you-swim-after-shocking-a-pool.html,guides/questions,3,Page has no sibling pages in its cluster family for comparison.,3,"word_count=720; task-support signals=[table present, 4 FAQ items, quick-answer block present].",3,"word_count=720, heading_count=12.",3,8 sentence(s) with numeric ranges/units detected on page.,2,8 chemistry claim(s) detected; external sources exist sitewide.,2,Page participates in 1 exact repeated paragraph/heading/FAQ block(s) shared with sibling pages.,3,"meta_description length=149 chars, h1_count=1.",3,"word_count=720; task-support signals=[table present, 4 FAQ items, quick-answer block present].",3,quick-answer block; 4 FAQ item(s); single clear H1 with sufficient body text,1,last-updated date present; no named author or reviewer anywhere on page (sitewide pattern),2.6
https://waterbalancetools.com/guides/questions/,guides/questions/index.html,guides/questions,3,Page has no sibling pages in its cluster family for comparison.,1,word_count=520; task-support signals=[none].,3,"word_count=520, heading_count=9.",2,1 sentence(s) with numeric ranges/units detected on page.,2,1 chemistry claim(s) detected; external sources exist sitewide.,1,Page participates in 3 exact repeated paragraph/heading/FAQ block(s) shared with sibling pages.,3,"meta_description length=65 chars, h1_count=1.",1,word_count=520; task-support signals=[none].,1,single clear H1 with sufficient body text,1,last-updated date present; no named author or reviewer anywhere on page (sitewide pattern),1.8
https://waterbalancetools.com/guides/questions/why-does-hot-tub-water-smell,guides/questions/why-does-hot-tub-water-smell.html,guides/questions,3,Page has no sibling pages in its cluster family for comparison.,3,"word_count=775; task-support signals=[table present, 4 FAQ items, quick-answer block present].",3,"word_count=775, heading_count=12.",3,4 sentence(s) with numeric ranges/units detected on page.,2,4 chemistry claim(s) detected; external sources exist sitewide.,2,Page participates in 1 exact repeated paragraph/heading/FAQ block(s) shared with sibling pages.,3,"meta_description length=151 chars, h1_count=1.",3,"word_count=775; task-support signals=[table present, 4 FAQ items, quick-answer block present].",3,quick-answer block; 4 FAQ item(s); single clear H1 with sufficient body text,1,last-updated date present; no named author or reviewer anywhere on page (sitewide pattern),2.6
https://waterbalancetools.com/guides/questions/why-does-pool-water-turn-cloudy,guides/questions/why-does-pool-water-turn-cloudy.html,guides/questions,3,Page has no sibling pages in its cluster family for comparison.,3,"word_count=747; task-support signals=[table present, 5 FAQ items, quick-answer block present].",3,"word_count=747, heading_count=12.",3,3 sentence(s) with numeric ranges/units detected on page.,2,3 chemistry claim(s) detected; external sources exist sitewide.,2,Page participates in 1 exact repeated paragraph/heading/FAQ block(s) shared with sibling pages.,3,"meta_description length=141 chars, h1_count=1.",3,"word_count=747; task-support signals=[table present, 5 FAQ items, quick-answer block present].",3,quick-answer block; 5 FAQ item(s); single clear H1 with sufficient body text,1,last-updated date present; no named author or reviewer anywhere on page (sitewide pattern),2.6
https://waterbalancetools.com/guides/questions/why-is-my-hot-tub-foamy,guides/questions/why-is-my-hot-tub-foamy.html,guides/questions,3,Page has no sibling pages in its cluster family for comparison.,3,"word_count=769; task-support signals=[table present, 4 FAQ items, quick-answer block present].",3,"word_count=769, heading_count=12.",3,5 sentence(s) with numeric ranges/units detected on page.,2,5 chemistry claim(s) detected; external sources exist sitewide.,2,Page participates in 1 exact repeated paragraph/heading/FAQ block(s) shared with sibling pages.,3,"meta_description length=138 chars, h1_count=1.",3,"word_count=769; task-support signals=[table present, 4 FAQ items, quick-answer block present].",3,quick-answer block; 4 FAQ item(s); single clear H1 with sufficient body text,1,last-updated date present; no named author or reviewer anywhere on page (sitewide pattern),2.6
https://waterbalancetools.com/guides/questions/why-is-my-pool-green-but-chlorine-is-high,guides/questions/why-is-my-pool-green-but-chlorine-is-high.html,guides/questions,3,Page has no sibling pages in its cluster family for comparison.,3,"word_count=772; task-support signals=[table present, 3 FAQ items, quick-answer block present].",3,"word_count=772, heading_count=12.",3,7 sentence(s) with numeric ranges/units detected on page.,2,7 chemistry claim(s) detected; external sources exist sitewide.,2,Page participates in 2 exact repeated paragraph/heading/FAQ block(s) shared with sibling pages.,3,"meta_description length=151 chars, h1_count=1.",3,"word_count=772; task-support signals=[table present, 3 FAQ items, quick-answer block present].",3,quick-answer block; 3 FAQ item(s); single clear H1 with sufficient body text,1,last-updated date present; no named author or reviewer anywhere on page (sitewide pattern),2.6
https://waterbalancetools.com/guides/seasonal/closing-pool-chemistry-winter,guides/seasonal/closing-pool-chemistry-winter.html,guides/seasonal,3,Page has no sibling pages in its cluster family for comparison.,1,word_count=234; task-support signals=[none].,2,"word_count=234, heading_count=10.",2,1 sentence(s) with numeric ranges/units detected on page.,2,1 chemistry claim(s) detected; external sources exist sitewide.,2,Page participates in 1 exact repeated paragraph/heading/FAQ block(s) shared with sibling pages.,3,"meta_description length=107 chars, h1_count=1.",1,word_count=234; task-support signals=[none].,1,single clear H1 with sufficient body text,1,last-updated date present; no named author or reviewer anywhere on page (sitewide pattern),1.8
https://waterbalancetools.com/guides/seasonal/,guides/seasonal/index.html,guides/seasonal,3,Page has no sibling pages in its cluster family for comparison.,1,word_count=386; task-support signals=[none].,2,"word_count=386, heading_count=9.",2,1 sentence(s) with numeric ranges/units detected on page.,2,1 chemistry claim(s) detected; external sources exist sitewide.,3,Page participates in 0 exact repeated paragraph/heading/FAQ block(s) shared with sibling pages.,3,"meta_description length=66 chars, h1_count=1.",1,word_count=386; task-support signals=[none].,1,single clear H1 with sufficient body text,1,last-updated date present; no named author or reviewer anywhere on page (sitewide pattern),1.9
https://waterbalancetools.com/guides/seasonal/opening-pool-chemistry-checklist,guides/seasonal/opening-pool-chemistry-checklist.html,guides/seasonal,3,Page has no sibling pages in its cluster family for comparison.,1,word_count=255; task-support signals=[none].,2,"word_count=255, heading_count=10.",2,2 sentence(s) with numeric ranges/units detected on page.,2,2 chemistry claim(s) detected; external sources exist sitewide.,2,Page participates in 1 exact repeated paragraph/heading/FAQ block(s) shared with sibling pages.,3,"meta_description length=111 chars, h1_count=1.",1,word_count=255; task-support signals=[none].,1,single clear H1 with sufficient body text,1,last-updated date present; no named author or reviewer anywhere on page (sitewide pattern),1.8
https://waterbalancetools.com/guides/seasonal/summer-high-chlorine-demand,guides/seasonal/summer-high-chlorine-demand.html,guides/seasonal,3,Page has no sibling pages in its cluster family for comparison.,1,word_count=218; task-support signals=[none].,2,"word_count=218, heading_count=10.",2,1 sentence(s) with numeric ranges/units detected on page.,2,1 chemistry claim(s) detected; external sources exist sitewide.,2,Page participates in 1 exact repeated paragraph/heading/FAQ block(s) shared with sibling pages.,3,"meta_description length=109 chars, h1_count=1.",1,word_count=218; task-support signals=[none].,1,single clear H1 with sufficient body text,1,last-updated date present; no named author or reviewer anywhere on page (sitewide pattern),1.8
https://waterbalancetools.com/guides/seasonal/winter-pool-maintenance-chemistry,guides/seasonal/winter-pool-maintenance-chemistry.html,guides/seasonal,3,Page has no sibling pages in its cluster family for comparison.,1,word_count=237; task-support signals=[none].,2,"word_count=237, heading_count=10.",2,1 sentence(s) with numeric ranges/units detected on page.,2,1 chemistry claim(s) detected; external sources exist sitewide.,2,Page participates in 1 exact repeated paragraph/heading/FAQ block(s) shared with sibling pages.,3,"meta_description length=124 chars, h1_count=1.",1,word_count=237; task-support signals=[none].,1,single clear H1 with sufficient body text,1,last-updated date present; no named author or reviewer anywhere on page (sitewide pattern),1.8
https://waterbalancetools.com/hot-tub-chemical-levels-chart,hot-tub-chemical-levels-chart.html,root,3,Page has no sibling pages in its cluster family for comparison.,3,"word_count=412; task-support signals=[table present, 4 FAQ items, quick-answer block present].",3,"word_count=412, heading_count=6.",3,4 sentence(s) with numeric ranges/units detected on page.,2,4 chemistry claim(s) detected; external sources exist sitewide.,3,Page participates in 0 exact repeated paragraph/heading/FAQ block(s) shared with sibling pages.,3,"meta_description length=160 chars, h1_count=1.",3,"word_count=412; task-support signals=[table present, 4 FAQ items, quick-answer block present].",3,quick-answer block; 4 FAQ item(s); single clear H1 with sufficient body text,1,last-updated date present; no named author or reviewer anywhere on page (sitewide pattern),2.7
https://waterbalancetools.com/hot-tub-chlorine-levels-chart,hot-tub-chlorine-levels-chart.html,root,3,Page has no sibling pages in its cluster family for comparison.,3,"word_count=426; task-support signals=[table present, 4 FAQ items, quick-answer block present].",3,"word_count=426, heading_count=7.",3,7 sentence(s) with numeric ranges/units detected on page.,2,7 chemistry claim(s) detected; external sources exist sitewide.,3,Page participates in 0 exact repeated paragraph/heading/FAQ block(s) shared with sibling pages.,3,"meta_description length=124 chars, h1_count=1.",3,"word_count=426; task-support signals=[table present, 4 FAQ items, quick-answer block present].",3,quick-answer block; 4 FAQ item(s); single clear H1 with sufficient body text,2,last-updated date present; no named author or reviewer anywhere on page (sitewide pattern); 1 external authority link(s),2.8
https://waterbalancetools.com/,index.html,root,3,Page has no sibling pages in its cluster family for comparison.,2,word_count=368; task-support signals=[4 FAQ items].,2,"word_count=368, heading_count=17.",3,3 sentence(s) with numeric ranges/units detected on page.,2,3 chemistry claim(s) detected; external sources exist sitewide.,3,Page participates in 0 exact repeated paragraph/heading/FAQ block(s) shared with sibling pages.,3,"meta_description length=110 chars, h1_count=1.",2,word_count=368; task-support signals=[4 FAQ items].,2,4 FAQ item(s); single clear H1 with sufficient body text,1,last-updated date present; no named author or reviewer anywhere on page (sitewide pattern),2.3
https://waterbalancetools.com/legal/,legal/index.html,legal,3,Page has no sibling pages in its cluster family for comparison.,1,word_count=246; task-support signals=[none].,2,"word_count=246, heading_count=9.",2,1 sentence(s) with numeric ranges/units detected on page.,2,1 chemistry claim(s) detected; external sources exist sitewide.,3,Page participates in 0 exact repeated paragraph/heading/FAQ block(s) shared with sibling pages.,3,"meta_description length=67 chars, h1_count=1.",1,word_count=246; task-support signals=[none].,1,single clear H1 with sufficient body text,1,last-updated date present; no named author or reviewer anywhere on page (sitewide pattern),1.9
https://waterbalancetools.com/legal/legal,legal/legal.html,legal,3,Page has no sibling pages in its cluster family for comparison.,1,word_count=427; task-support signals=[none].,3,"word_count=427, heading_count=7.",0,0 sentence(s) with numeric ranges/units detected on page.,3,No chemistry claims with numeric ranges detected on this page.,3,Page participates in 0 exact repeated paragraph/heading/FAQ block(s) shared with sibling pages.,3,"meta_description length=73 chars, h1_count=1.",1,word_count=427; task-support signals=[none].,1,single clear H1 with sufficient body text,1,last-updated date present; no named author or reviewer anywhere on page (sitewide pattern),1.9
https://waterbalancetools.com/legal/ownership,legal/ownership.html,legal,3,Page has no sibling pages in its cluster family for comparison.,1,word_count=82; task-support signals=[none].,1,"word_count=82, heading_count=6.",0,0 sentence(s) with numeric ranges/units detected on page.,3,No chemistry claims with numeric ranges detected on this page.,3,Page participates in 0 exact repeated paragraph/heading/FAQ block(s) shared with sibling pages.,3,"meta_description length=81 chars, h1_count=1.",1,word_count=82; task-support signals=[none].,1,single clear H1 with sufficient body text,1,last-updated date present; no named author or reviewer anywhere on page (sitewide pattern),1.7
https://waterbalancetools.com/maintenance/how-often-add-chlorine-pool,maintenance/how-often-add-chlorine-pool.html,maintenance,3,Page has no sibling pages in its cluster family for comparison.,2,word_count=205; task-support signals=[1 FAQ items].,2,"word_count=205, heading_count=6.",3,4 sentence(s) with numeric ranges/units detected on page.,2,4 chemistry claim(s) detected; external sources exist sitewide.,3,Page participates in 0 exact repeated paragraph/heading/FAQ block(s) shared with sibling pages.,3,"meta_description length=98 chars, h1_count=1.",2,word_count=205; task-support signals=[1 FAQ items].,2,1 FAQ item(s); single clear H1 with sufficient body text,1,last-updated date present; no named author or reviewer anywhere on page (sitewide pattern),2.3
https://waterbalancetools.com/maintenance/how-to-balance-pool-water,maintenance/how-to-balance-pool-water.html,maintenance,3,Page has no sibling pages in its cluster family for comparison.,1,word_count=158; task-support signals=[none].,1,"word_count=158, heading_count=6.",2,2 sentence(s) with numeric ranges/units detected on page.,2,2 chemistry claim(s) detected; external sources exist sitewide.,3,Page participates in 0 exact repeated paragraph/heading/FAQ block(s) shared with sibling pages.,3,"meta_description length=111 chars, h1_count=1.",1,word_count=158; task-support signals=[none].,1,single clear H1 with sufficient body text,1,last-updated date present; no named author or reviewer anywhere on page (sitewide pattern),1.8
https://waterbalancetools.com/maintenance/how-to-fix-cloudy-hot-tub,maintenance/how-to-fix-cloudy-hot-tub.html,maintenance,3,Page has no sibling pages in its cluster family for comparison.,1,word_count=172; task-support signals=[none].,1,"word_count=172, heading_count=5.",3,3 sentence(s) with numeric ranges/units detected on page.,2,3 chemistry claim(s) detected; external sources exist sitewide.,3,Page participates in 0 exact repeated paragraph/heading/FAQ block(s) shared with sibling pages.,3,"meta_description length=115 chars, h1_count=1.",1,word_count=172; task-support signals=[none].,1,single clear H1 with sufficient body text,1,last-updated date present; no named author or reviewer anywhere on page (sitewide pattern),1.9
https://waterbalancetools.com/maintenance/,maintenance/index.html,maintenance,3,Page has no sibling pages in its cluster family for comparison.,1,word_count=336; task-support signals=[none].,2,"word_count=336, heading_count=9.",2,1 sentence(s) with numeric ranges/units detected on page.,2,1 chemistry claim(s) detected; external sources exist sitewide.,3,Page participates in 0 exact repeated paragraph/heading/FAQ block(s) shared with sibling pages.,3,"meta_description length=55 chars, h1_count=1.",1,word_count=336; task-support signals=[none].,1,single clear H1 with sufficient body text,1,last-updated date present; no named author or reviewer anywhere on page (sitewide pattern),1.9
https://waterbalancetools.com/methodology/calculation-assumptions/,methodology/calculation-assumptions/index.html,methodology/calculation-assumptions,3,Page has no sibling pages in its cluster family for comparison.,1,word_count=386; task-support signals=[none].,2,"word_count=386, heading_count=9.",2,2 sentence(s) with numeric ranges/units detected on page.,2,2 chemistry claim(s) detected; external sources exist sitewide.,3,Page participates in 0 exact repeated paragraph/heading/FAQ block(s) shared with sibling pages.,3,"meta_description length=108 chars, h1_count=1.",1,word_count=386; task-support signals=[none].,1,single clear H1 with sufficient body text,1,last-updated date present; no named author or reviewer anywhere on page (sitewide pattern),1.9
https://waterbalancetools.com/methodology/calculation-methodology/,methodology/calculation-methodology/index.html,methodology/calculation-methodology,3,Page has no sibling pages in its cluster family for comparison.,1,word_count=377; task-support signals=[none].,2,"word_count=377, heading_count=9.",0,0 sentence(s) with numeric ranges/units detected on page.,3,No chemistry claims with numeric ranges detected on this page.,3,Page participates in 0 exact repeated paragraph/heading/FAQ block(s) shared with sibling pages.,3,"meta_description length=130 chars, h1_count=1.",1,word_count=377; task-support signals=[none].,1,single clear H1 with sufficient body text,1,last-updated date present; no named author or reviewer anywhere on page (sitewide pattern),1.8
https://waterbalancetools.com/methodology/confidence-system/,methodology/confidence-system/index.html,methodology/confidence-system,3,Page has no sibling pages in its cluster family for comparison.,1,word_count=296; task-support signals=[none].,2,"word_count=296, heading_count=8.",2,1 sentence(s) with numeric ranges/units detected on page.,2,1 chemistry claim(s) detected; external sources exist sitewide.,3,Page participates in 0 exact repeated paragraph/heading/FAQ block(s) shared with sibling pages.,3,"meta_description length=111 chars, h1_count=1.",1,word_count=296; task-support signals=[none].,1,single clear H1 with sufficient body text,1,last-updated date present; no named author or reviewer anywhere on page (sitewide pattern),1.9
https://waterbalancetools.com/methodology/formula-selection/,methodology/formula-selection/index.html,methodology/formula-selection,3,Page has no sibling pages in its cluster family for comparison.,1,word_count=276; task-support signals=[none].,2,"word_count=276, heading_count=8.",0,0 sentence(s) with numeric ranges/units detected on page.,3,No chemistry claims with numeric ranges detected on this page.,3,Page participates in 0 exact repeated paragraph/heading/FAQ block(s) shared with sibling pages.,3,"meta_description length=96 chars, h1_count=1.",1,word_count=276; task-support signals=[none].,1,single clear H1 with sufficient body text,1,last-updated date present; no named author or reviewer anywhere on page (sitewide pattern),1.8
https://waterbalancetools.com/methodology/,methodology/index.html,methodology,3,Page has no sibling pages in its cluster family for comparison.,1,word_count=54; task-support signals=[none].,0,"word_count=54, heading_count=1.",0,0 sentence(s) with numeric ranges/units detected on page.,3,No chemistry claims with numeric ranges detected on this page.,3,Page participates in 0 exact repeated paragraph/heading/FAQ block(s) shared with sibling pages.,3,"meta_description length=138 chars, h1_count=1.",1,word_count=54; task-support signals=[none].,0,No answer-first structural signals detected.,1,last-updated date present; no named author or reviewer anywhere on page (sitewide pattern),1.5
https://waterbalancetools.com/methodology/known-limitations/,methodology/known-limitations/index.html,methodology/known-limitations,3,Page has no sibling pages in its cluster family for comparison.,1,word_count=384; task-support signals=[none].,2,"word_count=384, heading_count=10.",2,2 sentence(s) with numeric ranges/units detected on page.,2,2 chemistry claim(s) detected; external sources exist sitewide.,3,Page participates in 0 exact repeated paragraph/heading/FAQ block(s) shared with sibling pages.,3,"meta_description length=71 chars, h1_count=1.",1,word_count=384; task-support signals=[none].,1,single clear H1 with sufficient body text,1,last-updated date present; no named author or reviewer anywhere on page (sitewide pattern),1.9
https://waterbalancetools.com/methodology/precision-policy/,methodology/precision-policy/index.html,methodology/precision-policy,3,Page has no sibling pages in its cluster family for comparison.,1,word_count=297; task-support signals=[none].,2,"word_count=297, heading_count=8.",3,3 sentence(s) with numeric ranges/units detected on page.,2,3 chemistry claim(s) detected; external sources exist sitewide.,3,Page participates in 0 exact repeated paragraph/heading/FAQ block(s) shared with sibling pages.,3,"meta_description length=109 chars, h1_count=1.",1,word_count=297; task-support signals=[none].,1,single clear H1 with sufficient body text,1,last-updated date present; no named author or reviewer anywhere on page (sitewide pattern),2
https://waterbalancetools.com/methodology/rounding-policy/,methodology/rounding-policy/index.html,methodology/rounding-policy,3,Page has no sibling pages in its cluster family for comparison.,1,word_count=327; task-support signals=[none].,2,"word_count=327, heading_count=9.",2,2 sentence(s) with numeric ranges/units detected on page.,2,2 chemistry claim(s) detected; external sources exist sitewide.,3,Page participates in 0 exact repeated paragraph/heading/FAQ block(s) shared with sibling pages.,3,"meta_description length=69 chars, h1_count=1.",1,word_count=327; task-support signals=[none].,1,single clear H1 with sufficient body text,1,last-updated date present; no named author or reviewer anywhere on page (sitewide pattern),1.9
https://waterbalancetools.com/pool-alkalinity-levels-chart,pool-alkalinity-levels-chart.html,root,3,Page has no sibling pages in its cluster family for comparison.,3,"word_count=407; task-support signals=[table present, 4 FAQ items, quick-answer block present].",3,"word_count=407, heading_count=7.",3,3 sentence(s) with numeric ranges/units detected on page.,2,3 chemistry claim(s) detected; external sources exist sitewide.,2,Page participates in 1 exact repeated paragraph/heading/FAQ block(s) shared with sibling pages.,3,"meta_description length=123 chars, h1_count=1.",3,"word_count=407; task-support signals=[table present, 4 FAQ items, quick-answer block present].",3,quick-answer block; 4 FAQ item(s); single clear H1 with sufficient body text,1,last-updated date present; no named author or reviewer anywhere on page (sitewide pattern),2.6
https://waterbalancetools.com/pool-chemical-levels-chart,pool-chemical-levels-chart.html,root,3,Page has no sibling pages in its cluster family for comparison.,3,"word_count=357; task-support signals=[table present, 4 FAQ items].",2,"word_count=357, heading_count=7.",3,5 sentence(s) with numeric ranges/units detected on page.,2,5 chemistry claim(s) detected; external sources exist sitewide.,2,Page participates in 1 exact repeated paragraph/heading/FAQ block(s) shared with sibling pages.,3,"meta_description length=122 chars, h1_count=1.",3,"word_count=357; task-support signals=[table present, 4 FAQ items].",2,4 FAQ item(s); single clear H1 with sufficient body text,1,last-updated date present; no named author or reviewer anywhere on page (sitewide pattern),2.4
https://waterbalancetools.com/pool-chemistry-system,pool-chemistry-system.html,root,3,Page has no sibling pages in its cluster family for comparison.,3,"word_count=1212; task-support signals=[table present, quick-answer block present].",3,"word_count=1212, heading_count=11.",2,2 sentence(s) with numeric ranges/units detected on page.,2,2 chemistry claim(s) detected; external sources exist sitewide.,3,Page participates in 0 exact repeated paragraph/heading/FAQ block(s) shared with sibling pages.,3,"meta_description length=160 chars, h1_count=1.",3,"word_count=1212; task-support signals=[table present, quick-answer block present].",2,quick-answer block; single clear H1 with sufficient body text,1,last-updated date present; no named author or reviewer anywhere on page (sitewide pattern),2.5
https://waterbalancetools.com/pool-chlorine-levels-chart,pool-chlorine-levels-chart.html,root,3,Page has no sibling pages in its cluster family for comparison.,3,"word_count=389; task-support signals=[table present, 4 FAQ items].",2,"word_count=389, heading_count=8.",3,4 sentence(s) with numeric ranges/units detected on page.,2,4 chemistry claim(s) detected; external sources exist sitewide.,3,Page participates in 0 exact repeated paragraph/heading/FAQ block(s) shared with sibling pages.,3,"meta_description length=105 chars, h1_count=1.",3,"word_count=389; task-support signals=[table present, 4 FAQ items].",2,4 FAQ item(s); single clear H1 with sufficient body text,1,last-updated date present; no named author or reviewer anywhere on page (sitewide pattern),2.5
https://waterbalancetools.com/pool-cya-levels-chart,pool-cya-levels-chart.html,root,3,Page has no sibling pages in its cluster family for comparison.,3,"word_count=367; task-support signals=[table present, 4 FAQ items, quick-answer block present].",2,"word_count=367, heading_count=6.",3,6 sentence(s) with numeric ranges/units detected on page.,2,6 chemistry claim(s) detected; external sources exist sitewide.,3,Page participates in 0 exact repeated paragraph/heading/FAQ block(s) shared with sibling pages.,3,"meta_description length=130 chars, h1_count=1.",3,"word_count=367; task-support signals=[table present, 4 FAQ items, quick-answer block present].",3,quick-answer block; 4 FAQ item(s); single clear H1 with sufficient body text,1,last-updated date present; no named author or reviewer anywhere on page (sitewide pattern),2.6
https://waterbalancetools.com/pool-ph-levels-chart,pool-ph-levels-chart.html,root,3,Page has no sibling pages in its cluster family for comparison.,3,"word_count=297; task-support signals=[table present, 4 FAQ items].",2,"word_count=297, heading_count=7.",2,1 sentence(s) with numeric ranges/units detected on page.,2,1 chemistry claim(s) detected; external sources exist sitewide.,3,Page participates in 0 exact repeated paragraph/heading/FAQ block(s) shared with sibling pages.,3,"meta_description length=110 chars, h1_count=1.",3,"word_count=297; task-support signals=[table present, 4 FAQ items].",2,4 FAQ item(s); single clear H1 with sufficient body text,1,last-updated date present; no named author or reviewer anywhere on page (sitewide pattern),2.4
https://waterbalancetools.com/printable/maintenance-checklist,printable/maintenance-checklist.html,printable,3,Page has no sibling pages in its cluster family for comparison.,1,word_count=91; task-support signals=[none].,1,"word_count=91, heading_count=4.",2,1 sentence(s) with numeric ranges/units detected on page.,2,1 chemistry claim(s) detected; external sources exist sitewide.,3,Page participates in 0 exact repeated paragraph/heading/FAQ block(s) shared with sibling pages.,3,"meta_description length=84 chars, h1_count=1.",1,word_count=91; task-support signals=[none].,1,single clear H1 with sufficient body text,1,last-updated date present; no named author or reviewer anywhere on page (sitewide pattern),1.8
https://waterbalancetools.com/printables/airbnb-pool-turnover-checklist,printables/airbnb-pool-turnover-checklist.html,printables,3,Page has no sibling pages in its cluster family for comparison.,1,word_count=124; task-support signals=[none].,1,"word_count=124, heading_count=3.",2,2 sentence(s) with numeric ranges/units detected on page.,2,2 chemistry claim(s) detected; external sources exist sitewide.,3,Page participates in 0 exact repeated paragraph/heading/FAQ block(s) shared with sibling pages.,3,"meta_description length=124 chars, h1_count=1.",1,word_count=124; task-support signals=[none].,1,single clear H1 with sufficient body text,1,last-updated date present; no named author or reviewer anywhere on page (sitewide pattern),1.8
https://waterbalancetools.com/printables/hot-tub-maintenance-log,printables/hot-tub-maintenance-log.html,printables,3,Page has no sibling pages in its cluster family for comparison.,0,word_count=30; task-support signals=[table present].,0,"word_count=30, heading_count=1.",2,1 sentence(s) with numeric ranges/units detected on page.,2,1 chemistry claim(s) detected; external sources exist sitewide.,3,Page participates in 0 exact repeated paragraph/heading/FAQ block(s) shared with sibling pages.,3,"meta_description length=80 chars, h1_count=1.",0,word_count=30; task-support signals=[table present].,0,No answer-first structural signals detected.,1,last-updated date present; no named author or reviewer anywhere on page (sitewide pattern),1.4
https://waterbalancetools.com/printables/pool-maintenance-checklist,printables/pool-maintenance-checklist.html,printables,3,Page has no sibling pages in its cluster family for comparison.,1,word_count=84; task-support signals=[none].,1,"word_count=84, heading_count=4.",2,1 sentence(s) with numeric ranges/units detected on page.,2,1 chemistry claim(s) detected; external sources exist sitewide.,3,Page participates in 0 exact repeated paragraph/heading/FAQ block(s) shared with sibling pages.,3,"meta_description length=90 chars, h1_count=1.",1,word_count=84; task-support signals=[none].,1,single clear H1 with sufficient body text,1,last-updated date present; no named author or reviewer anywhere on page (sitewide pattern),1.8
https://waterbalancetools.com/programmatic/behavior/how-often-to-shock-pool,programmatic/behavior/how-often-to-shock-pool.html,programmatic/behavior,3,Page has no sibling pages in its cluster family for comparison.,2,word_count=518; task-support signals=[5 FAQ items].,3,"word_count=518, heading_count=19.",2,1 sentence(s) with numeric ranges/units detected on page.,2,1 chemistry claim(s) detected; external sources exist sitewide.,0,Page participates in 6 exact repeated paragraph/heading/FAQ block(s) shared with sibling pages.,3,"meta_description length=93 chars, h1_count=1.",2,word_count=518; task-support signals=[5 FAQ items].,2,5 FAQ item(s); single clear H1 with sufficient body text,1,last-updated date present; no named author or reviewer anywhere on page (sitewide pattern),2
https://waterbalancetools.com/programmatic/behavior/how-often-to-test-pool-water,programmatic/behavior/how-often-to-test-pool-water.html,programmatic/behavior,3,Page has no sibling pages in its cluster family for comparison.,2,word_count=505; task-support signals=[5 FAQ items].,3,"word_count=505, heading_count=19.",2,1 sentence(s) with numeric ranges/units detected on page.,2,1 chemistry claim(s) detected; external sources exist sitewide.,0,Page participates in 8 exact repeated paragraph/heading/FAQ block(s) shared with sibling pages.,3,"meta_description length=85 chars, h1_count=1.",2,word_count=505; task-support signals=[5 FAQ items].,2,5 FAQ item(s); single clear H1 with sufficient body text,1,last-updated date present; no named author or reviewer anywhere on page (sitewide pattern),2
https://waterbalancetools.com/programmatic/behavior/,programmatic/behavior/index.html,programmatic/behavior,3,Page has no sibling pages in its cluster family for comparison.,1,word_count=339; task-support signals=[none].,2,"word_count=339, heading_count=9.",2,1 sentence(s) with numeric ranges/units detected on page.,2,1 chemistry claim(s) detected; external sources exist sitewide.,3,Page participates in 0 exact repeated paragraph/heading/FAQ block(s) shared with sibling pages.,3,"meta_description length=73 chars, h1_count=1.",1,word_count=339; task-support signals=[none].,1,single clear H1 with sufficient body text,1,last-updated date present; no named author or reviewer anywhere on page (sitewide pattern),1.9
https://waterbalancetools.com/programmatic/behavior/when-to-add-chlorine,programmatic/behavior/when-to-add-chlorine.html,programmatic/behavior,3,Page has no sibling pages in its cluster family for comparison.,2,word_count=532; task-support signals=[5 FAQ items].,3,"word_count=532, heading_count=19.",2,1 sentence(s) with numeric ranges/units detected on page.,2,1 chemistry claim(s) detected; external sources exist sitewide.,0,Page participates in 8 exact repeated paragraph/heading/FAQ block(s) shared with sibling pages.,3,"meta_description length=82 chars, h1_count=1.",2,word_count=532; task-support signals=[5 FAQ items].,2,5 FAQ item(s); single clear H1 with sufficient body text,1,last-updated date present; no named author or reviewer anywhere on page (sitewide pattern),2
https://waterbalancetools.com/programmatic/chlorine/how-much-chlorine-for-10000-gallon-pool,programmatic/chlorine/how-much-chlorine-for-10000-gallon-pool.html,programmatic/chlorine,1,"Max 6-word-shingle Jaccard similarity to sibling page ""programmatic/chlorine/how-much-chlorine-for-20000-gallon-pool.html"" in cluster ""programmatic/chlorine"" is 0.65.",3,"word_count=576; task-support signals=[table present, 3 FAQ items].",3,"word_count=576, heading_count=18.",3,7 sentence(s) with numeric ranges/units detected on page.,2,7 chemistry claim(s) detected; external sources exist sitewide.,0,Page participates in 17 exact repeated paragraph/heading/FAQ block(s) shared with sibling pages.,3,"meta_description length=112 chars, h1_count=1.",3,"word_count=576; task-support signals=[table present, 3 FAQ items].",2,3 FAQ item(s); single clear H1 with sufficient body text,1,last-updated date present; no named author or reviewer anywhere on page (sitewide pattern),2.1
https://waterbalancetools.com/programmatic/chlorine/how-much-chlorine-for-12000-gallon-pool,programmatic/chlorine/how-much-chlorine-for-12000-gallon-pool.html,programmatic/chlorine,1,"Max 6-word-shingle Jaccard similarity to sibling page ""programmatic/chlorine/how-much-chlorine-for-10000-gallon-pool.html"" in cluster ""programmatic/chlorine"" is 0.60.",3,"word_count=576; task-support signals=[table present, 3 FAQ items].",3,"word_count=576, heading_count=18.",3,7 sentence(s) with numeric ranges/units detected on page.,2,7 chemistry claim(s) detected; external sources exist sitewide.,0,Page participates in 17 exact repeated paragraph/heading/FAQ block(s) shared with sibling pages.,3,"meta_description length=112 chars, h1_count=1.",3,"word_count=576; task-support signals=[table present, 3 FAQ items].",2,3 FAQ item(s); single clear H1 with sufficient body text,1,last-updated date present; no named author or reviewer anywhere on page (sitewide pattern),2.1
https://waterbalancetools.com/programmatic/chlorine/how-much-chlorine-for-15000-gallon-pool,programmatic/chlorine/how-much-chlorine-for-15000-gallon-pool.html,programmatic/chlorine,1,"Max 6-word-shingle Jaccard similarity to sibling page ""programmatic/chlorine/how-much-chlorine-for-12000-gallon-pool.html"" in cluster ""programmatic/chlorine"" is 0.60.",3,"word_count=579; task-support signals=[table present, 3 FAQ items].",3,"word_count=579, heading_count=18.",3,7 sentence(s) with numeric ranges/units detected on page.,2,7 chemistry claim(s) detected; external sources exist sitewide.,0,Page participates in 17 exact repeated paragraph/heading/FAQ block(s) shared with sibling pages.,3,"meta_description length=112 chars, h1_count=1.",3,"word_count=579; task-support signals=[table present, 3 FAQ items].",2,3 FAQ item(s); single clear H1 with sufficient body text,1,last-updated date present; no named author or reviewer anywhere on page (sitewide pattern),2.1
https://waterbalancetools.com/programmatic/chlorine/how-much-chlorine-for-18000-gallon-pool,programmatic/chlorine/how-much-chlorine-for-18000-gallon-pool.html,programmatic/chlorine,1,"Max 6-word-shingle Jaccard similarity to sibling page ""programmatic/chlorine/how-much-chlorine-for-15000-gallon-pool.html"" in cluster ""programmatic/chlorine"" is 0.60.",3,"word_count=578; task-support signals=[table present, 3 FAQ items].",3,"word_count=578, heading_count=18.",3,7 sentence(s) with numeric ranges/units detected on page.,2,7 chemistry claim(s) detected; external sources exist sitewide.,0,Page participates in 17 exact repeated paragraph/heading/FAQ block(s) shared with sibling pages.,3,"meta_description length=112 chars, h1_count=1.",3,"word_count=578; task-support signals=[table present, 3 FAQ items].",2,3 FAQ item(s); single clear H1 with sufficient body text,1,last-updated date present; no named author or reviewer anywhere on page (sitewide pattern),2.1
https://waterbalancetools.com/programmatic/chlorine/how-much-chlorine-for-20000-gallon-pool,programmatic/chlorine/how-much-chlorine-for-20000-gallon-pool.html,programmatic/chlorine,1,"Max 6-word-shingle Jaccard similarity to sibling page ""programmatic/chlorine/how-much-chlorine-for-10000-gallon-pool.html"" in cluster ""programmatic/chlorine"" is 0.65.",3,"word_count=576; task-support signals=[table present, 3 FAQ items].",3,"word_count=576, heading_count=18.",3,7 sentence(s) with numeric ranges/units detected on page.,2,7 chemistry claim(s) detected; external sources exist sitewide.,0,Page participates in 17 exact repeated paragraph/heading/FAQ block(s) shared with sibling pages.,3,"meta_description length=112 chars, h1_count=1.",3,"word_count=576; task-support signals=[table present, 3 FAQ items].",2,3 FAQ item(s); single clear H1 with sufficient body text,1,last-updated date present; no named author or reviewer anywhere on page (sitewide pattern),2.1
https://waterbalancetools.com/programmatic/chlorine/how-much-chlorine-for-25000-gallon-pool,programmatic/chlorine/how-much-chlorine-for-25000-gallon-pool.html,programmatic/chlorine,1,"Max 6-word-shingle Jaccard similarity to sibling page ""programmatic/chlorine/how-much-chlorine-for-15000-gallon-pool.html"" in cluster ""programmatic/chlorine"" is 0.60.",3,"word_count=576; task-support signals=[table present, 3 FAQ items].",3,"word_count=576, heading_count=18.",3,7 sentence(s) with numeric ranges/units detected on page.,2,7 chemistry claim(s) detected; external sources exist sitewide.,0,Page participates in 17 exact repeated paragraph/heading/FAQ block(s) shared with sibling pages.,3,"meta_description length=112 chars, h1_count=1.",3,"word_count=576; task-support signals=[table present, 3 FAQ items].",2,3 FAQ item(s); single clear H1 with sufficient body text,1,last-updated date present; no named author or reviewer anywhere on page (sitewide pattern),2.1
https://waterbalancetools.com/programmatic/chlorine/how-much-chlorine-for-30000-gallon-pool,programmatic/chlorine/how-much-chlorine-for-30000-gallon-pool.html,programmatic/chlorine,1,"Max 6-word-shingle Jaccard similarity to sibling page ""programmatic/chlorine/how-much-chlorine-for-20000-gallon-pool.html"" in cluster ""programmatic/chlorine"" is 0.62.",3,"word_count=578; task-support signals=[table present, 3 FAQ items].",3,"word_count=578, heading_count=18.",3,7 sentence(s) with numeric ranges/units detected on page.,2,7 chemistry claim(s) detected; external sources exist sitewide.,0,Page participates in 17 exact repeated paragraph/heading/FAQ block(s) shared with sibling pages.,3,"meta_description length=112 chars, h1_count=1.",3,"word_count=578; task-support signals=[table present, 3 FAQ items].",2,3 FAQ item(s); single clear H1 with sufficient body text,1,last-updated date present; no named author or reviewer anywhere on page (sitewide pattern),2.1
https://waterbalancetools.com/programmatic/chlorine/how-much-chlorine-for-5000-gallon-pool,programmatic/chlorine/how-much-chlorine-for-5000-gallon-pool.html,programmatic/chlorine,1,"Max 6-word-shingle Jaccard similarity to sibling page ""programmatic/chlorine/how-much-chlorine-for-15000-gallon-pool.html"" in cluster ""programmatic/chlorine"" is 0.59.",3,"word_count=576; task-support signals=[table present, 3 FAQ items].",3,"word_count=576, heading_count=18.",3,7 sentence(s) with numeric ranges/units detected on page.,2,7 chemistry claim(s) detected; external sources exist sitewide.,0,Page participates in 17 exact repeated paragraph/heading/FAQ block(s) shared with sibling pages.,3,"meta_description length=111 chars, h1_count=1.",3,"word_count=576; task-support signals=[table present, 3 FAQ items].",2,3 FAQ item(s); single clear H1 with sufficient body text,1,last-updated date present; no named author or reviewer anywhere on page (sitewide pattern),2.1
https://waterbalancetools.com/programmatic/chlorine/how-much-chlorine-for-7000-gallon-pool,programmatic/chlorine/how-much-chlorine-for-7000-gallon-pool.html,programmatic/chlorine,1,"Max 6-word-shingle Jaccard similarity to sibling page ""programmatic/chlorine/how-much-chlorine-for-8000-gallon-pool.html"" in cluster ""programmatic/chlorine"" is 0.61.",3,"word_count=576; task-support signals=[table present, 3 FAQ items].",3,"word_count=576, heading_count=18.",3,7 sentence(s) with numeric ranges/units detected on page.,2,7 chemistry claim(s) detected; external sources exist sitewide.,0,Page participates in 17 exact repeated paragraph/heading/FAQ block(s) shared with sibling pages.,3,"meta_description length=111 chars, h1_count=1.",3,"word_count=576; task-support signals=[table present, 3 FAQ items].",2,3 FAQ item(s); single clear H1 with sufficient body text,1,last-updated date present; no named author or reviewer anywhere on page (sitewide pattern),2.1
https://waterbalancetools.com/programmatic/chlorine/how-much-chlorine-for-8000-gallon-pool,programmatic/chlorine/how-much-chlorine-for-8000-gallon-pool.html,programmatic/chlorine,1,"Max 6-word-shingle Jaccard similarity to sibling page ""programmatic/chlorine/how-much-chlorine-for-9000-gallon-pool.html"" in cluster ""programmatic/chlorine"" is 0.61.",3,"word_count=578; task-support signals=[table present, 3 FAQ items].",3,"word_count=578, heading_count=18.",3,7 sentence(s) with numeric ranges/units detected on page.,2,7 chemistry claim(s) detected; external sources exist sitewide.,0,Page participates in 17 exact repeated paragraph/heading/FAQ block(s) shared with sibling pages.,3,"meta_description length=111 chars, h1_count=1.",3,"word_count=578; task-support signals=[table present, 3 FAQ items].",2,3 FAQ item(s); single clear H1 with sufficient body text,1,last-updated date present; no named author or reviewer anywhere on page (sitewide pattern),2.1
https://waterbalancetools.com/programmatic/chlorine/how-much-chlorine-for-9000-gallon-pool,programmatic/chlorine/how-much-chlorine-for-9000-gallon-pool.html,programmatic/chlorine,1,"Max 6-word-shingle Jaccard similarity to sibling page ""programmatic/chlorine/how-much-chlorine-for-8000-gallon-pool.html"" in cluster ""programmatic/chlorine"" is 0.61.",3,"word_count=576; task-support signals=[table present, 3 FAQ items].",3,"word_count=576, heading_count=18.",3,7 sentence(s) with numeric ranges/units detected on page.,2,7 chemistry claim(s) detected; external sources exist sitewide.,0,Page participates in 17 exact repeated paragraph/heading/FAQ block(s) shared with sibling pages.,3,"meta_description length=111 chars, h1_count=1.",3,"word_count=576; task-support signals=[table present, 3 FAQ items].",2,3 FAQ item(s); single clear H1 with sufficient body text,1,last-updated date present; no named author or reviewer anywhere on page (sitewide pattern),2.1
https://waterbalancetools.com/programmatic/chlorine/,programmatic/chlorine/index.html,programmatic/chlorine,3,Page has no sibling pages in its cluster family for comparison.,1,word_count=589; task-support signals=[none].,3,"word_count=589, heading_count=9.",2,1 sentence(s) with numeric ranges/units detected on page.,2,1 chemistry claim(s) detected; external sources exist sitewide.,0,Page participates in 8 exact repeated paragraph/heading/FAQ block(s) shared with sibling pages.,3,"meta_description length=66 chars, h1_count=1.",1,word_count=589; task-support signals=[none].,1,single clear H1 with sufficient body text,1,last-updated date present; no named author or reviewer anywhere on page (sitewide pattern),1.7
https://waterbalancetools.com/programmatic/explanations/,programmatic/explanations/index.html,programmatic/explanations,3,Page has no sibling pages in its cluster family for comparison.,1,word_count=313; task-support signals=[none].,2,"word_count=313, heading_count=9.",2,1 sentence(s) with numeric ranges/units detected on page.,2,1 chemistry claim(s) detected; external sources exist sitewide.,3,Page participates in 0 exact repeated paragraph/heading/FAQ block(s) shared with sibling pages.,3,"meta_description length=68 chars, h1_count=1.",1,word_count=313; task-support signals=[none].,1,single clear H1 with sufficient body text,1,last-updated date present; no named author or reviewer anywhere on page (sitewide pattern),1.9
https://waterbalancetools.com/programmatic/explanations/what-is-pool-alkalinity,programmatic/explanations/what-is-pool-alkalinity.html,programmatic/explanations,3,Page has no sibling pages in its cluster family for comparison.,2,word_count=531; task-support signals=[5 FAQ items].,3,"word_count=531, heading_count=20.",2,1 sentence(s) with numeric ranges/units detected on page.,2,1 chemistry claim(s) detected; external sources exist sitewide.,0,Page participates in 6 exact repeated paragraph/heading/FAQ block(s) shared with sibling pages.,3,"meta_description length=85 chars, h1_count=1.",2,word_count=531; task-support signals=[5 FAQ items].,2,5 FAQ item(s); single clear H1 with sufficient body text,1,last-updated date present; no named author or reviewer anywhere on page (sitewide pattern),2
https://waterbalancetools.com/programmatic/explanations/why-ph-affects-chlorine,programmatic/explanations/why-ph-affects-chlorine.html,programmatic/explanations,3,Page has no sibling pages in its cluster family for comparison.,2,word_count=567; task-support signals=[5 FAQ items].,3,"word_count=567, heading_count=20.",2,1 sentence(s) with numeric ranges/units detected on page.,2,1 chemistry claim(s) detected; external sources exist sitewide.,0,Page participates in 6 exact repeated paragraph/heading/FAQ block(s) shared with sibling pages.,3,"meta_description length=88 chars, h1_count=1.",2,word_count=567; task-support signals=[5 FAQ items].,2,5 FAQ item(s); single clear H1 with sufficient body text,1,last-updated date present; no named author or reviewer anywhere on page (sitewide pattern),2
https://waterbalancetools.com/programmatic/explanations/why-shower-before-pool,programmatic/explanations/why-shower-before-pool.html,programmatic/explanations,3,Page has no sibling pages in its cluster family for comparison.,2,word_count=545; task-support signals=[5 FAQ items].,3,"word_count=545, heading_count=20.",3,3 sentence(s) with numeric ranges/units detected on page.,2,3 chemistry claim(s) detected; external sources exist sitewide.,0,Page participates in 6 exact repeated paragraph/heading/FAQ block(s) shared with sibling pages.,3,"meta_description length=109 chars, h1_count=1.",2,word_count=545; task-support signals=[5 FAQ items].,2,5 FAQ item(s); single clear H1 with sufficient body text,1,last-updated date present; no named author or reviewer anywhere on page (sitewide pattern),2.1
https://waterbalancetools.com/programmatic/hot-tubs/hot-tub-chemicals-for-200-gallons,programmatic/hot-tubs/hot-tub-chemicals-for-200-gallons.html,programmatic/hot-tubs,1,"Max 6-word-shingle Jaccard similarity to sibling page ""programmatic/hot-tubs/hot-tub-chemicals-for-300-gallons.html"" in cluster ""programmatic/hot-tubs"" is 0.70.",3,"word_count=561; task-support signals=[table present, 3 FAQ items].",3,"word_count=561, heading_count=18.",3,5 sentence(s) with numeric ranges/units detected on page.,2,5 chemistry claim(s) detected; external sources exist sitewide.,0,Page participates in 14 exact repeated paragraph/heading/FAQ block(s) shared with sibling pages.,3,"meta_description length=113 chars, h1_count=1.",3,"word_count=561; task-support signals=[table present, 3 FAQ items].",2,3 FAQ item(s); single clear H1 with sufficient body text,1,last-updated date present; no named author or reviewer anywhere on page (sitewide pattern),2.1
https://waterbalancetools.com/programmatic/hot-tubs/hot-tub-chemicals-for-300-gallons,programmatic/hot-tubs/hot-tub-chemicals-for-300-gallons.html,programmatic/hot-tubs,1,"Max 6-word-shingle Jaccard similarity to sibling page ""programmatic/hot-tubs/hot-tub-chemicals-for-200-gallons.html"" in cluster ""programmatic/hot-tubs"" is 0.70.",3,"word_count=564; task-support signals=[table present, 3 FAQ items].",3,"word_count=564, heading_count=18.",3,5 sentence(s) with numeric ranges/units detected on page.,2,5 chemistry claim(s) detected; external sources exist sitewide.,0,Page participates in 14 exact repeated paragraph/heading/FAQ block(s) shared with sibling pages.,3,"meta_description length=113 chars, h1_count=1.",3,"word_count=564; task-support signals=[table present, 3 FAQ items].",2,3 FAQ item(s); single clear H1 with sufficient body text,1,last-updated date present; no named author or reviewer anywhere on page (sitewide pattern),2.1
https://waterbalancetools.com/programmatic/hot-tubs/hot-tub-chemicals-for-400-gallons,programmatic/hot-tubs/hot-tub-chemicals-for-400-gallons.html,programmatic/hot-tubs,1,"Max 6-word-shingle Jaccard similarity to sibling page ""programmatic/hot-tubs/hot-tub-chemicals-for-500-gallons.html"" in cluster ""programmatic/hot-tubs"" is 0.66.",3,"word_count=560; task-support signals=[table present, 3 FAQ items].",3,"word_count=560, heading_count=18.",3,5 sentence(s) with numeric ranges/units detected on page.,2,5 chemistry claim(s) detected; external sources exist sitewide.,0,Page participates in 14 exact repeated paragraph/heading/FAQ block(s) shared with sibling pages.,3,"meta_description length=113 chars, h1_count=1.",3,"word_count=560; task-support signals=[table present, 3 FAQ items].",2,3 FAQ item(s); single clear H1 with sufficient body text,1,last-updated date present; no named author or reviewer anywhere on page (sitewide pattern),2.1
https://waterbalancetools.com/programmatic/hot-tubs/hot-tub-chemicals-for-500-gallons,programmatic/hot-tubs/hot-tub-chemicals-for-500-gallons.html,programmatic/hot-tubs,1,"Max 6-word-shingle Jaccard similarity to sibling page ""programmatic/hot-tubs/hot-tub-chemicals-for-600-gallons.html"" in cluster ""programmatic/hot-tubs"" is 0.70.",3,"word_count=562; task-support signals=[table present, 3 FAQ items].",3,"word_count=562, heading_count=18.",3,5 sentence(s) with numeric ranges/units detected on page.,2,5 chemistry claim(s) detected; external sources exist sitewide.,0,Page participates in 14 exact repeated paragraph/heading/FAQ block(s) shared with sibling pages.,3,"meta_description length=113 chars, h1_count=1.",3,"word_count=562; task-support signals=[table present, 3 FAQ items].",2,3 FAQ item(s); single clear H1 with sufficient body text,1,last-updated date present; no named author or reviewer anywhere on page (sitewide pattern),2.1
https://waterbalancetools.com/programmatic/hot-tubs/hot-tub-chemicals-for-600-gallons,programmatic/hot-tubs/hot-tub-chemicals-for-600-gallons.html,programmatic/hot-tubs,1,"Max 6-word-shingle Jaccard similarity to sibling page ""programmatic/hot-tubs/hot-tub-chemicals-for-500-gallons.html"" in cluster ""programmatic/hot-tubs"" is 0.70.",3,"word_count=566; task-support signals=[table present, 3 FAQ items].",3,"word_count=566, heading_count=18.",3,5 sentence(s) with numeric ranges/units detected on page.,2,5 chemistry claim(s) detected; external sources exist sitewide.,0,Page participates in 14 exact repeated paragraph/heading/FAQ block(s) shared with sibling pages.,3,"meta_description length=113 chars, h1_count=1.",3,"word_count=566; task-support signals=[table present, 3 FAQ items].",2,3 FAQ item(s); single clear H1 with sufficient body text,1,last-updated date present; no named author or reviewer anywhere on page (sitewide pattern),2.1
https://waterbalancetools.com/programmatic/hot-tubs/,programmatic/hot-tubs/index.html,programmatic/hot-tubs,3,Page has no sibling pages in its cluster family for comparison.,1,word_count=415; task-support signals=[none].,3,"word_count=415, heading_count=9.",0,0 sentence(s) with numeric ranges/units detected on page.,3,No chemistry claims with numeric ranges detected on this page.,1,Page participates in 5 exact repeated paragraph/heading/FAQ block(s) shared with sibling pages.,3,"meta_description length=61 chars, h1_count=1.",1,word_count=415; task-support signals=[none].,1,single clear H1 with sufficient body text,1,last-updated date present; no named author or reviewer anywhere on page (sitewide pattern),1.7
https://waterbalancetools.com/programmatic/,programmatic/index.html,programmatic,3,Page has no sibling pages in its cluster family for comparison.,1,word_count=469; task-support signals=[none].,3,"word_count=469, heading_count=9.",2,1 sentence(s) with numeric ranges/units detected on page.,2,1 chemistry claim(s) detected; external sources exist sitewide.,3,Page participates in 0 exact repeated paragraph/heading/FAQ block(s) shared with sibling pages.,3,"meta_description length=71 chars, h1_count=1.",1,word_count=469; task-support signals=[none].,1,single clear H1 with sufficient body text,1,last-updated date present; no named author or reviewer anywhere on page (sitewide pattern),2
https://waterbalancetools.com/programmatic/ph/how-to-adjust-ph-from-6-8-to-7-2,programmatic/ph/how-to-adjust-ph-from-6-8-to-7-2.html,programmatic/ph,1,"Max 6-word-shingle Jaccard similarity to sibling page ""programmatic/ph/how-to-adjust-ph-from-7-to-7-4.html"" in cluster ""programmatic/ph"" is 0.65.",3,"word_count=512; task-support signals=[table present, 3 FAQ items].",3,"word_count=512, heading_count=18.",2,1 sentence(s) with numeric ranges/units detected on page.,2,1 chemistry claim(s) detected; external sources exist sitewide.,0,Page participates in 19 exact repeated paragraph/heading/FAQ block(s) shared with sibling pages.,3,"meta_description length=90 chars, h1_count=1.",3,"word_count=512; task-support signals=[table present, 3 FAQ items].",2,3 FAQ item(s); single clear H1 with sufficient body text,1,last-updated date present; no named author or reviewer anywhere on page (sitewide pattern),2
https://waterbalancetools.com/programmatic/ph/how-to-adjust-ph-from-7-8-to-7-4,programmatic/ph/how-to-adjust-ph-from-7-8-to-7-4.html,programmatic/ph,1,"Max 6-word-shingle Jaccard similarity to sibling page ""programmatic/ph/how-to-adjust-ph-from-8-to-7-5.html"" in cluster ""programmatic/ph"" is 0.57.",3,"word_count=496; task-support signals=[table present, 3 FAQ items].",3,"word_count=496, heading_count=18.",2,1 sentence(s) with numeric ranges/units detected on page.,2,1 chemistry claim(s) detected; external sources exist sitewide.,0,Page participates in 16 exact repeated paragraph/heading/FAQ block(s) shared with sibling pages.,3,"meta_description length=90 chars, h1_count=1.",3,"word_count=496; task-support signals=[table present, 3 FAQ items].",2,3 FAQ item(s); single clear H1 with sufficient body text,1,last-updated date present; no named author or reviewer anywhere on page (sitewide pattern),2
https://waterbalancetools.com/programmatic/ph/how-to-adjust-ph-from-7-to-7-4,programmatic/ph/how-to-adjust-ph-from-7-to-7-4.html,programmatic/ph,1,"Max 6-word-shingle Jaccard similarity to sibling page ""programmatic/ph/how-to-adjust-ph-from-6-8-to-7-2.html"" in cluster ""programmatic/ph"" is 0.65.",3,"word_count=511; task-support signals=[table present, 3 FAQ items].",3,"word_count=511, heading_count=18.",2,1 sentence(s) with numeric ranges/units detected on page.,2,1 chemistry claim(s) detected; external sources exist sitewide.,0,Page participates in 19 exact repeated paragraph/heading/FAQ block(s) shared with sibling pages.,3,"meta_description length=88 chars, h1_count=1.",3,"word_count=511; task-support signals=[table present, 3 FAQ items].",2,3 FAQ item(s); single clear H1 with sufficient body text,1,last-updated date present; no named author or reviewer anywhere on page (sitewide pattern),2
https://waterbalancetools.com/programmatic/ph/how-to-adjust-ph-from-8-to-7-5,programmatic/ph/how-to-adjust-ph-from-8-to-7-5.html,programmatic/ph,1,"Max 6-word-shingle Jaccard similarity to sibling page ""programmatic/ph/how-to-adjust-ph-from-7-8-to-7-4.html"" in cluster ""programmatic/ph"" is 0.57.",3,"word_count=499; task-support signals=[table present, 3 FAQ items].",3,"word_count=499, heading_count=18.",2,1 sentence(s) with numeric ranges/units detected on page.,2,1 chemistry claim(s) detected; external sources exist sitewide.,0,Page participates in 15 exact repeated paragraph/heading/FAQ block(s) shared with sibling pages.,3,"meta_description length=88 chars, h1_count=1.",3,"word_count=499; task-support signals=[table present, 3 FAQ items].",2,3 FAQ item(s); single clear H1 with sufficient body text,1,last-updated date present; no named author or reviewer anywhere on page (sitewide pattern),2
https://waterbalancetools.com/programmatic/ph/,programmatic/ph/index.html,programmatic/ph,3,Page has no sibling pages in its cluster family for comparison.,1,word_count=423; task-support signals=[none].,3,"word_count=423, heading_count=9.",2,1 sentence(s) with numeric ranges/units detected on page.,2,1 chemistry claim(s) detected; external sources exist sitewide.,1,Page participates in 4 exact repeated paragraph/heading/FAQ block(s) shared with sibling pages.,3,"meta_description length=58 chars, h1_count=1.",1,word_count=423; task-support signals=[none].,1,single clear H1 with sufficient body text,1,last-updated date present; no named author or reviewer anywhere on page (sitewide pattern),1.8
https://waterbalancetools.com/programmatic/problems/cloudy-pool-fix,programmatic/problems/cloudy-pool-fix.html,programmatic/problems,3,Page has no sibling pages in its cluster family for comparison.,2,word_count=584; task-support signals=[5 FAQ items].,3,"word_count=584, heading_count=20.",2,1 sentence(s) with numeric ranges/units detected on page.,2,1 chemistry claim(s) detected; external sources exist sitewide.,0,Page participates in 6 exact repeated paragraph/heading/FAQ block(s) shared with sibling pages.,3,"meta_description length=119 chars, h1_count=1.",2,word_count=584; task-support signals=[5 FAQ items].,2,5 FAQ item(s); single clear H1 with sufficient body text,1,last-updated date present; no named author or reviewer anywhere on page (sitewide pattern),2
https://waterbalancetools.com/programmatic/problems/green-pool-how-much-chlorine,programmatic/problems/green-pool-how-much-chlorine.html,programmatic/problems,3,Page has no sibling pages in its cluster family for comparison.,2,word_count=611; task-support signals=[5 FAQ items].,3,"word_count=611, heading_count=20.",3,3 sentence(s) with numeric ranges/units detected on page.,2,3 chemistry claim(s) detected; external sources exist sitewide.,0,Page participates in 6 exact repeated paragraph/heading/FAQ block(s) shared with sibling pages.,3,"meta_description length=112 chars, h1_count=1.",2,word_count=611; task-support signals=[5 FAQ items].,2,5 FAQ item(s); single clear H1 with sufficient body text,1,last-updated date present; no named author or reviewer anywhere on page (sitewide pattern),2.1
https://waterbalancetools.com/programmatic/problems/high-chlorine-how-to-lower,programmatic/problems/high-chlorine-how-to-lower.html,programmatic/problems,3,Page has no sibling pages in its cluster family for comparison.,2,word_count=568; task-support signals=[5 FAQ items].,3,"word_count=568, heading_count=20.",2,1 sentence(s) with numeric ranges/units detected on page.,2,1 chemistry claim(s) detected; external sources exist sitewide.,0,Page participates in 6 exact repeated paragraph/heading/FAQ block(s) shared with sibling pages.,3,"meta_description length=99 chars, h1_count=1.",2,word_count=568; task-support signals=[5 FAQ items].,2,5 FAQ item(s); single clear H1 with sufficient body text,1,last-updated date present; no named author or reviewer anywhere on page (sitewide pattern),2
https://waterbalancetools.com/programmatic/problems/,programmatic/problems/index.html,programmatic/problems,3,Page has no sibling pages in its cluster family for comparison.,1,word_count=369; task-support signals=[none].,2,"word_count=369, heading_count=9.",2,1 sentence(s) with numeric ranges/units detected on page.,2,1 chemistry claim(s) detected; external sources exist sitewide.,3,Page participates in 0 exact repeated paragraph/heading/FAQ block(s) shared with sibling pages.,3,"meta_description length=73 chars, h1_count=1.",1,word_count=369; task-support signals=[none].,1,single clear H1 with sufficient body text,1,last-updated date present; no named author or reviewer anywhere on page (sitewide pattern),1.9
https://waterbalancetools.com/programmatic/problems/low-alkalinity-symptoms,programmatic/problems/low-alkalinity-symptoms.html,programmatic/problems,3,Page has no sibling pages in its cluster family for comparison.,2,word_count=563; task-support signals=[5 FAQ items].,3,"word_count=563, heading_count=20.",3,3 sentence(s) with numeric ranges/units detected on page.,2,3 chemistry claim(s) detected; external sources exist sitewide.,0,Page participates in 6 exact repeated paragraph/heading/FAQ block(s) shared with sibling pages.,3,"meta_description length=109 chars, h1_count=1.",2,word_count=563; task-support signals=[5 FAQ items].,2,5 FAQ item(s); single clear H1 with sufficient body text,1,last-updated date present; no named author or reviewer anywhere on page (sitewide pattern),2.1
https://waterbalancetools.com/programmatic/shock/how-much-shock-for-10000-gallon-pool,programmatic/shock/how-much-shock-for-10000-gallon-pool.html,programmatic/shock,1,"Max 6-word-shingle Jaccard similarity to sibling page ""programmatic/shock/how-much-shock-for-20000-gallon-pool.html"" in cluster ""programmatic/shock"" is 0.66.",3,"word_count=614; task-support signals=[table present, 3 FAQ items].",3,"word_count=614, heading_count=19.",2,2 sentence(s) with numeric ranges/units detected on page.,2,2 chemistry claim(s) detected; external sources exist sitewide.,0,Page participates in 15 exact repeated paragraph/heading/FAQ block(s) shared with sibling pages.,3,"meta_description length=102 chars, h1_count=1.",3,"word_count=614; task-support signals=[table present, 3 FAQ items].",2,3 FAQ item(s); single clear H1 with sufficient body text,1,last-updated date present; no named author or reviewer anywhere on page (sitewide pattern),2
https://waterbalancetools.com/programmatic/shock/how-much-shock-for-15000-gallon-pool,programmatic/shock/how-much-shock-for-15000-gallon-pool.html,programmatic/shock,1,"Max 6-word-shingle Jaccard similarity to sibling page ""programmatic/shock/how-much-shock-for-25000-gallon-pool.html"" in cluster ""programmatic/shock"" is 0.63.",3,"word_count=619; task-support signals=[table present, 3 FAQ items].",3,"word_count=619, heading_count=19.",2,2 sentence(s) with numeric ranges/units detected on page.,2,2 chemistry claim(s) detected; external sources exist sitewide.,0,Page participates in 15 exact repeated paragraph/heading/FAQ block(s) shared with sibling pages.,3,"meta_description length=102 chars, h1_count=1.",3,"word_count=619; task-support signals=[table present, 3 FAQ items].",2,3 FAQ item(s); single clear H1 with sufficient body text,1,last-updated date present; no named author or reviewer anywhere on page (sitewide pattern),2
https://waterbalancetools.com/programmatic/shock/how-much-shock-for-20000-gallon-pool,programmatic/shock/how-much-shock-for-20000-gallon-pool.html,programmatic/shock,1,"Max 6-word-shingle Jaccard similarity to sibling page ""programmatic/shock/how-much-shock-for-10000-gallon-pool.html"" in cluster ""programmatic/shock"" is 0.66.",3,"word_count=613; task-support signals=[table present, 3 FAQ items].",3,"word_count=613, heading_count=19.",2,2 sentence(s) with numeric ranges/units detected on page.,2,2 chemistry claim(s) detected; external sources exist sitewide.,0,Page participates in 15 exact repeated paragraph/heading/FAQ block(s) shared with sibling pages.,3,"meta_description length=102 chars, h1_count=1.",3,"word_count=613; task-support signals=[table present, 3 FAQ items].",2,3 FAQ item(s); single clear H1 with sufficient body text,1,last-updated date present; no named author or reviewer anywhere on page (sitewide pattern),2
https://waterbalancetools.com/programmatic/shock/how-much-shock-for-25000-gallon-pool,programmatic/shock/how-much-shock-for-25000-gallon-pool.html,programmatic/shock,1,"Max 6-word-shingle Jaccard similarity to sibling page ""programmatic/shock/how-much-shock-for-15000-gallon-pool.html"" in cluster ""programmatic/shock"" is 0.63.",3,"word_count=618; task-support signals=[table present, 3 FAQ items].",3,"word_count=618, heading_count=19.",2,2 sentence(s) with numeric ranges/units detected on page.,2,2 chemistry claim(s) detected; external sources exist sitewide.,0,Page participates in 15 exact repeated paragraph/heading/FAQ block(s) shared with sibling pages.,3,"meta_description length=102 chars, h1_count=1.",3,"word_count=618; task-support signals=[table present, 3 FAQ items].",2,3 FAQ item(s); single clear H1 with sufficient body text,1,last-updated date present; no named author or reviewer anywhere on page (sitewide pattern),2
https://waterbalancetools.com/programmatic/shock/how-much-shock-for-30000-gallon-pool,programmatic/shock/how-much-shock-for-30000-gallon-pool.html,programmatic/shock,1,"Max 6-word-shingle Jaccard similarity to sibling page ""programmatic/shock/how-much-shock-for-15000-gallon-pool.html"" in cluster ""programmatic/shock"" is 0.63.",3,"word_count=614; task-support signals=[table present, 3 FAQ items].",3,"word_count=614, heading_count=19.",2,2 sentence(s) with numeric ranges/units detected on page.,2,2 chemistry claim(s) detected; external sources exist sitewide.,0,Page participates in 15 exact repeated paragraph/heading/FAQ block(s) shared with sibling pages.,3,"meta_description length=102 chars, h1_count=1.",3,"word_count=614; task-support signals=[table present, 3 FAQ items].",2,3 FAQ item(s); single clear H1 with sufficient body text,1,last-updated date present; no named author or reviewer anywhere on page (sitewide pattern),2
https://waterbalancetools.com/programmatic/shock/how-much-shock-for-5000-gallon-pool,programmatic/shock/how-much-shock-for-5000-gallon-pool.html,programmatic/shock,1,"Max 6-word-shingle Jaccard similarity to sibling page ""programmatic/shock/how-much-shock-for-25000-gallon-pool.html"" in cluster ""programmatic/shock"" is 0.61.",3,"word_count=619; task-support signals=[table present, 3 FAQ items].",3,"word_count=619, heading_count=19.",2,2 sentence(s) with numeric ranges/units detected on page.,2,2 chemistry claim(s) detected; external sources exist sitewide.,0,Page participates in 15 exact repeated paragraph/heading/FAQ block(s) shared with sibling pages.,3,"meta_description length=101 chars, h1_count=1.",3,"word_count=619; task-support signals=[table present, 3 FAQ items].",2,3 FAQ item(s); single clear H1 with sufficient body text,1,last-updated date present; no named author or reviewer anywhere on page (sitewide pattern),2
https://waterbalancetools.com/programmatic/shock/,programmatic/shock/index.html,programmatic/shock,3,Page has no sibling pages in its cluster family for comparison.,1,word_count=470; task-support signals=[none].,3,"word_count=470, heading_count=9.",0,0 sentence(s) with numeric ranges/units detected on page.,3,No chemistry claims with numeric ranges detected on this page.,3,Page participates in 0 exact repeated paragraph/heading/FAQ block(s) shared with sibling pages.,3,"meta_description length=62 chars, h1_count=1.",1,word_count=470; task-support signals=[none].,1,single clear H1 with sufficient body text,1,last-updated date present; no named author or reviewer anywhere on page (sitewide pattern),1.9
https://waterbalancetools.com/provenance/,provenance/index.html,provenance,3,Page has no sibling pages in its cluster family for comparison.,2,word_count=228; task-support signals=[table present].,1,"word_count=228, heading_count=1.",1,0 sentence(s) with numeric ranges/units detected on page.,3,No chemistry claims with numeric ranges detected on this page.,3,Page participates in 0 exact repeated paragraph/heading/FAQ block(s) shared with sibling pages.,3,"meta_description length=64 chars, h1_count=1.",2,word_count=228; task-support signals=[table present].,1,single clear H1 with sufficient body text,1,last-updated date present; no named author or reviewer anywhere on page (sitewide pattern),2
https://waterbalancetools.com/qa/certification,qa/certification.html,qa,3,Page has no sibling pages in its cluster family for comparison.,1,word_count=98; task-support signals=[table present].,1,"word_count=98, heading_count=3.",1,0 sentence(s) with numeric ranges/units detected on page.,3,No chemistry claims with numeric ranges detected on this page.,3,Page participates in 0 exact repeated paragraph/heading/FAQ block(s) shared with sibling pages.,1,"meta_description length=0 chars, h1_count=1.",1,word_count=98; task-support signals=[table present].,1,single clear H1 with sufficient body text,0,no named author or reviewer anywhere on page (sitewide pattern),1.5
https://waterbalancetools.com/qa/,qa/index.html,qa,3,Page has no sibling pages in its cluster family for comparison.,2,word_count=171; task-support signals=[table present].,1,"word_count=171, heading_count=3.",1,0 sentence(s) with numeric ranges/units detected on page.,3,No chemistry claims with numeric ranges detected on this page.,3,Page participates in 0 exact repeated paragraph/heading/FAQ block(s) shared with sibling pages.,1,"meta_description length=0 chars, h1_count=1.",2,word_count=171; task-support signals=[table present].,1,single clear H1 with sufficient body text,0,no named author or reviewer anywhere on page (sitewide pattern),1.7
https://waterbalancetools.com/reference/alkalinity-table,reference/alkalinity-table.html,reference,3,Page has no sibling pages in its cluster family for comparison.,3,"word_count=229; task-support signals=[calculator/form present, table present].",2,"word_count=229, heading_count=5.",2,1 sentence(s) with numeric ranges/units detected on page.,2,1 chemistry claim(s) detected; external sources exist sitewide.,3,Page participates in 0 exact repeated paragraph/heading/FAQ block(s) shared with sibling pages.,3,"meta_description length=118 chars, h1_count=1.",3,"word_count=229; task-support signals=[calculator/form present, table present].",1,single clear H1 with sufficient body text,1,"last-updated date present; has ""knowledge-sources""/""sources"" block (site-wide check: contains no external citations, only a review date -- see source-audit.csv); no named author or reviewer anywhere on page (sitewide pattern)",2.3
https://waterbalancetools.com/reference/calcium-hardness-explained,reference/calcium-hardness-explained.html,reference,3,Page has no sibling pages in its cluster family for comparison.,3,"word_count=901; task-support signals=[table present, 6 FAQ items, quick-answer block present].",3,"word_count=901, heading_count=16.",3,7 sentence(s) with numeric ranges/units detected on page.,2,7 chemistry claim(s) detected; external sources exist sitewide.,3,Page participates in 0 exact repeated paragraph/heading/FAQ block(s) shared with sibling pages.,3,"meta_description length=144 chars, h1_count=1.",3,"word_count=901; task-support signals=[table present, 6 FAQ items, quick-answer block present].",3,quick-answer block; 6 FAQ item(s); single clear H1 with sufficient body text,1,last-updated date present; no named author or reviewer anywhere on page (sitewide pattern),2.7
https://waterbalancetools.com/reference/calculator-directory,reference/calculator-directory.html,reference,3,Page has no sibling pages in its cluster family for comparison.,3,"word_count=255; task-support signals=[calculator/form present, table present].",2,"word_count=255, heading_count=5.",1,0 sentence(s) with numeric ranges/units detected on page.,3,No chemistry claims with numeric ranges detected on this page.,3,Page participates in 0 exact repeated paragraph/heading/FAQ block(s) shared with sibling pages.,3,"meta_description length=95 chars, h1_count=1.",3,"word_count=255; task-support signals=[calculator/form present, table present].",1,single clear H1 with sufficient body text,1,"last-updated date present; has ""knowledge-sources""/""sources"" block (site-wide check: contains no external citations, only a review date -- see source-audit.csv); no named author or reviewer anywhere on page (sitewide pattern)",2.3
https://waterbalancetools.com/reference/chemical-compatibility,reference/chemical-compatibility.html,reference,3,Page has no sibling pages in its cluster family for comparison.,2,word_count=238; task-support signals=[table present].,2,"word_count=238, heading_count=4.",1,0 sentence(s) with numeric ranges/units detected on page.,3,No chemistry claims with numeric ranges detected on this page.,2,Page participates in 1 exact repeated paragraph/heading/FAQ block(s) shared with sibling pages.,3,"meta_description length=99 chars, h1_count=1.",2,word_count=238; task-support signals=[table present].,1,single clear H1 with sufficient body text,1,"last-updated date present; has ""knowledge-sources""/""sources"" block (site-wide check: contains no external citations, only a review date -- see source-audit.csv); no named author or reviewer anywhere on page (sitewide pattern)",2
https://waterbalancetools.com/reference/chemical-conversion-tables,reference/chemical-conversion-tables.html,reference,3,Page has no sibling pages in its cluster family for comparison.,3,"word_count=154; task-support signals=[calculator/form present, table present].",1,"word_count=154, heading_count=6.",2,1 sentence(s) with numeric ranges/units detected on page.,2,1 chemistry claim(s) detected; external sources exist sitewide.,3,Page participates in 0 exact repeated paragraph/heading/FAQ block(s) shared with sibling pages.,3,"meta_description length=123 chars, h1_count=1.",3,"word_count=154; task-support signals=[calculator/form present, table present].",1,single clear H1 with sufficient body text,1,"last-updated date present; has ""knowledge-sources""/""sources"" block (site-wide check: contains no external citations, only a review date -- see source-audit.csv); no named author or reviewer anywhere on page (sitewide pattern)",2.2
https://waterbalancetools.com/reference/chemical-safety,reference/chemical-safety.html,reference,3,Page has no sibling pages in its cluster family for comparison.,1,word_count=324; task-support signals=[none].,2,"word_count=324, heading_count=5.",0,0 sentence(s) with numeric ranges/units detected on page.,3,No chemistry claims with numeric ranges detected on this page.,3,Page participates in 0 exact repeated paragraph/heading/FAQ block(s) shared with sibling pages.,3,"meta_description length=120 chars, h1_count=1.",1,word_count=324; task-support signals=[none].,1,single clear H1 with sufficient body text,1,"last-updated date present; has ""knowledge-sources""/""sources"" block (site-wide check: contains no external citations, only a review date -- see source-audit.csv); no named author or reviewer anywhere on page (sitewide pattern)",1.8
https://waterbalancetools.com/reference/chemical-storage-guide,reference/chemical-storage-guide.html,reference,3,Page has no sibling pages in its cluster family for comparison.,2,word_count=274; task-support signals=[table present].,2,"word_count=274, heading_count=3.",2,1 sentence(s) with numeric ranges/units detected on page.,2,1 chemistry claim(s) detected; external sources exist sitewide.,2,Page participates in 1 exact repeated paragraph/heading/FAQ block(s) shared with sibling pages.,3,"meta_description length=129 chars, h1_count=1.",2,word_count=274; task-support signals=[table present].,1,single clear H1 with sufficient body text,1,"last-updated date present; has ""knowledge-sources""/""sources"" block (site-wide check: contains no external citations, only a review date -- see source-audit.csv); no named author or reviewer anywhere on page (sitewide pattern)",2
https://waterbalancetools.com/reference/chlorine-effectiveness-chart,reference/chlorine-effectiveness-chart.html,reference,3,Page has no sibling pages in its cluster family for comparison.,3,"word_count=207; task-support signals=[calculator/form present, table present].",2,"word_count=207, heading_count=4.",2,1 sentence(s) with numeric ranges/units detected on page.,2,1 chemistry claim(s) detected; external sources exist sitewide.,3,Page participates in 0 exact repeated paragraph/heading/FAQ block(s) shared with sibling pages.,3,"meta_description length=118 chars, h1_count=1.",3,"word_count=207; task-support signals=[calculator/form present, table present].",1,single clear H1 with sufficient body text,1,"last-updated date present; has ""knowledge-sources""/""sources"" block (site-wide check: contains no external citations, only a review date -- see source-audit.csv); no named author or reviewer anywhere on page (sitewide pattern)",2.3
https://waterbalancetools.com/reference/chlorine-explained,reference/chlorine-explained.html,reference,3,Page has no sibling pages in its cluster family for comparison.,3,"word_count=877; task-support signals=[table present, 6 FAQ items, quick-answer block present].",3,"word_count=877, heading_count=16.",3,7 sentence(s) with numeric ranges/units detected on page.,2,7 chemistry claim(s) detected; external sources exist sitewide.,3,Page participates in 0 exact repeated paragraph/heading/FAQ block(s) shared with sibling pages.,3,"meta_description length=152 chars, h1_count=1.",3,"word_count=877; task-support signals=[table present, 6 FAQ items, quick-answer block present].",3,quick-answer block; 6 FAQ item(s); single clear H1 with sufficient body text,1,last-updated date present; no named author or reviewer anywhere on page (sitewide pattern),2.7
https://waterbalancetools.com/reference/combined-chlorine-explained,reference/combined-chlorine-explained.html,reference,3,Page has no sibling pages in its cluster family for comparison.,3,"word_count=950; task-support signals=[table present, 6 FAQ items, quick-answer block present].",3,"word_count=950, heading_count=16.",3,5 sentence(s) with numeric ranges/units detected on page.,2,5 chemistry claim(s) detected; external sources exist sitewide.,3,Page participates in 0 exact repeated paragraph/heading/FAQ block(s) shared with sibling pages.,3,"meta_description length=160 chars, h1_count=1.",3,"word_count=950; task-support signals=[table present, 6 FAQ items, quick-answer block present].",3,quick-answer block; 6 FAQ item(s); single clear H1 with sufficient body text,1,last-updated date present; no named author or reviewer anywhere on page (sitewide pattern),2.7
https://waterbalancetools.com/reference/common-pool-chemistry-mistakes,reference/common-pool-chemistry-mistakes.html,reference,3,Page has no sibling pages in its cluster family for comparison.,1,word_count=230; task-support signals=[none].,2,"word_count=230, heading_count=11.",2,2 sentence(s) with numeric ranges/units detected on page.,2,2 chemistry claim(s) detected; external sources exist sitewide.,3,Page participates in 0 exact repeated paragraph/heading/FAQ block(s) shared with sibling pages.,3,"meta_description length=132 chars, h1_count=1.",1,word_count=230; task-support signals=[none].,1,single clear H1 with sufficient body text,1,last-updated date present; no named author or reviewer anywhere on page (sitewide pattern),1.9
https://waterbalancetools.com/reference/cya-matrix,reference/cya-matrix.html,reference,3,Page has no sibling pages in its cluster family for comparison.,3,"word_count=223; task-support signals=[calculator/form present, table present].",2,"word_count=223, heading_count=4.",2,2 sentence(s) with numeric ranges/units detected on page.,2,2 chemistry claim(s) detected; external sources exist sitewide.,3,Page participates in 0 exact repeated paragraph/heading/FAQ block(s) shared with sibling pages.,3,"meta_description length=112 chars, h1_count=1.",3,"word_count=223; task-support signals=[calculator/form present, table present].",1,single clear H1 with sufficient body text,1,"last-updated date present; has ""knowledge-sources""/""sources"" block (site-wide check: contains no external citations, only a review date -- see source-audit.csv); no named author or reviewer anywhere on page (sitewide pattern)",2.3
https://waterbalancetools.com/reference/cyanuric-acid-explained,reference/cyanuric-acid-explained.html,reference,3,Page has no sibling pages in its cluster family for comparison.,3,"word_count=953; task-support signals=[table present, 6 FAQ items, quick-answer block present].",3,"word_count=953, heading_count=16.",3,7 sentence(s) with numeric ranges/units detected on page.,2,7 chemistry claim(s) detected; external sources exist sitewide.,3,Page participates in 0 exact repeated paragraph/heading/FAQ block(s) shared with sibling pages.,3,"meta_description length=145 chars, h1_count=1.",3,"word_count=953; task-support signals=[table present, 6 FAQ items, quick-answer block present].",3,quick-answer block; 6 FAQ item(s); single clear H1 with sufficient body text,1,last-updated date present; no named author or reviewer anywhere on page (sitewide pattern),2.7
https://waterbalancetools.com/reference/datasets/chemical-properties/,reference/datasets/chemical-properties/index.html,reference/datasets,3,Page has no sibling pages in its cluster family for comparison.,2,word_count=1056; task-support signals=[table present].,3,"word_count=1056, heading_count=5.",2,1 sentence(s) with numeric ranges/units detected on page.,2,1 chemistry claim(s) detected; external sources exist sitewide.,2,Page participates in 2 exact repeated paragraph/heading/FAQ block(s) shared with sibling pages.,3,"meta_description length=80 chars, h1_count=1.",2,word_count=1056; task-support signals=[table present].,1,single clear H1 with sufficient body text,1,"last-updated date present; has ""knowledge-sources""/""sources"" block (site-wide check: contains no external citations, only a review date -- see source-audit.csv); no named author or reviewer anywhere on page (sitewide pattern)",2.1
https://waterbalancetools.com/reference/datasets/chemical-ranges/,reference/datasets/chemical-ranges/index.html,reference/datasets,3,Page has no sibling pages in its cluster family for comparison.,2,word_count=961; task-support signals=[table present].,3,"word_count=961, heading_count=5.",3,5 sentence(s) with numeric ranges/units detected on page.,2,5 chemistry claim(s) detected; external sources exist sitewide.,2,Page participates in 2 exact repeated paragraph/heading/FAQ block(s) shared with sibling pages.,3,"meta_description length=78 chars, h1_count=1.",2,word_count=961; task-support signals=[table present].,1,single clear H1 with sufficient body text,1,"last-updated date present; has ""knowledge-sources""/""sources"" block (site-wide check: contains no external citations, only a review date -- see source-audit.csv); no named author or reviewer anywhere on page (sitewide pattern)",2.2
https://waterbalancetools.com/reference/datasets/compatibility/,reference/datasets/compatibility/index.html,reference/datasets,3,Page has no sibling pages in its cluster family for comparison.,2,word_count=650; task-support signals=[table present].,3,"word_count=650, heading_count=5.",1,0 sentence(s) with numeric ranges/units detected on page.,3,No chemistry claims with numeric ranges detected on this page.,2,Page participates in 2 exact repeated paragraph/heading/FAQ block(s) shared with sibling pages.,3,"meta_description length=60 chars, h1_count=1.",2,word_count=650; task-support signals=[table present].,1,single clear H1 with sufficient body text,1,"last-updated date present; has ""knowledge-sources""/""sources"" block (site-wide check: contains no external citations, only a review date -- see source-audit.csv); no named author or reviewer anywhere on page (sitewide pattern)",2.1
https://waterbalancetools.com/reference/datasets/confidence-levels/,reference/datasets/confidence-levels/index.html,reference/datasets,3,"Max 6-word-shingle Jaccard similarity to sibling page ""reference/datasets/pool-types/index.html"" in cluster ""reference/datasets"" is 0.16.",2,word_count=266; task-support signals=[table present].,2,"word_count=266, heading_count=5.",1,0 sentence(s) with numeric ranges/units detected on page.,3,No chemistry claims with numeric ranges detected on this page.,2,Page participates in 2 exact repeated paragraph/heading/FAQ block(s) shared with sibling pages.,3,"meta_description length=68 chars, h1_count=1.",2,word_count=266; task-support signals=[table present].,1,single clear H1 with sufficient body text,1,"last-updated date present; has ""knowledge-sources""/""sources"" block (site-wide check: contains no external citations, only a review date -- see source-audit.csv); no named author or reviewer anywhere on page (sitewide pattern)",2
https://waterbalancetools.com/reference/datasets/conversion-factors/,reference/datasets/conversion-factors/index.html,reference/datasets,3,Page has no sibling pages in its cluster family for comparison.,2,word_count=406; task-support signals=[table present].,3,"word_count=406, heading_count=5.",2,1 sentence(s) with numeric ranges/units detected on page.,2,1 chemistry claim(s) detected; external sources exist sitewide.,2,Page participates in 2 exact repeated paragraph/heading/FAQ block(s) shared with sibling pages.,3,"meta_description length=70 chars, h1_count=1.",2,word_count=406; task-support signals=[table present].,1,single clear H1 with sufficient body text,1,"last-updated date present; has ""knowledge-sources""/""sources"" block (site-wide check: contains no external citations, only a review date -- see source-audit.csv); no named author or reviewer anywhere on page (sitewide pattern)",2.1
https://waterbalancetools.com/reference/datasets/dosage-matrices/,reference/datasets/dosage-matrices/index.html,reference/datasets,3,Page has no sibling pages in its cluster family for comparison.,2,word_count=780; task-support signals=[table present].,3,"word_count=780, heading_count=5.",3,11 sentence(s) with numeric ranges/units detected on page.,2,11 chemistry claim(s) detected; external sources exist sitewide.,2,Page participates in 1 exact repeated paragraph/heading/FAQ block(s) shared with sibling pages.,3,"meta_description length=61 chars, h1_count=1.",2,word_count=780; task-support signals=[table present].,1,single clear H1 with sufficient body text,1,"last-updated date present; has ""knowledge-sources""/""sources"" block (site-wide check: contains no external citations, only a review date -- see source-audit.csv); no named author or reviewer anywhere on page (sitewide pattern)",2.2
https://waterbalancetools.com/reference/datasets/hot-tub-ranges/,reference/datasets/hot-tub-ranges/index.html,reference/datasets,3,"Max 6-word-shingle Jaccard similarity to sibling page ""reference/datasets/pool-types/index.html"" in cluster ""reference/datasets"" is 0.16.",2,word_count=209; task-support signals=[table present].,2,"word_count=209, heading_count=5.",2,1 sentence(s) with numeric ranges/units detected on page.,2,1 chemistry claim(s) detected; external sources exist sitewide.,2,Page participates in 2 exact repeated paragraph/heading/FAQ block(s) shared with sibling pages.,2,"meta_description length=46 chars, h1_count=1.",2,word_count=209; task-support signals=[table present].,1,single clear H1 with sufficient body text,1,"last-updated date present; has ""knowledge-sources""/""sources"" block (site-wide check: contains no external citations, only a review date -- see source-audit.csv); no named author or reviewer anywhere on page (sitewide pattern)",1.9
https://waterbalancetools.com/reference/datasets/,reference/datasets/index.html,reference/datasets,3,Page has no sibling pages in its cluster family for comparison.,1,word_count=241; task-support signals=[none].,2,"word_count=241, heading_count=17.",0,0 sentence(s) with numeric ranges/units detected on page.,3,No chemistry claims with numeric ranges detected on this page.,3,Page participates in 0 exact repeated paragraph/heading/FAQ block(s) shared with sibling pages.,3,"meta_description length=117 chars, h1_count=1.",1,word_count=241; task-support signals=[none].,1,single clear H1 with sufficient body text,1,last-updated date present; no named author or reviewer anywhere on page (sitewide pattern),1.8
https://waterbalancetools.com/reference/datasets/maintenance-schedules/,reference/datasets/maintenance-schedules/index.html,reference/datasets,3,Page has no sibling pages in its cluster family for comparison.,2,word_count=432; task-support signals=[table present].,3,"word_count=432, heading_count=5.",2,1 sentence(s) with numeric ranges/units detected on page.,2,1 chemistry claim(s) detected; external sources exist sitewide.,2,Page participates in 1 exact repeated paragraph/heading/FAQ block(s) shared with sibling pages.,3,"meta_description length=55 chars, h1_count=1.",2,word_count=432; task-support signals=[table present].,1,single clear H1 with sufficient body text,1,"last-updated date present; has ""knowledge-sources""/""sources"" block (site-wide check: contains no external citations, only a review date -- see source-audit.csv); no named author or reviewer anywhere on page (sitewide pattern)",2.1
https://waterbalancetools.com/reference/datasets/pool-types/,reference/datasets/pool-types/index.html,reference/datasets,3,"Max 6-word-shingle Jaccard similarity to sibling page ""reference/datasets/hot-tub-ranges/index.html"" in cluster ""reference/datasets"" is 0.16.",2,word_count=261; task-support signals=[table present].,2,"word_count=261, heading_count=5.",1,0 sentence(s) with numeric ranges/units detected on page.,3,No chemistry claims with numeric ranges detected on this page.,2,Page participates in 1 exact repeated paragraph/heading/FAQ block(s) shared with sibling pages.,3,"meta_description length=60 chars, h1_count=1.",2,word_count=261; task-support signals=[table present].,1,single clear H1 with sufficient body text,1,"last-updated date present; has ""knowledge-sources""/""sources"" block (site-wide check: contains no external citations, only a review date -- see source-audit.csv); no named author or reviewer anywhere on page (sitewide pattern)",2
https://waterbalancetools.com/reference/datasets/temperature-guidelines/,reference/datasets/temperature-guidelines/index.html,reference/datasets,3,"Max 6-word-shingle Jaccard similarity to sibling page ""reference/datasets/confidence-levels/index.html"" in cluster ""reference/datasets"" is 0.16.",2,word_count=332; task-support signals=[table present].,2,"word_count=332, heading_count=5.",3,6 sentence(s) with numeric ranges/units detected on page.,2,6 chemistry claim(s) detected; external sources exist sitewide.,2,Page participates in 1 exact repeated paragraph/heading/FAQ block(s) shared with sibling pages.,3,"meta_description length=59 chars, h1_count=1.",2,word_count=332; task-support signals=[table present].,1,single clear H1 with sufficient body text,1,"last-updated date present; has ""knowledge-sources""/""sources"" block (site-wide check: contains no external citations, only a review date -- see source-audit.csv); no named author or reviewer anywhere on page (sitewide pattern)",2.1
https://waterbalancetools.com/reference/datasets/testing-frequency/,reference/datasets/testing-frequency/index.html,reference/datasets,3,Page has no sibling pages in its cluster family for comparison.,2,word_count=343; task-support signals=[table present].,2,"word_count=343, heading_count=5.",3,3 sentence(s) with numeric ranges/units detected on page.,2,3 chemistry claim(s) detected; external sources exist sitewide.,2,Page participates in 1 exact repeated paragraph/heading/FAQ block(s) shared with sibling pages.,3,"meta_description length=56 chars, h1_count=1.",2,word_count=343; task-support signals=[table present].,1,single clear H1 with sufficient body text,1,"last-updated date present; has ""knowledge-sources""/""sources"" block (site-wide check: contains no external citations, only a review date -- see source-audit.csv); no named author or reviewer anywhere on page (sitewide pattern)",2.1
https://waterbalancetools.com/reference/datasets/units/,reference/datasets/units/index.html,reference/datasets,3,Page has no sibling pages in its cluster family for comparison.,2,word_count=483; task-support signals=[table present].,3,"word_count=483, heading_count=5.",2,1 sentence(s) with numeric ranges/units detected on page.,2,1 chemistry claim(s) detected; external sources exist sitewide.,2,Page participates in 1 exact repeated paragraph/heading/FAQ block(s) shared with sibling pages.,3,"meta_description length=73 chars, h1_count=1.",2,word_count=483; task-support signals=[table present].,1,single clear H1 with sufficient body text,1,"last-updated date present; has ""knowledge-sources""/""sources"" block (site-wide check: contains no external citations, only a review date -- see source-audit.csv); no named author or reviewer anywhere on page (sitewide pattern)",2.1
https://waterbalancetools.com/reference/datasets/version/,reference/datasets/version/index.html,reference/datasets,3,"Max 6-word-shingle Jaccard similarity to sibling page ""reference/datasets/pool-types/index.html"" in cluster ""reference/datasets"" is 0.16.",2,word_count=160; task-support signals=[table present].,1,"word_count=160, heading_count=5.",1,0 sentence(s) with numeric ranges/units detected on page.,3,No chemistry claims with numeric ranges detected on this page.,2,Page participates in 1 exact repeated paragraph/heading/FAQ block(s) shared with sibling pages.,3,"meta_description length=63 chars, h1_count=1.",2,word_count=160; task-support signals=[table present].,1,single clear H1 with sufficient body text,1,last-updated date present; no named author or reviewer anywhere on page (sitewide pattern),1.9
https://waterbalancetools.com/reference/datasets/water-balance/,reference/datasets/water-balance/index.html,reference/datasets,3,Page has no sibling pages in its cluster family for comparison.,2,word_count=295; task-support signals=[table present].,2,"word_count=295, heading_count=5.",2,2 sentence(s) with numeric ranges/units detected on page.,2,2 chemistry claim(s) detected; external sources exist sitewide.,2,Page participates in 1 exact repeated paragraph/heading/FAQ block(s) shared with sibling pages.,3,"meta_description length=60 chars, h1_count=1.",2,word_count=295; task-support signals=[table present].,1,single clear H1 with sufficient body text,1,"last-updated date present; has ""knowledge-sources""/""sources"" block (site-wide check: contains no external citations, only a review date -- see source-audit.csv); no named author or reviewer anywhere on page (sitewide pattern)",2
https://waterbalancetools.com/reference/datasets/water-problems/,reference/datasets/water-problems/index.html,reference/datasets,3,Page has no sibling pages in its cluster family for comparison.,2,word_count=436; task-support signals=[table present].,3,"word_count=436, heading_count=5.",2,1 sentence(s) with numeric ranges/units detected on page.,2,1 chemistry claim(s) detected; external sources exist sitewide.,2,Page participates in 1 exact repeated paragraph/heading/FAQ block(s) shared with sibling pages.,3,"meta_description length=78 chars, h1_count=1.",2,word_count=436; task-support signals=[table present].,1,single clear H1 with sufficient body text,1,"last-updated date present; has ""knowledge-sources""/""sources"" block (site-wide check: contains no external citations, only a review date -- see source-audit.csv); no named author or reviewer anywhere on page (sitewide pattern)",2.1
https://waterbalancetools.com/reference/emergency-recovery,reference/emergency-recovery.html,reference,3,Page has no sibling pages in its cluster family for comparison.,2,word_count=330; task-support signals=[calculator/form present].,2,"word_count=330, heading_count=6.",3,4 sentence(s) with numeric ranges/units detected on page.,2,4 chemistry claim(s) detected; external sources exist sitewide.,3,Page participates in 0 exact repeated paragraph/heading/FAQ block(s) shared with sibling pages.,3,"meta_description length=117 chars, h1_count=1.",2,word_count=330; task-support signals=[calculator/form present].,1,single clear H1 with sufficient body text,1,"last-updated date present; has ""knowledge-sources""/""sources"" block (site-wide check: contains no external citations, only a review date -- see source-audit.csv); no named author or reviewer anywhere on page (sitewide pattern)",2.2
https://waterbalancetools.com/reference/filter-comparison,reference/filter-comparison.html,reference,3,Page has no sibling pages in its cluster family for comparison.,3,"word_count=207; task-support signals=[calculator/form present, table present].",2,"word_count=207, heading_count=4.",1,0 sentence(s) with numeric ranges/units detected on page.,3,No chemistry claims with numeric ranges detected on this page.,2,Page participates in 1 exact repeated paragraph/heading/FAQ block(s) shared with sibling pages.,3,"meta_description length=129 chars, h1_count=1.",3,"word_count=207; task-support signals=[calculator/form present, table present].",1,single clear H1 with sufficient body text,1,"last-updated date present; has ""knowledge-sources""/""sources"" block (site-wide check: contains no external citations, only a review date -- see source-audit.csv); no named author or reviewer anywhere on page (sitewide pattern)",2.2
https://waterbalancetools.com/reference/free-chlorine-explained,reference/free-chlorine-explained.html,reference,3,Page has no sibling pages in its cluster family for comparison.,3,"word_count=896; task-support signals=[table present, 6 FAQ items, quick-answer block present].",3,"word_count=896, heading_count=16.",3,5 sentence(s) with numeric ranges/units detected on page.,2,5 chemistry claim(s) detected; external sources exist sitewide.,3,Page participates in 0 exact repeated paragraph/heading/FAQ block(s) shared with sibling pages.,3,"meta_description length=146 chars, h1_count=1.",3,"word_count=896; task-support signals=[table present, 6 FAQ items, quick-answer block present].",3,quick-answer block; 6 FAQ item(s); single clear H1 with sufficient body text,1,last-updated date present; no named author or reviewer anywhere on page (sitewide pattern),2.7
https://waterbalancetools.com/reference/ideal-pool-levels,reference/ideal-pool-levels.html,reference,3,Page has no sibling pages in its cluster family for comparison.,3,"word_count=248; task-support signals=[calculator/form present, table present].",2,"word_count=248, heading_count=5.",2,2 sentence(s) with numeric ranges/units detected on page.,2,2 chemistry claim(s) detected; external sources exist sitewide.,2,Page participates in 1 exact repeated paragraph/heading/FAQ block(s) shared with sibling pages.,3,"meta_description length=139 chars, h1_count=1.",3,"word_count=248; task-support signals=[calculator/form present, table present].",1,single clear H1 with sufficient body text,1,"last-updated date present; has ""knowledge-sources""/""sources"" block (site-wide check: contains no external citations, only a review date -- see source-audit.csv); no named author or reviewer anywhere on page (sitewide pattern)",2.2
https://waterbalancetools.com/reference/ideal-spa-levels,reference/ideal-spa-levels.html,reference,3,Page has no sibling pages in its cluster family for comparison.,3,"word_count=183; task-support signals=[calculator/form present, table present].",1,"word_count=183, heading_count=4.",2,2 sentence(s) with numeric ranges/units detected on page.,2,2 chemistry claim(s) detected; external sources exist sitewide.,3,Page participates in 0 exact repeated paragraph/heading/FAQ block(s) shared with sibling pages.,3,"meta_description length=120 chars, h1_count=1.",3,"word_count=183; task-support signals=[calculator/form present, table present].",1,single clear H1 with sufficient body text,1,"last-updated date present; has ""knowledge-sources""/""sources"" block (site-wide check: contains no external citations, only a review date -- see source-audit.csv); no named author or reviewer anywhere on page (sitewide pattern)",2.2
https://waterbalancetools.com/reference/,reference/index.html,reference,3,Page has no sibling pages in its cluster family for comparison.,1,word_count=252; task-support signals=[none].,2,"word_count=252, heading_count=4.",0,0 sentence(s) with numeric ranges/units detected on page.,3,No chemistry claims with numeric ranges detected on this page.,3,Page participates in 0 exact repeated paragraph/heading/FAQ block(s) shared with sibling pages.,3,"meta_description length=150 chars, h1_count=1.",1,word_count=252; task-support signals=[none].,1,single clear H1 with sufficient body text,1,last-updated date present; no named author or reviewer anywhere on page (sitewide pattern),1.8
https://waterbalancetools.com/reference/ph-table,reference/ph-table.html,reference,3,Page has no sibling pages in its cluster family for comparison.,3,"word_count=242; task-support signals=[calculator/form present, table present].",2,"word_count=242, heading_count=5.",2,2 sentence(s) with numeric ranges/units detected on page.,2,2 chemistry claim(s) detected; external sources exist sitewide.,3,Page participates in 0 exact repeated paragraph/heading/FAQ block(s) shared with sibling pages.,3,"meta_description length=101 chars, h1_count=1.",3,"word_count=242; task-support signals=[calculator/form present, table present].",1,single clear H1 with sufficient body text,1,"last-updated date present; has ""knowledge-sources""/""sources"" block (site-wide check: contains no external citations, only a review date -- see source-audit.csv); no named author or reviewer anywhere on page (sitewide pattern)",2.3
https://waterbalancetools.com/reference/pool-chemical-timeline,reference/pool-chemical-timeline.html,reference,3,Page has no sibling pages in its cluster family for comparison.,3,"word_count=237; task-support signals=[calculator/form present, table present].",2,"word_count=237, heading_count=4.",2,2 sentence(s) with numeric ranges/units detected on page.,2,2 chemistry claim(s) detected; external sources exist sitewide.,2,Page participates in 1 exact repeated paragraph/heading/FAQ block(s) shared with sibling pages.,3,"meta_description length=106 chars, h1_count=1.",3,"word_count=237; task-support signals=[calculator/form present, table present].",1,single clear H1 with sufficient body text,1,"last-updated date present; has ""knowledge-sources""/""sources"" block (site-wide check: contains no external citations, only a review date -- see source-audit.csv); no named author or reviewer anywhere on page (sitewide pattern)",2.2
https://waterbalancetools.com/reference/pool-chemicals-explained,reference/pool-chemicals-explained.html,reference,3,Page has no sibling pages in its cluster family for comparison.,1,word_count=234; task-support signals=[none].,2,"word_count=234, heading_count=12.",2,2 sentence(s) with numeric ranges/units detected on page.,2,2 chemistry claim(s) detected; external sources exist sitewide.,3,Page participates in 0 exact repeated paragraph/heading/FAQ block(s) shared with sibling pages.,3,"meta_description length=115 chars, h1_count=1.",1,word_count=234; task-support signals=[none].,1,single clear H1 with sufficient body text,1,last-updated date present; no named author or reviewer anywhere on page (sitewide pattern),1.9
https://waterbalancetools.com/reference/pool-chemistry-reference,reference/pool-chemistry-reference.html,reference,3,Page has no sibling pages in its cluster family for comparison.,2,word_count=649; task-support signals=[table present].,3,"word_count=649, heading_count=16.",3,5 sentence(s) with numeric ranges/units detected on page.,2,5 chemistry claim(s) detected; external sources exist sitewide.,3,Page participates in 0 exact repeated paragraph/heading/FAQ block(s) shared with sibling pages.,3,"meta_description length=149 chars, h1_count=1.",2,word_count=649; task-support signals=[table present].,1,single clear H1 with sufficient body text,1,last-updated date present; no named author or reviewer anywhere on page (sitewide pattern),2.3
https://waterbalancetools.com/reference/pool-shape-guide,reference/pool-shape-guide.html,reference,3,Page has no sibling pages in its cluster family for comparison.,3,"word_count=223; task-support signals=[calculator/form present, table present].",2,"word_count=223, heading_count=4.",2,1 sentence(s) with numeric ranges/units detected on page.,2,1 chemistry claim(s) detected; external sources exist sitewide.,2,Page participates in 1 exact repeated paragraph/heading/FAQ block(s) shared with sibling pages.,3,"meta_description length=106 chars, h1_count=1.",3,"word_count=223; task-support signals=[calculator/form present, table present].",1,single clear H1 with sufficient body text,1,"last-updated date present; has ""knowledge-sources""/""sources"" block (site-wide check: contains no external citations, only a review date -- see source-audit.csv); no named author or reviewer anywhere on page (sitewide pattern)",2.2
https://waterbalancetools.com/reference/pool-volume-reference,reference/pool-volume-reference.html,reference,3,Page has no sibling pages in its cluster family for comparison.,3,"word_count=177; task-support signals=[calculator/form present, table present].",1,"word_count=177, heading_count=6.",1,0 sentence(s) with numeric ranges/units detected on page.,3,No chemistry claims with numeric ranges detected on this page.,2,Page participates in 1 exact repeated paragraph/heading/FAQ block(s) shared with sibling pages.,3,"meta_description length=84 chars, h1_count=1.",3,"word_count=177; task-support signals=[calculator/form present, table present].",1,single clear H1 with sufficient body text,1,"last-updated date present; has ""knowledge-sources""/""sources"" block (site-wide check: contains no external citations, only a review date -- see source-audit.csv); no named author or reviewer anywhere on page (sitewide pattern)",2.1
https://waterbalancetools.com/reference/printable-resources-index,reference/printable-resources-index.html,reference,3,Page has no sibling pages in its cluster family for comparison.,2,word_count=132; task-support signals=[table present].,1,"word_count=132, heading_count=2.",1,0 sentence(s) with numeric ranges/units detected on page.,3,No chemistry claims with numeric ranges detected on this page.,3,Page participates in 0 exact repeated paragraph/heading/FAQ block(s) shared with sibling pages.,3,"meta_description length=107 chars, h1_count=1.",2,word_count=132; task-support signals=[table present].,1,single clear H1 with sufficient body text,1,"last-updated date present; has ""knowledge-sources""/""sources"" block (site-wide check: contains no external citations, only a review date -- see source-audit.csv); no named author or reviewer anywhere on page (sitewide pattern)",2
https://waterbalancetools.com/reference/pump-sizing,reference/pump-sizing.html,reference,3,Page has no sibling pages in its cluster family for comparison.,3,"word_count=225; task-support signals=[calculator/form present, table present].",2,"word_count=225, heading_count=5.",1,0 sentence(s) with numeric ranges/units detected on page.,3,No chemistry claims with numeric ranges detected on this page.,3,Page participates in 0 exact repeated paragraph/heading/FAQ block(s) shared with sibling pages.,3,"meta_description length=125 chars, h1_count=1.",3,"word_count=225; task-support signals=[calculator/form present, table present].",1,single clear H1 with sufficient body text,1,"last-updated date present; has ""knowledge-sources""/""sources"" block (site-wide check: contains no external citations, only a review date -- see source-audit.csv); no named author or reviewer anywhere on page (sitewide pattern)",2.3
https://waterbalancetools.com/reference/recommended-water-temperature,reference/recommended-water-temperature.html,reference,3,Page has no sibling pages in its cluster family for comparison.,3,"word_count=240; task-support signals=[calculator/form present, table present].",2,"word_count=240, heading_count=5.",2,2 sentence(s) with numeric ranges/units detected on page.,2,2 chemistry claim(s) detected; external sources exist sitewide.,3,Page participates in 0 exact repeated paragraph/heading/FAQ block(s) shared with sibling pages.,3,"meta_description length=142 chars, h1_count=1.",3,"word_count=240; task-support signals=[calculator/form present, table present].",1,single clear H1 with sufficient body text,1,"last-updated date present; has ""knowledge-sources""/""sources"" block (site-wide check: contains no external citations, only a review date -- see source-audit.csv); no named author or reviewer anywhere on page (sitewide pattern)",2.3
https://waterbalancetools.com/reference/salt-matrix,reference/salt-matrix.html,reference,3,Page has no sibling pages in its cluster family for comparison.,3,"word_count=257; task-support signals=[calculator/form present, table present].",2,"word_count=257, heading_count=5.",2,1 sentence(s) with numeric ranges/units detected on page.,2,1 chemistry claim(s) detected; external sources exist sitewide.,3,Page participates in 0 exact repeated paragraph/heading/FAQ block(s) shared with sibling pages.,3,"meta_description length=121 chars, h1_count=1.",3,"word_count=257; task-support signals=[calculator/form present, table present].",1,single clear H1 with sufficient body text,1,"last-updated date present; has ""knowledge-sources""/""sources"" block (site-wide check: contains no external citations, only a review date -- see source-audit.csv); no named author or reviewer anywhere on page (sitewide pattern)",2.3
https://waterbalancetools.com/reference/salt-water-generator-explained,reference/salt-water-generator-explained.html,reference,3,Page has no sibling pages in its cluster family for comparison.,3,"word_count=993; task-support signals=[table present, 6 FAQ items, quick-answer block present].",3,"word_count=993, heading_count=16.",3,5 sentence(s) with numeric ranges/units detected on page.,2,5 chemistry claim(s) detected; external sources exist sitewide.,3,Page participates in 0 exact repeated paragraph/heading/FAQ block(s) shared with sibling pages.,3,"meta_description length=160 chars, h1_count=1.",3,"word_count=993; task-support signals=[table present, 6 FAQ items, quick-answer block present].",3,quick-answer block; 6 FAQ item(s); single clear H1 with sufficient body text,1,last-updated date present; no named author or reviewer anywhere on page (sitewide pattern),2.7
https://waterbalancetools.com/reference/shock-dosage-matrix,reference/shock-dosage-matrix.html,reference,3,Page has no sibling pages in its cluster family for comparison.,3,"word_count=251; task-support signals=[calculator/form present, table present].",2,"word_count=251, heading_count=4.",3,7 sentence(s) with numeric ranges/units detected on page.,2,7 chemistry claim(s) detected; external sources exist sitewide.,3,Page participates in 0 exact repeated paragraph/heading/FAQ block(s) shared with sibling pages.,3,"meta_description length=119 chars, h1_count=1.",3,"word_count=251; task-support signals=[calculator/form present, table present].",1,single clear H1 with sufficient body text,1,"last-updated date present; has ""knowledge-sources""/""sources"" block (site-wide check: contains no external citations, only a review date -- see source-audit.csv); no named author or reviewer anywhere on page (sitewide pattern)",2.4
https://waterbalancetools.com/reference/shock-treatment-explained,reference/shock-treatment-explained.html,reference,3,Page has no sibling pages in its cluster family for comparison.,3,"word_count=928; task-support signals=[table present, 6 FAQ items, quick-answer block present].",3,"word_count=928, heading_count=16.",3,8 sentence(s) with numeric ranges/units detected on page.,2,8 chemistry claim(s) detected; external sources exist sitewide.,3,Page participates in 0 exact repeated paragraph/heading/FAQ block(s) shared with sibling pages.,3,"meta_description length=147 chars, h1_count=1.",3,"word_count=928; task-support signals=[table present, 6 FAQ items, quick-answer block present].",3,quick-answer block; 6 FAQ item(s); single clear H1 with sufficient body text,1,last-updated date present; no named author or reviewer anywhere on page (sitewide pattern),2.7
https://waterbalancetools.com/reference/testing-frequency,reference/testing-frequency.html,reference,3,Page has no sibling pages in its cluster family for comparison.,3,"word_count=218; task-support signals=[calculator/form present, table present].",2,"word_count=218, heading_count=4.",1,0 sentence(s) with numeric ranges/units detected on page.,3,No chemistry claims with numeric ranges detected on this page.,2,Page participates in 1 exact repeated paragraph/heading/FAQ block(s) shared with sibling pages.,3,"meta_description length=82 chars, h1_count=1.",3,"word_count=218; task-support signals=[calculator/form present, table present].",1,single clear H1 with sufficient body text,1,"last-updated date present; has ""knowledge-sources""/""sources"" block (site-wide check: contains no external citations, only a review date -- see source-audit.csv); no named author or reviewer anywhere on page (sitewide pattern)",2.2
https://waterbalancetools.com/reference/total-alkalinity-explained,reference/total-alkalinity-explained.html,reference,3,Page has no sibling pages in its cluster family for comparison.,3,"word_count=886; task-support signals=[table present, 6 FAQ items, quick-answer block present].",3,"word_count=886, heading_count=16.",3,5 sentence(s) with numeric ranges/units detected on page.,2,5 chemistry claim(s) detected; external sources exist sitewide.,3,Page participates in 0 exact repeated paragraph/heading/FAQ block(s) shared with sibling pages.,3,"meta_description length=139 chars, h1_count=1.",3,"word_count=886; task-support signals=[table present, 6 FAQ items, quick-answer block present].",3,quick-answer block; 6 FAQ item(s); single clear H1 with sufficient body text,1,last-updated date present; no named author or reviewer anywhere on page (sitewide pattern),2.7
https://waterbalancetools.com/reference/vacation-rental-maintenance-schedule,reference/vacation-rental-maintenance-schedule.html,reference,3,Page has no sibling pages in its cluster family for comparison.,3,"word_count=231; task-support signals=[calculator/form present, table present].",2,"word_count=231, heading_count=4.",2,1 sentence(s) with numeric ranges/units detected on page.,2,1 chemistry claim(s) detected; external sources exist sitewide.,2,Page participates in 1 exact repeated paragraph/heading/FAQ block(s) shared with sibling pages.,3,"meta_description length=131 chars, h1_count=1.",3,"word_count=231; task-support signals=[calculator/form present, table present].",1,single clear H1 with sufficient body text,1,"last-updated date present; has ""knowledge-sources""/""sources"" block (site-wide check: contains no external citations, only a review date -- see source-audit.csv); no named author or reviewer anywhere on page (sitewide pattern)",2.2
https://waterbalancetools.com/reference/water-balance-checklist,reference/water-balance-checklist.html,reference,3,Page has no sibling pages in its cluster family for comparison.,2,word_count=231; task-support signals=[calculator/form present].,2,"word_count=231, heading_count=4.",2,2 sentence(s) with numeric ranges/units detected on page.,2,2 chemistry claim(s) detected; external sources exist sitewide.,2,Page participates in 1 exact repeated paragraph/heading/FAQ block(s) shared with sibling pages.,3,"meta_description length=121 chars, h1_count=1.",2,word_count=231; task-support signals=[calculator/form present].,1,single clear H1 with sufficient body text,1,"last-updated date present; has ""knowledge-sources""/""sources"" block (site-wide check: contains no external citations, only a review date -- see source-audit.csv); no named author or reviewer anywhere on page (sitewide pattern)",2
https://waterbalancetools.com/reference/water-replacement-guidelines,reference/water-replacement-guidelines.html,reference,3,Page has no sibling pages in its cluster family for comparison.,3,"word_count=245; task-support signals=[calculator/form present, table present].",2,"word_count=245, heading_count=5.",2,1 sentence(s) with numeric ranges/units detected on page.,2,1 chemistry claim(s) detected; external sources exist sitewide.,2,Page participates in 1 exact repeated paragraph/heading/FAQ block(s) shared with sibling pages.,3,"meta_description length=118 chars, h1_count=1.",3,"word_count=245; task-support signals=[calculator/form present, table present].",1,single clear H1 with sufficient body text,1,"last-updated date present; has ""knowledge-sources""/""sources"" block (site-wide check: contains no external citations, only a review date -- see source-audit.csv); no named author or reviewer anywhere on page (sitewide pattern)",2.2
https://waterbalancetools.com/releases/1.0.0,releases/1.0.0.html,releases,2,"Max 6-word-shingle Jaccard similarity to sibling page ""releases/1.1.0.html"" in cluster ""releases"" is 0.44.",2,word_count=206; task-support signals=[table present].,2,"word_count=206, heading_count=11.",1,0 sentence(s) with numeric ranges/units detected on page.,3,No chemistry claims with numeric ranges detected on this page.,0,Page participates in 6 exact repeated paragraph/heading/FAQ block(s) shared with sibling pages.,3,"meta_description length=55 chars, h1_count=1.",2,word_count=206; task-support signals=[table present].,1,single clear H1 with sufficient body text,0,no named author or reviewer anywhere on page (sitewide pattern),1.6
https://waterbalancetools.com/releases/1.1.0,releases/1.1.0.html,releases,2,"Max 6-word-shingle Jaccard similarity to sibling page ""releases/1.0.0.html"" in cluster ""releases"" is 0.44.",2,word_count=189; task-support signals=[table present].,1,"word_count=189, heading_count=11.",1,0 sentence(s) with numeric ranges/units detected on page.,3,No chemistry claims with numeric ranges detected on this page.,0,Page participates in 6 exact repeated paragraph/heading/FAQ block(s) shared with sibling pages.,3,"meta_description length=53 chars, h1_count=1.",2,word_count=189; task-support signals=[table present].,1,single clear H1 with sufficient body text,0,no named author or reviewer anywhere on page (sitewide pattern),1.5
https://waterbalancetools.com/releases/compatibility,releases/compatibility.html,releases,3,Page has no sibling pages in its cluster family for comparison.,1,word_count=60; task-support signals=[table present].,0,"word_count=60, heading_count=2.",1,0 sentence(s) with numeric ranges/units detected on page.,3,No chemistry claims with numeric ranges detected on this page.,3,Page participates in 0 exact repeated paragraph/heading/FAQ block(s) shared with sibling pages.,3,"meta_description length=75 chars, h1_count=1.",1,word_count=60; task-support signals=[table present].,0,No answer-first structural signals detected.,0,no named author or reviewer anywhere on page (sitewide pattern),1.5
https://waterbalancetools.com/releases/,releases/index.html,releases,3,Page has no sibling pages in its cluster family for comparison.,0,word_count=40; task-support signals=[none].,0,"word_count=40, heading_count=3.",0,0 sentence(s) with numeric ranges/units detected on page.,3,No chemistry claims with numeric ranges detected on this page.,3,Page participates in 0 exact repeated paragraph/heading/FAQ block(s) shared with sibling pages.,3,"meta_description length=92 chars, h1_count=1.",0,word_count=40; task-support signals=[none].,0,No answer-first structural signals detected.,0,no named author or reviewer anywhere on page (sitewide pattern),1.2
https://waterbalancetools.com/reports/accessibility,reports/accessibility.html,reports,2,"Max 6-word-shingle Jaccard similarity to sibling page ""reports/schema.html"" in cluster ""reports"" is 0.34.",1,word_count=71; task-support signals=[table present].,0,"word_count=71, heading_count=7.",1,0 sentence(s) with numeric ranges/units detected on page.,3,No chemistry claims with numeric ranges detected on this page.,2,Page participates in 1 exact repeated paragraph/heading/FAQ block(s) shared with sibling pages.,1,"meta_description length=0 chars, h1_count=1.",1,word_count=71; task-support signals=[table present].,0,No answer-first structural signals detected.,0,no named author or reviewer anywhere on page (sitewide pattern),1.1
https://waterbalancetools.com/reports/ai-readiness,reports/ai-readiness.html,reports,2,"Max 6-word-shingle Jaccard similarity to sibling page ""reports/schema.html"" in cluster ""reports"" is 0.31.",1,word_count=81; task-support signals=[table present].,1,"word_count=81, heading_count=7.",1,0 sentence(s) with numeric ranges/units detected on page.,3,No chemistry claims with numeric ranges detected on this page.,2,Page participates in 1 exact repeated paragraph/heading/FAQ block(s) shared with sibling pages.,1,"meta_description length=0 chars, h1_count=1.",1,word_count=81; task-support signals=[table present].,1,single clear H1 with sufficient body text,0,no named author or reviewer anywhere on page (sitewide pattern),1.3
https://waterbalancetools.com/reports/architecture,reports/architecture.html,reports,3,Page has no sibling pages in its cluster family for comparison.,2,word_count=114; task-support signals=[table present].,1,"word_count=114, heading_count=7.",1,0 sentence(s) with numeric ranges/units detected on page.,3,No chemistry claims with numeric ranges detected on this page.,3,Page participates in 0 exact repeated paragraph/heading/FAQ block(s) shared with sibling pages.,1,"meta_description length=0 chars, h1_count=1.",2,word_count=114; task-support signals=[table present].,1,single clear H1 with sufficient body text,0,no named author or reviewer anywhere on page (sitewide pattern),1.7
https://waterbalancetools.com/reports/calculators,reports/calculators.html,reports,2,"Max 6-word-shingle Jaccard similarity to sibling page ""reports/datasets.html"" in cluster ""reports"" is 0.40.",1,word_count=64; task-support signals=[table present].,0,"word_count=64, heading_count=7.",1,0 sentence(s) with numeric ranges/units detected on page.,3,No chemistry claims with numeric ranges detected on this page.,2,Page participates in 1 exact repeated paragraph/heading/FAQ block(s) shared with sibling pages.,1,"meta_description length=0 chars, h1_count=1.",1,word_count=64; task-support signals=[table present].,0,No answer-first structural signals detected.,0,no named author or reviewer anywhere on page (sitewide pattern),1.1
https://waterbalancetools.com/reports/content,reports/content.html,reports,2,"Max 6-word-shingle Jaccard similarity to sibling page ""reports/mobile.html"" in cluster ""reports"" is 0.30.",2,word_count=134; task-support signals=[table present].,1,"word_count=134, heading_count=7.",1,0 sentence(s) with numeric ranges/units detected on page.,3,No chemistry claims with numeric ranges detected on this page.,2,Page participates in 2 exact repeated paragraph/heading/FAQ block(s) shared with sibling pages.,1,"meta_description length=0 chars, h1_count=1.",2,word_count=134; task-support signals=[table present].,1,single clear H1 with sufficient body text,0,no named author or reviewer anywhere on page (sitewide pattern),1.5
https://waterbalancetools.com/reports/datasets,reports/datasets.html,reports,2,"Max 6-word-shingle Jaccard similarity to sibling page ""reports/schema.html"" in cluster ""reports"" is 0.42.",1,word_count=59; task-support signals=[table present].,0,"word_count=59, heading_count=7.",1,0 sentence(s) with numeric ranges/units detected on page.,3,No chemistry claims with numeric ranges detected on this page.,2,Page participates in 1 exact repeated paragraph/heading/FAQ block(s) shared with sibling pages.,1,"meta_description length=0 chars, h1_count=1.",1,word_count=59; task-support signals=[table present].,0,No answer-first structural signals detected.,0,no named author or reviewer anywhere on page (sitewide pattern),1.1
https://waterbalancetools.com/reports/entities,reports/entities.html,reports,2,"Max 6-word-shingle Jaccard similarity to sibling page ""reports/schema.html"" in cluster ""reports"" is 0.40.",1,word_count=64; task-support signals=[table present].,0,"word_count=64, heading_count=7.",1,0 sentence(s) with numeric ranges/units detected on page.,3,No chemistry claims with numeric ranges detected on this page.,2,Page participates in 1 exact repeated paragraph/heading/FAQ block(s) shared with sibling pages.,1,"meta_description length=0 chars, h1_count=1.",1,word_count=64; task-support signals=[table present].,0,No answer-first structural signals detected.,0,no named author or reviewer anywhere on page (sitewide pattern),1.1
https://waterbalancetools.com/reports/indexing-intelligence,reports/indexing-intelligence.html,reports,2,"Max 6-word-shingle Jaccard similarity to sibling page ""reports/schema.html"" in cluster ""reports"" is 0.30.",1,word_count=83; task-support signals=[table present].,1,"word_count=83, heading_count=7.",1,0 sentence(s) with numeric ranges/units detected on page.,3,No chemistry claims with numeric ranges detected on this page.,2,Page participates in 1 exact repeated paragraph/heading/FAQ block(s) shared with sibling pages.,1,"meta_description length=0 chars, h1_count=1.",1,word_count=83; task-support signals=[table present].,1,single clear H1 with sufficient body text,0,no named author or reviewer anywhere on page (sitewide pattern),1.3
https://waterbalancetools.com/reports/links,reports/links.html,reports,2,"Max 6-word-shingle Jaccard similarity to sibling page ""reports/mobile.html"" in cluster ""reports"" is 0.29.",2,word_count=101; task-support signals=[table present].,1,"word_count=101, heading_count=7.",1,0 sentence(s) with numeric ranges/units detected on page.,3,No chemistry claims with numeric ranges detected on this page.,2,Page participates in 1 exact repeated paragraph/heading/FAQ block(s) shared with sibling pages.,1,"meta_description length=0 chars, h1_count=1.",2,word_count=101; task-support signals=[table present].,1,single clear H1 with sufficient body text,0,no named author or reviewer anywhere on page (sitewide pattern),1.5
https://waterbalancetools.com/reports/mobile,reports/mobile.html,reports,2,"Max 6-word-shingle Jaccard similarity to sibling page ""reports/content.html"" in cluster ""reports"" is 0.30.",1,word_count=90; task-support signals=[table present].,1,"word_count=90, heading_count=7.",1,0 sentence(s) with numeric ranges/units detected on page.,3,No chemistry claims with numeric ranges detected on this page.,2,Page participates in 1 exact repeated paragraph/heading/FAQ block(s) shared with sibling pages.,1,"meta_description length=0 chars, h1_count=1.",1,word_count=90; task-support signals=[table present].,1,single clear H1 with sufficient body text,0,no named author or reviewer anywhere on page (sitewide pattern),1.3
https://waterbalancetools.com/reports/performance,reports/performance.html,reports,2,"Max 6-word-shingle Jaccard similarity to sibling page ""reports/schema.html"" in cluster ""reports"" is 0.26.",1,word_count=72; task-support signals=[table present].,0,"word_count=72, heading_count=7.",1,0 sentence(s) with numeric ranges/units detected on page.,3,No chemistry claims with numeric ranges detected on this page.,2,Page participates in 1 exact repeated paragraph/heading/FAQ block(s) shared with sibling pages.,1,"meta_description length=0 chars, h1_count=1.",1,word_count=72; task-support signals=[table present].,0,No answer-first structural signals detected.,0,no named author or reviewer anywhere on page (sitewide pattern),1.1
https://waterbalancetools.com/reports/schema,reports/schema.html,reports,2,"Max 6-word-shingle Jaccard similarity to sibling page ""reports/datasets.html"" in cluster ""reports"" is 0.42.",1,word_count=53; task-support signals=[table present].,0,"word_count=53, heading_count=7.",1,0 sentence(s) with numeric ranges/units detected on page.,3,No chemistry claims with numeric ranges detected on this page.,2,Page participates in 1 exact repeated paragraph/heading/FAQ block(s) shared with sibling pages.,1,"meta_description length=0 chars, h1_count=1.",1,word_count=53; task-support signals=[table present].,0,No answer-first structural signals detected.,0,no named author or reviewer anywhere on page (sitewide pattern),1.1
https://waterbalancetools.com/reports/seo,reports/seo.html,reports,2,"Max 6-word-shingle Jaccard similarity to sibling page ""reports/content.html"" in cluster ""reports"" is 0.26.",2,word_count=107; task-support signals=[table present].,1,"word_count=107, heading_count=7.",1,0 sentence(s) with numeric ranges/units detected on page.,3,No chemistry claims with numeric ranges detected on this page.,2,Page participates in 1 exact repeated paragraph/heading/FAQ block(s) shared with sibling pages.,1,"meta_description length=0 chars, h1_count=1.",2,word_count=107; task-support signals=[table present].,1,single clear H1 with sufficient body text,0,no named author or reviewer anywhere on page (sitewide pattern),1.5
https://waterbalancetools.com/resources/airbnb-pool-turnover-checklist,resources/airbnb-pool-turnover-checklist.html,resources,3,Page has no sibling pages in its cluster family for comparison.,2,word_count=226; task-support signals=[calculator/form present].,2,"word_count=226, heading_count=5.",2,1 sentence(s) with numeric ranges/units detected on page.,2,1 chemistry claim(s) detected; external sources exist sitewide.,2,Page participates in 1 exact repeated paragraph/heading/FAQ block(s) shared with sibling pages.,3,"meta_description length=150 chars, h1_count=1.",2,word_count=226; task-support signals=[calculator/form present].,1,single clear H1 with sufficient body text,1,last-updated date present; no named author or reviewer anywhere on page (sitewide pattern),2
https://waterbalancetools.com/resources/hot-tub-maintenance-log,resources/hot-tub-maintenance-log.html,resources,3,"Max 6-word-shingle Jaccard similarity to sibling page ""resources/pool-chemical-log-sheet.html"" in cluster ""resources"" is 0.16.",2,"word_count=128; task-support signals=[calculator/form present, table present].",1,"word_count=128, heading_count=5.",1,0 sentence(s) with numeric ranges/units detected on page.,3,No chemistry claims with numeric ranges detected on this page.,3,Page participates in 0 exact repeated paragraph/heading/FAQ block(s) shared with sibling pages.,3,"meta_description length=128 chars, h1_count=1.",2,"word_count=128; task-support signals=[calculator/form present, table present].",1,single clear H1 with sufficient body text,1,last-updated date present; no named author or reviewer anywhere on page (sitewide pattern),2
https://waterbalancetools.com/resources/,resources/index.html,resources,3,Page has no sibling pages in its cluster family for comparison.,2,word_count=308; task-support signals=[quick-answer block present].,2,"word_count=308, heading_count=13.",0,0 sentence(s) with numeric ranges/units detected on page.,3,No chemistry claims with numeric ranges detected on this page.,3,Page participates in 0 exact repeated paragraph/heading/FAQ block(s) shared with sibling pages.,3,"meta_description length=138 chars, h1_count=1.",2,word_count=308; task-support signals=[quick-answer block present].,2,quick-answer block; single clear H1 with sufficient body text,1,last-updated date present; no named author or reviewer anywhere on page (sitewide pattern),2.1
https://waterbalancetools.com/resources/pool-chemical-log-sheet,resources/pool-chemical-log-sheet.html,resources,3,"Max 6-word-shingle Jaccard similarity to sibling page ""resources/hot-tub-maintenance-log.html"" in cluster ""resources"" is 0.16.",2,"word_count=141; task-support signals=[calculator/form present, table present].",1,"word_count=141, heading_count=5.",1,0 sentence(s) with numeric ranges/units detected on page.,3,No chemistry claims with numeric ranges detected on this page.,3,Page participates in 0 exact repeated paragraph/heading/FAQ block(s) shared with sibling pages.,3,"meta_description length=132 chars, h1_count=1.",2,"word_count=141; task-support signals=[calculator/form present, table present].",1,single clear H1 with sufficient body text,1,last-updated date present; no named author or reviewer anywhere on page (sitewide pattern),2
https://waterbalancetools.com/resources/pool-closing-checklist,resources/pool-closing-checklist.html,resources,3,Page has no sibling pages in its cluster family for comparison.,2,word_count=239; task-support signals=[calculator/form present].,2,"word_count=239, heading_count=5.",2,1 sentence(s) with numeric ranges/units detected on page.,2,1 chemistry claim(s) detected; external sources exist sitewide.,2,Page participates in 1 exact repeated paragraph/heading/FAQ block(s) shared with sibling pages.,3,"meta_description length=134 chars, h1_count=1.",2,word_count=239; task-support signals=[calculator/form present].,1,single clear H1 with sufficient body text,1,last-updated date present; no named author or reviewer anywhere on page (sitewide pattern),2
https://waterbalancetools.com/resources/pool-maintenance-checklist,resources/pool-maintenance-checklist.html,resources,3,Page has no sibling pages in its cluster family for comparison.,2,word_count=228; task-support signals=[calculator/form present].,2,"word_count=228, heading_count=5.",2,1 sentence(s) with numeric ranges/units detected on page.,2,1 chemistry claim(s) detected; external sources exist sitewide.,2,Page participates in 1 exact repeated paragraph/heading/FAQ block(s) shared with sibling pages.,3,"meta_description length=117 chars, h1_count=1.",2,word_count=228; task-support signals=[calculator/form present].,1,single clear H1 with sufficient body text,1,last-updated date present; no named author or reviewer anywhere on page (sitewide pattern),2
https://waterbalancetools.com/resources/pool-opening-checklist,resources/pool-opening-checklist.html,resources,3,Page has no sibling pages in its cluster family for comparison.,2,word_count=254; task-support signals=[calculator/form present].,2,"word_count=254, heading_count=5.",2,1 sentence(s) with numeric ranges/units detected on page.,2,1 chemistry claim(s) detected; external sources exist sitewide.,2,Page participates in 1 exact repeated paragraph/heading/FAQ block(s) shared with sibling pages.,3,"meta_description length=118 chars, h1_count=1.",2,word_count=254; task-support signals=[calculator/form present].,1,single clear H1 with sufficient body text,1,last-updated date present; no named author or reviewer anywhere on page (sitewide pattern),2
https://waterbalancetools.com/resources/pool-shock-log,resources/pool-shock-log.html,resources,3,Page has no sibling pages in its cluster family for comparison.,2,"word_count=143; task-support signals=[calculator/form present, table present].",1,"word_count=143, heading_count=5.",2,1 sentence(s) with numeric ranges/units detected on page.,2,1 chemistry claim(s) detected; external sources exist sitewide.,3,Page participates in 0 exact repeated paragraph/heading/FAQ block(s) shared with sibling pages.,3,"meta_description length=128 chars, h1_count=1.",2,"word_count=143; task-support signals=[calculator/form present, table present].",1,single clear H1 with sufficient body text,1,last-updated date present; no named author or reviewer anywhere on page (sitewide pattern),2
https://waterbalancetools.com/resources/water-test-log,resources/water-test-log.html,resources,3,Page has no sibling pages in its cluster family for comparison.,2,"word_count=140; task-support signals=[calculator/form present, table present].",1,"word_count=140, heading_count=5.",1,0 sentence(s) with numeric ranges/units detected on page.,3,No chemistry claims with numeric ranges detected on this page.,3,Page participates in 0 exact repeated paragraph/heading/FAQ block(s) shared with sibling pages.,3,"meta_description length=140 chars, h1_count=1.",2,"word_count=140; task-support signals=[calculator/form present, table present].",1,single clear H1 with sufficient body text,1,last-updated date present; no named author or reviewer anywhere on page (sitewide pattern),2
https://waterbalancetools.com/revisions/,revisions/index.html,revisions,3,Page has no sibling pages in its cluster family for comparison.,2,word_count=178; task-support signals=[table present].,1,"word_count=178, heading_count=1.",1,0 sentence(s) with numeric ranges/units detected on page.,3,No chemistry claims with numeric ranges detected on this page.,3,Page participates in 0 exact repeated paragraph/heading/FAQ block(s) shared with sibling pages.,3,"meta_description length=84 chars, h1_count=1.",2,word_count=178; task-support signals=[table present].,1,single clear H1 with sufficient body text,1,last-updated date present; no named author or reviewer anywhere on page (sitewide pattern),2
https://waterbalancetools.com/salt-water-pool-chemical-levels-chart,salt-water-pool-chemical-levels-chart.html,root,3,Page has no sibling pages in its cluster family for comparison.,3,"word_count=419; task-support signals=[table present, 4 FAQ items, quick-answer block present].",3,"word_count=419, heading_count=6.",3,3 sentence(s) with numeric ranges/units detected on page.,2,3 chemistry claim(s) detected; external sources exist sitewide.,3,Page participates in 0 exact repeated paragraph/heading/FAQ block(s) shared with sibling pages.,3,"meta_description length=134 chars, h1_count=1.",3,"word_count=419; task-support signals=[table present, 4 FAQ items, quick-answer block present].",3,quick-answer block; 4 FAQ item(s); single clear H1 with sufficient body text,1,last-updated date present; no named author or reviewer anywhere on page (sitewide pattern),2.7
https://waterbalancetools.com/search/,search/index.html,search,3,Page has no sibling pages in its cluster family for comparison.,0,word_count=10; task-support signals=[none].,0,"word_count=10, heading_count=1.",0,0 sentence(s) with numeric ranges/units detected on page.,3,No chemistry claims with numeric ranges detected on this page.,3,Page participates in 0 exact repeated paragraph/heading/FAQ block(s) shared with sibling pages.,3,"meta_description length=106 chars, h1_count=1.",0,word_count=10; task-support signals=[none].,0,No answer-first structural signals detected.,1,last-updated date present; no named author or reviewer anywhere on page (sitewide pattern),1.3
https://waterbalancetools.com/tools/,tools/index.html,tools,3,Page has no sibling pages in its cluster family for comparison.,1,word_count=353; task-support signals=[none].,2,"word_count=353, heading_count=14.",0,0 sentence(s) with numeric ranges/units detected on page.,3,No chemistry claims with numeric ranges detected on this page.,3,Page participates in 0 exact repeated paragraph/heading/FAQ block(s) shared with sibling pages.,3,"meta_description length=104 chars, h1_count=1.",1,word_count=353; task-support signals=[none].,1,single clear H1 with sufficient body text,0,no named author or reviewer anywhere on page (sitewide pattern),1.7
