url,file_path,canonical,robots,indexability,sitemap_presence,redirect_status,flags
https://waterbalancetools.com/404,404.html,https://waterbalancetools.com/404,"noindex, follow",NOINDEX,false,none,none
https://waterbalancetools.com/about/,about/index.html,https://waterbalancetools.com/about/,"index, follow",INDEXABLE,true,none,none
https://waterbalancetools.com/academy/equipment/automatic-chlorinators,academy/equipment/automatic-chlorinators.html,https://waterbalancetools.com/academy/equipment/automatic-chlorinators,"index, follow",INDEXABLE,true,none,none
https://waterbalancetools.com/academy/equipment/,academy/equipment/index.html,https://waterbalancetools.com/academy/equipment,"index, follow",INDEXABLE,true,none,none
https://waterbalancetools.com/academy/equipment/pool-filters,academy/equipment/pool-filters.html,https://waterbalancetools.com/academy/equipment/pool-filters,"index, follow",INDEXABLE,true,none,none
https://waterbalancetools.com/academy/equipment/pool-pumps,academy/equipment/pool-pumps.html,https://waterbalancetools.com/academy/equipment/pool-pumps,"index, follow",INDEXABLE,true,none,none
https://waterbalancetools.com/academy/equipment/pool-skimmers,academy/equipment/pool-skimmers.html,https://waterbalancetools.com/academy/equipment/pool-skimmers,"index, follow",INDEXABLE,true,none,none
https://waterbalancetools.com/academy/equipment/salt-systems,academy/equipment/salt-systems.html,https://waterbalancetools.com/academy/equipment/salt-systems,"index, follow",INDEXABLE,true,none,none
https://waterbalancetools.com/academy/equipment/sand-vs-cartridge-filters,academy/equipment/sand-vs-cartridge-filters.html,https://waterbalancetools.com/academy/equipment/sand-vs-cartridge-filters,"index, follow",INDEXABLE,true,none,none
https://waterbalancetools.com/academy/fundamentals/how-temperature-changes-water-chemistry,academy/fundamentals/how-temperature-changes-water-chemistry.html,https://waterbalancetools.com/academy/fundamentals/how-temperature-changes-water-chemistry,"index, follow",INDEXABLE,true,none,none
https://waterbalancetools.com/academy/fundamentals/how-water-balance-works,academy/fundamentals/how-water-balance-works.html,https://waterbalancetools.com/academy/fundamentals/how-water-balance-works,"index, follow",INDEXABLE,true,none,none
https://waterbalancetools.com/academy/fundamentals/,academy/fundamentals/index.html,https://waterbalancetools.com/academy/fundamentals,"index, follow",INDEXABLE,true,none,none
https://waterbalancetools.com/academy/fundamentals/pool-vs-hot-tub-chemistry,academy/fundamentals/pool-vs-hot-tub-chemistry.html,https://waterbalancetools.com/academy/fundamentals/pool-vs-hot-tub-chemistry,"index, follow",INDEXABLE,true,none,none
https://waterbalancetools.com/academy/fundamentals/the-four-core-water-tests,academy/fundamentals/the-four-core-water-tests.html,https://waterbalancetools.com/academy/fundamentals/the-four-core-water-tests,"index, follow",INDEXABLE,true,none,none
https://waterbalancetools.com/academy/fundamentals/understanding-pool-water-chemistry,academy/fundamentals/understanding-pool-water-chemistry.html,https://waterbalancetools.com/academy/fundamentals/understanding-pool-water-chemistry,"index, follow",INDEXABLE,true,none,none
https://waterbalancetools.com/academy/fundamentals/why-water-testing-matters,academy/fundamentals/why-water-testing-matters.html,https://waterbalancetools.com/academy/fundamentals/why-water-testing-matters,"index, follow",INDEXABLE,true,none,none
https://waterbalancetools.com/academy/hot-tubs/daily-spa-maintenance,academy/hot-tubs/daily-spa-maintenance.html,https://waterbalancetools.com/academy/hot-tubs/daily-spa-maintenance,"index, follow",INDEXABLE,true,none,none
https://waterbalancetools.com/academy/hot-tubs/,academy/hot-tubs/index.html,https://waterbalancetools.com/academy/hot-tubs,"index, follow",INDEXABLE,true,none,none
https://waterbalancetools.com/academy/hot-tubs/monthly-spa-maintenance,academy/hot-tubs/monthly-spa-maintenance.html,https://waterbalancetools.com/academy/hot-tubs/monthly-spa-maintenance,"index, follow",INDEXABLE,true,none,none
https://waterbalancetools.com/academy/hot-tubs/refilling-your-hot-tub,academy/hot-tubs/refilling-your-hot-tub.html,https://waterbalancetools.com/academy/hot-tubs/refilling-your-hot-tub,"index, follow",INDEXABLE,true,none,none
https://waterbalancetools.com/academy/hot-tubs/shock-after-heavy-use,academy/hot-tubs/shock-after-heavy-use.html,https://waterbalancetools.com/academy/hot-tubs/shock-after-heavy-use,"index, follow",INDEXABLE,true,none,none
https://waterbalancetools.com/academy/hot-tubs/weekly-spa-maintenance,academy/hot-tubs/weekly-spa-maintenance.html,https://waterbalancetools.com/academy/hot-tubs/weekly-spa-maintenance,"index, follow",INDEXABLE,true,none,none
https://waterbalancetools.com/academy/hot-tubs/winter-spa-care,academy/hot-tubs/winter-spa-care.html,https://waterbalancetools.com/academy/hot-tubs/winter-spa-care,"index, follow",INDEXABLE,true,none,none
https://waterbalancetools.com/academy/,academy/index.html,https://waterbalancetools.com/academy,"index, follow",INDEXABLE,true,none,none
https://waterbalancetools.com/academy/sanitizers/breakpoint-chlorination,academy/sanitizers/breakpoint-chlorination.html,https://waterbalancetools.com/academy/sanitizers/breakpoint-chlorination,"index, follow",INDEXABLE,true,none,none
https://waterbalancetools.com/academy/sanitizers/bromine-vs-chlorine,academy/sanitizers/bromine-vs-chlorine.html,https://waterbalancetools.com/academy/sanitizers/bromine-vs-chlorine,"index, follow",INDEXABLE,true,none,none
https://waterbalancetools.com/academy/sanitizers/combined-chlorine-explained,academy/sanitizers/combined-chlorine-explained.html,https://waterbalancetools.com/academy/sanitizers/combined-chlorine-explained,"index, follow",INDEXABLE,true,none,none
https://waterbalancetools.com/academy/sanitizers/,academy/sanitizers/index.html,https://waterbalancetools.com/academy/sanitizers,"index, follow",INDEXABLE,true,none,none
https://waterbalancetools.com/academy/sanitizers/liquid-chlorine-vs-tablets,academy/sanitizers/liquid-chlorine-vs-tablets.html,https://waterbalancetools.com/academy/sanitizers/liquid-chlorine-vs-tablets,"index, follow",INDEXABLE,true,none,none
https://waterbalancetools.com/academy/sanitizers/shock-treatments-explained,academy/sanitizers/shock-treatments-explained.html,https://waterbalancetools.com/academy/sanitizers/shock-treatments-explained,"index, follow",INDEXABLE,true,none,none
https://waterbalancetools.com/academy/sanitizers/understanding-free-chlorine,academy/sanitizers/understanding-free-chlorine.html,https://waterbalancetools.com/academy/sanitizers/understanding-free-chlorine,"index, follow",INDEXABLE,true,none,none
https://waterbalancetools.com/academy/testing/common-testing-mistakes,academy/testing/common-testing-mistakes.html,https://waterbalancetools.com/academy/testing/common-testing-mistakes,"index, follow",INDEXABLE,true,none,none
https://waterbalancetools.com/academy/testing/digital-pool-testers,academy/testing/digital-pool-testers.html,https://waterbalancetools.com/academy/testing/digital-pool-testers,"index, follow",INDEXABLE,true,none,none
https://waterbalancetools.com/academy/testing/how-often-to-test-water,academy/testing/how-often-to-test-water.html,https://waterbalancetools.com/academy/testing/how-often-to-test-water,"index, follow",INDEXABLE,true,none,none
https://waterbalancetools.com/academy/testing/,academy/testing/index.html,https://waterbalancetools.com/academy/testing,"index, follow",INDEXABLE,true,none,none
https://waterbalancetools.com/academy/testing/understanding-test-results,academy/testing/understanding-test-results.html,https://waterbalancetools.com/academy/testing/understanding-test-results,"index, follow",INDEXABLE,true,none,none
https://waterbalancetools.com/academy/testing/using-liquid-test-kits,academy/testing/using-liquid-test-kits.html,https://waterbalancetools.com/academy/testing/using-liquid-test-kits,"index, follow",INDEXABLE,true,none,none
https://waterbalancetools.com/academy/testing/using-test-strips,academy/testing/using-test-strips.html,https://waterbalancetools.com/academy/testing/using-test-strips,"index, follow",INDEXABLE,true,none,none
https://waterbalancetools.com/academy/troubleshooting/cloudy-water,academy/troubleshooting/cloudy-water.html,https://waterbalancetools.com/academy/troubleshooting/cloudy-water,"index, follow",INDEXABLE,true,none,none
https://waterbalancetools.com/academy/troubleshooting/corrosion,academy/troubleshooting/corrosion.html,https://waterbalancetools.com/academy/troubleshooting/corrosion,"index, follow",INDEXABLE,true,none,none
https://waterbalancetools.com/academy/troubleshooting/foaming-hot-tubs,academy/troubleshooting/foaming-hot-tubs.html,https://waterbalancetools.com/academy/troubleshooting/foaming-hot-tubs,"index, follow",INDEXABLE,true,none,none
https://waterbalancetools.com/academy/troubleshooting/green-water,academy/troubleshooting/green-water.html,https://waterbalancetools.com/academy/troubleshooting/green-water,"index, follow",INDEXABLE,true,none,none
https://waterbalancetools.com/academy/troubleshooting/,academy/troubleshooting/index.html,https://waterbalancetools.com/academy/troubleshooting,"index, follow",INDEXABLE,true,none,none
https://waterbalancetools.com/academy/troubleshooting/scaling,academy/troubleshooting/scaling.html,https://waterbalancetools.com/academy/troubleshooting/scaling,"index, follow",INDEXABLE,true,none,none
https://waterbalancetools.com/academy/troubleshooting/strong-chlorine-smell,academy/troubleshooting/strong-chlorine-smell.html,https://waterbalancetools.com/academy/troubleshooting/strong-chlorine-smell,"index, follow",INDEXABLE,true,none,none
https://waterbalancetools.com/academy/vacation-rentals/chemical-log-sheets,academy/vacation-rentals/chemical-log-sheets.html,https://waterbalancetools.com/academy/vacation-rentals/chemical-log-sheets,"index, follow",INDEXABLE,true,none,none
https://waterbalancetools.com/academy/vacation-rentals/emergency-water-recovery,academy/vacation-rentals/emergency-water-recovery.html,https://waterbalancetools.com/academy/vacation-rentals/emergency-water-recovery,"index, follow",INDEXABLE,true,none,none
https://waterbalancetools.com/academy/vacation-rentals/guest-safety,academy/vacation-rentals/guest-safety.html,https://waterbalancetools.com/academy/vacation-rentals/guest-safety,"index, follow",INDEXABLE,true,none,none
https://waterbalancetools.com/academy/vacation-rentals/,academy/vacation-rentals/index.html,https://waterbalancetools.com/academy/vacation-rentals,"index, follow",INDEXABLE,true,none,none
https://waterbalancetools.com/academy/vacation-rentals/maintenance-schedule,academy/vacation-rentals/maintenance-schedule.html,https://waterbalancetools.com/academy/vacation-rentals/maintenance-schedule,"index, follow",INDEXABLE,true,none,none
https://waterbalancetools.com/academy/vacation-rentals/turnover-checklist,academy/vacation-rentals/turnover-checklist.html,https://waterbalancetools.com/academy/vacation-rentals/turnover-checklist,"index, follow",INDEXABLE,true,none,none
https://waterbalancetools.com/academy/vacation-rentals/weekly-inspection,academy/vacation-rentals/weekly-inspection.html,https://waterbalancetools.com/academy/vacation-rentals/weekly-inspection,"index, follow",INDEXABLE,true,none,none
https://waterbalancetools.com/academy/water-balance/,academy/water-balance/index.html,https://waterbalancetools.com/academy/water-balance,"index, follow",INDEXABLE,true,none,none
https://waterbalancetools.com/academy/water-balance/understanding-calcium-hardness,academy/water-balance/understanding-calcium-hardness.html,https://waterbalancetools.com/academy/water-balance/understanding-calcium-hardness,"index, follow",INDEXABLE,true,none,none
https://waterbalancetools.com/academy/water-balance/understanding-cyanuric-acid,academy/water-balance/understanding-cyanuric-acid.html,https://waterbalancetools.com/academy/water-balance/understanding-cyanuric-acid,"index, follow",INDEXABLE,true,none,none
https://waterbalancetools.com/academy/water-balance/understanding-lsi,academy/water-balance/understanding-lsi.html,https://waterbalancetools.com/academy/water-balance/understanding-lsi,"index, follow",INDEXABLE,true,none,none
https://waterbalancetools.com/academy/water-balance/understanding-ph,academy/water-balance/understanding-ph.html,https://waterbalancetools.com/academy/water-balance/understanding-ph,"index, follow",INDEXABLE,true,none,none
https://waterbalancetools.com/academy/water-balance/understanding-total-alkalinity,academy/water-balance/understanding-total-alkalinity.html,https://waterbalancetools.com/academy/water-balance/understanding-total-alkalinity,"index, follow",INDEXABLE,true,none,none
https://waterbalancetools.com/academy/water-balance/water-balance-order,academy/water-balance/water-balance-order.html,https://waterbalancetools.com/academy/water-balance/water-balance-order,"index, follow",INDEXABLE,true,none,none
https://waterbalancetools.com/all-pages,all-pages.html,https://waterbalancetools.com/all-pages,"index, follow",INDEXABLE,true,none,none
https://waterbalancetools.com/audit/google/authority-flow,audit/google/authority-flow.html,https://waterbalancetools.com/audit/google/authority-flow,"noindex, nofollow",NOINDEX,false,none,none
https://waterbalancetools.com/audit/google/crawl-depth,audit/google/crawl-depth.html,https://waterbalancetools.com/audit/google/crawl-depth,"noindex, nofollow",NOINDEX,false,none,none
https://waterbalancetools.com/audit/google/freshness,audit/google/freshness.html,https://waterbalancetools.com/audit/google/freshness,"noindex, nofollow",NOINDEX,false,none,none
https://waterbalancetools.com/audit/google/,audit/google/index.html,https://waterbalancetools.com/audit/google,"noindex, nofollow",NOINDEX,false,none,none
https://waterbalancetools.com/audit/google/priority-report,audit/google/priority-report.html,https://waterbalancetools.com/audit/google/priority-report,"noindex, nofollow",NOINDEX,false,none,none
https://waterbalancetools.com/audit/google/search-console-helper,audit/google/search-console-helper.html,https://waterbalancetools.com/audit/google/search-console-helper,"noindex, nofollow",NOINDEX,false,none,none
https://waterbalancetools.com/audit/google/weak-pages,audit/google/weak-pages.html,https://waterbalancetools.com/audit/google/weak-pages,"noindex, nofollow",NOINDEX,false,none,none
https://waterbalancetools.com/calculators/chemical-calculator,calculators/chemical-calculator.html,https://waterbalancetools.com/calculators/chemical-calculator,"index, follow",INDEXABLE,true,none,none
https://waterbalancetools.com/calculators/hot-tub-chlorine-calculator,calculators/hot-tub-chlorine-calculator.html,https://waterbalancetools.com/calculators/hot-tub-chlorine-calculator,"index, follow",INDEXABLE,true,none,none
https://waterbalancetools.com/calculators/hot-tub-ph-calculator,calculators/hot-tub-ph-calculator.html,https://waterbalancetools.com/calculators/hot-tub-ph-calculator,"index, follow",INDEXABLE,true,none,none
https://waterbalancetools.com/calculators/hot-tub-shock-calculator,calculators/hot-tub-shock-calculator.html,https://waterbalancetools.com/calculators/hot-tub-shock-calculator,"index, follow",INDEXABLE,true,none,none
https://waterbalancetools.com/calculators/,calculators/index.html,https://waterbalancetools.com/calculators,"index, follow",INDEXABLE,true,none,none
https://waterbalancetools.com/calculators/pool-alkalinity-calculator,calculators/pool-alkalinity-calculator.html,https://waterbalancetools.com/calculators/pool-alkalinity-calculator,"index, follow",INDEXABLE,true,none,none
https://waterbalancetools.com/calculators/pool-chlorine-calculator,calculators/pool-chlorine-calculator.html,https://waterbalancetools.com/calculators/pool-chlorine-calculator,"index, follow",INDEXABLE,true,none,none
https://waterbalancetools.com/calculators/pool-cyanuric-acid-calculator,calculators/pool-cyanuric-acid-calculator.html,https://waterbalancetools.com/calculators/pool-cyanuric-acid-calculator,"index, follow",INDEXABLE,true,none,none
https://waterbalancetools.com/calculators/pool-ph-calculator,calculators/pool-ph-calculator.html,https://waterbalancetools.com/calculators/pool-ph-calculator,"index, follow",INDEXABLE,true,none,none
https://waterbalancetools.com/calculators/pool-shock-calculator,calculators/pool-shock-calculator.html,https://waterbalancetools.com/calculators/pool-shock-calculator,"index, follow",INDEXABLE,true,none,none
https://waterbalancetools.com/calculators/pool-turnover-rate-calculator,calculators/pool-turnover-rate-calculator.html,https://waterbalancetools.com/calculators/pool-turnover-rate-calculator,"index, follow",INDEXABLE,true,none,none
https://waterbalancetools.com/calculators/pool-volume-calculator,calculators/pool-volume-calculator.html,https://waterbalancetools.com/calculators/pool-volume-calculator,"index, follow",INDEXABLE,true,none,none
https://waterbalancetools.com/calculators/saltwater-pool-salt-calculator,calculators/saltwater-pool-salt-calculator.html,https://waterbalancetools.com/calculators/saltwater-pool-salt-calculator,"index, follow",INDEXABLE,true,none,none
https://waterbalancetools.com/calculators/spa-volume-calculator,calculators/spa-volume-calculator.html,https://waterbalancetools.com/calculators/spa-volume-calculator,"index, follow",INDEXABLE,true,none,none
https://waterbalancetools.com/calculators/volume-calculator,calculators/volume-calculator.html,https://waterbalancetools.com/calculators/pool-volume-calculator,"noindex, follow",NOINDEX,false,HAS_LEGACY_REDIRECT_SOURCE_COLLISION,CANONICAL_POINTS_ELSEWHERE;HAS_LEGACY_REDIRECT_SOURCE_COLLISION
https://waterbalancetools.com/charts/hot-tub-chemical-levels-chart,charts/hot-tub-chemical-levels-chart.html,https://waterbalancetools.com/hot-tub-chemical-levels-chart,"noindex, follow",NOINDEX,false,HAS_LEGACY_REDIRECT_SOURCE_COLLISION,CANONICAL_POINTS_ELSEWHERE;HAS_LEGACY_REDIRECT_SOURCE_COLLISION
https://waterbalancetools.com/charts/,charts/index.html,https://waterbalancetools.com/charts,"index, follow",INDEXABLE,true,none,none
https://waterbalancetools.com/charts/pool-chemical-levels-chart,charts/pool-chemical-levels-chart.html,https://waterbalancetools.com/pool-chemical-levels-chart,"noindex, follow",NOINDEX,false,HAS_LEGACY_REDIRECT_SOURCE_COLLISION,CANONICAL_POINTS_ELSEWHERE;HAS_LEGACY_REDIRECT_SOURCE_COLLISION
https://waterbalancetools.com/charts/pool-water-balance-chart,charts/pool-water-balance-chart.html,https://waterbalancetools.com/charts/pool-water-balance-chart,"index, follow",INDEXABLE,true,none,none
https://waterbalancetools.com/comparisons/chlorine-vs-bromine-hot-tub,comparisons/chlorine-vs-bromine-hot-tub.html,https://waterbalancetools.com/comparisons/chlorine-vs-bromine-hot-tub,"index, follow",INDEXABLE,true,none,none
https://waterbalancetools.com/comparisons/chlorine-vs-bromine,comparisons/chlorine-vs-bromine.html,https://waterbalancetools.com/comparisons/chlorine-vs-bromine,"index, follow",INDEXABLE,true,none,none
https://waterbalancetools.com/comparisons/free-chlorine-vs-total-chlorine,comparisons/free-chlorine-vs-total-chlorine.html,https://waterbalancetools.com/comparisons/free-chlorine-vs-total-chlorine,"index, follow",INDEXABLE,true,none,none
https://waterbalancetools.com/comparisons/,comparisons/index.html,https://waterbalancetools.com/comparisons,"index, follow",INDEXABLE,true,none,none
https://waterbalancetools.com/comparisons/liquid-chlorine-vs-tablets,comparisons/liquid-chlorine-vs-tablets.html,https://waterbalancetools.com/comparisons/liquid-chlorine-vs-tablets,"index, follow",INDEXABLE,true,none,none
https://waterbalancetools.com/comparisons/pool-shock-vs-chlorine,comparisons/pool-shock-vs-chlorine.html,https://waterbalancetools.com/comparisons/pool-shock-vs-chlorine,"index, follow",INDEXABLE,true,none,none
https://waterbalancetools.com/comparisons/salt-water-pool-vs-chlorine-pool,comparisons/salt-water-pool-vs-chlorine-pool.html,https://waterbalancetools.com/comparisons/salt-water-pool-vs-chlorine-pool,"index, follow",INDEXABLE,true,none,none
https://waterbalancetools.com/comparisons/saltwater-pool-vs-chlorine,comparisons/saltwater-pool-vs-chlorine.html,https://waterbalancetools.com/comparisons/saltwater-pool-vs-chlorine,"index, follow",INDEXABLE,true,none,none
https://waterbalancetools.com/editorial/content-standards/,editorial/content-standards/index.html,https://waterbalancetools.com/editorial/content-standards/,"index, follow",INDEXABLE,true,none,none
https://waterbalancetools.com/editorial/correction-policy/,editorial/correction-policy/index.html,https://waterbalancetools.com/editorial/correction-policy/,"index, follow",INDEXABLE,true,none,none
https://waterbalancetools.com/editorial/editorial-policy/,editorial/editorial-policy/index.html,https://waterbalancetools.com/editorial/editorial-policy/,"index, follow",INDEXABLE,true,none,none
https://waterbalancetools.com/editorial/,editorial/index.html,https://waterbalancetools.com/editorial/,"index, follow",INDEXABLE,true,none,none
https://waterbalancetools.com/editorial/review-process/,editorial/review-process/index.html,https://waterbalancetools.com/editorial/review-process/,"index, follow",INDEXABLE,true,none,none
https://waterbalancetools.com/editorial/update-policy/,editorial/update-policy/index.html,https://waterbalancetools.com/editorial/update-policy/,"index, follow",INDEXABLE,true,none,none
https://waterbalancetools.com/entities/algae,entities/algae.html,https://waterbalancetools.com/entities/algae,"index, follow",INDEXABLE,true,none,none
https://waterbalancetools.com/entities/alkalinity,entities/alkalinity.html,https://waterbalancetools.com/entities/alkalinity,"index, follow",INDEXABLE,true,none,none
https://waterbalancetools.com/entities/automatic-chlorinator,entities/automatic-chlorinator.html,https://waterbalancetools.com/entities/automatic-chlorinator,"index, follow",INDEXABLE,true,none,none
https://waterbalancetools.com/entities/backwashing,entities/backwashing.html,https://waterbalancetools.com/entities/backwashing,"index, follow",INDEXABLE,true,none,none
https://waterbalancetools.com/entities/baking-soda,entities/baking-soda.html,https://waterbalancetools.com/entities/baking-soda,"index, follow",INDEXABLE,true,none,none
https://waterbalancetools.com/entities/balancing,entities/balancing.html,https://waterbalancetools.com/entities/balancing,"index, follow",INDEXABLE,true,none,none
https://waterbalancetools.com/entities/biguanide,entities/biguanide.html,https://waterbalancetools.com/entities/biguanide,"index, follow",INDEXABLE,true,none,none
https://waterbalancetools.com/entities/breakpoint-chlorination,entities/breakpoint-chlorination.html,https://waterbalancetools.com/entities/breakpoint-chlorination,"index, follow",INDEXABLE,true,none,none
https://waterbalancetools.com/entities/bromine,entities/bromine.html,https://waterbalancetools.com/entities/bromine,"index, follow",INDEXABLE,true,none,none
https://waterbalancetools.com/entities/calcium-chloride,entities/calcium-chloride.html,https://waterbalancetools.com/entities/calcium-chloride,"index, follow",INDEXABLE,true,none,none
https://waterbalancetools.com/entities/calcium-hardness,entities/calcium-hardness.html,https://waterbalancetools.com/entities/calcium-hardness,"index, follow",INDEXABLE,true,none,none
https://waterbalancetools.com/entities/calcium-hypochlorite,entities/calcium-hypochlorite.html,https://waterbalancetools.com/entities/calcium-hypochlorite,"index, follow",INDEXABLE,true,none,none
https://waterbalancetools.com/entities/cartridge-filter,entities/cartridge-filter.html,https://waterbalancetools.com/entities/cartridge-filter,"index, follow",INDEXABLE,true,none,none
https://waterbalancetools.com/entities/cdc,entities/cdc.html,https://waterbalancetools.com/entities/cdc,"index, follow",INDEXABLE,true,none,none
https://waterbalancetools.com/entities/chemical-feeder,entities/chemical-feeder.html,https://waterbalancetools.com/entities/chemical-feeder,"index, follow",INDEXABLE,true,none,none
https://waterbalancetools.com/entities/chemical-log,entities/chemical-log.html,https://waterbalancetools.com/entities/chemical-log,"index, follow",INDEXABLE,true,none,none
https://waterbalancetools.com/entities/closing-checklist,entities/closing-checklist.html,https://waterbalancetools.com/entities/closing-checklist,"index, follow",INDEXABLE,true,none,none
https://waterbalancetools.com/entities/cloudy-water,entities/cloudy-water.html,https://waterbalancetools.com/entities/cloudy-water,"index, follow",INDEXABLE,true,none,none
https://waterbalancetools.com/entities/combined-chlorine,entities/combined-chlorine.html,https://waterbalancetools.com/entities/combined-chlorine,"index, follow",INDEXABLE,true,none,none
https://waterbalancetools.com/entities/commercial-pool,entities/commercial-pool.html,https://waterbalancetools.com/entities/commercial-pool,"index, follow",INDEXABLE,true,none,none
https://waterbalancetools.com/entities/concrete-pool,entities/concrete-pool.html,https://waterbalancetools.com/entities/concrete-pool,"index, follow",INDEXABLE,true,none,none
https://waterbalancetools.com/entities/copper,entities/copper.html,https://waterbalancetools.com/entities/copper,"index, follow",INDEXABLE,true,none,none
https://waterbalancetools.com/entities/corrosion,entities/corrosion.html,https://waterbalancetools.com/entities/corrosion,"index, follow",INDEXABLE,true,none,none
https://waterbalancetools.com/entities/cover,entities/cover.html,https://waterbalancetools.com/entities/cover,"index, follow",INDEXABLE,true,none,none
https://waterbalancetools.com/entities/cyanuric-acid,entities/cyanuric-acid.html,https://waterbalancetools.com/entities/cyanuric-acid,"index, follow",INDEXABLE,true,none,none
https://waterbalancetools.com/entities/de-filter,entities/de-filter.html,https://waterbalancetools.com/entities/de-filter,"index, follow",INDEXABLE,true,none,none
https://waterbalancetools.com/entities/emergency-reference,entities/emergency-reference.html,https://waterbalancetools.com/entities/emergency-reference,"index, follow",INDEXABLE,true,none,none
https://waterbalancetools.com/entities/epa,entities/epa.html,https://waterbalancetools.com/entities/epa,"index, follow",INDEXABLE,true,none,none
https://waterbalancetools.com/entities/eye-irritation,entities/eye-irritation.html,https://waterbalancetools.com/entities/eye-irritation,"index, follow",INDEXABLE,true,none,none
https://waterbalancetools.com/entities/fiberglass-pool,entities/fiberglass-pool.html,https://waterbalancetools.com/entities/fiberglass-pool,"index, follow",INDEXABLE,true,none,none
https://waterbalancetools.com/entities/filtration,entities/filtration.html,https://waterbalancetools.com/entities/filtration,"index, follow",INDEXABLE,true,none,none
https://waterbalancetools.com/entities/flow-rate,entities/flow-rate.html,https://waterbalancetools.com/entities/flow-rate,"index, follow",INDEXABLE,true,none,none
https://waterbalancetools.com/entities/foaming,entities/foaming.html,https://waterbalancetools.com/entities/foaming,"index, follow",INDEXABLE,true,none,none
https://waterbalancetools.com/entities/free-chlorine,entities/free-chlorine.html,https://waterbalancetools.com/entities/free-chlorine,"index, follow",INDEXABLE,true,none,none
https://waterbalancetools.com/entities/gallons,entities/gallons.html,https://waterbalancetools.com/entities/gallons,"index, follow",INDEXABLE,true,none,none
https://waterbalancetools.com/entities/green-water,entities/green-water.html,https://waterbalancetools.com/entities/green-water,"index, follow",INDEXABLE,true,none,none
https://waterbalancetools.com/entities/heater,entities/heater.html,https://waterbalancetools.com/entities/heater,"index, follow",INDEXABLE,true,none,none
https://waterbalancetools.com/entities/high-chlorine,entities/high-chlorine.html,https://waterbalancetools.com/entities/high-chlorine,"index, follow",INDEXABLE,true,none,none
https://waterbalancetools.com/entities/high-ph,entities/high-ph.html,https://waterbalancetools.com/entities/high-ph,"index, follow",INDEXABLE,true,none,none
https://waterbalancetools.com/entities/hot-tub,entities/hot-tub.html,https://waterbalancetools.com/entities/hot-tub,"index, follow",INDEXABLE,true,none,none
https://waterbalancetools.com/entities/hydrogen-peroxide,entities/hydrogen-peroxide.html,https://waterbalancetools.com/entities/hydrogen-peroxide,"index, follow",INDEXABLE,true,none,none
https://waterbalancetools.com/entities/,entities/index.html,https://waterbalancetools.com/entities,"index, follow",INDEXABLE,true,none,none
https://waterbalancetools.com/entities/indoor-pool,entities/indoor-pool.html,https://waterbalancetools.com/entities/indoor-pool,"index, follow",INDEXABLE,true,none,none
https://waterbalancetools.com/entities/iron,entities/iron.html,https://waterbalancetools.com/entities/iron,"index, follow",INDEXABLE,true,none,none
https://waterbalancetools.com/entities/lamotte,entities/lamotte.html,https://waterbalancetools.com/entities/lamotte,"index, follow",INDEXABLE,true,none,none
https://waterbalancetools.com/entities/liquid-chlorine,entities/liquid-chlorine.html,https://waterbalancetools.com/entities/liquid-chlorine,"index, follow",INDEXABLE,true,none,none
https://waterbalancetools.com/entities/liters,entities/liters.html,https://waterbalancetools.com/entities/liters,"index, follow",INDEXABLE,true,none,none
https://waterbalancetools.com/entities/low-chlorine,entities/low-chlorine.html,https://waterbalancetools.com/entities/low-chlorine,"index, follow",INDEXABLE,true,none,none
https://waterbalancetools.com/entities/low-ph,entities/low-ph.html,https://waterbalancetools.com/entities/low-ph,"index, follow",INDEXABLE,true,none,none
https://waterbalancetools.com/entities/lsi,entities/lsi.html,https://waterbalancetools.com/entities/lsi,"index, follow",INDEXABLE,true,none,none
https://waterbalancetools.com/entities/maintenance-checklist,entities/maintenance-checklist.html,https://waterbalancetools.com/entities/maintenance-checklist,"index, follow",INDEXABLE,true,none,none
https://waterbalancetools.com/entities/maintenance-log,entities/maintenance-log.html,https://waterbalancetools.com/entities/maintenance-log,"index, follow",INDEXABLE,true,none,none
https://waterbalancetools.com/entities/manganese,entities/manganese.html,https://waterbalancetools.com/entities/manganese,"index, follow",INDEXABLE,true,none,none
https://waterbalancetools.com/entities/muriatic-acid,entities/muriatic-acid.html,https://waterbalancetools.com/entities/muriatic-acid,"index, follow",INDEXABLE,true,none,none
https://waterbalancetools.com/entities/nsf,entities/nsf.html,https://waterbalancetools.com/entities/nsf,"index, follow",INDEXABLE,true,none,none
https://waterbalancetools.com/entities/opening-checklist,entities/opening-checklist.html,https://waterbalancetools.com/entities/opening-checklist,"index, follow",INDEXABLE,true,none,none
https://waterbalancetools.com/entities/orp,entities/orp.html,https://waterbalancetools.com/entities/orp,"index, follow",INDEXABLE,true,none,none
https://waterbalancetools.com/entities/outdoor-pool,entities/outdoor-pool.html,https://waterbalancetools.com/entities/outdoor-pool,"index, follow",INDEXABLE,true,none,none
https://waterbalancetools.com/entities/oxidation,entities/oxidation.html,https://waterbalancetools.com/entities/oxidation,"index, follow",INDEXABLE,true,none,none
https://waterbalancetools.com/entities/ozone,entities/ozone.html,https://waterbalancetools.com/entities/ozone,"index, follow",INDEXABLE,true,none,none
https://waterbalancetools.com/entities/ph,entities/ph.html,https://waterbalancetools.com/entities/ph,"index, follow",INDEXABLE,true,none,none
https://waterbalancetools.com/entities/phosphate,entities/phosphate.html,https://waterbalancetools.com/entities/phosphate,"index, follow",INDEXABLE,true,none,none
https://waterbalancetools.com/entities/phta,entities/phta.html,https://waterbalancetools.com/entities/phta,"index, follow",INDEXABLE,true,none,none
https://waterbalancetools.com/entities/pool-opening,entities/pool-opening.html,https://waterbalancetools.com/entities/pool-opening,"index, follow",INDEXABLE,true,none,none
https://waterbalancetools.com/entities/pool-salt,entities/pool-salt.html,https://waterbalancetools.com/entities/pool-salt,"index, follow",INDEXABLE,true,none,none
https://waterbalancetools.com/entities/ppm,entities/ppm.html,https://waterbalancetools.com/entities/ppm,"index, follow",INDEXABLE,true,none,none
https://waterbalancetools.com/entities/pump,entities/pump.html,https://waterbalancetools.com/entities/pump,"index, follow",INDEXABLE,true,none,none
https://waterbalancetools.com/entities/salt-chlorinator,entities/salt-chlorinator.html,https://waterbalancetools.com/entities/salt-chlorinator,"index, follow",INDEXABLE,true,none,none
https://waterbalancetools.com/entities/salt,entities/salt.html,https://waterbalancetools.com/entities/salt,"index, follow",INDEXABLE,true,none,none
https://waterbalancetools.com/entities/saltwater-pool,entities/saltwater-pool.html,https://waterbalancetools.com/entities/saltwater-pool,"index, follow",INDEXABLE,true,none,none
https://waterbalancetools.com/entities/sand-filter,entities/sand-filter.html,https://waterbalancetools.com/entities/sand-filter,"index, follow",INDEXABLE,true,none,none
https://waterbalancetools.com/entities/sanitizing,entities/sanitizing.html,https://waterbalancetools.com/entities/sanitizing,"index, follow",INDEXABLE,true,none,none
https://waterbalancetools.com/entities/scaling,entities/scaling.html,https://waterbalancetools.com/entities/scaling,"index, follow",INDEXABLE,true,none,none
https://waterbalancetools.com/entities/shock-treatment,entities/shock-treatment.html,https://waterbalancetools.com/entities/shock-treatment,"index, follow",INDEXABLE,true,none,none
https://waterbalancetools.com/entities/skimmer,entities/skimmer.html,https://waterbalancetools.com/entities/skimmer,"index, follow",INDEXABLE,true,none,none
https://waterbalancetools.com/entities/skin-irritation,entities/skin-irritation.html,https://waterbalancetools.com/entities/skin-irritation,"index, follow",INDEXABLE,true,none,none
https://waterbalancetools.com/entities/soda-ash,entities/soda-ash.html,https://waterbalancetools.com/entities/soda-ash,"index, follow",INDEXABLE,true,none,none
https://waterbalancetools.com/entities/sodium-dichlor,entities/sodium-dichlor.html,https://waterbalancetools.com/entities/sodium-dichlor,"index, follow",INDEXABLE,true,none,none
https://waterbalancetools.com/entities/stabilizer,entities/stabilizer.html,https://waterbalancetools.com/entities/stabilizer,"index, follow",INDEXABLE,true,none,none
https://waterbalancetools.com/entities/strong-chlorine-smell,entities/strong-chlorine-smell.html,https://waterbalancetools.com/entities/strong-chlorine-smell,"index, follow",INDEXABLE,true,none,none
https://waterbalancetools.com/entities/swim-spa,entities/swim-spa.html,https://waterbalancetools.com/entities/swim-spa,"index, follow",INDEXABLE,true,none,none
https://waterbalancetools.com/entities/swimming-pool,entities/swimming-pool.html,https://waterbalancetools.com/entities/swimming-pool,"index, follow",INDEXABLE,true,none,none
https://waterbalancetools.com/entities/taylor-technologies,entities/taylor-technologies.html,https://waterbalancetools.com/entities/taylor-technologies,"index, follow",INDEXABLE,true,none,none
https://waterbalancetools.com/entities/temperature,entities/temperature.html,https://waterbalancetools.com/entities/temperature,"index, follow",INDEXABLE,true,none,none
https://waterbalancetools.com/entities/testing,entities/testing.html,https://waterbalancetools.com/entities/testing,"index, follow",INDEXABLE,true,none,none
https://waterbalancetools.com/entities/total-chlorine,entities/total-chlorine.html,https://waterbalancetools.com/entities/total-chlorine,"index, follow",INDEXABLE,true,none,none
https://waterbalancetools.com/entities/total-dissolved-solids,entities/total-dissolved-solids.html,https://waterbalancetools.com/entities/total-dissolved-solids,"index, follow",INDEXABLE,true,none,none
https://waterbalancetools.com/entities/trichlor-tablets,entities/trichlor-tablets.html,https://waterbalancetools.com/entities/trichlor-tablets,"index, follow",INDEXABLE,true,none,none
https://waterbalancetools.com/entities/turnover-time,entities/turnover-time.html,https://waterbalancetools.com/entities/turnover-time,"index, follow",INDEXABLE,true,none,none
https://waterbalancetools.com/entities/unit-celsius,entities/unit-celsius.html,https://waterbalancetools.com/entities/unit-celsius,"index, follow",INDEXABLE,true,none,none
https://waterbalancetools.com/entities/unit-days,entities/unit-days.html,https://waterbalancetools.com/entities/unit-days,"index, follow",INDEXABLE,true,none,none
https://waterbalancetools.com/entities/unit-fahrenheit,entities/unit-fahrenheit.html,https://waterbalancetools.com/entities/unit-fahrenheit,"index, follow",INDEXABLE,true,none,none
https://waterbalancetools.com/entities/unit-gallons,entities/unit-gallons.html,https://waterbalancetools.com/entities/unit-gallons,"index, follow",INDEXABLE,true,none,none
https://waterbalancetools.com/entities/unit-hours,entities/unit-hours.html,https://waterbalancetools.com/entities/unit-hours,"index, follow",INDEXABLE,true,none,none
https://waterbalancetools.com/entities/unit-liters,entities/unit-liters.html,https://waterbalancetools.com/entities/unit-liters,"index, follow",INDEXABLE,true,none,none
https://waterbalancetools.com/entities/unit-mg-l,entities/unit-mg-l.html,https://waterbalancetools.com/entities/unit-mg-l,"index, follow",INDEXABLE,true,none,none
https://waterbalancetools.com/entities/unit-minutes,entities/unit-minutes.html,https://waterbalancetools.com/entities/unit-minutes,"index, follow",INDEXABLE,true,none,none
https://waterbalancetools.com/entities/unit-months,entities/unit-months.html,https://waterbalancetools.com/entities/unit-months,"index, follow",INDEXABLE,true,none,none
https://waterbalancetools.com/entities/unit-ppm,entities/unit-ppm.html,https://waterbalancetools.com/entities/unit-ppm,"index, follow",INDEXABLE,true,none,none
https://waterbalancetools.com/entities/unit-weeks,entities/unit-weeks.html,https://waterbalancetools.com/entities/unit-weeks,"index, follow",INDEXABLE,true,none,none
https://waterbalancetools.com/entities/vacation-rental-checklist,entities/vacation-rental-checklist.html,https://waterbalancetools.com/entities/vacation-rental-checklist,"index, follow",INDEXABLE,true,none,none
https://waterbalancetools.com/entities/vinyl-pool,entities/vinyl-pool.html,https://waterbalancetools.com/entities/vinyl-pool,"index, follow",INDEXABLE,true,none,none
https://waterbalancetools.com/entities/water-replacement,entities/water-replacement.html,https://waterbalancetools.com/entities/water-replacement,"index, follow",INDEXABLE,true,none,none
https://waterbalancetools.com/entities/water-test-sheet,entities/water-test-sheet.html,https://waterbalancetools.com/entities/water-test-sheet,"index, follow",INDEXABLE,true,none,none
https://waterbalancetools.com/entities/winterization,entities/winterization.html,https://waterbalancetools.com/entities/winterization,"index, follow",INDEXABLE,true,none,none
https://waterbalancetools.com/formulas/alkalinity-formula,formulas/alkalinity-formula.html,https://waterbalancetools.com/formulas/alkalinity-formula,"index, follow",INDEXABLE,true,none,none
https://waterbalancetools.com/formulas/cya-formula,formulas/cya-formula.html,https://waterbalancetools.com/formulas/cya-formula,"index, follow",INDEXABLE,true,none,none
https://waterbalancetools.com/formulas/,formulas/index.html,https://waterbalancetools.com/formulas,"index, follow",INDEXABLE,true,none,none
https://waterbalancetools.com/formulas/liquid-chlorine-formula,formulas/liquid-chlorine-formula.html,https://waterbalancetools.com/formulas/liquid-chlorine-formula,"index, follow",INDEXABLE,true,none,none
https://waterbalancetools.com/formulas/lsi-formula,formulas/lsi-formula.html,https://waterbalancetools.com/formulas/lsi-formula,"index, follow",INDEXABLE,true,none,none
https://waterbalancetools.com/formulas/ph-adjustment-formula,formulas/ph-adjustment-formula.html,https://waterbalancetools.com/formulas/ph-adjustment-formula,"index, follow",INDEXABLE,true,none,none
https://waterbalancetools.com/formulas/pool-volume-formula,formulas/pool-volume-formula.html,https://waterbalancetools.com/formulas/pool-volume-formula,"index, follow",INDEXABLE,true,none,none
https://waterbalancetools.com/formulas/salt-formula,formulas/salt-formula.html,https://waterbalancetools.com/formulas/salt-formula,"index, follow",INDEXABLE,true,none,none
https://waterbalancetools.com/formulas/shock-formula,formulas/shock-formula.html,https://waterbalancetools.com/formulas/shock-formula,"index, follow",INDEXABLE,true,none,none
https://waterbalancetools.com/formulas/turnover-formula,formulas/turnover-formula.html,https://waterbalancetools.com/formulas/turnover-formula,"index, follow",INDEXABLE,true,none,none
https://waterbalancetools.com/glossary/aggressive-water,glossary/aggressive-water.html,https://waterbalancetools.com/glossary/aggressive-water,"index, follow",INDEXABLE,true,none,none
https://waterbalancetools.com/glossary/algae-bloom,glossary/algae-bloom.html,https://waterbalancetools.com/glossary/algae-bloom,"index, follow",INDEXABLE,true,none,none
https://waterbalancetools.com/glossary/algaecide,glossary/algaecide.html,https://waterbalancetools.com/glossary/algaecide,"index, follow",INDEXABLE,true,none,none
https://waterbalancetools.com/glossary/ammonia,glossary/ammonia.html,https://waterbalancetools.com/glossary/ammonia,"index, follow",INDEXABLE,true,none,none
https://waterbalancetools.com/glossary/backwashing,glossary/backwashing.html,https://waterbalancetools.com/glossary/backwashing,"index, follow",INDEXABLE,true,none,none
https://waterbalancetools.com/glossary/bather-load,glossary/bather-load.html,https://waterbalancetools.com/glossary/bather-load,"index, follow",INDEXABLE,true,none,none
https://waterbalancetools.com/glossary/bcdmh,glossary/bcdmh.html,https://waterbalancetools.com/glossary/bcdmh,"index, follow",INDEXABLE,true,none,none
https://waterbalancetools.com/glossary/bicarbonate-alkalinity,glossary/bicarbonate-alkalinity.html,https://waterbalancetools.com/glossary/bicarbonate-alkalinity,"index, follow",INDEXABLE,true,none,none
https://waterbalancetools.com/glossary/biofilm,glossary/biofilm.html,https://waterbalancetools.com/glossary/biofilm,"index, follow",INDEXABLE,true,none,none
https://waterbalancetools.com/glossary/black-algae,glossary/black-algae.html,https://waterbalancetools.com/glossary/black-algae,"index, follow",INDEXABLE,true,none,none
https://waterbalancetools.com/glossary/breakpoint-chlorination,glossary/breakpoint-chlorination.html,https://waterbalancetools.com/glossary/breakpoint-chlorination,"index, follow",INDEXABLE,true,none,none
https://waterbalancetools.com/glossary/breakpoint-dose,glossary/breakpoint-dose.html,https://waterbalancetools.com/glossary/breakpoint-dose,"index, follow",INDEXABLE,true,none,none
https://waterbalancetools.com/glossary/bromine,glossary/bromine.html,https://waterbalancetools.com/glossary/bromine,"index, follow",INDEXABLE,true,none,none
https://waterbalancetools.com/glossary/calcium-hardness,glossary/calcium-hardness.html,https://waterbalancetools.com/glossary/calcium-hardness,"index, follow",INDEXABLE,true,none,none
https://waterbalancetools.com/glossary/calcium-hypochlorite,glossary/calcium-hypochlorite.html,https://waterbalancetools.com/glossary/calcium-hypochlorite,"index, follow",INDEXABLE,true,none,none
https://waterbalancetools.com/glossary/carbon-dioxide,glossary/carbon-dioxide.html,https://waterbalancetools.com/glossary/carbon-dioxide,"index, follow",INDEXABLE,true,none,none
https://waterbalancetools.com/glossary/cartridge-filter,glossary/cartridge-filter.html,https://waterbalancetools.com/glossary/cartridge-filter,"index, follow",INDEXABLE,true,none,none
https://waterbalancetools.com/glossary/chemical-compatibility,glossary/chemical-compatibility.html,https://waterbalancetools.com/glossary/chemical-compatibility,"index, follow",INDEXABLE,true,none,none
https://waterbalancetools.com/glossary/chemical-log,glossary/chemical-log.html,https://waterbalancetools.com/glossary/chemical-log,"index, follow",INDEXABLE,true,none,none
https://waterbalancetools.com/glossary/chemical-storage,glossary/chemical-storage.html,https://waterbalancetools.com/glossary/chemical-storage,"index, follow",INDEXABLE,true,none,none
https://waterbalancetools.com/glossary/chloramine,glossary/chloramine.html,https://waterbalancetools.com/glossary/chloramine,"index, follow",INDEXABLE,true,none,none
https://waterbalancetools.com/glossary/chlorine-demand,glossary/chlorine-demand.html,https://waterbalancetools.com/glossary/chlorine-demand,"index, follow",INDEXABLE,true,none,none
https://waterbalancetools.com/glossary/chlorine-stabilizer,glossary/chlorine-stabilizer.html,https://waterbalancetools.com/glossary/chlorine-stabilizer,"index, follow",INDEXABLE,true,none,none
https://waterbalancetools.com/glossary/clarifier,glossary/clarifier.html,https://waterbalancetools.com/glossary/clarifier,"index, follow",INDEXABLE,true,none,none
https://waterbalancetools.com/glossary/closing-chemical-kit,glossary/closing-chemical-kit.html,https://waterbalancetools.com/glossary/closing-chemical-kit,"index, follow",INDEXABLE,true,none,none
https://waterbalancetools.com/glossary/colorimetric-test,glossary/colorimetric-test.html,https://waterbalancetools.com/glossary/colorimetric-test,"index, follow",INDEXABLE,true,none,none
https://waterbalancetools.com/glossary/combined-chlorine,glossary/combined-chlorine.html,https://waterbalancetools.com/glossary/combined-chlorine,"index, follow",INDEXABLE,true,none,none
https://waterbalancetools.com/glossary/conductivity,glossary/conductivity.html,https://waterbalancetools.com/glossary/conductivity,"index, follow",INDEXABLE,true,none,none
https://waterbalancetools.com/glossary/copper,glossary/copper.html,https://waterbalancetools.com/glossary/copper,"index, follow",INDEXABLE,true,none,none
https://waterbalancetools.com/glossary/cyanuric-acid,glossary/cyanuric-acid.html,https://waterbalancetools.com/glossary/cyanuric-acid,"index, follow",INDEXABLE,true,none,none
https://waterbalancetools.com/glossary/de-filter,glossary/de-filter.html,https://waterbalancetools.com/glossary/de-filter,"index, follow",INDEXABLE,true,none,none
https://waterbalancetools.com/glossary/dead-algae,glossary/dead-algae.html,https://waterbalancetools.com/glossary/dead-algae,"index, follow",INDEXABLE,true,none,none
https://waterbalancetools.com/glossary/dichlor,glossary/dichlor.html,https://waterbalancetools.com/glossary/dichlor,"index, follow",INDEXABLE,true,none,none
https://waterbalancetools.com/glossary/dilution,glossary/dilution.html,https://waterbalancetools.com/glossary/dilution,"index, follow",INDEXABLE,true,none,none
https://waterbalancetools.com/glossary/dpd-test,glossary/dpd-test.html,https://waterbalancetools.com/glossary/dpd-test,"index, follow",INDEXABLE,true,none,none
https://waterbalancetools.com/glossary/evaporation,glossary/evaporation.html,https://waterbalancetools.com/glossary/evaporation,"index, follow",INDEXABLE,true,none,none
https://waterbalancetools.com/glossary/filter-pressure,glossary/filter-pressure.html,https://waterbalancetools.com/glossary/filter-pressure,"index, follow",INDEXABLE,true,none,none
https://waterbalancetools.com/glossary/flocculant,glossary/flocculant.html,https://waterbalancetools.com/glossary/flocculant,"index, follow",INDEXABLE,true,none,none
https://waterbalancetools.com/glossary/free-chlorine,glossary/free-chlorine.html,https://waterbalancetools.com/glossary/free-chlorine,"index, follow",INDEXABLE,true,none,none
https://waterbalancetools.com/glossary/gpm,glossary/gpm.html,https://waterbalancetools.com/glossary/gpm,"index, follow",INDEXABLE,true,none,none
https://waterbalancetools.com/glossary/green-algae,glossary/green-algae.html,https://waterbalancetools.com/glossary/green-algae,"index, follow",INDEXABLE,true,none,none
https://waterbalancetools.com/glossary/hypochlorous-acid,glossary/hypochlorous-acid.html,https://waterbalancetools.com/glossary/hypochlorous-acid,"index, follow",INDEXABLE,true,none,none
https://waterbalancetools.com/glossary/,glossary/index.html,https://waterbalancetools.com/glossary,"index, follow",INDEXABLE,true,none,none
https://waterbalancetools.com/glossary/iron,glossary/iron.html,https://waterbalancetools.com/glossary/iron,"index, follow",INDEXABLE,true,none,none
https://waterbalancetools.com/glossary/langelier-saturation-index,glossary/langelier-saturation-index.html,https://waterbalancetools.com/glossary/langelier-saturation-index,"index, follow",INDEXABLE,true,none,none
https://waterbalancetools.com/glossary/main-drain,glossary/main-drain.html,https://waterbalancetools.com/glossary/main-drain,"index, follow",INDEXABLE,true,none,none
https://waterbalancetools.com/glossary/metal-sequestrant,glossary/metal-sequestrant.html,https://waterbalancetools.com/glossary/metal-sequestrant,"index, follow",INDEXABLE,true,none,none
https://waterbalancetools.com/glossary/multiport-valve,glossary/multiport-valve.html,https://waterbalancetools.com/glossary/multiport-valve,"index, follow",INDEXABLE,true,none,none
https://waterbalancetools.com/glossary/muriatic-acid,glossary/muriatic-acid.html,https://waterbalancetools.com/glossary/muriatic-acid,"index, follow",INDEXABLE,true,none,none
https://waterbalancetools.com/glossary/mustard-algae,glossary/mustard-algae.html,https://waterbalancetools.com/glossary/mustard-algae,"index, follow",INDEXABLE,true,none,none
https://waterbalancetools.com/glossary/opening-chemical-kit,glossary/opening-chemical-kit.html,https://waterbalancetools.com/glossary/opening-chemical-kit,"index, follow",INDEXABLE,true,none,none
https://waterbalancetools.com/glossary/orp,glossary/orp.html,https://waterbalancetools.com/glossary/orp,"index, follow",INDEXABLE,true,none,none
https://waterbalancetools.com/glossary/oto-test,glossary/oto-test.html,https://waterbalancetools.com/glossary/oto-test,"index, follow",INDEXABLE,true,none,none
https://waterbalancetools.com/glossary/oxidizer,glossary/oxidizer.html,https://waterbalancetools.com/glossary/oxidizer,"index, follow",INDEXABLE,true,none,none
https://waterbalancetools.com/glossary/ozone,glossary/ozone.html,https://waterbalancetools.com/glossary/ozone,"index, follow",INDEXABLE,true,none,none
https://waterbalancetools.com/glossary/partial-drain,glossary/partial-drain.html,https://waterbalancetools.com/glossary/partial-drain,"index, follow",INDEXABLE,true,none,none
https://waterbalancetools.com/glossary/parts-per-million,glossary/parts-per-million.html,https://waterbalancetools.com/glossary/parts-per-million,"index, follow",INDEXABLE,true,none,none
https://waterbalancetools.com/glossary/ph-bounce,glossary/ph-bounce.html,https://waterbalancetools.com/glossary/ph-bounce,"index, follow",INDEXABLE,true,none,none
https://waterbalancetools.com/glossary/ph-increaser,glossary/ph-increaser.html,https://waterbalancetools.com/glossary/ph-increaser,"index, follow",INDEXABLE,true,none,none
https://waterbalancetools.com/glossary/ph,glossary/ph.html,https://waterbalancetools.com/glossary/ph,"index, follow",INDEXABLE,true,none,none
https://waterbalancetools.com/glossary/phosphates,glossary/phosphates.html,https://waterbalancetools.com/glossary/phosphates,"index, follow",INDEXABLE,true,none,none
https://waterbalancetools.com/glossary/pink-slime,glossary/pink-slime.html,https://waterbalancetools.com/glossary/pink-slime,"index, follow",INDEXABLE,true,none,none
https://waterbalancetools.com/glossary/pool-chemistry-reference,glossary/pool-chemistry-reference.html,https://waterbalancetools.com/glossary/pool-chemistry-reference,"index, follow",INDEXABLE,true,none,none
https://waterbalancetools.com/glossary/pool-maintenance-schedule,glossary/pool-maintenance-schedule.html,https://waterbalancetools.com/glossary/pool-maintenance-schedule,"index, follow",INDEXABLE,true,none,none
https://waterbalancetools.com/glossary/pool-pump,glossary/pool-pump.html,https://waterbalancetools.com/glossary/pool-pump,"index, follow",INDEXABLE,true,none,none
https://waterbalancetools.com/glossary/pool-safety-equipment,glossary/pool-safety-equipment.html,https://waterbalancetools.com/glossary/pool-safety-equipment,"index, follow",INDEXABLE,true,none,none
https://waterbalancetools.com/glossary/pool-shock-schedule,glossary/pool-shock-schedule.html,https://waterbalancetools.com/glossary/pool-shock-schedule,"index, follow",INDEXABLE,true,none,none
https://waterbalancetools.com/glossary/pool-turnover-rate,glossary/pool-turnover-rate.html,https://waterbalancetools.com/glossary/pool-turnover-rate,"index, follow",INDEXABLE,true,none,none
https://waterbalancetools.com/glossary/pool-volume-reference,glossary/pool-volume-reference.html,https://waterbalancetools.com/glossary/pool-volume-reference,"index, follow",INDEXABLE,true,none,none
https://waterbalancetools.com/glossary/pool-volume,glossary/pool-volume.html,https://waterbalancetools.com/glossary/pool-volume,"index, follow",INDEXABLE,true,none,none
https://waterbalancetools.com/glossary/pressure-gauge,glossary/pressure-gauge.html,https://waterbalancetools.com/glossary/pressure-gauge,"index, follow",INDEXABLE,true,none,none
https://waterbalancetools.com/glossary/pump-turnover,glossary/pump-turnover.html,https://waterbalancetools.com/glossary/pump-turnover,"index, follow",INDEXABLE,true,none,none
https://waterbalancetools.com/glossary/reagent,glossary/reagent.html,https://waterbalancetools.com/glossary/reagent,"index, follow",INDEXABLE,true,none,none
https://waterbalancetools.com/glossary/return-jet,glossary/return-jet.html,https://waterbalancetools.com/glossary/return-jet,"index, follow",INDEXABLE,true,none,none
https://waterbalancetools.com/glossary/salt-chlorination,glossary/salt-chlorination.html,https://waterbalancetools.com/glossary/salt-chlorination,"index, follow",INDEXABLE,true,none,none
https://waterbalancetools.com/glossary/sand-filter,glossary/sand-filter.html,https://waterbalancetools.com/glossary/sand-filter,"index, follow",INDEXABLE,true,none,none
https://waterbalancetools.com/glossary/sanitizer,glossary/sanitizer.html,https://waterbalancetools.com/glossary/sanitizer,"index, follow",INDEXABLE,true,none,none
https://waterbalancetools.com/glossary/saturated-ph,glossary/saturated-ph.html,https://waterbalancetools.com/glossary/saturated-ph,"index, follow",INDEXABLE,true,none,none
https://waterbalancetools.com/glossary/saturation-index,glossary/saturation-index.html,https://waterbalancetools.com/glossary/saturation-index,"index, follow",INDEXABLE,true,none,none
https://waterbalancetools.com/glossary/scale-inhibitor,glossary/scale-inhibitor.html,https://waterbalancetools.com/glossary/scale-inhibitor,"index, follow",INDEXABLE,true,none,none
https://waterbalancetools.com/glossary/scaling-water,glossary/scaling-water.html,https://waterbalancetools.com/glossary/scaling-water,"index, follow",INDEXABLE,true,none,none
https://waterbalancetools.com/glossary/shock-dosage,glossary/shock-dosage.html,https://waterbalancetools.com/glossary/shock-dosage,"index, follow",INDEXABLE,true,none,none
https://waterbalancetools.com/glossary/shock,glossary/shock.html,https://waterbalancetools.com/glossary/shock,"index, follow",INDEXABLE,true,none,none
https://waterbalancetools.com/glossary/skimmer,glossary/skimmer.html,https://waterbalancetools.com/glossary/skimmer,"index, follow",INDEXABLE,true,none,none
https://waterbalancetools.com/glossary/sodium-bicarbonate,glossary/sodium-bicarbonate.html,https://waterbalancetools.com/glossary/sodium-bicarbonate,"index, follow",INDEXABLE,true,none,none
https://waterbalancetools.com/glossary/sodium-bisulfate,glossary/sodium-bisulfate.html,https://waterbalancetools.com/glossary/sodium-bisulfate,"index, follow",INDEXABLE,true,none,none
https://waterbalancetools.com/glossary/sodium-carbonate,glossary/sodium-carbonate.html,https://waterbalancetools.com/glossary/sodium-carbonate,"index, follow",INDEXABLE,true,none,none
https://waterbalancetools.com/glossary/sodium-hypochlorite,glossary/sodium-hypochlorite.html,https://waterbalancetools.com/glossary/sodium-hypochlorite,"index, follow",INDEXABLE,true,none,none
https://waterbalancetools.com/glossary/superchlorination,glossary/superchlorination.html,https://waterbalancetools.com/glossary/superchlorination,"index, follow",INDEXABLE,true,none,none
https://waterbalancetools.com/glossary/test-strip,glossary/test-strip.html,https://waterbalancetools.com/glossary/test-strip,"index, follow",INDEXABLE,true,none,none
https://waterbalancetools.com/glossary/total-alkalinity,glossary/total-alkalinity.html,https://waterbalancetools.com/glossary/total-alkalinity,"index, follow",INDEXABLE,true,none,none
https://waterbalancetools.com/glossary/total-chlorine,glossary/total-chlorine.html,https://waterbalancetools.com/glossary/total-chlorine,"index, follow",INDEXABLE,true,none,none
https://waterbalancetools.com/glossary/total-dissolved-solids,glossary/total-dissolved-solids.html,https://waterbalancetools.com/glossary/total-dissolved-solids,"index, follow",INDEXABLE,true,none,none
https://waterbalancetools.com/glossary/total-hardness,glossary/total-hardness.html,https://waterbalancetools.com/glossary/total-hardness,"index, follow",INDEXABLE,true,none,none
https://waterbalancetools.com/glossary/trichlor,glossary/trichlor.html,https://waterbalancetools.com/glossary/trichlor,"index, follow",INDEXABLE,true,none,none
https://waterbalancetools.com/glossary/turbidity,glossary/turbidity.html,https://waterbalancetools.com/glossary/turbidity,"index, follow",INDEXABLE,true,none,none
https://waterbalancetools.com/glossary/uv-sanitization,glossary/uv-sanitization.html,https://waterbalancetools.com/glossary/uv-sanitization,"index, follow",INDEXABLE,true,none,none
https://waterbalancetools.com/glossary/water-balance-checklist,glossary/water-balance-checklist.html,https://waterbalancetools.com/glossary/water-balance-checklist,"index, follow",INDEXABLE,true,none,none
https://waterbalancetools.com/glossary/water-temperature,glossary/water-temperature.html,https://waterbalancetools.com/glossary/water-temperature,"index, follow",INDEXABLE,true,none,none
https://waterbalancetools.com/glossary/water-test-log,glossary/water-test-log.html,https://waterbalancetools.com/glossary/water-test-log,"index, follow",INDEXABLE,true,none,none
https://waterbalancetools.com/glossary/winterization,glossary/winterization.html,https://waterbalancetools.com/glossary/winterization,"index, follow",INDEXABLE,true,none,none
https://waterbalancetools.com/guides/advanced/chlorine-breakdown-sunlight,guides/advanced/chlorine-breakdown-sunlight.html,https://waterbalancetools.com/guides/advanced/chlorine-breakdown-sunlight,"index, follow",INDEXABLE,true,none,none
https://waterbalancetools.com/guides/advanced/chlorine-vs-saltwater,guides/advanced/chlorine-vs-saltwater.html,https://waterbalancetools.com/guides/advanced/chlorine-vs-saltwater,"index, follow",INDEXABLE,true,none,none
https://waterbalancetools.com/guides/advanced/cya-stabilizer-explained,guides/advanced/cya-stabilizer-explained.html,https://waterbalancetools.com/guides/advanced/cya-stabilizer-explained,"index, follow",INDEXABLE,true,none,none
https://waterbalancetools.com/guides/advanced/,guides/advanced/index.html,https://waterbalancetools.com/guides/advanced,"index, follow",INDEXABLE,true,none,none
https://waterbalancetools.com/guides/advanced/pool-chemistry-balance-explained,guides/advanced/pool-chemistry-balance-explained.html,https://waterbalancetools.com/guides/advanced/pool-chemistry-balance-explained,"index, follow",INDEXABLE,true,none,none
https://waterbalancetools.com/guides/alkalinity-guide,guides/alkalinity-guide.html,https://waterbalancetools.com/guides/alkalinity-guide,"index, follow",INDEXABLE,true,none,none
https://waterbalancetools.com/guides/chlorine-guide,guides/chlorine-guide.html,https://waterbalancetools.com/guides/chlorine-guide,"index, follow",INDEXABLE,true,none,none
https://waterbalancetools.com/guides/chlorine/chlorine-too-high-after-shocking,guides/chlorine/chlorine-too-high-after-shocking.html,https://waterbalancetools.com/guides/chlorine/chlorine-too-high-after-shocking,"index, follow",INDEXABLE,true,none,none
https://waterbalancetools.com/guides/chlorine/free-chlorine-vs-total-chlorine,guides/chlorine/free-chlorine-vs-total-chlorine.html,https://waterbalancetools.com/guides/chlorine/free-chlorine-vs-total-chlorine,"index, follow",INDEXABLE,true,none,none
https://waterbalancetools.com/guides/chlorine/how-often-should-i-shock-my-pool,guides/chlorine/how-often-should-i-shock-my-pool.html,https://waterbalancetools.com/guides/chlorine/how-often-should-i-shock-my-pool,"index, follow",INDEXABLE,true,none,none
https://waterbalancetools.com/guides/chlorine/,guides/chlorine/index.html,https://waterbalancetools.com/guides/chlorine,"index, follow",INDEXABLE,true,none,none
https://waterbalancetools.com/guides/chlorine/why-pool-chlorine-disappears-overnight,guides/chlorine/why-pool-chlorine-disappears-overnight.html,https://waterbalancetools.com/guides/chlorine/why-pool-chlorine-disappears-overnight,"index, follow",INDEXABLE,true,none,none
https://waterbalancetools.com/guides/chlorine/why-pool-wont-hold-chlorine,guides/chlorine/why-pool-wont-hold-chlorine.html,https://waterbalancetools.com/guides/chlorine/why-pool-wont-hold-chlorine,"index, follow",INDEXABLE,true,none,none
https://waterbalancetools.com/guides/edge-cases/high-cya-chlorine-lock,guides/edge-cases/high-cya-chlorine-lock.html,https://waterbalancetools.com/guides/edge-cases/high-cya-chlorine-lock,"index, follow",INDEXABLE,true,none,none
https://waterbalancetools.com/guides/edge-cases/,guides/edge-cases/index.html,https://waterbalancetools.com/guides/edge-cases,"index, follow",INDEXABLE,true,none,none
https://waterbalancetools.com/guides/edge-cases/over-shocking-pool-effects,guides/edge-cases/over-shocking-pool-effects.html,https://waterbalancetools.com/guides/edge-cases/over-shocking-pool-effects,"index, follow",INDEXABLE,true,none,none
https://waterbalancetools.com/guides/edge-cases/pool-temperature-effect-chlorine,guides/edge-cases/pool-temperature-effect-chlorine.html,https://waterbalancetools.com/guides/edge-cases/pool-temperature-effect-chlorine,"index, follow",INDEXABLE,true,none,none
https://waterbalancetools.com/guides/edge-cases/rain-effect-on-pool-chemistry,guides/edge-cases/rain-effect-on-pool-chemistry.html,https://waterbalancetools.com/guides/edge-cases/rain-effect-on-pool-chemistry,"index, follow",INDEXABLE,true,none,none
https://waterbalancetools.com/guides/edge-cases/swimming-after-shocking-pool,guides/edge-cases/swimming-after-shocking-pool.html,https://waterbalancetools.com/guides/edge-cases/swimming-after-shocking-pool,"index, follow",INDEXABLE,true,none,none
https://waterbalancetools.com/guides/hot-tub-chemistry,guides/hot-tub-chemistry.html,https://waterbalancetools.com/guides/hot-tub-chemistry,"index, follow",INDEXABLE,true,none,none
https://waterbalancetools.com/guides/hot-tub-maintenance,guides/hot-tub-maintenance.html,https://waterbalancetools.com/guides/hot-tub-maintenance,"index, follow",INDEXABLE,true,none,none
https://waterbalancetools.com/guides/hot-tub/hot-tub-alkalinity-too-high,guides/hot-tub/hot-tub-alkalinity-too-high.html,https://waterbalancetools.com/guides/hot-tub/hot-tub-alkalinity-too-high,"index, follow",INDEXABLE,true,none,none
https://waterbalancetools.com/guides/hot-tub/hot-tub-chlorine-too-high,guides/hot-tub/hot-tub-chlorine-too-high.html,https://waterbalancetools.com/guides/hot-tub/hot-tub-chlorine-too-high,"index, follow",INDEXABLE,true,none,none
https://waterbalancetools.com/guides/hot-tub/hot-tub-chlorine-too-low,guides/hot-tub/hot-tub-chlorine-too-low.html,https://waterbalancetools.com/guides/hot-tub/hot-tub-chlorine-too-low,"index, follow",INDEXABLE,true,none,none
https://waterbalancetools.com/guides/hot-tub/hot-tub-ph-too-low,guides/hot-tub/hot-tub-ph-too-low.html,https://waterbalancetools.com/guides/hot-tub/hot-tub-ph-too-low,"index, follow",INDEXABLE,true,none,none
https://waterbalancetools.com/guides/hot-tub/how-often-to-shock-a-hot-tub,guides/hot-tub/how-often-to-shock-a-hot-tub.html,https://waterbalancetools.com/guides/hot-tub/how-often-to-shock-a-hot-tub,"index, follow",INDEXABLE,true,none,none
https://waterbalancetools.com/guides/hot-tub/,guides/hot-tub/index.html,https://waterbalancetools.com/guides/hot-tub,"index, follow",INDEXABLE,true,none,none
https://waterbalancetools.com/guides/,guides/index.html,https://waterbalancetools.com/guides,"index, follow",INDEXABLE,true,none,none
https://waterbalancetools.com/guides/ph-guide,guides/ph-guide.html,https://waterbalancetools.com/guides/ph-guide,"index, follow",INDEXABLE,true,none,none
https://waterbalancetools.com/guides/ph/can-you-swim-in-high-ph-water,guides/ph/can-you-swim-in-high-ph-water.html,https://waterbalancetools.com/guides/ph/can-you-swim-in-high-ph-water,"index, follow",INDEXABLE,true,none,none
https://waterbalancetools.com/guides/ph/does-rain-lower-pool-ph,guides/ph/does-rain-lower-pool-ph.html,https://waterbalancetools.com/guides/ph/does-rain-lower-pool-ph,"index, follow",INDEXABLE,true,none,none
https://waterbalancetools.com/guides/ph/how-to-lower-pool-ph,guides/ph/how-to-lower-pool-ph.html,https://waterbalancetools.com/guides/ph/how-to-lower-pool-ph,"index, follow",INDEXABLE,true,none,none
https://waterbalancetools.com/guides/ph/,guides/ph/index.html,https://waterbalancetools.com/guides/ph,"index, follow",INDEXABLE,true,none,none
https://waterbalancetools.com/guides/ph/what-causes-high-pool-ph,guides/ph/what-causes-high-pool-ph.html,https://waterbalancetools.com/guides/ph/what-causes-high-pool-ph,"index, follow",INDEXABLE,true,none,none
https://waterbalancetools.com/guides/ph/why-pool-ph-keeps-rising,guides/ph/why-pool-ph-keeps-rising.html,https://waterbalancetools.com/guides/ph/why-pool-ph-keeps-rising,"index, follow",INDEXABLE,true,none,none
https://waterbalancetools.com/guides/pool-chemistry-basics,guides/pool-chemistry-basics.html,https://waterbalancetools.com/guides/pool-chemistry-basics,"index, follow",INDEXABLE,true,none,none
https://waterbalancetools.com/guides/questions/can-rain-affect-pool-chemistry,guides/questions/can-rain-affect-pool-chemistry.html,https://waterbalancetools.com/guides/questions/can-rain-affect-pool-chemistry,"index, follow",INDEXABLE,true,none,none
https://waterbalancetools.com/guides/questions/can-you-swim-after-shocking-a-pool,guides/questions/can-you-swim-after-shocking-a-pool.html,https://waterbalancetools.com/guides/questions/can-you-swim-after-shocking-a-pool,"index, follow",INDEXABLE,true,none,none
https://waterbalancetools.com/guides/questions/,guides/questions/index.html,https://waterbalancetools.com/guides/questions,"index, follow",INDEXABLE,true,none,none
https://waterbalancetools.com/guides/questions/why-does-hot-tub-water-smell,guides/questions/why-does-hot-tub-water-smell.html,https://waterbalancetools.com/guides/questions/why-does-hot-tub-water-smell,"index, follow",INDEXABLE,true,none,none
https://waterbalancetools.com/guides/questions/why-does-pool-water-turn-cloudy,guides/questions/why-does-pool-water-turn-cloudy.html,https://waterbalancetools.com/guides/questions/why-does-pool-water-turn-cloudy,"index, follow",INDEXABLE,true,none,none
https://waterbalancetools.com/guides/questions/why-is-my-hot-tub-foamy,guides/questions/why-is-my-hot-tub-foamy.html,https://waterbalancetools.com/guides/questions/why-is-my-hot-tub-foamy,"index, follow",INDEXABLE,true,none,none
https://waterbalancetools.com/guides/questions/why-is-my-pool-green-but-chlorine-is-high,guides/questions/why-is-my-pool-green-but-chlorine-is-high.html,https://waterbalancetools.com/guides/questions/why-is-my-pool-green-but-chlorine-is-high,"index, follow",INDEXABLE,true,none,none
https://waterbalancetools.com/guides/seasonal/closing-pool-chemistry-winter,guides/seasonal/closing-pool-chemistry-winter.html,https://waterbalancetools.com/guides/seasonal/closing-pool-chemistry-winter,"index, follow",INDEXABLE,true,none,none
https://waterbalancetools.com/guides/seasonal/,guides/seasonal/index.html,https://waterbalancetools.com/guides/seasonal,"index, follow",INDEXABLE,true,none,none
https://waterbalancetools.com/guides/seasonal/opening-pool-chemistry-checklist,guides/seasonal/opening-pool-chemistry-checklist.html,https://waterbalancetools.com/guides/seasonal/opening-pool-chemistry-checklist,"index, follow",INDEXABLE,true,none,none
https://waterbalancetools.com/guides/seasonal/summer-high-chlorine-demand,guides/seasonal/summer-high-chlorine-demand.html,https://waterbalancetools.com/guides/seasonal/summer-high-chlorine-demand,"index, follow",INDEXABLE,true,none,none
https://waterbalancetools.com/guides/seasonal/winter-pool-maintenance-chemistry,guides/seasonal/winter-pool-maintenance-chemistry.html,https://waterbalancetools.com/guides/seasonal/winter-pool-maintenance-chemistry,"index, follow",INDEXABLE,true,none,none
https://waterbalancetools.com/hot-tub-chemical-levels-chart,hot-tub-chemical-levels-chart.html,https://waterbalancetools.com/hot-tub-chemical-levels-chart,"index, follow",INDEXABLE,true,none,none
https://waterbalancetools.com/hot-tub-chlorine-levels-chart,hot-tub-chlorine-levels-chart.html,https://waterbalancetools.com/hot-tub-chlorine-levels-chart,"index, follow",INDEXABLE,true,none,none
https://waterbalancetools.com/,index.html,https://waterbalancetools.com/,"index, follow",INDEXABLE,true,none,none
https://waterbalancetools.com/legal/,legal/index.html,https://waterbalancetools.com/legal,"index, follow",INDEXABLE,true,none,none
https://waterbalancetools.com/legal/legal,legal/legal.html,https://waterbalancetools.com/legal/legal,"index, follow",INDEXABLE,true,none,none
https://waterbalancetools.com/legal/ownership,legal/ownership.html,https://waterbalancetools.com/legal/ownership,"index, follow",INDEXABLE,true,none,none
https://waterbalancetools.com/maintenance/how-often-add-chlorine-pool,maintenance/how-often-add-chlorine-pool.html,https://waterbalancetools.com/maintenance/how-often-add-chlorine-pool,"index, follow",INDEXABLE,true,none,none
https://waterbalancetools.com/maintenance/how-to-balance-pool-water,maintenance/how-to-balance-pool-water.html,https://waterbalancetools.com/maintenance/how-to-balance-pool-water,"index, follow",INDEXABLE,true,none,none
https://waterbalancetools.com/maintenance/how-to-fix-cloudy-hot-tub,maintenance/how-to-fix-cloudy-hot-tub.html,https://waterbalancetools.com/maintenance/how-to-fix-cloudy-hot-tub,"index, follow",INDEXABLE,true,none,none
https://waterbalancetools.com/maintenance/,maintenance/index.html,https://waterbalancetools.com/maintenance,"index, follow",INDEXABLE,true,none,none
https://waterbalancetools.com/methodology/calculation-assumptions/,methodology/calculation-assumptions/index.html,https://waterbalancetools.com/methodology/calculation-assumptions/,"index, follow",INDEXABLE,true,none,none
https://waterbalancetools.com/methodology/calculation-methodology/,methodology/calculation-methodology/index.html,https://waterbalancetools.com/methodology/calculation-methodology/,"index, follow",INDEXABLE,true,none,none
https://waterbalancetools.com/methodology/confidence-system/,methodology/confidence-system/index.html,https://waterbalancetools.com/methodology/confidence-system/,"index, follow",INDEXABLE,true,none,none
https://waterbalancetools.com/methodology/formula-selection/,methodology/formula-selection/index.html,https://waterbalancetools.com/methodology/formula-selection/,"index, follow",INDEXABLE,true,none,none
https://waterbalancetools.com/methodology/,methodology/index.html,https://waterbalancetools.com/methodology/,"index, follow",INDEXABLE,true,none,none
https://waterbalancetools.com/methodology/known-limitations/,methodology/known-limitations/index.html,https://waterbalancetools.com/methodology/known-limitations/,"index, follow",INDEXABLE,true,none,none
https://waterbalancetools.com/methodology/precision-policy/,methodology/precision-policy/index.html,https://waterbalancetools.com/methodology/precision-policy/,"index, follow",INDEXABLE,true,none,none
https://waterbalancetools.com/methodology/rounding-policy/,methodology/rounding-policy/index.html,https://waterbalancetools.com/methodology/rounding-policy/,"index, follow",INDEXABLE,true,none,none
https://waterbalancetools.com/pool-alkalinity-levels-chart,pool-alkalinity-levels-chart.html,https://waterbalancetools.com/pool-alkalinity-levels-chart,"index, follow",INDEXABLE,true,none,none
https://waterbalancetools.com/pool-chemical-levels-chart,pool-chemical-levels-chart.html,https://waterbalancetools.com/pool-chemical-levels-chart,"index, follow",INDEXABLE,true,none,none
https://waterbalancetools.com/pool-chemistry-system,pool-chemistry-system.html,https://waterbalancetools.com/pool-chemistry-system,"index, follow",INDEXABLE,true,none,none
https://waterbalancetools.com/pool-chlorine-levels-chart,pool-chlorine-levels-chart.html,https://waterbalancetools.com/pool-chlorine-levels-chart,"index, follow",INDEXABLE,true,none,none
https://waterbalancetools.com/pool-cya-levels-chart,pool-cya-levels-chart.html,https://waterbalancetools.com/pool-cya-levels-chart,"index, follow",INDEXABLE,true,none,none
https://waterbalancetools.com/pool-ph-levels-chart,pool-ph-levels-chart.html,https://waterbalancetools.com/pool-ph-levels-chart,"index, follow",INDEXABLE,true,none,none
https://waterbalancetools.com/printable/maintenance-checklist,printable/maintenance-checklist.html,https://waterbalancetools.com/printable/maintenance-checklist,"index, follow",INDEXABLE,true,none,none
https://waterbalancetools.com/printables/airbnb-pool-turnover-checklist,printables/airbnb-pool-turnover-checklist.html,https://waterbalancetools.com/printables/airbnb-pool-turnover-checklist,"index, follow",INDEXABLE,true,none,none
https://waterbalancetools.com/printables/hot-tub-maintenance-log,printables/hot-tub-maintenance-log.html,https://waterbalancetools.com/printables/hot-tub-maintenance-log,"index, follow",INDEXABLE,true,none,none
https://waterbalancetools.com/printables/pool-maintenance-checklist,printables/pool-maintenance-checklist.html,https://waterbalancetools.com/printables/pool-maintenance-checklist,"index, follow",INDEXABLE,true,none,none
https://waterbalancetools.com/programmatic/behavior/how-often-to-shock-pool,programmatic/behavior/how-often-to-shock-pool.html,https://waterbalancetools.com/programmatic/behavior/how-often-to-shock-pool,"index, follow",INDEXABLE,true,none,none
https://waterbalancetools.com/programmatic/behavior/how-often-to-test-pool-water,programmatic/behavior/how-often-to-test-pool-water.html,https://waterbalancetools.com/programmatic/behavior/how-often-to-test-pool-water,"index, follow",INDEXABLE,true,none,none
https://waterbalancetools.com/programmatic/behavior/,programmatic/behavior/index.html,https://waterbalancetools.com/programmatic/behavior,"index, follow",INDEXABLE,true,none,none
https://waterbalancetools.com/programmatic/behavior/when-to-add-chlorine,programmatic/behavior/when-to-add-chlorine.html,https://waterbalancetools.com/programmatic/behavior/when-to-add-chlorine,"index, follow",INDEXABLE,true,none,none
https://waterbalancetools.com/programmatic/chlorine/how-much-chlorine-for-10000-gallon-pool,programmatic/chlorine/how-much-chlorine-for-10000-gallon-pool.html,https://waterbalancetools.com/programmatic/chlorine/how-much-chlorine-for-10000-gallon-pool,"index, follow",INDEXABLE,true,none,none
https://waterbalancetools.com/programmatic/chlorine/how-much-chlorine-for-12000-gallon-pool,programmatic/chlorine/how-much-chlorine-for-12000-gallon-pool.html,https://waterbalancetools.com/programmatic/chlorine/how-much-chlorine-for-12000-gallon-pool,"index, follow",INDEXABLE,true,none,none
https://waterbalancetools.com/programmatic/chlorine/how-much-chlorine-for-15000-gallon-pool,programmatic/chlorine/how-much-chlorine-for-15000-gallon-pool.html,https://waterbalancetools.com/programmatic/chlorine/how-much-chlorine-for-15000-gallon-pool,"index, follow",INDEXABLE,true,none,none
https://waterbalancetools.com/programmatic/chlorine/how-much-chlorine-for-18000-gallon-pool,programmatic/chlorine/how-much-chlorine-for-18000-gallon-pool.html,https://waterbalancetools.com/programmatic/chlorine/how-much-chlorine-for-18000-gallon-pool,"index, follow",INDEXABLE,true,none,none
https://waterbalancetools.com/programmatic/chlorine/how-much-chlorine-for-20000-gallon-pool,programmatic/chlorine/how-much-chlorine-for-20000-gallon-pool.html,https://waterbalancetools.com/programmatic/chlorine/how-much-chlorine-for-20000-gallon-pool,"index, follow",INDEXABLE,true,none,none
https://waterbalancetools.com/programmatic/chlorine/how-much-chlorine-for-25000-gallon-pool,programmatic/chlorine/how-much-chlorine-for-25000-gallon-pool.html,https://waterbalancetools.com/programmatic/chlorine/how-much-chlorine-for-25000-gallon-pool,"index, follow",INDEXABLE,true,none,none
https://waterbalancetools.com/programmatic/chlorine/how-much-chlorine-for-30000-gallon-pool,programmatic/chlorine/how-much-chlorine-for-30000-gallon-pool.html,https://waterbalancetools.com/programmatic/chlorine/how-much-chlorine-for-30000-gallon-pool,"index, follow",INDEXABLE,true,none,none
https://waterbalancetools.com/programmatic/chlorine/how-much-chlorine-for-5000-gallon-pool,programmatic/chlorine/how-much-chlorine-for-5000-gallon-pool.html,https://waterbalancetools.com/programmatic/chlorine/how-much-chlorine-for-5000-gallon-pool,"index, follow",INDEXABLE,true,none,none
https://waterbalancetools.com/programmatic/chlorine/how-much-chlorine-for-7000-gallon-pool,programmatic/chlorine/how-much-chlorine-for-7000-gallon-pool.html,https://waterbalancetools.com/programmatic/chlorine/how-much-chlorine-for-7000-gallon-pool,"index, follow",INDEXABLE,true,none,none
https://waterbalancetools.com/programmatic/chlorine/how-much-chlorine-for-8000-gallon-pool,programmatic/chlorine/how-much-chlorine-for-8000-gallon-pool.html,https://waterbalancetools.com/programmatic/chlorine/how-much-chlorine-for-8000-gallon-pool,"index, follow",INDEXABLE,true,none,none
https://waterbalancetools.com/programmatic/chlorine/how-much-chlorine-for-9000-gallon-pool,programmatic/chlorine/how-much-chlorine-for-9000-gallon-pool.html,https://waterbalancetools.com/programmatic/chlorine/how-much-chlorine-for-9000-gallon-pool,"index, follow",INDEXABLE,true,none,none
https://waterbalancetools.com/programmatic/chlorine/,programmatic/chlorine/index.html,https://waterbalancetools.com/programmatic/chlorine,"index, follow",INDEXABLE,true,none,none
https://waterbalancetools.com/programmatic/explanations/,programmatic/explanations/index.html,https://waterbalancetools.com/programmatic/explanations,"index, follow",INDEXABLE,true,none,none
https://waterbalancetools.com/programmatic/explanations/what-is-pool-alkalinity,programmatic/explanations/what-is-pool-alkalinity.html,https://waterbalancetools.com/programmatic/explanations/what-is-pool-alkalinity,"index, follow",INDEXABLE,true,none,none
https://waterbalancetools.com/programmatic/explanations/why-ph-affects-chlorine,programmatic/explanations/why-ph-affects-chlorine.html,https://waterbalancetools.com/programmatic/explanations/why-ph-affects-chlorine,"index, follow",INDEXABLE,true,none,none
https://waterbalancetools.com/programmatic/explanations/why-shower-before-pool,programmatic/explanations/why-shower-before-pool.html,https://waterbalancetools.com/programmatic/explanations/why-shower-before-pool,"index, follow",INDEXABLE,true,none,none
https://waterbalancetools.com/programmatic/hot-tubs/hot-tub-chemicals-for-200-gallons,programmatic/hot-tubs/hot-tub-chemicals-for-200-gallons.html,https://waterbalancetools.com/programmatic/hot-tubs/hot-tub-chemicals-for-200-gallons,"index, follow",INDEXABLE,true,none,none
https://waterbalancetools.com/programmatic/hot-tubs/hot-tub-chemicals-for-300-gallons,programmatic/hot-tubs/hot-tub-chemicals-for-300-gallons.html,https://waterbalancetools.com/programmatic/hot-tubs/hot-tub-chemicals-for-300-gallons,"index, follow",INDEXABLE,true,none,none
https://waterbalancetools.com/programmatic/hot-tubs/hot-tub-chemicals-for-400-gallons,programmatic/hot-tubs/hot-tub-chemicals-for-400-gallons.html,https://waterbalancetools.com/programmatic/hot-tubs/hot-tub-chemicals-for-400-gallons,"index, follow",INDEXABLE,true,none,none
https://waterbalancetools.com/programmatic/hot-tubs/hot-tub-chemicals-for-500-gallons,programmatic/hot-tubs/hot-tub-chemicals-for-500-gallons.html,https://waterbalancetools.com/programmatic/hot-tubs/hot-tub-chemicals-for-500-gallons,"index, follow",INDEXABLE,true,none,none
https://waterbalancetools.com/programmatic/hot-tubs/hot-tub-chemicals-for-600-gallons,programmatic/hot-tubs/hot-tub-chemicals-for-600-gallons.html,https://waterbalancetools.com/programmatic/hot-tubs/hot-tub-chemicals-for-600-gallons,"index, follow",INDEXABLE,true,none,none
https://waterbalancetools.com/programmatic/hot-tubs/,programmatic/hot-tubs/index.html,https://waterbalancetools.com/programmatic/hot-tubs,"index, follow",INDEXABLE,true,none,none
https://waterbalancetools.com/programmatic/,programmatic/index.html,https://waterbalancetools.com/programmatic,"index, follow",INDEXABLE,true,none,none
https://waterbalancetools.com/programmatic/ph/how-to-adjust-ph-from-6-8-to-7-2,programmatic/ph/how-to-adjust-ph-from-6-8-to-7-2.html,https://waterbalancetools.com/programmatic/ph/how-to-adjust-ph-from-6-8-to-7-2,"index, follow",INDEXABLE,true,none,none
https://waterbalancetools.com/programmatic/ph/how-to-adjust-ph-from-7-8-to-7-4,programmatic/ph/how-to-adjust-ph-from-7-8-to-7-4.html,https://waterbalancetools.com/programmatic/ph/how-to-adjust-ph-from-7-8-to-7-4,"index, follow",INDEXABLE,true,none,none
https://waterbalancetools.com/programmatic/ph/how-to-adjust-ph-from-7-to-7-4,programmatic/ph/how-to-adjust-ph-from-7-to-7-4.html,https://waterbalancetools.com/programmatic/ph/how-to-adjust-ph-from-7-to-7-4,"index, follow",INDEXABLE,true,none,none
https://waterbalancetools.com/programmatic/ph/how-to-adjust-ph-from-8-to-7-5,programmatic/ph/how-to-adjust-ph-from-8-to-7-5.html,https://waterbalancetools.com/programmatic/ph/how-to-adjust-ph-from-8-to-7-5,"index, follow",INDEXABLE,true,none,none
https://waterbalancetools.com/programmatic/ph/,programmatic/ph/index.html,https://waterbalancetools.com/programmatic/ph,"index, follow",INDEXABLE,true,none,none
https://waterbalancetools.com/programmatic/problems/cloudy-pool-fix,programmatic/problems/cloudy-pool-fix.html,https://waterbalancetools.com/programmatic/problems/cloudy-pool-fix,"index, follow",INDEXABLE,true,none,none
https://waterbalancetools.com/programmatic/problems/green-pool-how-much-chlorine,programmatic/problems/green-pool-how-much-chlorine.html,https://waterbalancetools.com/programmatic/problems/green-pool-how-much-chlorine,"index, follow",INDEXABLE,true,none,none
https://waterbalancetools.com/programmatic/problems/high-chlorine-how-to-lower,programmatic/problems/high-chlorine-how-to-lower.html,https://waterbalancetools.com/programmatic/problems/high-chlorine-how-to-lower,"index, follow",INDEXABLE,true,none,none
https://waterbalancetools.com/programmatic/problems/,programmatic/problems/index.html,https://waterbalancetools.com/programmatic/problems,"index, follow",INDEXABLE,true,none,none
https://waterbalancetools.com/programmatic/problems/low-alkalinity-symptoms,programmatic/problems/low-alkalinity-symptoms.html,https://waterbalancetools.com/programmatic/problems/low-alkalinity-symptoms,"index, follow",INDEXABLE,true,none,none
https://waterbalancetools.com/programmatic/shock/how-much-shock-for-10000-gallon-pool,programmatic/shock/how-much-shock-for-10000-gallon-pool.html,https://waterbalancetools.com/programmatic/shock/how-much-shock-for-10000-gallon-pool,"index, follow",INDEXABLE,true,none,none
https://waterbalancetools.com/programmatic/shock/how-much-shock-for-15000-gallon-pool,programmatic/shock/how-much-shock-for-15000-gallon-pool.html,https://waterbalancetools.com/programmatic/shock/how-much-shock-for-15000-gallon-pool,"index, follow",INDEXABLE,true,none,none
https://waterbalancetools.com/programmatic/shock/how-much-shock-for-20000-gallon-pool,programmatic/shock/how-much-shock-for-20000-gallon-pool.html,https://waterbalancetools.com/programmatic/shock/how-much-shock-for-20000-gallon-pool,"index, follow",INDEXABLE,true,none,none
https://waterbalancetools.com/programmatic/shock/how-much-shock-for-25000-gallon-pool,programmatic/shock/how-much-shock-for-25000-gallon-pool.html,https://waterbalancetools.com/programmatic/shock/how-much-shock-for-25000-gallon-pool,"index, follow",INDEXABLE,true,none,none
https://waterbalancetools.com/programmatic/shock/how-much-shock-for-30000-gallon-pool,programmatic/shock/how-much-shock-for-30000-gallon-pool.html,https://waterbalancetools.com/programmatic/shock/how-much-shock-for-30000-gallon-pool,"index, follow",INDEXABLE,true,none,none
https://waterbalancetools.com/programmatic/shock/how-much-shock-for-5000-gallon-pool,programmatic/shock/how-much-shock-for-5000-gallon-pool.html,https://waterbalancetools.com/programmatic/shock/how-much-shock-for-5000-gallon-pool,"index, follow",INDEXABLE,true,none,none
https://waterbalancetools.com/programmatic/shock/,programmatic/shock/index.html,https://waterbalancetools.com/programmatic/shock,"index, follow",INDEXABLE,true,none,none
https://waterbalancetools.com/provenance/,provenance/index.html,https://waterbalancetools.com/provenance/,"index, follow",INDEXABLE,true,none,none
https://waterbalancetools.com/qa/certification,qa/certification.html,https://waterbalancetools.com/qa/certification,"noindex, nofollow",NOINDEX,false,none,none
https://waterbalancetools.com/qa/,qa/index.html,https://waterbalancetools.com/qa,"noindex, nofollow",NOINDEX,false,none,none
https://waterbalancetools.com/reference/alkalinity-table,reference/alkalinity-table.html,https://waterbalancetools.com/reference/alkalinity-table,"index, follow",INDEXABLE,true,none,none
https://waterbalancetools.com/reference/calcium-hardness-explained,reference/calcium-hardness-explained.html,https://waterbalancetools.com/reference/calcium-hardness-explained,"index, follow",INDEXABLE,true,none,none
https://waterbalancetools.com/reference/calculator-directory,reference/calculator-directory.html,https://waterbalancetools.com/reference/calculator-directory,"index, follow",INDEXABLE,true,none,none
https://waterbalancetools.com/reference/chemical-compatibility,reference/chemical-compatibility.html,https://waterbalancetools.com/reference/chemical-compatibility,"index, follow",INDEXABLE,true,none,none
https://waterbalancetools.com/reference/chemical-conversion-tables,reference/chemical-conversion-tables.html,https://waterbalancetools.com/reference/chemical-conversion-tables,"index, follow",INDEXABLE,true,none,none
https://waterbalancetools.com/reference/chemical-safety,reference/chemical-safety.html,https://waterbalancetools.com/reference/chemical-safety,"index, follow",INDEXABLE,true,none,none
https://waterbalancetools.com/reference/chemical-storage-guide,reference/chemical-storage-guide.html,https://waterbalancetools.com/reference/chemical-storage-guide,"index, follow",INDEXABLE,true,none,none
https://waterbalancetools.com/reference/chlorine-effectiveness-chart,reference/chlorine-effectiveness-chart.html,https://waterbalancetools.com/reference/chlorine-effectiveness-chart,"index, follow",INDEXABLE,true,none,none
https://waterbalancetools.com/reference/chlorine-explained,reference/chlorine-explained.html,https://waterbalancetools.com/reference/chlorine-explained,"index, follow",INDEXABLE,true,none,none
https://waterbalancetools.com/reference/combined-chlorine-explained,reference/combined-chlorine-explained.html,https://waterbalancetools.com/reference/combined-chlorine-explained,"index, follow",INDEXABLE,true,none,none
https://waterbalancetools.com/reference/common-pool-chemistry-mistakes,reference/common-pool-chemistry-mistakes.html,https://waterbalancetools.com/reference/common-pool-chemistry-mistakes,"index, follow",INDEXABLE,true,none,none
https://waterbalancetools.com/reference/cya-matrix,reference/cya-matrix.html,https://waterbalancetools.com/reference/cya-matrix,"index, follow",INDEXABLE,true,none,none
https://waterbalancetools.com/reference/cyanuric-acid-explained,reference/cyanuric-acid-explained.html,https://waterbalancetools.com/reference/cyanuric-acid-explained,"index, follow",INDEXABLE,true,none,none
https://waterbalancetools.com/reference/datasets/chemical-properties/,reference/datasets/chemical-properties/index.html,https://waterbalancetools.com/reference/datasets/chemical-properties/,noindex,NOINDEX,false,none,none
https://waterbalancetools.com/reference/datasets/chemical-ranges/,reference/datasets/chemical-ranges/index.html,https://waterbalancetools.com/reference/datasets/chemical-ranges/,noindex,NOINDEX,false,none,none
https://waterbalancetools.com/reference/datasets/compatibility/,reference/datasets/compatibility/index.html,https://waterbalancetools.com/reference/datasets/compatibility/,noindex,NOINDEX,false,none,none
https://waterbalancetools.com/reference/datasets/confidence-levels/,reference/datasets/confidence-levels/index.html,https://waterbalancetools.com/reference/datasets/confidence-levels/,noindex,NOINDEX,false,none,none
https://waterbalancetools.com/reference/datasets/conversion-factors/,reference/datasets/conversion-factors/index.html,https://waterbalancetools.com/reference/datasets/conversion-factors/,noindex,NOINDEX,false,none,none
https://waterbalancetools.com/reference/datasets/dosage-matrices/,reference/datasets/dosage-matrices/index.html,https://waterbalancetools.com/reference/datasets/dosage-matrices/,noindex,NOINDEX,false,none,none
https://waterbalancetools.com/reference/datasets/hot-tub-ranges/,reference/datasets/hot-tub-ranges/index.html,https://waterbalancetools.com/reference/datasets/hot-tub-ranges/,noindex,NOINDEX,false,none,none
https://waterbalancetools.com/reference/datasets/,reference/datasets/index.html,https://waterbalancetools.com/reference/datasets/,noindex,NOINDEX,false,none,none
https://waterbalancetools.com/reference/datasets/maintenance-schedules/,reference/datasets/maintenance-schedules/index.html,https://waterbalancetools.com/reference/datasets/maintenance-schedules/,noindex,NOINDEX,false,none,none
https://waterbalancetools.com/reference/datasets/pool-types/,reference/datasets/pool-types/index.html,https://waterbalancetools.com/reference/datasets/pool-types/,noindex,NOINDEX,false,none,none
https://waterbalancetools.com/reference/datasets/temperature-guidelines/,reference/datasets/temperature-guidelines/index.html,https://waterbalancetools.com/reference/datasets/temperature-guidelines/,noindex,NOINDEX,false,none,none
https://waterbalancetools.com/reference/datasets/testing-frequency/,reference/datasets/testing-frequency/index.html,https://waterbalancetools.com/reference/datasets/testing-frequency/,noindex,NOINDEX,false,none,none
https://waterbalancetools.com/reference/datasets/units/,reference/datasets/units/index.html,https://waterbalancetools.com/reference/datasets/units/,noindex,NOINDEX,false,none,none
https://waterbalancetools.com/reference/datasets/version/,reference/datasets/version/index.html,https://waterbalancetools.com/reference/datasets/version/,noindex,NOINDEX,false,none,none
https://waterbalancetools.com/reference/datasets/water-balance/,reference/datasets/water-balance/index.html,https://waterbalancetools.com/reference/datasets/water-balance/,noindex,NOINDEX,false,none,none
https://waterbalancetools.com/reference/datasets/water-problems/,reference/datasets/water-problems/index.html,https://waterbalancetools.com/reference/datasets/water-problems/,noindex,NOINDEX,false,none,none
https://waterbalancetools.com/reference/emergency-recovery,reference/emergency-recovery.html,https://waterbalancetools.com/reference/emergency-recovery,"index, follow",INDEXABLE,true,none,none
https://waterbalancetools.com/reference/filter-comparison,reference/filter-comparison.html,https://waterbalancetools.com/reference/filter-comparison,"index, follow",INDEXABLE,true,none,none
https://waterbalancetools.com/reference/free-chlorine-explained,reference/free-chlorine-explained.html,https://waterbalancetools.com/reference/free-chlorine-explained,"index, follow",INDEXABLE,true,none,none
https://waterbalancetools.com/reference/ideal-pool-levels,reference/ideal-pool-levels.html,https://waterbalancetools.com/reference/ideal-pool-levels,"index, follow",INDEXABLE,true,none,none
https://waterbalancetools.com/reference/ideal-spa-levels,reference/ideal-spa-levels.html,https://waterbalancetools.com/reference/ideal-spa-levels,"index, follow",INDEXABLE,true,none,none
https://waterbalancetools.com/reference/,reference/index.html,https://waterbalancetools.com/reference,"index, follow",INDEXABLE,true,none,none
https://waterbalancetools.com/reference/ph-table,reference/ph-table.html,https://waterbalancetools.com/reference/ph-table,"index, follow",INDEXABLE,true,none,none
https://waterbalancetools.com/reference/pool-chemical-timeline,reference/pool-chemical-timeline.html,https://waterbalancetools.com/reference/pool-chemical-timeline,"index, follow",INDEXABLE,true,none,none
https://waterbalancetools.com/reference/pool-chemicals-explained,reference/pool-chemicals-explained.html,https://waterbalancetools.com/reference/pool-chemicals-explained,"index, follow",INDEXABLE,true,none,none
https://waterbalancetools.com/reference/pool-chemistry-reference,reference/pool-chemistry-reference.html,https://waterbalancetools.com/reference/pool-chemistry-reference,"index, follow",INDEXABLE,true,none,none
https://waterbalancetools.com/reference/pool-shape-guide,reference/pool-shape-guide.html,https://waterbalancetools.com/reference/pool-shape-guide,"index, follow",INDEXABLE,true,none,none
https://waterbalancetools.com/reference/pool-volume-reference,reference/pool-volume-reference.html,https://waterbalancetools.com/reference/pool-volume-reference,"index, follow",INDEXABLE,true,none,none
https://waterbalancetools.com/reference/printable-resources-index,reference/printable-resources-index.html,https://waterbalancetools.com/reference/printable-resources-index,"index, follow",INDEXABLE,true,none,none
https://waterbalancetools.com/reference/pump-sizing,reference/pump-sizing.html,https://waterbalancetools.com/reference/pump-sizing,"index, follow",INDEXABLE,true,none,none
https://waterbalancetools.com/reference/recommended-water-temperature,reference/recommended-water-temperature.html,https://waterbalancetools.com/reference/recommended-water-temperature,"index, follow",INDEXABLE,true,none,none
https://waterbalancetools.com/reference/salt-matrix,reference/salt-matrix.html,https://waterbalancetools.com/reference/salt-matrix,"index, follow",INDEXABLE,true,none,none
https://waterbalancetools.com/reference/salt-water-generator-explained,reference/salt-water-generator-explained.html,https://waterbalancetools.com/reference/salt-water-generator-explained,"index, follow",INDEXABLE,true,none,none
https://waterbalancetools.com/reference/shock-dosage-matrix,reference/shock-dosage-matrix.html,https://waterbalancetools.com/reference/shock-dosage-matrix,"index, follow",INDEXABLE,true,none,none
https://waterbalancetools.com/reference/shock-treatment-explained,reference/shock-treatment-explained.html,https://waterbalancetools.com/reference/shock-treatment-explained,"index, follow",INDEXABLE,true,none,none
https://waterbalancetools.com/reference/testing-frequency,reference/testing-frequency.html,https://waterbalancetools.com/reference/testing-frequency,"index, follow",INDEXABLE,true,none,none
https://waterbalancetools.com/reference/total-alkalinity-explained,reference/total-alkalinity-explained.html,https://waterbalancetools.com/reference/total-alkalinity-explained,"index, follow",INDEXABLE,true,none,none
https://waterbalancetools.com/reference/vacation-rental-maintenance-schedule,reference/vacation-rental-maintenance-schedule.html,https://waterbalancetools.com/reference/vacation-rental-maintenance-schedule,"index, follow",INDEXABLE,true,none,none
https://waterbalancetools.com/reference/water-balance-checklist,reference/water-balance-checklist.html,https://waterbalancetools.com/reference/water-balance-checklist,"index, follow",INDEXABLE,true,none,none
https://waterbalancetools.com/reference/water-replacement-guidelines,reference/water-replacement-guidelines.html,https://waterbalancetools.com/reference/water-replacement-guidelines,"index, follow",INDEXABLE,true,none,none
https://waterbalancetools.com/releases/1.0.0,releases/1.0.0.html,https://waterbalancetools.com/releases/1.0.0,"index, follow",INDEXABLE,true,none,none
https://waterbalancetools.com/releases/1.1.0,releases/1.1.0.html,https://waterbalancetools.com/releases/1.1.0,"index, follow",INDEXABLE,true,none,none
https://waterbalancetools.com/releases/compatibility,releases/compatibility.html,https://waterbalancetools.com/releases/compatibility,"index, follow",INDEXABLE,true,none,none
https://waterbalancetools.com/releases/,releases/index.html,https://waterbalancetools.com/releases,"index, follow",INDEXABLE,true,none,none
https://waterbalancetools.com/reports/accessibility,reports/accessibility.html,https://waterbalancetools.com/reports/accessibility,"noindex, nofollow",NOINDEX,false,none,none
https://waterbalancetools.com/reports/ai-readiness,reports/ai-readiness.html,https://waterbalancetools.com/reports/ai-readiness,"noindex, nofollow",NOINDEX,false,none,none
https://waterbalancetools.com/reports/architecture,reports/architecture.html,https://waterbalancetools.com/reports/architecture,"noindex, nofollow",NOINDEX,false,none,none
https://waterbalancetools.com/reports/calculators,reports/calculators.html,https://waterbalancetools.com/reports/calculators,"noindex, nofollow",NOINDEX,false,none,none
https://waterbalancetools.com/reports/content,reports/content.html,https://waterbalancetools.com/reports/content,"noindex, nofollow",NOINDEX,false,none,none
https://waterbalancetools.com/reports/datasets,reports/datasets.html,https://waterbalancetools.com/reports/datasets,"noindex, nofollow",NOINDEX,false,none,none
https://waterbalancetools.com/reports/entities,reports/entities.html,https://waterbalancetools.com/reports/entities,"noindex, nofollow",NOINDEX,false,none,none
https://waterbalancetools.com/reports/indexing-intelligence,reports/indexing-intelligence.html,https://waterbalancetools.com/reports/indexing-intelligence,"noindex, nofollow",NOINDEX,false,none,none
https://waterbalancetools.com/reports/links,reports/links.html,https://waterbalancetools.com/reports/links,"noindex, nofollow",NOINDEX,false,none,none
https://waterbalancetools.com/reports/mobile,reports/mobile.html,https://waterbalancetools.com/reports/mobile,"noindex, nofollow",NOINDEX,false,none,none
https://waterbalancetools.com/reports/performance,reports/performance.html,https://waterbalancetools.com/reports/performance,"noindex, nofollow",NOINDEX,false,none,none
https://waterbalancetools.com/reports/schema,reports/schema.html,https://waterbalancetools.com/reports/schema,"noindex, nofollow",NOINDEX,false,none,none
https://waterbalancetools.com/reports/seo,reports/seo.html,https://waterbalancetools.com/reports/seo,"noindex, nofollow",NOINDEX,false,none,none
https://waterbalancetools.com/resources/airbnb-pool-turnover-checklist,resources/airbnb-pool-turnover-checklist.html,https://waterbalancetools.com/resources/airbnb-pool-turnover-checklist,"index, follow",INDEXABLE,true,none,none
https://waterbalancetools.com/resources/hot-tub-maintenance-log,resources/hot-tub-maintenance-log.html,https://waterbalancetools.com/resources/hot-tub-maintenance-log,"index, follow",INDEXABLE,true,none,none
https://waterbalancetools.com/resources/,resources/index.html,https://waterbalancetools.com/resources,"index, follow",INDEXABLE,true,none,none
https://waterbalancetools.com/resources/pool-chemical-log-sheet,resources/pool-chemical-log-sheet.html,https://waterbalancetools.com/resources/pool-chemical-log-sheet,"index, follow",INDEXABLE,true,none,none
https://waterbalancetools.com/resources/pool-closing-checklist,resources/pool-closing-checklist.html,https://waterbalancetools.com/resources/pool-closing-checklist,"index, follow",INDEXABLE,true,none,none
https://waterbalancetools.com/resources/pool-maintenance-checklist,resources/pool-maintenance-checklist.html,https://waterbalancetools.com/resources/pool-maintenance-checklist,"index, follow",INDEXABLE,true,none,none
https://waterbalancetools.com/resources/pool-opening-checklist,resources/pool-opening-checklist.html,https://waterbalancetools.com/resources/pool-opening-checklist,"index, follow",INDEXABLE,true,none,none
https://waterbalancetools.com/resources/pool-shock-log,resources/pool-shock-log.html,https://waterbalancetools.com/resources/pool-shock-log,"index, follow",INDEXABLE,true,none,none
https://waterbalancetools.com/resources/water-test-log,resources/water-test-log.html,https://waterbalancetools.com/resources/water-test-log,"index, follow",INDEXABLE,true,none,none
https://waterbalancetools.com/revisions/,revisions/index.html,https://waterbalancetools.com/revisions/,"index, follow",INDEXABLE,true,none,none
https://waterbalancetools.com/salt-water-pool-chemical-levels-chart,salt-water-pool-chemical-levels-chart.html,https://waterbalancetools.com/salt-water-pool-chemical-levels-chart,"index, follow",INDEXABLE,true,none,none
https://waterbalancetools.com/search/,search/index.html,https://waterbalancetools.com/search/,noindex,NOINDEX,false,none,none
https://waterbalancetools.com/tools/,tools/index.html,https://waterbalancetools.com/tools,"noindex, nofollow",NOINDEX,false,none,none
