claim_id,claim_text,parameter,production_context,source_id,source_support,support_type,decision,notes
c89a3bddc3b1b53f,Compatibility Considerations Trichlor tablets are strongly acidic (pH approximately 2.8) and contain cyanuric acid.,ph,"academy/equipment/automatic-chlorinators.html (env=unspecified, 2.8-2.8 ph_units)",,MANUALLY_REVIEWED,NOT_SUPPORTED,PRODUCT_PROPERTY_NOT_WATER_TARGET,"pH of trichlor TABLET IN SOLUTION (2.8), a product property explaining why trichlor is acidic, not a pool-water pH target. Different claim category from range-ph-pool-chlorine-routine."
c3f9bc82301d28a9,"In a pool managed exclusively with a tablet feeder, CYA can reach problem levels (80–100 ppm) within one season and pH will consistently trend low without acid addition.",cyanuric_acid,"academy/equipment/automatic-chlorinators.html (env=pool, 80-100 ppm)",,MANUALLY_REVIEWED,NOT_SUPPORTED,THRESHOLD_ABOVE_RANGE_BY_DESIGN,"""CYA can reach problem levels (80-100 ppm)"" is explicitly a too-high troubleshooting scenario, not a target claim -- correctly outside the 30-50 target range by design."
23eb54fef67c5e59,"Examples End-of-Season Feeder Check As the season winds down, a pool owner discovers their CYA is at 85 ppm — above the 80 ppm upper limit.",cyanuric_acid,"academy/equipment/automatic-chlorinators.html (env=pool, 85-85 ppm)",,MECHANICAL_CLASSIFICATION_ONLY,CONFLICTING,SOURCE_CONFLICT,"Value 85-85 ppm does not overlap any canonical range for cyanuric_acid/pool (checked: range-cya-public-pool-incident-response-max, range-cya-residential-routine-outdoor, range-cya-saltwater-outdoor)."
64828a5bed02f6f5,"Examples End-of-Season Feeder Check As the season winds down, a pool owner discovers their CYA is at 85 ppm — above the 80 ppm upper limit.",cyanuric_acid,"academy/equipment/automatic-chlorinators.html (env=pool, 80-80 ppm)",,MECHANICAL_CLASSIFICATION_ONLY,NOT_SUPPORTED,SOURCE_NOT_FOUND,"Value overlaps range-cya-saltwater-outdoor, but that canonical range itself has no confirmed source (status REQUIRES_REVIEW) -- see chemistry-ranges.js."
0bd0584cd48621c3,"Key Facts Target salt level for most systems: 2,700–3,400 ppm — far lower than ocean water (35,000 ppm).",salt,"academy/equipment/salt-systems.html (env=unspecified, 2700-3400 ppm)",,MANUALLY_REVIEWED,NOT_SUPPORTED,EQUIPMENT_DEPENDENT_NO_PRIMARY_SOURCE,"2,700-3,400 ppm matches chemistry-ranges.js's own range-salt-generic-operating, but Phase 7D explicitly could not confirm a single manufacturer-independent primary source (salt targets are equipment-specific) -- genuinely unresolved, not wrong."
820296bafa4bbe51,"Key Facts Target salt level for most systems: 2,700–3,400 ppm — far lower than ocean water (35,000 ppm).",salt,"academy/equipment/salt-systems.html (env=unspecified, 35000-35000 ppm)",,MECHANICAL_CLASSIFICATION_ONLY,CONFLICTING,SOURCE_CONFLICT,"Value 35000-35000 ppm does not overlap any canonical range for salt/unspecified (checked: range-salt-generic-operating, range-salt-pentair, range-salt-autopilot)."
df42b1136223a12f,CYA of 60–80 ppm is needed for salt pool outdoor use to protect the generated chlorine from UV.,cyanuric_acid,"academy/equipment/salt-systems.html (env=pool, 60-80 ppm)",,MECHANICAL_CLASSIFICATION_ONLY,NOT_SUPPORTED,SOURCE_NOT_FOUND,"Value overlaps range-cya-saltwater-outdoor, but that canonical range itself has no confirmed source (status REQUIRES_REVIEW) -- see chemistry-ranges.js."
4f8a20141de769b1,"Salt reads 2,400 ppm — slightly below the 2,700 ppm minimum for the system.",salt,"academy/equipment/salt-systems.html (env=unspecified, 2400-2400 ppm)",,MECHANICAL_CLASSIFICATION_ONLY,CONFLICTING,SOURCE_CONFLICT,"Value 2400-2400 ppm does not overlap any canonical range for salt/unspecified (checked: range-salt-generic-operating, range-salt-pentair, range-salt-autopilot)."
0e46e28b1aa01a24,"Salt reads 2,400 ppm — slightly below the 2,700 ppm minimum for the system.",salt,"academy/equipment/salt-systems.html (env=unspecified, 2700-2700 ppm)",,MECHANICAL_CLASSIFICATION_ONLY,NOT_SUPPORTED,SOURCE_NOT_FOUND,"Value overlaps range-salt-generic-operating, but that canonical range itself has no confirmed source (status REQUIRES_REVIEW) -- see chemistry-ranges.js."
c17b914beaccc984,"Add approximately 40 lbs of sodium chloride (pool grade) to a 15,000-gallon pool to raise salt by 300 ppm.",salt,"academy/equipment/salt-systems.html (env=pool, 300-300 ppm)",,MECHANICAL_CLASSIFICATION_ONLY,CONFLICTING,SOURCE_CONFLICT,"Value 300-300 ppm does not overlap any canonical range for salt/pool (checked: range-salt-generic-operating, range-salt-pentair, range-salt-autopilot)."
473714cac7188762,"Retest — salt now at 2,750 ppm.",salt,"academy/equipment/salt-systems.html (env=unspecified, 2750-2750 ppm)",,MECHANICAL_CLASSIFICATION_ONLY,NOT_SUPPORTED,SOURCE_NOT_FOUND,"Value overlaps range-salt-generic-operating, but that canonical range itself has no confirmed source (status REQUIRES_REVIEW) -- see chemistry-ranges.js."
4678e76aeb2baa24,"Over a 30-week season, that is 6–10 backwashes, totalling 900–2,000 gallons of water wasted to drain.",pool_volume,"academy/equipment/sand-vs-cartridge-filters.html (env=unspecified, 900-2000 gallons)",,MECHANICAL_CLASSIFICATION_ONLY,NOT_SUPPORTED,SOURCE_NOT_FOUND,"No source in the registry covers ""pool_volume"" at all."
fdb04ff80c03a4dc,Key Facts Chlorine demand roughly doubles for every 10°F rise in water temperature above 80°F. pH tends to rise in warm water as carbon dioxide escapes more easily from the surface.,water_temperature,"academy/fundamentals/how-temperature-changes-water-chemistry.html (env=unspecified, 10-10 °f)",,MANUALLY_REVIEWED,NOT_SUPPORTED,NO_TEMPERATURE_TARGET_SOURCE,"No source in the registry sets a water-temperature TARGET (CDC discusses temperature's effect on chemistry, not a temperature range to maintain) -- genuinely out of current source coverage, not an error."
e213ea2cafa1c58a,Key Facts Chlorine demand roughly doubles for every 10°F rise in water temperature above 80°F. pH tends to rise in warm water as carbon dioxide escapes more easily from the surface.,water_temperature,"academy/fundamentals/how-temperature-changes-water-chemistry.html (env=unspecified, 80-80 °f)",,MECHANICAL_CLASSIFICATION_ONLY,NOT_SUPPORTED,SOURCE_NOT_FOUND,"No source in the registry covers ""water_temperature"" at all."
d1c75f03643d729f,The LSI increases with temperature — water balanced at 70°F may begin scaling at 90°F.,water_temperature,"academy/fundamentals/how-temperature-changes-water-chemistry.html (env=unspecified, 70-70 °f)",,MECHANICAL_CLASSIFICATION_ONLY,NOT_SUPPORTED,SOURCE_NOT_FOUND,"No source in the registry covers ""water_temperature"" at all."
f05e458013b5714b,The LSI increases with temperature — water balanced at 70°F may begin scaling at 90°F.,water_temperature,"academy/fundamentals/how-temperature-changes-water-chemistry.html (env=unspecified, 90-90 °f)",,MECHANICAL_CLASSIFICATION_ONLY,NOT_SUPPORTED,SOURCE_NOT_FOUND,"No source in the registry covers ""water_temperature"" at all."
7b592a388e5514ac,"This is why pool pH tends to be higher in summer and why pools with waterfalls, fountains, or high-speed jets see faster pH rise — all of those features accelerate CO2 off-gassing.",ph,"academy/fundamentals/how-temperature-changes-water-chemistry.html (env=pool, 2-2 ph_units)",,MECHANICAL_CLASSIFICATION_ONLY,CONFLICTING,SOURCE_CONFLICT,"Value 2-2 ph_units does not overlap any canonical range for ph/pool (checked: range-ph-pool-chlorine-routine, range-ph-pool-narrow-operational)."
a9d73e5e4181f079,"Water with an LSI of -0.1 at 68°F (well-balanced) may have an LSI of +0.4 at 90°F (beginning to scale) with identical pH, hardness, and alkalinity.",lsi,"academy/fundamentals/how-temperature-changes-water-chemistry.html (env=unspecified, -0.1--0.1 )",,MECHANICAL_CLASSIFICATION_ONLY,NOT_SUPPORTED,SOURCE_NOT_FOUND,"No source in the registry covers ""lsi"" at all."
531386438abf11f5,"Water with an LSI of -0.1 at 68°F (well-balanced) may have an LSI of +0.4 at 90°F (beginning to scale) with identical pH, hardness, and alkalinity.",lsi,"academy/fundamentals/how-temperature-changes-water-chemistry.html (env=unspecified, 0.4-0.4 )",,MECHANICAL_CLASSIFICATION_ONLY,NOT_SUPPORTED,SOURCE_NOT_FOUND,"No source in the registry covers ""lsi"" at all."
8b4e6678584b703e,Key Facts An LSI of 0.0 is perfect balance; the industry target range is -0.3 to +0.3.,lsi,"academy/fundamentals/how-water-balance-works.html (env=unspecified, 0-0 )",,MECHANICAL_CLASSIFICATION_ONLY,NOT_SUPPORTED,SOURCE_NOT_FOUND,"No source in the registry covers ""lsi"" at all."
07f9387662bcc49a,Key Facts An LSI of 0.0 is perfect balance; the industry target range is -0.3 to +0.3.,lsi,"academy/fundamentals/how-water-balance-works.html (env=unspecified, -0.3--0.3 )",,MECHANICAL_CLASSIFICATION_ONLY,NOT_SUPPORTED,SOURCE_NOT_FOUND,"No source in the registry covers ""lsi"" at all."
b7e96bb547689de1,Key Facts An LSI of 0.0 is perfect balance; the industry target range is -0.3 to +0.3.,lsi,"academy/fundamentals/how-water-balance-works.html (env=unspecified, 0.3-0.3 )",,MECHANICAL_CLASSIFICATION_ONLY,NOT_SUPPORTED,SOURCE_NOT_FOUND,"No source in the registry covers ""lsi"" at all."
8987d5de12e617ef,"Aggressive water (LSI below -0.3) attacks plaster, grout, metal fittings, and pump impellers.",lsi,"academy/fundamentals/how-water-balance-works.html (env=unspecified, -0.3--0.3 )",,MECHANICAL_CLASSIFICATION_ONLY,NOT_SUPPORTED,SOURCE_NOT_FOUND,"No source in the registry covers ""lsi"" at all."
96228bb24adabc1d,"Scaling water (LSI above +0.3) deposits calcium on heater elements, pipes, and pool surfaces.",lsi,"academy/fundamentals/how-water-balance-works.html (env=unspecified, 0.3-0.3 )",,MECHANICAL_CLASSIFICATION_ONLY,NOT_SUPPORTED,SOURCE_NOT_FOUND,"No source in the registry covers ""lsi"" at all."
9eb6caeb99bdd617,Most pool chemistry references target an LSI between -0.3 and +0.3.,lsi,"academy/fundamentals/how-water-balance-works.html (env=pool, -0.3--0.3 )",,MECHANICAL_CLASSIFICATION_ONLY,NOT_SUPPORTED,SOURCE_NOT_FOUND,"No source in the registry covers ""lsi"" at all."
134a2ea11ca7086f,Most pool chemistry references target an LSI between -0.3 and +0.3.,lsi,"academy/fundamentals/how-water-balance-works.html (env=pool, 0.3-0.3 )",,MECHANICAL_CLASSIFICATION_ONLY,NOT_SUPPORTED,SOURCE_NOT_FOUND,"No source in the registry covers ""lsi"" at all."
efd3b81ce4a0b373,Key Facts A typical hot tub holds 300–500 gallons — roughly 1/30th the volume of a small pool.,pool_volume,"academy/fundamentals/pool-vs-hot-tub-chemistry.html (env=both, 300-500 gallons)",,MECHANICAL_CLASSIFICATION_ONLY,NOT_SUPPORTED,SOURCE_NOT_FOUND,"No source in the registry covers ""pool_volume"" at all."
dd5ab791b85a1f28,A hot tub holds 300–500 gallons.,pool_volume,"academy/fundamentals/pool-vs-hot-tub-chemistry.html (env=hot_tub, 300-500 gallons)",,MECHANICAL_CLASSIFICATION_ONLY,NOT_SUPPORTED,SOURCE_NOT_FOUND,"No source in the registry covers ""pool_volume"" at all."
25f154830055ac84,Temperature and Chemical Reactions Hot tub water typically operates at 98–104°F.,water_temperature,"academy/fundamentals/pool-vs-hot-tub-chemistry.html (env=hot_tub, 98-104 °f)",,MANUALLY_REVIEWED,NOT_SUPPORTED,NO_TEMPERATURE_TARGET_SOURCE,Same -- no primary source for a hot-tub temperature range in the current registry.
0b210ad7ee9eca2f,The Langelier Saturation Index also shifts significantly with temperature — water that is balanced at 80°F can be aggressively scaling at 100°F with the same hardness and alkalinity values.,water_temperature,"academy/fundamentals/pool-vs-hot-tub-chemistry.html (env=unspecified, 80-80 °f)",,MECHANICAL_CLASSIFICATION_ONLY,NOT_SUPPORTED,SOURCE_NOT_FOUND,"No source in the registry covers ""water_temperature"" at all."
1f18d1ddbbe0ec31,Hot Tub Chemistry How Temperature Changes Water Chemistry Why Water Testing Matters On This Page Key Facts Test 1: Free Chlorine Test 2: pH Tests 3 & 4: Alkalinity and Hardness Examples Common Mistakes Calculators Chemical Calculator Pool Alkalinity Calculator Pool Cyanuric Acid Calculator Fundament…,ph,"academy/fundamentals/the-four-core-water-tests.html (env=hot_tub, 2-2 ph_units)",,MECHANICAL_CLASSIFICATION_ONLY,CONFLICTING,SOURCE_CONFLICT,"Value 2-2 ph_units does not overlap any canonical range for ph/hot_tub (checked: range-ph-hottub-chlorine-routine, range-ph-hottub-bromine-routine)."
1cafa2074c0bd35e,Test 2: pH pH is the most important factor in chlorine effectiveness.,ph,"academy/fundamentals/the-four-core-water-tests.html (env=unspecified, 2-2 ph_units)",,MECHANICAL_CLASSIFICATION_ONLY,CONFLICTING,SOURCE_CONFLICT,"Value 2-2 ph_units does not overlap any canonical range for ph/unspecified (checked: range-ph-pool-chlorine-routine, range-ph-hottub-chlorine-routine, range-ph-hottub-bromine-routine, range-ph-pool-narrow-operational)."
bd4618c6551293df,Cyanuric acid above 80 ppm significantly reduces chlorine effectiveness even when the reading looks correct.,cyanuric_acid,"academy/fundamentals/understanding-pool-water-chemistry.html (env=unspecified, 80-80 ppm)",,MECHANICAL_CLASSIFICATION_ONLY,NOT_SUPPORTED,SOURCE_NOT_FOUND,"Value overlaps range-cya-saltwater-outdoor, but that canonical range itself has no confirmed source (status REQUIRES_REVIEW) -- see chemistry-ranges.js."
cb3d83cf48f75d12,"Above 7.8, chlorine effectiveness drops sharply — at pH 8.0, active chlorine is only about 22% of what the test shows.",ph,"academy/fundamentals/understanding-pool-water-chemistry.html (env=unspecified, 8-8 ph_units)",,MECHANICAL_CLASSIFICATION_ONLY,CONFLICTING,SOURCE_CONFLICT,"Value 8-8 ph_units does not overlap any canonical range for ph/unspecified (checked: range-ph-pool-chlorine-routine, range-ph-hottub-chlorine-routine, range-ph-hottub-bromine-routine, range-ph-pool-narrow-operational)."
19cb52bd25332a0c,Target CYA for standard outdoor pools is 30–50 ppm.,cyanuric_acid,"academy/fundamentals/understanding-pool-water-chemistry.html (env=pool, 30-50 ppm)",,MECHANICAL_CLASSIFICATION_ONLY,NOT_SUPPORTED,SOURCE_NOT_FOUND,"Value overlaps range-cya-residential-routine-outdoor, but that canonical range itself has no confirmed source (status REQUIRES_REVIEW) -- see chemistry-ranges.js."
d1feb9238ca02179,Examples Catching a Problem Early A pool owner tests on Monday and finds FC at 0.8 ppm — below the 1.0 ppm minimum.,free_chlorine,"academy/fundamentals/why-water-testing-matters.html (env=pool, 0.8-0.8 ppm)",cdc-healthy-swimming-home-treatment,MANUALLY_REVIEWED,NOT_SUPPORTED,RECLASSIFY_NOT_A_TRUE_CLAIM,"Worked example illustrating a BELOW-minimum reading (""0.8 ppm — below the 1.0 ppm minimum""), consistent with CDC's 1.0 ppm pool minimum, not a conflicting target. The 0.8 is deliberately the ""bad"" example value."
d9ce6b417bf2b265,Heat to operating temperature (100–104°F).,water_temperature,"academy/hot-tubs/refilling-your-hot-tub.html (env=unspecified, 100-104 °f)",,MECHANICAL_CLASSIFICATION_ONLY,NOT_SUPPORTED,SOURCE_NOT_FOUND,"No source in the registry covers ""water_temperature"" at all."
956458c13da6386e,Wait 4 hours. 2) pH increaser or acid to bring pH to 7.4.,ph,"academy/hot-tubs/refilling-your-hot-tub.html (env=unspecified, 2-2 ph_units)",,MECHANICAL_CLASSIFICATION_ONLY,CONFLICTING,SOURCE_CONFLICT,"Value 2-2 ph_units does not overlap any canonical range for ph/unspecified (checked: range-ph-pool-chlorine-routine, range-ph-hottub-chlorine-routine, range-ph-hottub-bromine-routine, range-ph-pool-narrow-operational)."
f93dba25791ec1af,Wait 2 hours. 3) Calcium chloride if hardness is below 150 ppm. 4) Add chlorine to reach 3–5 ppm.,calcium_hardness,"academy/hot-tubs/refilling-your-hot-tub.html (env=unspecified, 3-5 ppm)",,MECHANICAL_CLASSIFICATION_ONLY,CONFLICTING,SOURCE_CONFLICT,"Value 3-5 ppm does not overlap any canonical range for calcium_hardness/unspecified (checked: range-ch-public-pool-standard, range-ch-residential-practical)."
9b5883473f17b6cd,"Key Facts Test combined chlorine after heavy use — if above 0.5 ppm, a shock treatment is required.",combined_chlorine,"academy/hot-tubs/shock-after-heavy-use.html (env=unspecified, 0.5-0.5 ppm)",cdc-mahc-2023,MANUALLY_REVIEWED,CONFLICTING,CONTENT_CITES_0.5_MAHC_SAYS_0.4,"Live-verified 2026-08-18 (cdc.gov/model-aquatic-health-code): MAHC action threshold is 0.4 ppm combined chlorine, not 0.5 ppm as this page states. See chemistry-ranges.js range-cc-pool-hottub-max (upgraded to SUPPORTED this phase). Common industry rule-of-thumb (0.5) vs. regulatory figure (0.4) -- documented, not silently rewritten in production content."
3ba7058561b27e23,"In a small hot tub volume (300–500 gallons), even two or three bathers in an extended session can consume most of the free chlorine and leave behind significant combined chlorine.",pool_volume,"academy/hot-tubs/shock-after-heavy-use.html (env=hot_tub, 300-500 gallons)",,MECHANICAL_CLASSIFICATION_ONLY,NOT_SUPPORTED,SOURCE_NOT_FOUND,"No source in the registry covers ""pool_volume"" at all."
e306b2ab27ea0bba,"Check each parameter against the hot tub target ranges (FC 3–5 ppm, pH 7.2–7.8, TA 80–120 ppm, CH 150–250 ppm) and adjust any that are outside range.",total_alkalinity,"academy/hot-tubs/weekly-spa-maintenance.html (env=hot_tub, 80-120 ppm)",,MANUALLY_REVIEWED,NOT_SUPPORTED,NO_HOTTUB_TA_SOURCE,"TA 80-120 ppm for hot tubs matches the pool figure but no hot-tub-specific primary source was found in Phase 7D research (range-ta-hottub has empty source_ids) -- genuinely unresolved, not wrong."
3fd939b45c3c8604,"Check each parameter against the hot tub target ranges (FC 3–5 ppm, pH 7.2–7.8, TA 80–120 ppm, CH 150–250 ppm) and adjust any that are outside range.",calcium_hardness,"academy/hot-tubs/weekly-spa-maintenance.html (env=hot_tub, 150-250 ppm)",,MECHANICAL_CLASSIFICATION_ONLY,NOT_SUPPORTED,REQUIRES_EXPERT_REVIEW,Claim family exists (claim-ch-target) but no canonical range covers this specific environment/context -- needs individual human review.
ef0f28af35b9f0cd,Water temperature can stay at the normal 100–104°F; the heater simply runs more frequently to maintain it.,water_temperature,"academy/hot-tubs/winter-spa-care.html (env=unspecified, 100-104 °f)",,MECHANICAL_CLASSIFICATION_ONLY,NOT_SUPPORTED,SOURCE_NOT_FOUND,"No source in the registry covers ""water_temperature"" at all."
ee54f93603c9490d,"Browse by Category Fundamentals Core water chemistry concepts every pool owner needs to understand. 6 articles Sanitizers Chlorine, bromine, salt, and alternative sanitization methods. 6 articles Testing How to test pool water accurately and interpret results. 6 articles Water Balance Balancing pH, …",ph,"academy/index.html (env=pool, 6-6 ph_units)",,MECHANICAL_CLASSIFICATION_ONLY,CONFLICTING,SOURCE_CONFLICT,"Value 6-6 ph_units does not overlap any canonical range for ph/pool (checked: range-ph-pool-chlorine-routine, range-ph-pool-narrow-operational)."
662547d34e1902c0,"Bromine also remains more effective at higher pH (up to 8.0) compared to chlorine, giving more flexibility in pH management for spas.",ph,"academy/sanitizers/bromine-vs-chlorine.html (env=unspecified, 8-8 ph_units)",,MECHANICAL_CLASSIFICATION_ONLY,CONFLICTING,SOURCE_CONFLICT,"Value 8-8 ph_units does not overlap any canonical range for ph/unspecified (checked: range-ph-pool-chlorine-routine, range-ph-hottub-chlorine-routine, range-ph-hottub-bromine-routine, range-ph-pool-narrow-operational)."
3babcfc82ef3edd3,Key Facts Combined chlorine above 0.5 ppm is the action threshold — shock treatment is needed.,combined_chlorine,"academy/sanitizers/combined-chlorine-explained.html (env=unspecified, 0.5-0.5 ppm)",,MECHANICAL_CLASSIFICATION_ONLY,CONFLICTING,SOURCE_CONFLICT,Value 0.5-0.5 ppm does not overlap any canonical range for combined_chlorine/unspecified (checked: range-cc-pool-hottub-max).
189b214b02acd2f4,Trichlor tablets are 90% available chlorine but also add cyanuric acid with every dose.,cyanuric_acid,"academy/sanitizers/liquid-chlorine-vs-tablets.html (env=unspecified, 90-90 %)",,MECHANICAL_CLASSIFICATION_ONLY,CONFLICTING,SOURCE_CONFLICT,"Value 90-90 % does not overlap any canonical range for cyanuric_acid/unspecified (checked: range-cya-public-pool-incident-response-max, range-cya-residential-routine-outdoor, range-cya-saltwater-outdoor, range-cya-hottub)."
50c37e5f80164bcf,CYA buildup from tablets can reach 80–100 ppm in a single season without a partial drain.,cyanuric_acid,"academy/sanitizers/liquid-chlorine-vs-tablets.html (env=unspecified, 80-100 ppm)",,MECHANICAL_CLASSIFICATION_ONLY,NOT_SUPPORTED,SOURCE_NOT_FOUND,"Value overlaps range-cya-saltwater-outdoor, but that canonical range itself has no confirmed source (status REQUIRES_REVIEW) -- see chemistry-ranges.js."
3473187f4ce9851e,It raises pH slightly (typically by 0.1–0.2 per dose for average pools) and does not add cyanuric acid.,ph,"academy/sanitizers/liquid-chlorine-vs-tablets.html (env=pool, 0.1-0.2 ph_units)",,MECHANICAL_CLASSIFICATION_ONLY,CONFLICTING,SOURCE_CONFLICT,"Value 0.1-0.2 ph_units does not overlap any canonical range for ph/pool (checked: range-ph-pool-chlorine-routine, range-ph-pool-narrow-operational)."
9054355991dd53a1,Each tablet contains approximately 90% available chlorine but also contains cyanuric acid as a stabiliser.,cyanuric_acid,"academy/sanitizers/liquid-chlorine-vs-tablets.html (env=unspecified, 90-90 %)",,MECHANICAL_CLASSIFICATION_ONLY,CONFLICTING,SOURCE_CONFLICT,"Value 90-90 % does not overlap any canonical range for cyanuric_acid/unspecified (checked: range-cya-public-pool-incident-response-max, range-cya-residential-routine-outdoor, range-cya-saltwater-outdoor, range-cya-hottub)."
7ff97a6a7a53208b,"Every pound of trichlor added to a pool raises CYA by approximately 0.6 ppm for every 10,000 gallons.",pool_volume,"academy/sanitizers/liquid-chlorine-vs-tablets.html (env=pool, 10000-10000 gallons)",,MECHANICAL_CLASSIFICATION_ONLY,NOT_SUPPORTED,SOURCE_NOT_FOUND,"No source in the registry covers ""pool_volume"" at all."
a7dcfc1fa1289c35,"At pH 7.2, about 67% of free chlorine is in its most effective form (HOCl).",free_chlorine,"academy/sanitizers/understanding-free-chlorine.html (env=unspecified, 67-67 %)",,MECHANICAL_CLASSIFICATION_ONLY,CONFLICTING,SOURCE_CONFLICT,"Value 67-67 % does not overlap any canonical range for free_chlorine/unspecified (checked: range-fc-pool-chlorine-no-cya, range-fc-pool-chlorine-with-cya, range-fc-hottub-chlorine-routine)."
193d99470545a750,"At pH 8.0, this drops to 22%.",ph,"academy/sanitizers/understanding-free-chlorine.html (env=unspecified, 8-8 ph_units)",,MECHANICAL_CLASSIFICATION_ONLY,CONFLICTING,SOURCE_CONFLICT,"Value 8-8 ph_units does not overlap any canonical range for ph/unspecified (checked: range-ph-pool-chlorine-routine, range-ph-hottub-chlorine-routine, range-ph-hottub-bromine-routine, range-ph-pool-narrow-operational)."
40fb9a355eaa851e,Examples Solving Chronic Low Chlorine Readings A pool owner has been adding extra chlorine every week because readings consistently show FC near 0.5 ppm — yet the pool stays clear.,free_chlorine,"academy/testing/common-testing-mistakes.html (env=pool, 0.5-0.5 ppm)",,MECHANICAL_CLASSIFICATION_ONLY,CONFLICTING,SOURCE_CONFLICT,"Value 0.5-0.5 ppm does not overlap any canonical range for free_chlorine/pool (checked: range-fc-pool-chlorine-no-cya, range-fc-pool-chlorine-with-cya)."
ee8b0b0cf19a507d,"After a large bather load (pool party), test the following morning and add shock if combined chlorine is above 0.5 ppm.",combined_chlorine,"academy/testing/how-often-to-test-water.html (env=pool, 0.5-0.5 ppm)",,MECHANICAL_CLASSIFICATION_ONLY,CONFLICTING,SOURCE_CONFLICT,Value 0.5-0.5 ppm does not overlap any canonical range for combined_chlorine/pool (checked: range-cc-pool-hottub-max).
bf220486290fa6a0,The magnitude of deviation matters — free chlorine at 0.9 ppm is borderline; free chlorine at 0 ppm requires immediate treatment.,free_chlorine,"academy/testing/understanding-test-results.html (env=unspecified, 0.9-0.9 ppm)",,MECHANICAL_CLASSIFICATION_ONLY,CONFLICTING,SOURCE_CONFLICT,"Value 0.9-0.9 ppm does not overlap any canonical range for free_chlorine/unspecified (checked: range-fc-pool-chlorine-no-cya, range-fc-pool-chlorine-with-cya, range-fc-hottub-chlorine-routine)."
91759d1caeab7bed,The magnitude of deviation matters — free chlorine at 0.9 ppm is borderline; free chlorine at 0 ppm requires immediate treatment.,free_chlorine,"academy/testing/understanding-test-results.html (env=unspecified, 0-0 ppm)",,MECHANICAL_CLASSIFICATION_ONLY,CONFLICTING,SOURCE_CONFLICT,"Value 0-0 ppm does not overlap any canonical range for free_chlorine/unspecified (checked: range-fc-pool-chlorine-no-cya, range-fc-pool-chlorine-with-cya, range-fc-hottub-chlorine-routine)."
ebad11f9374c4d35,"Prioritising Adjustments When multiple parameters are out of range, follow the adjustment order: 1) Total alkalinity (it stabilises everything else). 2) pH (wait 4 hours after adjusting TA before testing and adjusting pH). 3) Free chlorine (ineffective until pH is in range). 4) Calcium hardness. 5) …",ph,"academy/testing/understanding-test-results.html (env=unspecified, 2-2 ph_units)",,MECHANICAL_CLASSIFICATION_ONLY,CONFLICTING,SOURCE_CONFLICT,"Value 2-2 ph_units does not overlap any canonical range for ph/unspecified (checked: range-ph-pool-chlorine-routine, range-ph-hottub-chlorine-routine, range-ph-hottub-bromine-routine, range-ph-pool-narrow-operational)."
f64fef9bfcbcbf3e,"Is pH very high (above 8.0), making chlorine nearly inactive?",ph,"academy/testing/understanding-test-results.html (env=unspecified, 8-8 ph_units)",,MECHANICAL_CLASSIFICATION_ONLY,CONFLICTING,SOURCE_CONFLICT,"Value 8-8 ph_units does not overlap any canonical range for ph/unspecified (checked: range-ph-pool-chlorine-routine, range-ph-hottub-chlorine-routine, range-ph-hottub-bromine-routine, range-ph-pool-narrow-operational)."
8656fcc31210cae6,"Is CYA above 100 ppm, causing a &quot;chlorine lock&quot;?",cyanuric_acid,"academy/testing/understanding-test-results.html (env=unspecified, 100-100 ppm)",,MECHANICAL_CLASSIFICATION_ONLY,CONFLICTING,SOURCE_CONFLICT,"Value 100-100 ppm does not overlap any canonical range for cyanuric_acid/unspecified (checked: range-cya-public-pool-incident-response-max, range-cya-residential-routine-outdoor, range-cya-saltwater-outdoor, range-cya-hottub)."
9b3a54181522ecb9,"Examples Prioritising a Multi-Parameter Problem Test shows: FC 0.5 ppm, pH 7.9, TA 60 ppm, hardness 120 ppm.",free_chlorine,"academy/testing/understanding-test-results.html (env=unspecified, 0.5-0.5 ppm)",,MECHANICAL_CLASSIFICATION_ONLY,CONFLICTING,SOURCE_CONFLICT,"Value 0.5-0.5 ppm does not overlap any canonical range for free_chlorine/unspecified (checked: range-fc-pool-chlorine-no-cya, range-fc-pool-chlorine-with-cya, range-fc-hottub-chlorine-routine)."
ba934eac9250f383,"Examples Prioritising a Multi-Parameter Problem Test shows: FC 0.5 ppm, pH 7.9, TA 60 ppm, hardness 120 ppm.",ph,"academy/testing/understanding-test-results.html (env=unspecified, 7.9-7.9 ph_units)",,MECHANICAL_CLASSIFICATION_ONLY,CONFLICTING,SOURCE_CONFLICT,"Value 7.9-7.9 ph_units does not overlap any canonical range for ph/unspecified (checked: range-ph-pool-chlorine-routine, range-ph-hottub-chlorine-routine, range-ph-hottub-bromine-routine, range-ph-pool-narrow-operational)."
31d15b31aab1c809,"Examples Prioritising a Multi-Parameter Problem Test shows: FC 0.5 ppm, pH 7.9, TA 60 ppm, hardness 120 ppm.",calcium_hardness,"academy/testing/understanding-test-results.html (env=unspecified, 120-120 ppm)",,MECHANICAL_CLASSIFICATION_ONLY,CONFLICTING,SOURCE_CONFLICT,"Value 120-120 ppm does not overlap any canonical range for calcium_hardness/unspecified (checked: range-ch-public-pool-standard, range-ch-residential-practical)."
50e6c9bc170f48cb,DPD-3 (total chlorine) shows 3.5 ppm (deeper pink).,total_chlorine,"academy/testing/using-liquid-test-kits.html (env=unspecified, 3.5-3.5 ppm)",,MANUALLY_REVIEWED,NOT_SUPPORTED,NO_TC_RANGE_EXISTS,"total_chlorine is a derived quantity (FC+CC); chemistry-ranges.js has no independent TC target, correctly so -- TC is checked via its FC/CC components, not its own range. No action needed."
7ae3efe952c264c6,Combined chlorine = 3.5 - 2.0 = 1.5 ppm.,combined_chlorine,"academy/testing/using-liquid-test-kits.html (env=unspecified, 1.5-1.5 ppm)",,MECHANICAL_CLASSIFICATION_ONLY,CONFLICTING,SOURCE_CONFLICT,Value 1.5-1.5 ppm does not overlap any canonical range for combined_chlorine/unspecified (checked: range-cc-pool-hottub-max).
418c037e1d017895,Re-testing with a liquid kit the next morning shows FC at 8 ppm — dangerous for swimming.,free_chlorine,"academy/testing/using-test-strips.html (env=unspecified, 8-8 ppm)",,MECHANICAL_CLASSIFICATION_ONLY,CONFLICTING,SOURCE_CONFLICT,"Value 8-8 ppm does not overlap any canonical range for free_chlorine/unspecified (checked: range-fc-pool-chlorine-no-cya, range-fc-pool-chlorine-with-cya, range-fc-hottub-chlorine-routine)."
6d98e3fb6df50ce4,"Chemical Treatment for Cloudiness If cloudiness is from chemistry: first bring pH into the 7.2–7.6 range, then shock the pool to 10 ppm FC or higher.",free_chlorine,"academy/troubleshooting/cloudy-water.html (env=pool, 10-10 ppm)",,MECHANICAL_CLASSIFICATION_ONLY,CONFLICTING,SOURCE_CONFLICT,"Value 10-10 ppm does not overlap any canonical range for free_chlorine/pool (checked: range-fc-pool-chlorine-no-cya, range-fc-pool-chlorine-with-cya)."
0a0a7b8ef6cefe4b,"Examples Clearing Cloudy Water in 48 Hours Pool tests: FC 0.8 ppm, pH 7.9, TA 110 ppm.",free_chlorine,"academy/troubleshooting/cloudy-water.html (env=pool, 0.8-0.8 ppm)",,MECHANICAL_CLASSIFICATION_ONLY,CONFLICTING,SOURCE_CONFLICT,"Value 0.8-0.8 ppm does not overlap any canonical range for free_chlorine/pool (checked: range-fc-pool-chlorine-no-cya, range-fc-pool-chlorine-with-cya)."
2040b58bbe1c925b,"Examples Clearing Cloudy Water in 48 Hours Pool tests: FC 0.8 ppm, pH 7.9, TA 110 ppm.",ph,"academy/troubleshooting/cloudy-water.html (env=pool, 7.9-7.9 ph_units)",,MECHANICAL_CLASSIFICATION_ONLY,CONFLICTING,SOURCE_CONFLICT,"Value 7.9-7.9 ph_units does not overlap any canonical range for ph/pool (checked: range-ph-pool-chlorine-routine, range-ph-pool-narrow-operational)."
d3242bcbf8315323,Day 1 morning: add muriatic acid to lower pH to 7.4.,ph,"academy/troubleshooting/cloudy-water.html (env=unspecified, 1-1 ph_units)",,MECHANICAL_CLASSIFICATION_ONLY,CONFLICTING,SOURCE_CONFLICT,"Value 1-1 ph_units does not overlap any canonical range for ph/unspecified (checked: range-ph-pool-chlorine-routine, range-ph-hottub-chlorine-routine, range-ph-hottub-bromine-routine, range-ph-pool-narrow-operational)."
3b50560f2e5c24ca,Afternoon: shock pool to 10 ppm FC using liquid chlorine.,free_chlorine,"academy/troubleshooting/cloudy-water.html (env=pool, 10-10 ppm)",,MECHANICAL_CLASSIFICATION_ONLY,CONFLICTING,SOURCE_CONFLICT,"Value 10-10 ppm does not overlap any canonical range for free_chlorine/pool (checked: range-fc-pool-chlorine-no-cya, range-fc-pool-chlorine-with-cya)."
ac53605bb4e9f2a7,Ideal Range: N/A (prevented by LSI > −0.3) Calculators Chemical Calculator Related Langelier Saturation Index pH Total Alkalinity Calcium Hardness Copper Iron Full entity details → In This Category Cloudy Pool Water: Causes and Solutions Green Pool Water: How to Fix It Foaming Hot Tubs: Causes and S…,lsi,"academy/troubleshooting/corrosion.html (env=pool, 0.3-0.3 )",,MECHANICAL_CLASSIFICATION_ONLY,NOT_SUPPORTED,SOURCE_NOT_FOUND,"No source in the registry covers ""lsi"" at all."
68055ae024bffd95,Key Facts An LSI below -0.3 indicates aggressive (corrosive) water.,lsi,"academy/troubleshooting/corrosion.html (env=unspecified, -0.3--0.3 )",,MECHANICAL_CLASSIFICATION_ONLY,NOT_SUPPORTED,SOURCE_NOT_FOUND,"No source in the registry covers ""lsi"" at all."
84a95e3fbf929872,Testing shows pH 7.1 and Ca hardness 100 ppm — an LSI of approximately -1.0.,calcium_hardness,"academy/troubleshooting/corrosion.html (env=unspecified, 100-100 ppm)",,MECHANICAL_CLASSIFICATION_ONLY,CONFLICTING,SOURCE_CONFLICT,"Value 100-100 ppm does not overlap any canonical range for calcium_hardness/unspecified (checked: range-ch-public-pool-standard, range-ch-residential-practical)."
087332a31a0b153f,Testing shows pH 7.1 and Ca hardness 100 ppm — an LSI of approximately -1.0.,lsi,"academy/troubleshooting/corrosion.html (env=unspecified, -1--1 )",,MECHANICAL_CLASSIFICATION_ONLY,NOT_SUPPORTED,SOURCE_NOT_FOUND,"No source in the registry covers ""lsi"" at all."
75afa38cb015e374,Step 3: Raise pH to 7.4 and hardness to 250 ppm over 48 hours.,ph,"academy/troubleshooting/corrosion.html (env=unspecified, 3-3 ph_units)",,MECHANICAL_CLASSIFICATION_ONLY,CONFLICTING,SOURCE_CONFLICT,"Value 3-3 ph_units does not overlap any canonical range for ph/unspecified (checked: range-ph-pool-chlorine-routine, range-ph-hottub-chlorine-routine, range-ph-hottub-bromine-routine, range-ph-pool-narrow-operational)."
af987ca0b10a8315,The shock dose for an active green pool is 30 ppm FC — ten times the normal level.,free_chlorine,"academy/troubleshooting/green-water.html (env=pool, 30-30 ppm)",,MECHANICAL_CLASSIFICATION_ONLY,CONFLICTING,SOURCE_CONFLICT,"Value 30-30 ppm does not overlap any canonical range for free_chlorine/pool (checked: range-fc-pool-chlorine-no-cya, range-fc-pool-chlorine-with-cya)."
d44095dc1bc58f66,"The Green Pool Treatment Protocol Step 1: Test pH, alkalinity, and CYA.",ph,"academy/troubleshooting/green-water.html (env=pool, 1-1 ph_units)",,MECHANICAL_CLASSIFICATION_ONLY,CONFLICTING,SOURCE_CONFLICT,"Value 1-1 ph_units does not overlap any canonical range for ph/pool (checked: range-ph-pool-chlorine-routine, range-ph-pool-narrow-operational)."
3cdc6c3c5318ca55,Ideal Range: N/A (prevented by LSI < +0.5) Calculators Chemical Calculator Related Langelier Saturation Index Calcium Hardness pH Total Alkalinity Temperature Concrete Pool Full entity details → In This Category Cloudy Pool Water: Causes and Solutions Green Pool Water: How to Fix It Foaming Hot Tubs…,lsi,"academy/troubleshooting/scaling.html (env=pool, 0.5-0.5 )",,MECHANICAL_CLASSIFICATION_ONLY,NOT_SUPPORTED,SOURCE_NOT_FOUND,"No source in the registry covers ""lsi"" at all."
6c607ade0eadb1b2,An LSI above +0.3 indicates scaling tendency.,lsi,"academy/troubleshooting/scaling.html (env=unspecified, 0.3-0.3 )",,MECHANICAL_CLASSIFICATION_ONLY,NOT_SUPPORTED,SOURCE_NOT_FOUND,"No source in the registry covers ""lsi"" at all."
c84cabdfc199b613,The Langelier Saturation Index predicts this tendency — an LSI above +0.3 means scaling is likely to begin.,lsi,"academy/troubleshooting/scaling.html (env=unspecified, 0.3-0.3 )",,MECHANICAL_CLASSIFICATION_ONLY,NOT_SUPPORTED,SOURCE_NOT_FOUND,"No source in the registry covers ""lsi"" at all."
414a908e2ac30697,"Preventing and Removing Scale Prevention: keep LSI between -0.3 and +0.3 by maintaining pH below 7.6, calcium hardness at or below 400 ppm, and alkalinity at 80–120 ppm.",lsi,"academy/troubleshooting/scaling.html (env=unspecified, -0.3--0.3 )",,MECHANICAL_CLASSIFICATION_ONLY,NOT_SUPPORTED,SOURCE_NOT_FOUND,"No source in the registry covers ""lsi"" at all."
91bfc9d1414df2c5,"Preventing and Removing Scale Prevention: keep LSI between -0.3 and +0.3 by maintaining pH below 7.6, calcium hardness at or below 400 ppm, and alkalinity at 80–120 ppm.",ph,"academy/troubleshooting/scaling.html (env=unspecified, 0.3-0.3 ph_units)",,MECHANICAL_CLASSIFICATION_ONLY,CONFLICTING,SOURCE_CONFLICT,"Value 0.3-0.3 ph_units does not overlap any canonical range for ph/unspecified (checked: range-ph-pool-chlorine-routine, range-ph-hottub-chlorine-routine, range-ph-hottub-bromine-routine, range-ph-pool-narrow-operational)."
3a7d4ce62e34dd78,"Testing shows Ca hardness 480 ppm, pH 7.8, TA 140 ppm — LSI is +0.8 or higher.",lsi,"academy/troubleshooting/scaling.html (env=unspecified, 0.8-0.8 )",,MECHANICAL_CLASSIFICATION_ONLY,NOT_SUPPORTED,SOURCE_NOT_FOUND,"No source in the registry covers ""lsi"" at all."
4a69db2dd89752a3,"The fix: lower pH to 7.4 immediately (largest LSI impact), lower TA to 90 ppm, and plan a 30% partial drain to reduce hardness to ~340 ppm.",calcium_hardness,"academy/troubleshooting/scaling.html (env=unspecified, 30-30 %)",,MECHANICAL_CLASSIFICATION_ONLY,CONFLICTING,SOURCE_CONFLICT,"Value 30-30 % does not overlap any canonical range for calcium_hardness/unspecified (checked: range-ch-public-pool-standard, range-ch-residential-practical)."
9cd461b8459e282c,Ideal Range: N/A (prevented by keeping CC < 0.5 ppm) Calculators Pool Shock Calculator Related Combined Chlorine Breakpoint Chlorination Shock Treatment Eye Irritation Full entity details → In This Category Cloudy Pool Water: Causes and Solutions Green Pool Water: How to Fix It Foaming Hot Tubs: Cau…,combined_chlorine,"academy/troubleshooting/strong-chlorine-smell.html (env=pool, 0.5-0.5 ppm)",,MECHANICAL_CLASSIFICATION_ONLY,CONFLICTING,SOURCE_CONFLICT,Value 0.5-0.5 ppm does not overlap any canonical range for combined_chlorine/pool (checked: range-cc-pool-hottub-max).
9f7b718a514248c2,Combined chlorine above 0.5 ppm is the action threshold — breakpoint shock is needed.,combined_chlorine,"academy/troubleshooting/strong-chlorine-smell.html (env=unspecified, 0.5-0.5 ppm)",,MECHANICAL_CLASSIFICATION_ONLY,CONFLICTING,SOURCE_CONFLICT,Value 0.5-0.5 ppm does not overlap any canonical range for combined_chlorine/unspecified (checked: range-cc-pool-hottub-max).
e86930b53ee7bc88,The shock dose for a green pool is 30 ppm FC — the pool volume calculator determines the exact chemical amount.,free_chlorine,"academy/vacation-rentals/emergency-water-recovery.html (env=pool, 30-30 ppm)",,MECHANICAL_CLASSIFICATION_ONLY,CONFLICTING,SOURCE_CONFLICT,"Value 30-30 ppm does not overlap any canonical range for free_chlorine/pool (checked: range-fc-pool-chlorine-no-cya, range-fc-pool-chlorine-with-cya)."
2b2da03f5cc25369,The Recovery Protocol Step 1: Lower pH to 7.2 (maximises chlorine activity).,ph,"academy/vacation-rentals/emergency-water-recovery.html (env=unspecified, 1-1 ph_units)",,MECHANICAL_CLASSIFICATION_ONLY,CONFLICTING,SOURCE_CONFLICT,"Value 1-1 ph_units does not overlap any canonical range for ph/unspecified (checked: range-ph-pool-chlorine-routine, range-ph-hottub-chlorine-routine, range-ph-hottub-bromine-routine, range-ph-pool-narrow-operational)."
ecebf50530cdde22,Step 3: Add shock chlorine to reach 30 ppm FC (for green water) or 10 ppm (for moderately compromised water).,free_chlorine,"academy/vacation-rentals/emergency-water-recovery.html (env=unspecified, 30-30 ppm)",,MECHANICAL_CLASSIFICATION_ONLY,CONFLICTING,SOURCE_CONFLICT,"Value 30-30 ppm does not overlap any canonical range for free_chlorine/unspecified (checked: range-fc-pool-chlorine-no-cya, range-fc-pool-chlorine-with-cya, range-fc-hottub-chlorine-routine)."
a893639795d6a251,Step 3: Add shock chlorine to reach 30 ppm FC (for green water) or 10 ppm (for moderately compromised water).,free_chlorine,"academy/vacation-rentals/emergency-water-recovery.html (env=unspecified, 10-10 ppm)",,MECHANICAL_CLASSIFICATION_ONLY,CONFLICTING,SOURCE_CONFLICT,"Value 10-10 ppm does not overlap any canonical range for free_chlorine/unspecified (checked: range-fc-pool-chlorine-no-cya, range-fc-pool-chlorine-with-cya, range-fc-hottub-chlorine-routine)."
64590da4c954e6cc,Step 5: Test every 4–6 hours and add more chlorine if FC drops below 10 ppm (sign that active algae or high chlorine demand is still consuming it).,free_chlorine,"academy/vacation-rentals/emergency-water-recovery.html (env=unspecified, 10-10 ppm)",,MECHANICAL_CLASSIFICATION_ONLY,CONFLICTING,SOURCE_CONFLICT,"Value 10-10 ppm does not overlap any canonical range for free_chlorine/unspecified (checked: range-fc-pool-chlorine-no-cya, range-fc-pool-chlorine-with-cya, range-fc-hottub-chlorine-routine)."
f5d774c25138e0f4,"FC is zero, pH 8.1.",ph,"academy/vacation-rentals/emergency-water-recovery.html (env=unspecified, 8.1-8.1 ph_units)",,MECHANICAL_CLASSIFICATION_ONLY,CONFLICTING,SOURCE_CONFLICT,"Value 8.1-8.1 ph_units does not overlap any canonical range for ph/unspecified (checked: range-ph-pool-chlorine-routine, range-ph-hottub-chlorine-routine, range-ph-hottub-bromine-routine, range-ph-pool-narrow-operational)."
fd40f03a54e99a01,Timeline: Friday 4pm — lower pH with acid.,ph,"academy/vacation-rentals/emergency-water-recovery.html (env=unspecified, 4-4 ph_units)",,MECHANICAL_CLASSIFICATION_ONLY,CONFLICTING,SOURCE_CONFLICT,"Value 4-4 ph_units does not overlap any canonical range for ph/unspecified (checked: range-ph-pool-chlorine-routine, range-ph-hottub-chlorine-routine, range-ph-hottub-bromine-routine, range-ph-pool-narrow-operational)."
05afc51475e26fee,Chemical dosing schedule updated for summer: pH adjusted twice weekly (instead of weekly) due to higher CO2 off-gassing from heat and splash.,ph,"academy/vacation-rentals/maintenance-schedule.html (env=unspecified, 2-2 ph_units)",,MECHANICAL_CLASSIFICATION_ONLY,CONFLICTING,SOURCE_CONFLICT,"Value 2-2 ph_units does not overlap any canonical range for ph/unspecified (checked: range-ph-pool-chlorine-routine, range-ph-hottub-chlorine-routine, range-ph-hottub-bromine-routine, range-ph-pool-narrow-operational)."
df35f7b36e5bde90,"If combined chlorine is above 0.5 ppm, shock overnight before the guest arrives.",combined_chlorine,"academy/vacation-rentals/turnover-checklist.html (env=unspecified, 0.5-0.5 ppm)",,MECHANICAL_CLASSIFICATION_ONLY,CONFLICTING,SOURCE_CONFLICT,Value 0.5-0.5 ppm does not overlap any canonical range for combined_chlorine/unspecified (checked: range-cc-pool-hottub-max).
9ca04528a2e522db,"Pre-turnover test: FC 0.8 ppm (low), pH 7.9 (high), TA 100 ppm (ok), CH 220 ppm (ok), CC 0.4 ppm (borderline).",free_chlorine,"academy/vacation-rentals/turnover-checklist.html (env=unspecified, 0.8-0.8 ppm)",,MECHANICAL_CLASSIFICATION_ONLY,CONFLICTING,SOURCE_CONFLICT,"Value 0.8-0.8 ppm does not overlap any canonical range for free_chlorine/unspecified (checked: range-fc-pool-chlorine-no-cya, range-fc-pool-chlorine-with-cya, range-fc-hottub-chlorine-routine)."
01e4b7f54f2dc212,"Pre-turnover test: FC 0.8 ppm (low), pH 7.9 (high), TA 100 ppm (ok), CH 220 ppm (ok), CC 0.4 ppm (borderline).",ph,"academy/vacation-rentals/turnover-checklist.html (env=unspecified, 7.9-7.9 ph_units)",,MECHANICAL_CLASSIFICATION_ONLY,CONFLICTING,SOURCE_CONFLICT,"Value 7.9-7.9 ph_units does not overlap any canonical range for ph/unspecified (checked: range-ph-pool-chlorine-routine, range-ph-hottub-chlorine-routine, range-ph-hottub-bromine-routine, range-ph-pool-narrow-operational)."
96321eb685cd7e22,"Water Chemistry Check The chemistry portion of the weekly inspection covers: free chlorine (1–3 ppm), combined chlorine (below 0.5 ppm), pH (7.2–7.6), total alkalinity (80–120 ppm), and a visual clarity check — can you see the main drain from the pool deck?",combined_chlorine,"academy/vacation-rentals/weekly-inspection.html (env=unspecified, 0.5-0.5 ppm)",,MECHANICAL_CLASSIFICATION_ONLY,CONFLICTING,SOURCE_CONFLICT,Value 0.5-0.5 ppm does not overlap any canonical range for combined_chlorine/unspecified (checked: range-cc-pool-hottub-max).
8e3605b6538a01dc,"Typical dose for raising hardness by 10 ppm in a 10,000-gallon pool is approximately 1.25 lbs.",calcium_hardness,"academy/water-balance/understanding-calcium-hardness.html (env=pool, 10-10 ppm)",,MECHANICAL_CLASSIFICATION_ONLY,CONFLICTING,SOURCE_CONFLICT,"Value 10-10 ppm does not overlap any canonical range for calcium_hardness/pool (checked: range-ch-public-pool-standard, range-ch-residential-practical)."
c58b0aa5cd1a8be6,Key Facts Target CYA for unstabilised pools: 30–50 ppm.,cyanuric_acid,"academy/water-balance/understanding-cyanuric-acid.html (env=pool, 30-50 ppm)",,MECHANICAL_CLASSIFICATION_ONLY,NOT_SUPPORTED,SOURCE_NOT_FOUND,"Value overlaps range-cya-residential-routine-outdoor, but that canonical range itself has no confirmed source (status REQUIRES_REVIEW) -- see chemistry-ranges.js."
16274f4e389c358b,"Without CYA in an outdoor pool, chlorine exposed to direct sunlight at midday will deplete by 90% within two to three hours.",cyanuric_acid,"academy/water-balance/understanding-cyanuric-acid.html (env=pool, 90-90 %)",,MECHANICAL_CLASSIFICATION_ONLY,CONFLICTING,SOURCE_CONFLICT,"Value 90-90 % does not overlap any canonical range for cyanuric_acid/pool (checked: range-cya-public-pool-incident-response-max, range-cya-residential-routine-outdoor, range-cya-saltwater-outdoor)."
3283652f92b45d05,"With 30–50 ppm CYA, chlorine is much more stable and persists throughout the day.",cyanuric_acid,"academy/water-balance/understanding-cyanuric-acid.html (env=unspecified, 30-50 ppm)",,MECHANICAL_CLASSIFICATION_ONLY,NOT_SUPPORTED,SOURCE_NOT_FOUND,"Value overlaps range-cya-residential-routine-outdoor, but that canonical range itself has no confirmed source (status REQUIRES_REVIEW) -- see chemistry-ranges.js."
cefc9af4b7a43a63,"At CYA 30 ppm and pH 7.4, approximately 20% of FC is active.",cyanuric_acid,"academy/water-balance/understanding-cyanuric-acid.html (env=unspecified, 30-30 ppm)",,MECHANICAL_CLASSIFICATION_ONLY,NOT_SUPPORTED,SOURCE_NOT_FOUND,"Value overlaps range-cya-residential-routine-outdoor, but that canonical range itself has no confirmed source (status REQUIRES_REVIEW) -- see chemistry-ranges.js."
b263d2fcc2c09274,"At CYA 30 ppm and pH 7.4, approximately 20% of FC is active.",free_chlorine,"academy/water-balance/understanding-cyanuric-acid.html (env=unspecified, 20-20 %)",,MECHANICAL_CLASSIFICATION_ONLY,CONFLICTING,SOURCE_CONFLICT,"Value 20-20 % does not overlap any canonical range for free_chlorine/unspecified (checked: range-fc-pool-chlorine-no-cya, range-fc-pool-chlorine-with-cya, range-fc-hottub-chlorine-routine)."
093ccad19793fcb4,"At CYA 100 ppm and the same pH, only 6–7% is active.",cyanuric_acid,"academy/water-balance/understanding-cyanuric-acid.html (env=unspecified, 100-100 ppm)",,MECHANICAL_CLASSIFICATION_ONLY,CONFLICTING,SOURCE_CONFLICT,"Value 100-100 ppm does not overlap any canonical range for cyanuric_acid/unspecified (checked: range-cya-public-pool-incident-response-max, range-cya-residential-routine-outdoor, range-cya-saltwater-outdoor, range-cya-hottub)."
22af1908d3f684bc,Key Facts LSI target range: -0.3 to +0.3.,lsi,"academy/water-balance/understanding-lsi.html (env=unspecified, -0.3--0.3 )",,MECHANICAL_CLASSIFICATION_ONLY,NOT_SUPPORTED,SOURCE_NOT_FOUND,"No source in the registry covers ""lsi"" at all."
eefe912e48ef06f2,Key Facts LSI target range: -0.3 to +0.3.,lsi,"academy/water-balance/understanding-lsi.html (env=unspecified, 0.3-0.3 )",,MECHANICAL_CLASSIFICATION_ONLY,NOT_SUPPORTED,SOURCE_NOT_FOUND,"No source in the registry covers ""lsi"" at all."
de881bee7f4ce884,Negative LSI (below -0.3): water is aggressive and will corrode pool surfaces and equipment.,lsi,"academy/water-balance/understanding-lsi.html (env=unspecified, -0.3--0.3 )",,MECHANICAL_CLASSIFICATION_ONLY,NOT_SUPPORTED,SOURCE_NOT_FOUND,"No source in the registry covers ""lsi"" at all."
3ed57f437cfaeb98,Positive LSI (above +0.3): water is over-saturated and will deposit calcium carbonate scale.,lsi,"academy/water-balance/understanding-lsi.html (env=unspecified, 0.3-0.3 )",,MECHANICAL_CLASSIFICATION_ONLY,NOT_SUPPORTED,SOURCE_NOT_FOUND,"No source in the registry covers ""lsi"" at all."
ebc8fc7b2b2d1341,"If the LSI is below -0.3, the most common corrections are raising pH, raising calcium hardness, or raising alkalinity.",lsi,"academy/water-balance/understanding-lsi.html (env=unspecified, -0.3--0.3 )",,MECHANICAL_CLASSIFICATION_ONLY,NOT_SUPPORTED,SOURCE_NOT_FOUND,"No source in the registry covers ""lsi"" at all."
8a1cc117d7fc3f9f,"If the LSI is above +0.3, lower pH (largest effect), lower calcium hardness (requires partial drain), or lower alkalinity slightly.",lsi,"academy/water-balance/understanding-lsi.html (env=unspecified, 0.3-0.3 )",,MECHANICAL_CLASSIFICATION_ONLY,NOT_SUPPORTED,SOURCE_NOT_FOUND,"No source in the registry covers ""lsi"" at all."
e9421d8769be79c4,"Of the adjustable variables, pH has the largest impact on LSI because the pH factor in the formula is the raw pH value, not a lookup number — a 0.1 pH change shifts LSI by 0.1 directly.",ph,"academy/water-balance/understanding-lsi.html (env=unspecified, 0.1-0.1 ph_units)",,MECHANICAL_CLASSIFICATION_ONLY,CONFLICTING,SOURCE_CONFLICT,"Value 0.1-0.1 ph_units does not overlap any canonical range for ph/unspecified (checked: range-ph-pool-chlorine-routine, range-ph-hottub-chlorine-routine, range-ph-hottub-bromine-routine, range-ph-pool-narrow-operational)."
653258c471223093,"Of the adjustable variables, pH has the largest impact on LSI because the pH factor in the formula is the raw pH value, not a lookup number — a 0.1 pH change shifts LSI by 0.1 directly.",lsi,"academy/water-balance/understanding-lsi.html (env=unspecified, 0.1-0.1 )",,MECHANICAL_CLASSIFICATION_ONLY,NOT_SUPPORTED,SOURCE_NOT_FOUND,"No source in the registry covers ""lsi"" at all."
f864db2906ae0764,"Key Facts At pH 7.2, approximately 67% of free chlorine is in its most active form (hypochlorous acid).",free_chlorine,"academy/water-balance/understanding-ph.html (env=unspecified, 67-67 %)",,MECHANICAL_CLASSIFICATION_ONLY,CONFLICTING,SOURCE_CONFLICT,"Value 67-67 % does not overlap any canonical range for free_chlorine/unspecified (checked: range-fc-pool-chlorine-no-cya, range-fc-pool-chlorine-with-cya, range-fc-hottub-chlorine-routine)."
2f587ea4cf726a36,"At pH 8.0, only 22% of free chlorine is active — three times more chlorine is needed for the same effect. pH naturally drifts upward in pools as CO2 escapes the water surface.",ph,"academy/water-balance/understanding-ph.html (env=unspecified, 8-8 ph_units)",,MECHANICAL_CLASSIFICATION_ONLY,CONFLICTING,SOURCE_CONFLICT,"Value 8-8 ph_units does not overlap any canonical range for ph/unspecified (checked: range-ph-pool-chlorine-routine, range-ph-hottub-chlorine-routine, range-ph-hottub-bromine-routine, range-ph-pool-narrow-operational)."
4401d0f9d4c28f9a,"At pH 8.0, only 22% of free chlorine is active — three times more chlorine is needed for the same effect. pH naturally drifts upward in pools as CO2 escapes the water surface.",free_chlorine,"academy/water-balance/understanding-ph.html (env=unspecified, 22-22 %)",,MECHANICAL_CLASSIFICATION_ONLY,CONFLICTING,SOURCE_CONFLICT,"Value 22-22 % does not overlap any canonical range for free_chlorine/unspecified (checked: range-fc-pool-chlorine-no-cya, range-fc-pool-chlorine-with-cya, range-fc-hottub-chlorine-routine)."
1e178f3fa89b64c7,"At pH 8.0, only 22% of free chlorine is active — three times more chlorine is needed for the same effect. pH naturally drifts upward in pools as CO2 escapes the water surface.",ph,"academy/water-balance/understanding-ph.html (env=pool, 2-2 ph_units)",,MECHANICAL_CLASSIFICATION_ONLY,CONFLICTING,SOURCE_CONFLICT,"Value 2-2 ph_units does not overlap any canonical range for ph/pool (checked: range-ph-pool-chlorine-routine, range-ph-pool-narrow-operational)."
de0e99c94dda54aa,What pH Measures pH measures the concentration of hydrogen ions in water on a logarithmic scale from 0 (most acidic) to 14 (most alkaline).,ph,"academy/water-balance/understanding-ph.html (env=unspecified, 0-0 ph_units)",,MECHANICAL_CLASSIFICATION_ONLY,CONFLICTING,SOURCE_CONFLICT,"Value 0-0 ph_units does not overlap any canonical range for ph/unspecified (checked: range-ph-pool-chlorine-routine, range-ph-hottub-chlorine-routine, range-ph-hottub-bromine-routine, range-ph-pool-narrow-operational)."
7be77f2f6ef75da6,What pH Measures pH measures the concentration of hydrogen ions in water on a logarithmic scale from 0 (most acidic) to 14 (most alkaline).,ph,"academy/water-balance/understanding-ph.html (env=unspecified, 14-14 ph_units)",,MECHANICAL_CLASSIFICATION_ONLY,CONFLICTING,SOURCE_CONFLICT,"Value 14-14 ph_units does not overlap any canonical range for ph/unspecified (checked: range-ph-pool-chlorine-routine, range-ph-hottub-chlorine-routine, range-ph-hottub-bromine-routine, range-ph-pool-narrow-operational)."
61da87a76107b1af,"Each full pH unit represents a 10-fold change in acidity, which is why even small changes (0.2–0.3 units) have measurable effects on chlorine effectiveness.",ph,"academy/water-balance/understanding-ph.html (env=unspecified, 10-10 ph_units)",,MECHANICAL_CLASSIFICATION_ONLY,CONFLICTING,SOURCE_CONFLICT,"Value 10-10 ph_units does not overlap any canonical range for ph/unspecified (checked: range-ph-pool-chlorine-routine, range-ph-hottub-chlorine-routine, range-ph-hottub-bromine-routine, range-ph-pool-narrow-operational)."
837435cea8d03c79,"Each full pH unit represents a 10-fold change in acidity, which is why even small changes (0.2–0.3 units) have measurable effects on chlorine effectiveness.",ph,"academy/water-balance/understanding-ph.html (env=unspecified, 0.2-0.3 ph_units)",,MECHANICAL_CLASSIFICATION_ONLY,CONFLICTING,SOURCE_CONFLICT,"Value 0.2-0.3 ph_units does not overlap any canonical range for ph/unspecified (checked: range-ph-pool-chlorine-routine, range-ph-hottub-chlorine-routine, range-ph-hottub-bromine-routine, range-ph-pool-narrow-operational)."
7473e8bc78fdaee9,"At pH 7.2, about 67% of free chlorine is HOCl.",free_chlorine,"academy/water-balance/understanding-ph.html (env=unspecified, 67-67 %)",,MECHANICAL_CLASSIFICATION_ONLY,CONFLICTING,SOURCE_CONFLICT,"Value 67-67 % does not overlap any canonical range for free_chlorine/unspecified (checked: range-fc-pool-chlorine-no-cya, range-fc-pool-chlorine-with-cya, range-fc-hottub-chlorine-routine)."
93dcf35c0bbb9853,"At pH 8.0, only 22% remains as HOCl.",ph,"academy/water-balance/understanding-ph.html (env=unspecified, 8-8 ph_units)",,MECHANICAL_CLASSIFICATION_ONLY,CONFLICTING,SOURCE_CONFLICT,"Value 8-8 ph_units does not overlap any canonical range for ph/unspecified (checked: range-ph-pool-chlorine-routine, range-ph-hottub-chlorine-routine, range-ph-hottub-bromine-routine, range-ph-pool-narrow-operational)."
2498d519df23327e,This means a pool with 2 ppm FC at pH 7.2 has roughly the same effective sanitation as a pool with 6 ppm FC at pH 8.0.,free_chlorine,"academy/water-balance/understanding-ph.html (env=pool, 6-6 ppm)",,MECHANICAL_CLASSIFICATION_ONLY,CONFLICTING,SOURCE_CONFLICT,"Value 6-6 ppm does not overlap any canonical range for free_chlorine/pool (checked: range-fc-pool-chlorine-no-cya, range-fc-pool-chlorine-with-cya)."
9b80e2cb8d605ec1,This means a pool with 2 ppm FC at pH 7.2 has roughly the same effective sanitation as a pool with 6 ppm FC at pH 8.0.,ph,"academy/water-balance/understanding-ph.html (env=pool, 8-8 ph_units)",,MECHANICAL_CLASSIFICATION_ONLY,CONFLICTING,SOURCE_CONFLICT,"Value 8-8 ph_units does not overlap any canonical range for ph/pool (checked: range-ph-pool-chlorine-routine, range-ph-pool-narrow-operational)."
780c862f7c3f3666,"Key Facts Target total alkalinity for pools is 80–120 ppm; for hot tubs, 80–120 ppm.",total_alkalinity,"academy/water-balance/understanding-total-alkalinity.html (env=hot_tub, 80-120 ppm)",,MECHANICAL_CLASSIFICATION_ONLY,NOT_SUPPORTED,SOURCE_NOT_FOUND,"Value overlaps range-ta-hottub, but that canonical range itself has no confirmed source (status REQUIRES_REVIEW) -- see chemistry-ranges.js."
17030adfd35149c3,Step 2: Adjust pH to 7.2–7.6 using sodium carbonate or soda ash (to raise) or muriatic acid / sodium bisulfate (to lower).,ph,"academy/water-balance/water-balance-order.html (env=unspecified, 2-2 ph_units)",,MECHANICAL_CLASSIFICATION_ONLY,CONFLICTING,SOURCE_CONFLICT,"Value 2-2 ph_units does not overlap any canonical range for ph/unspecified (checked: range-ph-pool-chlorine-routine, range-ph-hottub-chlorine-routine, range-ph-hottub-bromine-routine, range-ph-pool-narrow-operational)."
454da4a22bf5f8e4,"Examples Full Rebalancing Sequence An opening test shows: TA 50 ppm, pH 7.0, CH 100 ppm, FC 0.",total_alkalinity,"academy/water-balance/water-balance-order.html (env=unspecified, 50-50 ppm)",,MECHANICAL_CLASSIFICATION_ONLY,CONFLICTING,SOURCE_CONFLICT,"Value 50-50 ppm does not overlap any canonical range for total_alkalinity/unspecified (checked: range-ta-public-pool-standard, range-ta-residential-practical, range-ta-hottub)."
59ed7f611dc0ba7f,"Examples Full Rebalancing Sequence An opening test shows: TA 50 ppm, pH 7.0, CH 100 ppm, FC 0.",calcium_hardness,"academy/water-balance/water-balance-order.html (env=unspecified, 100-100 ppm)",,MECHANICAL_CLASSIFICATION_ONLY,CONFLICTING,SOURCE_CONFLICT,"Value 100-100 ppm does not overlap any canonical range for calcium_hardness/unspecified (checked: range-ch-public-pool-standard, range-ch-residential-practical)."
2fc8022383997c62,"(Dilution, pH & Chlorine) 2 /guides/edge-cases/swimming-after-shocking-pool How Long After Shocking a Pool Can You Swim?",ph,"audit/google/crawl-depth.html (env=pool, 2-2 ph_units)",,MECHANICAL_CLASSIFICATION_ONLY,CONFLICTING,SOURCE_CONFLICT,"Value 2-2 ph_units does not overlap any canonical range for ph/pool (checked: range-ph-pool-chlorine-routine, range-ph-pool-narrow-operational)."
7902ad61dfb89c42,Freshness URL Last Reviewed Platform Version Dataset Version /calculators 2026-08-18 1.0.0 2026.07 /calculators/chemical-calculator 2026-08-18 1.0.0 2026.07 /calculators/hot-tub-chlorine-calculator 2026-08-18 1.0.0 2026.07 /calculators/hot-tub-ph-calculator 2026-08-18 1.0.0 2026.07 /calculators/hot-…,ph,"audit/google/freshness.html (env=hot_tub, 1-1 ph_units)",,MECHANICAL_CLASSIFICATION_ONLY,CONFLICTING,SOURCE_CONFLICT,"Value 1-1 ph_units does not overlap any canonical range for ph/hot_tub (checked: range-ph-hottub-chlorine-routine, range-ph-hottub-bromine-routine)."
12561327002c5efe,Freshness URL Last Reviewed Platform Version Dataset Version /calculators 2026-08-18 1.0.0 2026.07 /calculators/chemical-calculator 2026-08-18 1.0.0 2026.07 /calculators/hot-tub-chlorine-calculator 2026-08-18 1.0.0 2026.07 /calculators/hot-tub-ph-calculator 2026-08-18 1.0.0 2026.07 /calculators/hot-…,ph,"audit/google/freshness.html (env=hot_tub, 6.07-6.07 ph_units)",,MECHANICAL_CLASSIFICATION_ONLY,CONFLICTING,SOURCE_CONFLICT,"Value 6.07-6.07 ph_units does not overlap any canonical range for ph/hot_tub (checked: range-ph-hottub-chlorine-routine, range-ph-hottub-bromine-routine)."
b6febc430f4ea319,Freshness URL Last Reviewed Platform Version Dataset Version /calculators 2026-08-18 1.0.0 2026.07 /calculators/chemical-calculator 2026-08-18 1.0.0 2026.07 /calculators/hot-tub-chlorine-calculator 2026-08-18 1.0.0 2026.07 /calculators/hot-tub-ph-calculator 2026-08-18 1.0.0 2026.07 /calculators/hot-…,ph,"audit/google/freshness.html (env=hot_tub, 1-1 ph_units)",,MECHANICAL_CLASSIFICATION_ONLY,CONFLICTING,SOURCE_CONFLICT,"Value 1-1 ph_units does not overlap any canonical range for ph/hot_tub (checked: range-ph-hottub-chlorine-routine, range-ph-hottub-bromine-routine)."
a50a441aaa88cde0,Freshness URL Last Reviewed Platform Version Dataset Version /calculators 2026-08-18 1.0.0 2026.07 /calculators/chemical-calculator 2026-08-18 1.0.0 2026.07 /calculators/hot-tub-chlorine-calculator 2026-08-18 1.0.0 2026.07 /calculators/hot-tub-ph-calculator 2026-08-18 1.0.0 2026.07 /calculators/hot-…,ph,"audit/google/freshness.html (env=hot_tub, 6.07-6.07 ph_units)",,MECHANICAL_CLASSIFICATION_ONLY,CONFLICTING,SOURCE_CONFLICT,"Value 6.07-6.07 ph_units does not overlap any canonical range for ph/hot_tub (checked: range-ph-hottub-chlorine-routine, range-ph-hottub-bromine-routine)."
0643352bafe790d3,Freshness URL Last Reviewed Platform Version Dataset Version /calculators 2026-08-18 1.0.0 2026.07 /calculators/chemical-calculator 2026-08-18 1.0.0 2026.07 /calculators/hot-tub-chlorine-calculator 2026-08-18 1.0.0 2026.07 /calculators/hot-tub-ph-calculator 2026-08-18 1.0.0 2026.07 /calculators/hot-…,ph,"audit/google/freshness.html (env=hot_tub, 1-1 ph_units)",,MECHANICAL_CLASSIFICATION_ONLY,CONFLICTING,SOURCE_CONFLICT,"Value 1-1 ph_units does not overlap any canonical range for ph/hot_tub (checked: range-ph-hottub-chlorine-routine, range-ph-hottub-bromine-routine)."
7688f74896be66a3,Freshness URL Last Reviewed Platform Version Dataset Version /calculators 2026-08-18 1.0.0 2026.07 /calculators/chemical-calculator 2026-08-18 1.0.0 2026.07 /calculators/hot-tub-chlorine-calculator 2026-08-18 1.0.0 2026.07 /calculators/hot-tub-ph-calculator 2026-08-18 1.0.0 2026.07 /calculators/hot-…,ph,"audit/google/freshness.html (env=hot_tub, 6.07-6.07 ph_units)",,MECHANICAL_CLASSIFICATION_ONLY,CONFLICTING,SOURCE_CONFLICT,"Value 6.07-6.07 ph_units does not overlap any canonical range for ph/hot_tub (checked: range-ph-hottub-chlorine-routine, range-ph-hottub-bromine-routine)."
3e4b9308c2fb4792,Freshness URL Last Reviewed Platform Version Dataset Version /calculators 2026-08-18 1.0.0 2026.07 /calculators/chemical-calculator 2026-08-18 1.0.0 2026.07 /calculators/hot-tub-chlorine-calculator 2026-08-18 1.0.0 2026.07 /calculators/hot-tub-ph-calculator 2026-08-18 1.0.0 2026.07 /calculators/hot-…,ph,"audit/google/freshness.html (env=hot_tub, 1-1 ph_units)",,MECHANICAL_CLASSIFICATION_ONLY,CONFLICTING,SOURCE_CONFLICT,"Value 1-1 ph_units does not overlap any canonical range for ph/hot_tub (checked: range-ph-hottub-chlorine-routine, range-ph-hottub-bromine-routine)."
11d07a6696f643ad,Freshness URL Last Reviewed Platform Version Dataset Version /calculators 2026-08-18 1.0.0 2026.07 /calculators/chemical-calculator 2026-08-18 1.0.0 2026.07 /calculators/hot-tub-chlorine-calculator 2026-08-18 1.0.0 2026.07 /calculators/hot-tub-ph-calculator 2026-08-18 1.0.0 2026.07 /calculators/hot-…,ph,"audit/google/freshness.html (env=hot_tub, 6.07-6.07 ph_units)",,MECHANICAL_CLASSIFICATION_ONLY,CONFLICTING,SOURCE_CONFLICT,"Value 6.07-6.07 ph_units does not overlap any canonical range for ph/hot_tub (checked: range-ph-hottub-chlorine-routine, range-ph-hottub-bromine-routine)."
9299059b0c52fc37,Below 1 ppm sanitizer may be too weak; above 3 ppm can irritate swimmers—test and dose in small steps.,sanitizer,"calculators/chemical-calculator.html (env=unspecified, 1-1 ppm)",,MANUALLY_REVIEWED,NOT_SUPPORTED,GENERIC_SANITIZER_NOT_CHLORINE_SPECIFIC,"""sanitizer"" used generically (could mean FC or bromine); 1 ppm floor / 3 ppm ceiling roughly brackets both CDC FC minimums and typical bromine ranges but is not itself a source-stated combined figure. Needs either splitting into chlorine-specific/bromine-specific claims or a dedicated generic-sanitizer source."
6a81584835cfe60c,Below 1 ppm sanitizer may be too weak; above 3 ppm can irritate swimmers—test and dose in small steps.,sanitizer,"calculators/chemical-calculator.html (env=unspecified, 3-3 ppm)",,MECHANICAL_CLASSIFICATION_ONLY,NOT_SUPPORTED,REQUIRES_EXPERT_REVIEW,Claim family exists (claim-mixing-chemicals-danger) but no canonical range covers this specific environment/context -- needs individual human review.
4aaf0668a2e32352,Test chlorine and pH at least 2–3 times per week during swim season.,ph,"calculators/chemical-calculator.html (env=unspecified, 2-3 ph_units)",,MECHANICAL_CLASSIFICATION_ONLY,CONFLICTING,SOURCE_CONFLICT,"Value 2-3 ph_units does not overlap any canonical range for ph/unspecified (checked: range-ph-pool-chlorine-routine, range-ph-hottub-chlorine-routine, range-ph-hottub-bromine-routine, range-ph-pool-narrow-operational)."
9b2df39a347f6b70,"Many products overlap, but hot tubs need higher sanitizer (often 3–5 ppm) and smaller volumes mean tiny errors matter.",sanitizer,"calculators/chemical-calculator.html (env=hot_tub, 3-5 ppm)",,MECHANICAL_CLASSIFICATION_ONLY,NOT_SUPPORTED,REQUIRES_EXPERT_REVIEW,Claim family exists (claim-mixing-chemicals-danger) but no canonical range covers this specific environment/context -- needs individual human review.
e977018fdc60533e,Related Calculators Pool Calculators (5) Pool Chemical Calculator Pool Chlorine Calculator Pool pH Calculator Pool Shock Calculator Pool Volume Calculator Hot Tub Calculators (3) Hot Tub Chlorine Calculator Hot Tub pH Calculator Hot Tub Shock Calculator Water Chemistry (5) Salt Calculator Alkalinity…,ph,"calculators/hot-tub-ph-calculator.html (env=both, 5-5 ph_units)",,MECHANICAL_CLASSIFICATION_ONLY,CONFLICTING,SOURCE_CONFLICT,"Value 5-5 ph_units does not overlap any canonical range for ph/both (checked: range-ph-pool-chlorine-routine, range-ph-hottub-chlorine-routine, range-ph-hottub-bromine-routine, range-ph-pool-narrow-operational)."
2be7b59b831997c8,Related Calculators Pool Calculators (5) Pool Chemical Calculator Pool Chlorine Calculator Pool pH Calculator Pool Shock Calculator Pool Volume Calculator Hot Tub Calculators (3) Hot Tub Chlorine Calculator Hot Tub pH Calculator Hot Tub Shock Calculator Water Chemistry (5) Salt Calculator Alkalinity…,ph,"calculators/hot-tub-ph-calculator.html (env=both, 3-3 ph_units)",,MECHANICAL_CLASSIFICATION_ONLY,CONFLICTING,SOURCE_CONFLICT,"Value 3-3 ph_units does not overlap any canonical range for ph/both (checked: range-ph-pool-chlorine-routine, range-ph-hottub-chlorine-routine, range-ph-hottub-bromine-routine, range-ph-pool-narrow-operational)."
cec90c3358610b3a,Related Calculators Pool Calculators (5) Pool Chemical Calculator Pool Chlorine Calculator Pool pH Calculator Pool Shock Calculator Pool Volume Calculator Hot Tub Calculators (3) Hot Tub Chlorine Calculator Hot Tub pH Calculator Hot Tub Shock Calculator Water Chemistry (5) Salt Calculator Alkalinity…,ph,"calculators/hot-tub-shock-calculator.html (env=both, 5-5 ph_units)",,MECHANICAL_CLASSIFICATION_ONLY,CONFLICTING,SOURCE_CONFLICT,"Value 5-5 ph_units does not overlap any canonical range for ph/both (checked: range-ph-pool-chlorine-routine, range-ph-hottub-chlorine-routine, range-ph-hottub-bromine-routine, range-ph-pool-narrow-operational)."
dadbbf62fd31d9c8,Related Calculators Pool Calculators (5) Pool Chemical Calculator Pool Chlorine Calculator Pool pH Calculator Pool Shock Calculator Pool Volume Calculator Hot Tub Calculators (3) Hot Tub Chlorine Calculator Hot Tub pH Calculator Hot Tub Shock Calculator Water Chemistry (5) Salt Calculator Alkalinity…,ph,"calculators/hot-tub-shock-calculator.html (env=both, 3-3 ph_units)",,MECHANICAL_CLASSIFICATION_ONLY,CONFLICTING,SOURCE_CONFLICT,"Value 3-3 ph_units does not overlap any canonical range for ph/both (checked: range-ph-pool-chlorine-routine, range-ph-hottub-chlorine-routine, range-ph-hottub-bromine-routine, range-ph-pool-narrow-operational)."
0b859f5f51df429e,Hot Tub Chemical Calculator (Safe Levels in 30 Seconds) Hit 3–5 ppm sanitizer in seconds: enter spa gallons + test strip readings for exact chlorine ounces.,sanitizer,"calculators/index.html (env=hot_tub, 3-5 ppm)",cdc-healthy-swimming-home-treatment,MANUALLY_REVIEWED,CONTEXTUAL,MATCHES_CDC_HOTTUB_FC_RANGE,"3-5 ppm matches CDC's hot-tub FC range exactly (range-fc-hottub-chlorine-routine), but the page calls it generic ""sanitizer"" not specifically free chlorine -- contextually correct, wording could be tightened."
bbb41d892f261ad4,Related Calculators Pool Calculators (5) Pool Chemical Calculator Pool Chlorine Calculator Pool pH Calculator Pool Shock Calculator Pool Volume Calculator Hot Tub Calculators (3) Hot Tub Chlorine Calculator Hot Tub pH Calculator Hot Tub Shock Calculator Water Chemistry (5) Salt Calculator Alkalinity…,ph,"calculators/pool-alkalinity-calculator.html (env=both, 5-5 ph_units)",,MECHANICAL_CLASSIFICATION_ONLY,CONFLICTING,SOURCE_CONFLICT,"Value 5-5 ph_units does not overlap any canonical range for ph/both (checked: range-ph-pool-chlorine-routine, range-ph-hottub-chlorine-routine, range-ph-hottub-bromine-routine, range-ph-pool-narrow-operational)."
9af15a7839432406,Related Calculators Pool Calculators (5) Pool Chemical Calculator Pool Chlorine Calculator Pool pH Calculator Pool Shock Calculator Pool Volume Calculator Hot Tub Calculators (3) Hot Tub Chlorine Calculator Hot Tub pH Calculator Hot Tub Shock Calculator Water Chemistry (5) Salt Calculator Alkalinity…,ph,"calculators/pool-alkalinity-calculator.html (env=both, 3-3 ph_units)",,MECHANICAL_CLASSIFICATION_ONLY,CONFLICTING,SOURCE_CONFLICT,"Value 3-3 ph_units does not overlap any canonical range for ph/both (checked: range-ph-pool-chlorine-routine, range-ph-hottub-chlorine-routine, range-ph-hottub-bromine-routine, range-ph-pool-narrow-operational)."
c3af2ffdaf9b30d2,Related Calculators Pool Calculators (5) Pool Chemical Calculator Pool Chlorine Calculator Pool pH Calculator Pool Shock Calculator Pool Volume Calculator Hot Tub Calculators (3) Hot Tub Chlorine Calculator Hot Tub pH Calculator Hot Tub Shock Calculator Water Chemistry (5) Salt Calculator Alkalinity…,ph,"calculators/pool-chlorine-calculator.html (env=both, 5-5 ph_units)",,MECHANICAL_CLASSIFICATION_ONLY,CONFLICTING,SOURCE_CONFLICT,"Value 5-5 ph_units does not overlap any canonical range for ph/both (checked: range-ph-pool-chlorine-routine, range-ph-hottub-chlorine-routine, range-ph-hottub-bromine-routine, range-ph-pool-narrow-operational)."
416f5fd0b05dd326,Related Calculators Pool Calculators (5) Pool Chemical Calculator Pool Chlorine Calculator Pool pH Calculator Pool Shock Calculator Pool Volume Calculator Hot Tub Calculators (3) Hot Tub Chlorine Calculator Hot Tub pH Calculator Hot Tub Shock Calculator Water Chemistry (5) Salt Calculator Alkalinity…,ph,"calculators/pool-chlorine-calculator.html (env=both, 3-3 ph_units)",,MECHANICAL_CLASSIFICATION_ONLY,CONFLICTING,SOURCE_CONFLICT,"Value 3-3 ph_units does not overlap any canonical range for ph/both (checked: range-ph-pool-chlorine-routine, range-ph-hottub-chlorine-routine, range-ph-hottub-bromine-routine, range-ph-pool-narrow-operational)."
b1fb2e1ef6d5fe2f,Related Calculators Pool Calculators (5) Pool Chemical Calculator Pool Chlorine Calculator Pool pH Calculator Pool Shock Calculator Pool Volume Calculator Hot Tub Calculators (3) Hot Tub Chlorine Calculator Hot Tub pH Calculator Hot Tub Shock Calculator Water Chemistry (5) Salt Calculator Alkalinity…,ph,"calculators/pool-cyanuric-acid-calculator.html (env=both, 5-5 ph_units)",,MECHANICAL_CLASSIFICATION_ONLY,CONFLICTING,SOURCE_CONFLICT,"Value 5-5 ph_units does not overlap any canonical range for ph/both (checked: range-ph-pool-chlorine-routine, range-ph-hottub-chlorine-routine, range-ph-hottub-bromine-routine, range-ph-pool-narrow-operational)."
1a01f1dff6b1d7e6,Related Calculators Pool Calculators (5) Pool Chemical Calculator Pool Chlorine Calculator Pool pH Calculator Pool Shock Calculator Pool Volume Calculator Hot Tub Calculators (3) Hot Tub Chlorine Calculator Hot Tub pH Calculator Hot Tub Shock Calculator Water Chemistry (5) Salt Calculator Alkalinity…,ph,"calculators/pool-cyanuric-acid-calculator.html (env=both, 3-3 ph_units)",,MECHANICAL_CLASSIFICATION_ONLY,CONFLICTING,SOURCE_CONFLICT,"Value 3-3 ph_units does not overlap any canonical range for ph/both (checked: range-ph-pool-chlorine-routine, range-ph-hottub-chlorine-routine, range-ph-hottub-bromine-routine, range-ph-pool-narrow-operational)."
09149ee6ed3e7b5c,Test pH 2–3 times per week when the pool is in use.,ph,"calculators/pool-ph-calculator.html (env=pool, 2-3 ph_units)",,MECHANICAL_CLASSIFICATION_ONLY,CONFLICTING,SOURCE_CONFLICT,"Value 2-3 ph_units does not overlap any canonical range for ph/pool (checked: range-ph-pool-chlorine-routine, range-ph-pool-narrow-operational)."
5f4a2c48aaac056d,Related Calculators Pool Calculators (5) Pool Chemical Calculator Pool Chlorine Calculator Pool pH Calculator Pool Shock Calculator Pool Volume Calculator Hot Tub Calculators (3) Hot Tub Chlorine Calculator Hot Tub pH Calculator Hot Tub Shock Calculator Water Chemistry (5) Salt Calculator Alkalinity…,ph,"calculators/pool-turnover-rate-calculator.html (env=both, 5-5 ph_units)",,MECHANICAL_CLASSIFICATION_ONLY,CONFLICTING,SOURCE_CONFLICT,"Value 5-5 ph_units does not overlap any canonical range for ph/both (checked: range-ph-pool-chlorine-routine, range-ph-hottub-chlorine-routine, range-ph-hottub-bromine-routine, range-ph-pool-narrow-operational)."
af1fba036838b20d,Related Calculators Pool Calculators (5) Pool Chemical Calculator Pool Chlorine Calculator Pool pH Calculator Pool Shock Calculator Pool Volume Calculator Hot Tub Calculators (3) Hot Tub Chlorine Calculator Hot Tub pH Calculator Hot Tub Shock Calculator Water Chemistry (5) Salt Calculator Alkalinity…,ph,"calculators/pool-turnover-rate-calculator.html (env=both, 3-3 ph_units)",,MECHANICAL_CLASSIFICATION_ONLY,CONFLICTING,SOURCE_CONFLICT,"Value 3-3 ph_units does not overlap any canonical range for ph/both (checked: range-ph-pool-chlorine-routine, range-ph-hottub-chlorine-routine, range-ph-hottub-bromine-routine, range-ph-pool-narrow-operational)."
703bac1dd499621a,Related Calculators Pool Calculators (5) Pool Chemical Calculator Pool Chlorine Calculator Pool pH Calculator Pool Shock Calculator Pool Volume Calculator Hot Tub Calculators (3) Hot Tub Chlorine Calculator Hot Tub pH Calculator Hot Tub Shock Calculator Water Chemistry (5) Salt Calculator Alkalinity…,ph,"calculators/pool-volume-calculator.html (env=both, 5-5 ph_units)",,MECHANICAL_CLASSIFICATION_ONLY,CONFLICTING,SOURCE_CONFLICT,"Value 5-5 ph_units does not overlap any canonical range for ph/both (checked: range-ph-pool-chlorine-routine, range-ph-hottub-chlorine-routine, range-ph-hottub-bromine-routine, range-ph-pool-narrow-operational)."
72af294eab740488,Related Calculators Pool Calculators (5) Pool Chemical Calculator Pool Chlorine Calculator Pool pH Calculator Pool Shock Calculator Pool Volume Calculator Hot Tub Calculators (3) Hot Tub Chlorine Calculator Hot Tub pH Calculator Hot Tub Shock Calculator Water Chemistry (5) Salt Calculator Alkalinity…,ph,"calculators/pool-volume-calculator.html (env=both, 3-3 ph_units)",,MECHANICAL_CLASSIFICATION_ONLY,CONFLICTING,SOURCE_CONFLICT,"Value 3-3 ph_units does not overlap any canonical range for ph/both (checked: range-ph-pool-chlorine-routine, range-ph-hottub-chlorine-routine, range-ph-hottub-bromine-routine, range-ph-pool-narrow-operational)."
59afb9ea52ccfcba,Related Calculators Pool Calculators (5) Pool Chemical Calculator Pool Chlorine Calculator Pool pH Calculator Pool Shock Calculator Pool Volume Calculator Hot Tub Calculators (3) Hot Tub Chlorine Calculator Hot Tub pH Calculator Hot Tub Shock Calculator Water Chemistry (5) Salt Calculator Alkalinity…,ph,"calculators/saltwater-pool-salt-calculator.html (env=both, 5-5 ph_units)",,MECHANICAL_CLASSIFICATION_ONLY,CONFLICTING,SOURCE_CONFLICT,"Value 5-5 ph_units does not overlap any canonical range for ph/both (checked: range-ph-pool-chlorine-routine, range-ph-hottub-chlorine-routine, range-ph-hottub-bromine-routine, range-ph-pool-narrow-operational)."
d6a9ad3956c3ac1e,Related Calculators Pool Calculators (5) Pool Chemical Calculator Pool Chlorine Calculator Pool pH Calculator Pool Shock Calculator Pool Volume Calculator Hot Tub Calculators (3) Hot Tub Chlorine Calculator Hot Tub pH Calculator Hot Tub Shock Calculator Water Chemistry (5) Salt Calculator Alkalinity…,ph,"calculators/saltwater-pool-salt-calculator.html (env=both, 3-3 ph_units)",,MANUALLY_REVIEWED,NOT_SUPPORTED,NON_CHEMISTRY_NUMERIC_LEAK,"""Pool Calculators (5)"" navigation count misattributed as a pH value via the blind 0-14 heuristic -- extraction noise (a documented residual limitation from Phase 7D.2), not a real pH claim."
afafa0a42ca5ecd7,Typical hot tubs are 300–500 gallons.,pool_volume,"calculators/spa-volume-calculator.html (env=hot_tub, 300-500 gallons)",,MECHANICAL_CLASSIFICATION_ONLY,NOT_SUPPORTED,SOURCE_NOT_FOUND,"No source in the registry covers ""pool_volume"" at all."
af7c1602b8d0411b,Related Calculators Pool Calculators (5) Pool Chemical Calculator Pool Chlorine Calculator Pool pH Calculator Pool Shock Calculator Pool Volume Calculator Hot Tub Calculators (3) Hot Tub Chlorine Calculator Hot Tub pH Calculator Hot Tub Shock Calculator Water Chemistry (5) Salt Calculator Alkalinity…,ph,"calculators/spa-volume-calculator.html (env=both, 5-5 ph_units)",,MECHANICAL_CLASSIFICATION_ONLY,CONFLICTING,SOURCE_CONFLICT,"Value 5-5 ph_units does not overlap any canonical range for ph/both (checked: range-ph-pool-chlorine-routine, range-ph-hottub-chlorine-routine, range-ph-hottub-bromine-routine, range-ph-pool-narrow-operational)."
ce4f40faff025ce7,Related Calculators Pool Calculators (5) Pool Chemical Calculator Pool Chlorine Calculator Pool pH Calculator Pool Shock Calculator Pool Volume Calculator Hot Tub Calculators (3) Hot Tub Chlorine Calculator Hot Tub pH Calculator Hot Tub Shock Calculator Water Chemistry (5) Salt Calculator Alkalinity…,ph,"calculators/spa-volume-calculator.html (env=both, 3-3 ph_units)",,MECHANICAL_CLASSIFICATION_ONLY,CONFLICTING,SOURCE_CONFLICT,"Value 3-3 ph_units does not overlap any canonical range for ph/both (checked: range-ph-pool-chlorine-routine, range-ph-hottub-chlorine-routine, range-ph-hottub-bromine-routine, range-ph-pool-narrow-operational)."
9c4a7c1ead5ae97d,Related Pool Chemistry Guides Related in this topic Index Index — 1 Why Shower Before Pool Index — 2 Index — 3 Related topics Does Rain Lower Pool Ph Total Alkalinity Explained Tools Full pool chemical calculator Hub guide Pool chemistry basics (hub) &#8595; Shape Rectangular Circular Rectangular po…,ph,"calculators/volume-calculator.html (env=pool, 1-1 ph_units)",,MECHANICAL_CLASSIFICATION_ONLY,CONFLICTING,SOURCE_CONFLICT,"Value 1-1 ph_units does not overlap any canonical range for ph/pool (checked: range-ph-pool-chlorine-routine, range-ph-pool-narrow-operational)."
9d29dc4a058d67f2,Related Pool Chemistry Guides Related in this topic Index Index — 1 Why Shower Before Pool Index — 2 Index — 3 Related topics Does Rain Lower Pool Ph Total Alkalinity Explained Tools Full pool chemical calculator Hub guide Pool chemistry basics (hub) &#8595; Shape Rectangular Circular Rectangular po…,ph,"calculators/volume-calculator.html (env=pool, 2-2 ph_units)",,MECHANICAL_CLASSIFICATION_ONLY,CONFLICTING,SOURCE_CONFLICT,"Value 2-2 ph_units does not overlap any canonical range for ph/pool (checked: range-ph-pool-chlorine-routine, range-ph-pool-narrow-operational)."
71e5af632bcb6ea5,Related Pool Chemistry Guides Related in this topic Index Index — 1 Why Shower Before Pool Index — 2 Index — 3 Related topics Does Rain Lower Pool Ph Total Alkalinity Explained Tools Full pool chemical calculator Hub guide Pool chemistry basics (hub) &#8595; Shape Rectangular Circular Rectangular po…,ph,"calculators/volume-calculator.html (env=pool, 3-3 ph_units)",,MECHANICAL_CLASSIFICATION_ONLY,CONFLICTING,SOURCE_CONFLICT,"Value 3-3 ph_units does not overlap any canonical range for ph/pool (checked: range-ph-pool-chlorine-routine, range-ph-pool-narrow-operational)."
3b9362a84ae846d6,Ideal levels for hot tubs Chemical Ideal range Status Free Chlorine 3–5 ppm Good pH 7.2–7.8 Good Total Alkalinity 80–120 ppm Good Too high High chlorine or pH can irritate skin and reduce sanitizer effectiveness.,total_alkalinity,"charts/hot-tub-chemical-levels-chart.html (env=hot_tub, 80-120 ppm)",,MECHANICAL_CLASSIFICATION_ONLY,NOT_SUPPORTED,SOURCE_NOT_FOUND,"Value overlaps range-ta-hottub, but that canonical range itself has no confirmed source (status REQUIRES_REVIEW) -- see chemistry-ranges.js."
3cae91354d89d46a,"Ideal levels Chemical Ideal range Status Free Chlorine 1–3 ppm Good pH 7.2–7.6 Good Total Alkalinity 80–120 ppm Good Calcium Hardness 200–400 ppm Good Cyanuric Acid (CYA) 30–50 ppm Good What happens if levels are too high Chlorine: Skin and eye irritation, bleached swimwear, strong odor. pH: Scaling…",calcium_hardness,"charts/pool-chemical-levels-chart.html (env=unspecified, 80-120 ppm)",,MECHANICAL_CLASSIFICATION_ONLY,CONFLICTING,SOURCE_CONFLICT,"Value 80-120 ppm does not overlap any canonical range for calcium_hardness/unspecified (checked: range-ch-public-pool-standard, range-ch-residential-practical)."
af3d72a9938940b2,"Ideal levels Chemical Ideal range Status Free Chlorine 1–3 ppm Good pH 7.2–7.6 Good Total Alkalinity 80–120 ppm Good Calcium Hardness 200–400 ppm Good Cyanuric Acid (CYA) 30–50 ppm Good What happens if levels are too high Chlorine: Skin and eye irritation, bleached swimwear, strong odor. pH: Scaling…",cyanuric_acid,"charts/pool-chemical-levels-chart.html (env=unspecified, 30-50 ppm)",,MECHANICAL_CLASSIFICATION_ONLY,NOT_SUPPORTED,SOURCE_NOT_FOUND,"Value overlaps range-cya-residential-routine-outdoor, but that canonical range itself has no confirmed source (status REQUIRES_REVIEW) -- see chemistry-ranges.js."
d0cad8a42e563eba,"Balance in this order: alkalinity first, then pH, then chlorine. 1.",ph,"charts/pool-water-balance-chart.html (env=unspecified, 1-1 ph_units)",,MECHANICAL_CLASSIFICATION_ONLY,CONFLICTING,SOURCE_CONFLICT,"Value 1-1 ph_units does not overlap any canonical range for ph/unspecified (checked: range-ph-pool-chlorine-routine, range-ph-hottub-chlorine-routine, range-ph-hottub-bromine-routine, range-ph-pool-narrow-operational)."
bcc0d1d917f97542,Alkalinity (80–120 ppm) Buffers pH so it stays stable ↓ 2. pH (7.2–7.6) Affects chlorine effectiveness and comfort ↓ 3.,ph,"charts/pool-water-balance-chart.html (env=unspecified, 2-2 ph_units)",,MECHANICAL_CLASSIFICATION_ONLY,CONFLICTING,SOURCE_CONFLICT,"Value 2-2 ph_units does not overlap any canonical range for ph/unspecified (checked: range-ph-pool-chlorine-routine, range-ph-hottub-chlorine-routine, range-ph-hottub-bromine-routine, range-ph-pool-narrow-operational)."
4aff6dbaeee4636a,Alkalinity (80–120 ppm) Buffers pH so it stays stable ↓ 2. pH (7.2–7.6) Affects chlorine effectiveness and comfort ↓ 3.,ph,"charts/pool-water-balance-chart.html (env=unspecified, 3-3 ph_units)",,MECHANICAL_CLASSIFICATION_ONLY,CONFLICTING,SOURCE_CONFLICT,"Value 3-3 ph_units does not overlap any canonical range for ph/unspecified (checked: range-ph-pool-chlorine-routine, range-ph-hottub-chlorine-routine, range-ph-hottub-bromine-routine, range-ph-pool-narrow-operational)."
8f60952b8a2c6ca4,"When CC exceeds 0.5 ppm, breakpoint shock is needed.",combined_chlorine,"comparisons/free-chlorine-vs-total-chlorine.html (env=unspecified, 0.5-0.5 ppm)",,MECHANICAL_CLASSIFICATION_ONLY,CONFLICTING,SOURCE_CONFLICT,Value 0.5-0.5 ppm does not overlap any canonical range for combined_chlorine/unspecified (checked: range-cc-pool-hottub-max).
3bb0e016bca28ac0,"Free chlorine (FC) is the only form that actively kills bacteria and algae Total chlorine (TC) = Free Chlorine + Combined Chlorine Combined chlorine (CC = TC − FC) causes pool odor and eye irritation When CC exceeds 0.5 ppm, shock to 10× CC reading to eliminate chloramines Feature Comparison Feature…",combined_chlorine,"comparisons/free-chlorine-vs-total-chlorine.html (env=pool, 0.5-0.5 ppm)",cdc-mahc-2023,MANUALLY_REVIEWED,CONFLICTING,CONTENT_CITES_0.5_MAHC_SAYS_0.4,Same 0.5-vs-0.4 discrepancy as above.
9286c60d62d8097b,Above 5 ppm: wait to swim When TC significantly exceeds FC: breakpoint shock required Free Chlorine (FC): Pros Directly measures what matters — active sanitizing power in the water Accurately reflects how much protection is present at any given moment DPD test kits for FC are widely available and ac…,total_chlorine,"comparisons/free-chlorine-vs-total-chlorine.html (env=unspecified, 5-5 ppm)",,MECHANICAL_CLASSIFICATION_ONLY,NOT_SUPPORTED,SOURCE_NOT_FOUND,"No source in the registry covers ""total_chlorine"" at all."
2d9b4af858a56337,How to interpret test results and when CC above 0.5 ppm requires action.,combined_chlorine,"comparisons/index.html (env=unspecified, 0.5-0.5 ppm)",,MECHANICAL_CLASSIFICATION_ONLY,CONFLICTING,SOURCE_CONFLICT,Value 0.5-0.5 ppm does not overlap any canonical range for combined_chlorine/unspecified (checked: range-cc-pool-hottub-max).
d57ea4b23f31a0d6,"Quick Answer Liquid chlorine (sodium hypochlorite, ~10–12%) raises FC quickly and doesn't add stabilizer or lower pH aggressively.",free_chlorine,"comparisons/liquid-chlorine-vs-tablets.html (env=unspecified, 10-12 %)",,MECHANICAL_CLASSIFICATION_ONLY,CONFLICTING,SOURCE_CONFLICT,"Value 10-12 % does not overlap any canonical range for free_chlorine/unspecified (checked: range-fc-pool-chlorine-no-cya, range-fc-pool-chlorine-with-cya, range-fc-hottub-chlorine-routine)."
8588aebc5f3d9b46,"Saltwater pools need salt in range (e.g. 2,700–3,400 ppm)—use our Saltwater Pool Salt Calculator .",salt,"comparisons/saltwater-pool-vs-chlorine.html (env=pool, 2700-3400 ppm)",,MECHANICAL_CLASSIFICATION_ONLY,NOT_SUPPORTED,SOURCE_NOT_FOUND,"Value overlaps range-salt-generic-operating, but that canonical range itself has no confirmed source (status REQUIRES_REVIEW) -- see chemistry-ranges.js."
2906525efc446682,"Pool Type Hot Tub A small, heated pool (75–500 gallons) used for relaxation and hydrotherapy.",pool_volume,"entities/bromine.html (env=pool, 75-500 gallons)",,MECHANICAL_CLASSIFICATION_ONLY,NOT_SUPPORTED,SOURCE_NOT_FOUND,"No source in the registry covers ""pool_volume"" at all."
a5aaf1149c54a864,Entity Type Chemical Product Aliases cal-hypo calcium hypochlorite granular shock 65% shock Calculators Pool Shock Calculator Related Entities Free Chlorine Shock Treatment Calcium Hardness Breakpoint Chlorination,free_chlorine,"entities/calcium-hypochlorite.html (env=pool, 65-65 %)",,MECHANICAL_CLASSIFICATION_ONLY,CONFLICTING,SOURCE_CONFLICT,"Value 65-65 % does not overlap any canonical range for free_chlorine/pool (checked: range-fc-pool-chlorine-no-cya, range-fc-pool-chlorine-with-cya)."
98db5c018be3376a,Quick Facts Ideal Range N/A (prevented by LSI > −0.3) Relationships Outgoing Relationships causes → Low pH Incoming Relationships causes ← Calcium Hardness causes ← Langelier Saturation Index solves ← Water Balancing related to ← Low pH solves ← Baking Soda solves ← Calcium Chloride Related Calculat…,lsi,"entities/corrosion.html (env=unspecified, 0.3-0.3 )",,MECHANICAL_CLASSIFICATION_ONLY,NOT_SUPPORTED,SOURCE_NOT_FOUND,"No source in the registry covers ""lsi"" at all."
55e1078ddd329d27,Entity Type Problem Ideal Range N/A (prevented by LSI > −0.3) Aliases — Calculators Chemical Calculator Related Entities Langelier Saturation Index pH Total Alkalinity Calcium Hardness Copper Iron Concrete Pool,lsi,"entities/corrosion.html (env=pool, 0.3-0.3 )",,MECHANICAL_CLASSIFICATION_ONLY,NOT_SUPPORTED,SOURCE_NOT_FOUND,"No source in the registry covers ""lsi"" at all."
078372cf4277fce1,"Relationships Incoming Relationships uses ← Winterization Academy Articles Winter Spa Care Pool Filters: How They Work Free Resources Pool Closing Checklist Free printable Related Entities Pool Type Hot Tub A small, heated pool (75–500 gallons) used for relaxation and hydrotherapy.",pool_volume,"entities/cover.html (env=pool, 75-500 gallons)",,MECHANICAL_CLASSIFICATION_ONLY,NOT_SUPPORTED,SOURCE_NOT_FOUND,"No source in the registry covers ""pool_volume"" at all."
8f597df833684976,Entity Type Chemical Ideal Range 30–50 ppm Aliases CYA cyanuric acid stabilizer conditioner isocyanuric acid Calculators Pool CYA Calculator Chemical Calculator Related Entities Free Chlorine Langelier Saturation Index Water Replacement,cyanuric_acid,"entities/cyanuric-acid.html (env=pool, 30-50 ppm)",,MANUALLY_REVIEWED,DIRECT,MATCHES_SITE_OWN_RANGE_NO_PRIMARY_SOURCE,"30-50 ppm matches chemistry-ranges.js's own range-cya-residential-routine-outdoor exactly, but that range itself has no confirmed primary source (source_ids: []) -- genuinely unresolved pending research, not a conflict."
a420e6d2e93f0ce9,"Pool Type Hot Tub A small, heated pool (75–500 gallons) used for relaxation and hydrotherapy.",pool_volume,"entities/foaming.html (env=pool, 75-500 gallons)",,MECHANICAL_CLASSIFICATION_ONLY,NOT_SUPPORTED,SOURCE_NOT_FOUND,"No source in the registry covers ""pool_volume"" at all."
6370dcaadf4ca067,"Pool Type Entity Hot Tub A small, heated pool (75–500 gallons) used for relaxation and hydrotherapy.",pool_volume,"entities/hot-tub.html (env=pool, 75-500 gallons)",,MECHANICAL_CLASSIFICATION_ONLY,NOT_SUPPORTED,SOURCE_NOT_FOUND,"No source in the registry covers ""pool_volume"" at all."
76f42a60ed0a11ee,Measurement (10) pH — The measure of hydrogen ion concentration indicating acidity or alkalinity of pool water.,ph,"entities/index.html (env=pool, 10-10 ph_units)",,MECHANICAL_CLASSIFICATION_ONLY,CONFLICTING,SOURCE_CONFLICT,"Value 10-10 ph_units does not overlap any canonical range for ph/pool (checked: range-ph-pool-chlorine-routine, range-ph-pool-narrow-operational)."
5eba346c8870c101,Chemical Product Entity Liquid Chlorine Sodium hypochlorite solution (10–12.5%) — the most commonly used liquid pool sanitizer.,sanitizer,"entities/liquid-chlorine.html (env=pool, 10-12.5 %)",,MECHANICAL_CLASSIFICATION_ONLY,NOT_SUPPORTED,REQUIRES_EXPERT_REVIEW,Claim family exists (claim-mixing-chemicals-danger) but no canonical range covers this specific environment/context -- needs individual human review.
318315a45fca8dfb,Definition Quick Facts Relationships Calculators Related Entities Definition Sodium hypochlorite solution (10–12.5%) — the most commonly used liquid pool sanitizer.,sanitizer,"entities/liquid-chlorine.html (env=pool, 10-12.5 %)",,MECHANICAL_CLASSIFICATION_ONLY,NOT_SUPPORTED,REQUIRES_EXPERT_REVIEW,Claim family exists (claim-mixing-chemicals-danger) but no canonical range covers this specific environment/context -- needs individual human review.
31fc905e5b559a62,Entity Type Measurement Ideal Range -0.3 to +0.5 Aliases LSI Langelier Saturation Index saturation index Langelier index water balance index Calculators Chemical Calculator Related Entities pH Total Alkalinity Calcium Hardness Temperature Scaling Corrosion Water Balancing,lsi,"entities/lsi.html (env=unspecified, -0.3--0.3 )",,MECHANICAL_CLASSIFICATION_ONLY,NOT_SUPPORTED,SOURCE_NOT_FOUND,"No source in the registry covers ""lsi"" at all."
e521866191fb4989,Entity Type Measurement Ideal Range -0.3 to +0.5 Aliases LSI Langelier Saturation Index saturation index Langelier index water balance index Calculators Chemical Calculator Related Entities pH Total Alkalinity Calcium Hardness Temperature Scaling Corrosion Water Balancing,lsi,"entities/lsi.html (env=unspecified, 0.5-0.5 )",,MECHANICAL_CLASSIFICATION_ONLY,NOT_SUPPORTED,SOURCE_NOT_FOUND,"No source in the registry covers ""lsi"" at all."
bbb2725ec34f094c,"Pool Type Hot Tub A small, heated pool (75–500 gallons) used for relaxation and hydrotherapy.",pool_volume,"entities/maintenance-log.html (env=pool, 75-500 gallons)",,MECHANICAL_CLASSIFICATION_ONLY,NOT_SUPPORTED,SOURCE_NOT_FOUND,"No source in the registry covers ""pool_volume"" at all."
a2c46bef30e4094f,Chemical Product Entity Pool Salt High-purity sodium chloride (99.8%+) for use in saltwater pool systems.,salt,"entities/pool-salt.html (env=pool, 99.8-99.8 %)",,MECHANICAL_CLASSIFICATION_ONLY,CONFLICTING,SOURCE_CONFLICT,"Value 99.8-99.8 % does not overlap any canonical range for salt/pool (checked: range-salt-generic-operating, range-salt-pentair, range-salt-autopilot)."
69218482f6f75dd0,Definition Quick Facts Relationships Calculators Related Entities Definition High-purity sodium chloride (99.8%+) for use in saltwater pool systems.,salt,"entities/pool-salt.html (env=pool, 99.8-99.8 %)",,MECHANICAL_CLASSIFICATION_ONLY,CONFLICTING,SOURCE_CONFLICT,"Value 99.8-99.8 % does not overlap any canonical range for salt/pool (checked: range-salt-generic-operating, range-salt-pentair, range-salt-autopilot)."
435846d5972f2dcf,"Quick Facts Ideal Range N/A (requires 2,700–3,400 ppm salt) Also Known As SWCG, saltwater generator, chlorine generator, salt cell Relationships Outgoing Relationships requires → Salt uses → Pool Salt part of → Saltwater Pool Incoming Relationships requires ← Salt requires ← Saltwater Pool Related C…",salt,"entities/salt-chlorinator.html (env=unspecified, 2700-3400 ppm)",,MECHANICAL_CLASSIFICATION_ONLY,NOT_SUPPORTED,SOURCE_NOT_FOUND,"Value overlaps range-salt-generic-operating, but that canonical range itself has no confirmed source (status REQUIRES_REVIEW) -- see chemistry-ranges.js."
e935aaec313ee654,"Entity Type Equipment Ideal Range N/A (requires 2,700–3,400 ppm salt) Aliases SWCG saltwater generator chlorine generator salt cell Calculators Salt Pool Calculator Related Entities Saltwater Pool Salt Free Chlorine Calcium Hardness Langelier Saturation Index",salt,"entities/salt-chlorinator.html (env=pool, 2700-3400 ppm)",,MECHANICAL_CLASSIFICATION_ONLY,NOT_SUPPORTED,SOURCE_NOT_FOUND,"Value overlaps range-salt-generic-operating, but that canonical range itself has no confirmed source (status REQUIRES_REVIEW) -- see chemistry-ranges.js."
7a473826efaa6ffd,"Entity Type Chemical Ideal Range 2,700–3,400 ppm (system-dependent) Aliases NaCl pool salt sodium chloride salt level saltwater Calculators Salt Pool Calculator Related Entities Saltwater Pool Salt Chlorinator Free Chlorine Total Dissolved Solids",salt,"entities/salt.html (env=pool, 2700-3400 ppm)",,MECHANICAL_CLASSIFICATION_ONLY,NOT_SUPPORTED,SOURCE_NOT_FOUND,"Value overlaps range-salt-generic-operating, but that canonical range itself has no confirmed source (status REQUIRES_REVIEW) -- see chemistry-ranges.js."
a2d694c5b83db4b7,Quick Facts Ideal Range N/A (prevented by LSI < +0.5) Relationships Outgoing Relationships causes → High pH Incoming Relationships causes ← Calcium Hardness causes ← Langelier Saturation Index solves ← Water Balancing related to ← High pH solves ← Muriatic Acid Related Calculators Chemical Calculato…,lsi,"entities/scaling.html (env=unspecified, 0.5-0.5 )",,MECHANICAL_CLASSIFICATION_ONLY,NOT_SUPPORTED,SOURCE_NOT_FOUND,"No source in the registry covers ""lsi"" at all."
1e8df26c5fb8e4c0,Entity Type Problem Ideal Range N/A (prevented by LSI < +0.5) Aliases — Calculators Chemical Calculator Related Entities Langelier Saturation Index Calcium Hardness pH Total Alkalinity Temperature Concrete Pool,lsi,"entities/scaling.html (env=pool, 0.5-0.5 )",,MECHANICAL_CLASSIFICATION_ONLY,NOT_SUPPORTED,SOURCE_NOT_FOUND,"No source in the registry covers ""lsi"" at all."
5895e5c8fef1fd3f,"Quick Facts Ideal Range N/A (raises FC to 10–30 ppm temporarily) Units ppm FC Also Known As shock, pool shock, superchlorination, hyperchlorination Relationships Outgoing Relationships solves → Algae solves → Green Water solves → Strong Chlorine Smell solves → Cloudy Water uses → Calcium Hypochlorit…",free_chlorine,"entities/shock-treatment.html (env=unspecified, 10-30 ppm)",,MECHANICAL_CLASSIFICATION_ONLY,CONFLICTING,SOURCE_CONFLICT,"Value 10-30 ppm does not overlap any canonical range for free_chlorine/unspecified (checked: range-fc-pool-chlorine-no-cya, range-fc-pool-chlorine-with-cya, range-fc-hottub-chlorine-routine)."
f1438d90ac278246,Chemical Product Liquid Chlorine Sodium hypochlorite solution (10–12.5%) — the most commonly used liquid pool sanitizer.,sanitizer,"entities/shock-treatment.html (env=pool, 10-12.5 %)",,MANUALLY_REVIEWED,NOT_SUPPORTED,PRODUCT_SPEC_NOT_A_WATER_TARGET,"10-12.5% is the concentration of the liquid PRODUCT (sodium hypochlorite solution) as sold, not a pool-water sanitizer target. Different claim category entirely -- product datasheet fact, not a water-chemistry range. No canonical range should ever be checked against this."
dc6bd32a0bd5cdea,Entity Type Process Ideal Range N/A (raises FC to 10–30 ppm temporarily) Aliases shock pool shock superchlorination hyperchlorination Calculators Pool Shock Calculator Hot Tub Shock Calculator Related Entities Breakpoint Chlorination Free Chlorine Combined Chlorine Calcium Hypochlorite Liquid Chlori…,free_chlorine,"entities/shock-treatment.html (env=both, 10-30 ppm)",,MECHANICAL_CLASSIFICATION_ONLY,CONFLICTING,SOURCE_CONFLICT,"Value 10-30 ppm does not overlap any canonical range for free_chlorine/both (checked: range-fc-pool-chlorine-no-cya, range-fc-pool-chlorine-with-cya, range-fc-hottub-chlorine-routine)."
ea5844af8cc175f3,Quick Facts Ideal Range N/A (prevented by keeping CC < 0.5 ppm) Relationships Outgoing Relationships causes → Combined Chlorine Incoming Relationships causes ← Combined Chlorine solves ← Shock Treatment solves ← Breakpoint Chlorination Related Calculators Pool Shock Calculator Academy Articles Stron…,combined_chlorine,"entities/strong-chlorine-smell.html (env=pool, 0.5-0.5 ppm)",,MECHANICAL_CLASSIFICATION_ONLY,CONFLICTING,SOURCE_CONFLICT,Value 0.5-0.5 ppm does not overlap any canonical range for combined_chlorine/pool (checked: range-cc-pool-hottub-max).
e0a11151b0828e0c,Entity Type Problem Ideal Range N/A (prevented by keeping CC < 0.5 ppm) Aliases — Calculators Pool Shock Calculator Related Entities Combined Chlorine Breakpoint Chlorination Shock Treatment Eye Irritation,combined_chlorine,"entities/strong-chlorine-smell.html (env=pool, 0.5-0.5 ppm)",,MECHANICAL_CLASSIFICATION_ONLY,CONFLICTING,SOURCE_CONFLICT,Value 0.5-0.5 ppm does not overlap any canonical range for combined_chlorine/pool (checked: range-cc-pool-hottub-max).
e810f63f2144e5cb,"Hot Tub Chemistry Reference Pages Ideal Spa & Hot Tub Chemical Levels Free Resources Hot Tub Maintenance Log Free printable Related Charts Hot Tub Chemical Levels Chart Related Entities Pool Type Hot Tub A small, heated pool (75–500 gallons) used for relaxation and hydrotherapy.",pool_volume,"entities/swim-spa.html (env=pool, 75-500 gallons)",,MECHANICAL_CLASSIFICATION_ONLY,NOT_SUPPORTED,SOURCE_NOT_FOUND,"No source in the registry covers ""pool_volume"" at all."
240f63a4c06ddabb,"Quick Facts Also Known As Taylor Technologies, Taylor, Taylor test kits, K-2006 Relationships Outgoing Relationships references → Langelier Saturation Index references → Water Testing Incoming Relationships uses ← Water Testing Related Entities Organization PHTA Pool & Hot Tub Alliance — the primary…",lsi,"entities/taylor-technologies.html (env=both, -2006--2006 )",,MECHANICAL_CLASSIFICATION_ONLY,NOT_SUPPORTED,SOURCE_NOT_FOUND,"No source in the registry covers ""lsi"" at all."
92d9ea54ae907e8a,"Quick Facts Ideal Range 78–84 °F Units °F Also Known As temperature, water temp, pool temperature, water temperature Relationships Incoming Relationships affected by ← Free Chlorine affected by ← pH measured by ← Langelier Saturation Index Related Calculators Chemical Calculator Academy Articles How…",water_temperature,"entities/temperature.html (env=unspecified, 78-84 °f)",,MECHANICAL_CLASSIFICATION_ONLY,NOT_SUPPORTED,SOURCE_NOT_FOUND,"No source in the registry covers ""water_temperature"" at all."
0eb72d70f0c27871,"Pool Type Hot Tub A small, heated pool (75–500 gallons) used for relaxation and hydrotherapy.",pool_volume,"entities/temperature.html (env=pool, 75-500 gallons)",,MECHANICAL_CLASSIFICATION_ONLY,NOT_SUPPORTED,SOURCE_NOT_FOUND,"No source in the registry covers ""pool_volume"" at all."
96aed7302c5cf6af,Entity Type Measurement Ideal Range 78–84 °F Aliases temperature water temp pool temperature water temperature Calculators Chemical Calculator Related Entities Langelier Saturation Index Free Chlorine pH Hot Tub Water Balancing,water_temperature,"entities/temperature.html (env=both, 78-84 °f)",,MECHANICAL_CLASSIFICATION_ONLY,NOT_SUPPORTED,SOURCE_NOT_FOUND,"No source in the registry covers ""water_temperature"" at all."
1f8899abc9a0f831,"Pool Type Hot Tub A small, heated pool (75–500 gallons) used for relaxation and hydrotherapy.",pool_volume,"entities/total-dissolved-solids.html (env=pool, 75-500 gallons)",,MECHANICAL_CLASSIFICATION_ONLY,NOT_SUPPORTED,SOURCE_NOT_FOUND,"No source in the registry covers ""pool_volume"" at all."
eec88ebd3150a2a6,"Entity Type Chemical Ideal Range Below 2,000 ppm (pools); below 1,500 ppm above baseline (spas) Aliases TDS total dissolved solids dissolved solids Related Entities Water Replacement Hot Tub Salt",salt,"entities/total-dissolved-solids.html (env=hot_tub, 1500-1500 ppm)",,MECHANICAL_CLASSIFICATION_ONLY,NOT_SUPPORTED,SOURCE_NOT_FOUND,"No source in the registry covers ""salt"" at all."
717e190e0a56b987,"Pool Type Hot Tub A small, heated pool (75–500 gallons) used for relaxation and hydrotherapy.",pool_volume,"entities/vacation-rental-checklist.html (env=pool, 75-500 gallons)",,MECHANICAL_CLASSIFICATION_ONLY,NOT_SUPPORTED,SOURCE_NOT_FOUND,"No source in the registry covers ""pool_volume"" at all."
2c019f122332194d,"Pool Type Hot Tub A small, heated pool (75–500 gallons) used for relaxation and hydrotherapy.",pool_volume,"entities/water-replacement.html (env=pool, 75-500 gallons)",,MECHANICAL_CLASSIFICATION_ONLY,NOT_SUPPORTED,SOURCE_NOT_FOUND,"No source in the registry covers ""pool_volume"" at all."
444316221e55ee2c,"Pool Type Hot Tub A small, heated pool (75–500 gallons) used for relaxation and hydrotherapy.",pool_volume,"entities/winterization.html (env=pool, 75-500 gallons)",,MECHANICAL_CLASSIFICATION_ONLY,NOT_SUPPORTED,SOURCE_NOT_FOUND,"No source in the registry covers ""pool_volume"" at all."
739feeaadb9cab53,"TA increase needed = 100 − 60 = 40 ppm Dose = 40 × 18,000 × 0.0012 Dose = 40 × 21.6 = 864 oz... let's convert Using the simpler rule: 1.5 lbs per 10,000 gal per 10 ppm: - For 40 ppm increase: 1.5 × 4 = 6 lbs per 10,000 gal - For 18,000 gal: 6 × 1.8 = 10.8 lbs Add approximately 10–11 lbs of sodium bi…",total_alkalinity,"formulas/alkalinity-formula.html (env=unspecified, 40-40 ppm)",,MECHANICAL_CLASSIFICATION_ONLY,CONFLICTING,SOURCE_CONFLICT,"Value 40-40 ppm does not overlap any canonical range for total_alkalinity/unspecified (checked: range-ta-public-pool-standard, range-ta-residential-practical, range-ta-hottub)."
6282257e297aa439,"TA increase needed = 100 − 60 = 40 ppm Dose = 40 × 18,000 × 0.0012 Dose = 40 × 21.6 = 864 oz... let's convert Using the simpler rule: 1.5 lbs per 10,000 gal per 10 ppm: - For 40 ppm increase: 1.5 × 4 = 6 lbs per 10,000 gal - For 18,000 gal: 6 × 1.8 = 10.8 lbs Add approximately 10–11 lbs of sodium bi…",total_alkalinity,"formulas/alkalinity-formula.html (env=unspecified, 10-10 ppm)",,MANUALLY_REVIEWED,NOT_SUPPORTED,FORMULA_WORKED_EXAMPLE,Intermediate arithmetic step in a dosage-formula worked example (not a target claim).
e178649f05268309,"TA increase needed = 100 − 60 = 40 ppm Dose = 40 × 18,000 × 0.0012 Dose = 40 × 21.6 = 864 oz... let's convert Using the simpler rule: 1.5 lbs per 10,000 gal per 10 ppm: - For 40 ppm increase: 1.5 × 4 = 6 lbs per 10,000 gal - For 18,000 gal: 6 × 1.8 = 10.8 lbs Add approximately 10–11 lbs of sodium bi…",total_alkalinity,"formulas/alkalinity-formula.html (env=unspecified, 40-40 ppm)",,MECHANICAL_CLASSIFICATION_ONLY,CONFLICTING,SOURCE_CONFLICT,"Value 40-40 ppm does not overlap any canonical range for total_alkalinity/unspecified (checked: range-ta-public-pool-standard, range-ta-residential-practical, range-ta-hottub)."
30454b2047a233cc,"To raise alkalinity: sodium bicarbonate (baking soda). 1.5 lbs per 10,000 gallons raises TA by approximately 10 ppm.",pool_volume,"formulas/alkalinity-formula.html (env=unspecified, 10000-10000 gallons)",,MECHANICAL_CLASSIFICATION_ONLY,NOT_SUPPORTED,SOURCE_NOT_FOUND,"No source in the registry covers ""pool_volume"" at all."
85cb9e09a9140606,"To raise alkalinity: sodium bicarbonate (baking soda). 1.5 lbs per 10,000 gallons raises TA by approximately 10 ppm.",total_alkalinity,"formulas/alkalinity-formula.html (env=unspecified, 10-10 ppm)",,MECHANICAL_CLASSIFICATION_ONLY,CONFLICTING,SOURCE_CONFLICT,"Value 10-10 ppm does not overlap any canonical range for total_alkalinity/unspecified (checked: range-ta-public-pool-standard, range-ta-residential-practical, range-ta-hottub)."
1aa04b73c90e3a4e,"The 0.0012 constant is equivalent to 1.5 lbs raising TA by 10 ppm in 10,000 gallons.",total_alkalinity,"formulas/alkalinity-formula.html (env=unspecified, 10-10 ppm)",,MECHANICAL_CLASSIFICATION_ONLY,CONFLICTING,SOURCE_CONFLICT,"Value 10-10 ppm does not overlap any canonical range for total_alkalinity/unspecified (checked: range-ta-public-pool-standard, range-ta-residential-practical, range-ta-hottub)."
fb93303c3ae37887,"The 0.0012 constant is equivalent to 1.5 lbs raising TA by 10 ppm in 10,000 gallons.",pool_volume,"formulas/alkalinity-formula.html (env=unspecified, 10000-10000 gallons)",,MECHANICAL_CLASSIFICATION_ONLY,NOT_SUPPORTED,SOURCE_NOT_FOUND,"No source in the registry covers ""pool_volume"" at all."
44f8f7b82bc4c705,Limitations & Notes Sodium bicarbonate also causes a slight pH increase — usually 0.1 to 0.2 pH units for typical doses.,ph,"formulas/alkalinity-formula.html (env=unspecified, 0.1-0.2 ph_units)",,MECHANICAL_CLASSIFICATION_ONLY,CONFLICTING,SOURCE_CONFLICT,"Value 0.1-0.2 ph_units does not overlap any canonical range for ph/unspecified (checked: range-ph-pool-chlorine-routine, range-ph-hottub-chlorine-routine, range-ph-hottub-bromine-routine, range-ph-pool-narrow-operational)."
e962d51f7207eb09,Formula Library 3 min read Updated 2026-06-01 CYA (Cyanuric Acid) Dose Formula Formula Example Explanation The Formula CYA to add (oz) = (Target CYA − Current CYA) × Volume (gal) × 0.000133 Symbol Description Unit Target CYA Desired cyanuric acid level in ppm (outdoor pools: 30–50 ppm; salt pools: 6…,cyanuric_acid,"formulas/cya-formula.html (env=pool, 30-50 ppm)",,MECHANICAL_CLASSIFICATION_ONLY,NOT_SUPPORTED,SOURCE_NOT_FOUND,"Value overlaps range-cya-residential-routine-outdoor, but that canonical range itself has no confirmed source (status REQUIRES_REVIEW) -- see chemistry-ranges.js."
32a64f107c57a169,"Increase needed = 40 − 20 = 20 ppm Using the rule: 13 oz per 10,000 gal per 10 ppm For 20 ppm on 10,000 gal: 13 × 2 = 26 oz For 15,000 gal: 26 × 1.5 = 39 oz Add approximately 39 oz (about 2.4 lbs) of cyanuric acid granules.",cyanuric_acid,"formulas/cya-formula.html (env=unspecified, 20-20 ppm)",,MECHANICAL_CLASSIFICATION_ONLY,CONFLICTING,SOURCE_CONFLICT,"Value 20-20 ppm does not overlap any canonical range for cyanuric_acid/unspecified (checked: range-cya-public-pool-incident-response-max, range-cya-residential-routine-outdoor, range-cya-saltwater-outdoor, range-cya-hottub)."
1c3e770e52afab00,"Increase needed = 40 − 20 = 20 ppm Using the rule: 13 oz per 10,000 gal per 10 ppm For 20 ppm on 10,000 gal: 13 × 2 = 26 oz For 15,000 gal: 26 × 1.5 = 39 oz Add approximately 39 oz (about 2.4 lbs) of cyanuric acid granules.",cyanuric_acid,"formulas/cya-formula.html (env=unspecified, 20-20 ppm)",,MECHANICAL_CLASSIFICATION_ONLY,CONFLICTING,SOURCE_CONFLICT,"Value 20-20 ppm does not overlap any canonical range for cyanuric_acid/unspecified (checked: range-cya-public-pool-incident-response-max, range-cya-residential-routine-outdoor, range-cya-saltwater-outdoor, range-cya-hottub)."
88573cf841d74d80,"Each pound of trichlor adds about 6 ppm CYA per 10,000 gallons.",pool_volume,"formulas/cya-formula.html (env=unspecified, 10000-10000 gallons)",,MECHANICAL_CLASSIFICATION_ONLY,NOT_SUPPORTED,SOURCE_NOT_FOUND,"No source in the registry covers ""pool_volume"" at all."
709e3eb82ea0dcda,"At high CYA levels (above 80 ppm), chlorine effectiveness is significantly reduced — called chlorine lock.",cyanuric_acid,"formulas/cya-formula.html (env=unspecified, 80-80 ppm)",,MECHANICAL_CLASSIFICATION_ONLY,NOT_SUPPORTED,SOURCE_NOT_FOUND,"Value overlaps range-cya-saltwater-outdoor, but that canonical range itself has no confirmed source (status REQUIRES_REVIEW) -- see chemistry-ranges.js."
f0971139af329467,Formula Library 4 min read Updated 2026-06-01 Langelier Saturation Index (LSI) Formula Formula Example Explanation The Formula LSI = pH + TF + CF + AF − 12.1 Symbol Description Unit pH Measured pH of the pool water pH units TF Temperature Factor — from lookup table by water temperature factor CF Cal…,ph,"formulas/lsi-formula.html (env=pool, 12.1-12.1 ph_units)",,MECHANICAL_CLASSIFICATION_ONLY,CONFLICTING,SOURCE_CONFLICT,"Value 12.1-12.1 ph_units does not overlap any canonical range for ph/pool (checked: range-ph-pool-chlorine-routine, range-ph-pool-narrow-operational)."
338a76866b8d89ba,Using the simplified additive form: - LSI = pH + TF + CF + AF − 12.1 - LSI = 7.4 + 0.6 + 1.9 + 2.0 − 12.1 = −0.2 An LSI of −0.2 is within the acceptable range (−0.3 to +0.5).,lsi,"formulas/lsi-formula.html (env=unspecified, 12.1-12.1 )",,MECHANICAL_CLASSIFICATION_ONLY,NOT_SUPPORTED,SOURCE_NOT_FOUND,"No source in the registry covers ""lsi"" at all."
ceafd6fdb9a7834a,Using the simplified additive form: - LSI = pH + TF + CF + AF − 12.1 - LSI = 7.4 + 0.6 + 1.9 + 2.0 − 12.1 = −0.2 An LSI of −0.2 is within the acceptable range (−0.3 to +0.5).,lsi,"formulas/lsi-formula.html (env=unspecified, 7.4-7.4 )",,MECHANICAL_CLASSIFICATION_ONLY,NOT_SUPPORTED,SOURCE_NOT_FOUND,"No source in the registry covers ""lsi"" at all."
a8800ba09c2bb636,Using the simplified additive form: - LSI = pH + TF + CF + AF − 12.1 - LSI = 7.4 + 0.6 + 1.9 + 2.0 − 12.1 = −0.2 An LSI of −0.2 is within the acceptable range (−0.3 to +0.5).,lsi,"formulas/lsi-formula.html (env=unspecified, 0.6-0.6 )",,MECHANICAL_CLASSIFICATION_ONLY,NOT_SUPPORTED,SOURCE_NOT_FOUND,"No source in the registry covers ""lsi"" at all."
0e8f5faf914aeba3,Using the simplified additive form: - LSI = pH + TF + CF + AF − 12.1 - LSI = 7.4 + 0.6 + 1.9 + 2.0 − 12.1 = −0.2 An LSI of −0.2 is within the acceptable range (−0.3 to +0.5).,lsi,"formulas/lsi-formula.html (env=unspecified, 1.9-1.9 )",,MECHANICAL_CLASSIFICATION_ONLY,NOT_SUPPORTED,SOURCE_NOT_FOUND,"No source in the registry covers ""lsi"" at all."
62c60cbf35508cfe,Using the simplified additive form: - LSI = pH + TF + CF + AF − 12.1 - LSI = 7.4 + 0.6 + 1.9 + 2.0 − 12.1 = −0.2 An LSI of −0.2 is within the acceptable range (−0.3 to +0.5).,lsi,"formulas/lsi-formula.html (env=unspecified, 2-2 )",,MECHANICAL_CLASSIFICATION_ONLY,NOT_SUPPORTED,SOURCE_NOT_FOUND,"No source in the registry covers ""lsi"" at all."
d727905193a5e110,Using the simplified additive form: - LSI = pH + TF + CF + AF − 12.1 - LSI = 7.4 + 0.6 + 1.9 + 2.0 − 12.1 = −0.2 An LSI of −0.2 is within the acceptable range (−0.3 to +0.5).,lsi,"formulas/lsi-formula.html (env=unspecified, 12.1-12.1 )",,MECHANICAL_CLASSIFICATION_ONLY,NOT_SUPPORTED,SOURCE_NOT_FOUND,"No source in the registry covers ""lsi"" at all."
c6f3b9167dea9a70,Using the simplified additive form: - LSI = pH + TF + CF + AF − 12.1 - LSI = 7.4 + 0.6 + 1.9 + 2.0 − 12.1 = −0.2 An LSI of −0.2 is within the acceptable range (−0.3 to +0.5).,lsi,"formulas/lsi-formula.html (env=unspecified, 0.2-0.2 )",,MECHANICAL_CLASSIFICATION_ONLY,NOT_SUPPORTED,SOURCE_NOT_FOUND,"No source in the registry covers ""lsi"" at all."
7c74311bc11efd53,Using the simplified additive form: - LSI = pH + TF + CF + AF − 12.1 - LSI = 7.4 + 0.6 + 1.9 + 2.0 − 12.1 = −0.2 An LSI of −0.2 is within the acceptable range (−0.3 to +0.5).,lsi,"formulas/lsi-formula.html (env=unspecified, 0.2-0.2 )",,MECHANICAL_CLASSIFICATION_ONLY,NOT_SUPPORTED,SOURCE_NOT_FOUND,"No source in the registry covers ""lsi"" at all."
6c24c58a5f03d55a,Using the simplified additive form: - LSI = pH + TF + CF + AF − 12.1 - LSI = 7.4 + 0.6 + 1.9 + 2.0 − 12.1 = −0.2 An LSI of −0.2 is within the acceptable range (−0.3 to +0.5).,lsi,"formulas/lsi-formula.html (env=unspecified, 0.3-0.3 )",,MECHANICAL_CLASSIFICATION_ONLY,NOT_SUPPORTED,SOURCE_NOT_FOUND,"No source in the registry covers ""lsi"" at all."
2f4c28dfd93f2b3e,Using the simplified additive form: - LSI = pH + TF + CF + AF − 12.1 - LSI = 7.4 + 0.6 + 1.9 + 2.0 − 12.1 = −0.2 An LSI of −0.2 is within the acceptable range (−0.3 to +0.5).,lsi,"formulas/lsi-formula.html (env=unspecified, 0.5-0.5 )",,MECHANICAL_CLASSIFICATION_ONLY,NOT_SUPPORTED,SOURCE_NOT_FOUND,"No source in the registry covers ""lsi"" at all."
5208149baf537576,"Related Calculators & Resources Chemical Calculator Last reviewed: 2026-06-01 Formula Details Formula LSI = pH + TF + CHF + TAF − 12.1 Version 2026.07 Confidence ✓✓ Very High Last Reviewed 2026-07-01 Dataset Sources water-balance , chemical-ranges Used By All-in-One Chemical Calculator Formula Selec…",ph,"formulas/lsi-formula.html (env=unspecified, 12.1-12.1 ph_units)",,MECHANICAL_CLASSIFICATION_ONLY,CONFLICTING,SOURCE_CONFLICT,"Value 12.1-12.1 ph_units does not overlap any canonical range for ph/unspecified (checked: range-ph-pool-chlorine-routine, range-ph-hottub-chlorine-routine, range-ph-hottub-bromine-routine, range-ph-pool-narrow-operational)."
c1b1d101a0906ee2,Formula Library 3 min read Updated 2026-06-01 pH Adjustment Formula Formula Example Explanation The Formula Acid dose (fl oz) = ΔpH × Volume (gal) × (0.0833 ÷ Acid Concentration %) Symbol Description Unit ΔpH Desired pH decrease (current pH minus target pH) pH units Volume Pool volume in gallons gal…,ph,"formulas/ph-adjustment-formula.html (env=pool, 0.0833-0.0833 ph_units)",,MECHANICAL_CLASSIFICATION_ONLY,CONFLICTING,SOURCE_CONFLICT,"Value 0.0833-0.0833 ph_units does not overlap any canonical range for ph/pool (checked: range-ph-pool-chlorine-routine, range-ph-pool-narrow-operational)."
728ddc2eba12b16f,"TA is 100 ppm (typical). ΔpH = 7.8 − 7.4 = 0.4 Constant for 31.5% acid: 0.0833 ÷ 0.315 = 0.264 Dose = 0.4 × 15,000 × 0.264 ÷ 10,000 Alternatively, a commonly used rule-of-thumb: 31.5% muriatic acid drops pH by 0.2 per 10,000 gal using approximately 10 fl oz.",ph,"formulas/ph-adjustment-formula.html (env=unspecified, 0.4-0.4 ph_units)",,MECHANICAL_CLASSIFICATION_ONLY,CONFLICTING,SOURCE_CONFLICT,"Value 0.4-0.4 ph_units does not overlap any canonical range for ph/unspecified (checked: range-ph-pool-chlorine-routine, range-ph-hottub-chlorine-routine, range-ph-hottub-bromine-routine, range-ph-pool-narrow-operational)."
651204ad02de50db,"TA is 100 ppm (typical). ΔpH = 7.8 − 7.4 = 0.4 Constant for 31.5% acid: 0.0833 ÷ 0.315 = 0.264 Dose = 0.4 × 15,000 × 0.264 ÷ 10,000 Alternatively, a commonly used rule-of-thumb: 31.5% muriatic acid drops pH by 0.2 per 10,000 gal using approximately 10 fl oz.",ph,"formulas/ph-adjustment-formula.html (env=unspecified, 0.0833-0.0833 ph_units)",,MECHANICAL_CLASSIFICATION_ONLY,CONFLICTING,SOURCE_CONFLICT,"Value 0.0833-0.0833 ph_units does not overlap any canonical range for ph/unspecified (checked: range-ph-pool-chlorine-routine, range-ph-hottub-chlorine-routine, range-ph-hottub-bromine-routine, range-ph-pool-narrow-operational)."
5c711f7ce28c8942,"TA is 100 ppm (typical). ΔpH = 7.8 − 7.4 = 0.4 Constant for 31.5% acid: 0.0833 ÷ 0.315 = 0.264 Dose = 0.4 × 15,000 × 0.264 ÷ 10,000 Alternatively, a commonly used rule-of-thumb: 31.5% muriatic acid drops pH by 0.2 per 10,000 gal using approximately 10 fl oz.",ph,"formulas/ph-adjustment-formula.html (env=unspecified, 0.315-0.315 ph_units)",,MECHANICAL_CLASSIFICATION_ONLY,CONFLICTING,SOURCE_CONFLICT,"Value 0.315-0.315 ph_units does not overlap any canonical range for ph/unspecified (checked: range-ph-pool-chlorine-routine, range-ph-hottub-chlorine-routine, range-ph-hottub-bromine-routine, range-ph-pool-narrow-operational)."
3a15292d14310941,"TA is 100 ppm (typical). ΔpH = 7.8 − 7.4 = 0.4 Constant for 31.5% acid: 0.0833 ÷ 0.315 = 0.264 Dose = 0.4 × 15,000 × 0.264 ÷ 10,000 Alternatively, a commonly used rule-of-thumb: 31.5% muriatic acid drops pH by 0.2 per 10,000 gal using approximately 10 fl oz.",ph,"formulas/ph-adjustment-formula.html (env=unspecified, 0.264-0.264 ph_units)",,MECHANICAL_CLASSIFICATION_ONLY,CONFLICTING,SOURCE_CONFLICT,"Value 0.264-0.264 ph_units does not overlap any canonical range for ph/unspecified (checked: range-ph-pool-chlorine-routine, range-ph-hottub-chlorine-routine, range-ph-hottub-bromine-routine, range-ph-pool-narrow-operational)."
3c368718f733ca6d,"TA is 100 ppm (typical). ΔpH = 7.8 − 7.4 = 0.4 Constant for 31.5% acid: 0.0833 ÷ 0.315 = 0.264 Dose = 0.4 × 15,000 × 0.264 ÷ 10,000 Alternatively, a commonly used rule-of-thumb: 31.5% muriatic acid drops pH by 0.2 per 10,000 gal using approximately 10 fl oz.",ph,"formulas/ph-adjustment-formula.html (env=unspecified, 0.4-0.4 ph_units)",,MECHANICAL_CLASSIFICATION_ONLY,CONFLICTING,SOURCE_CONFLICT,"Value 0.4-0.4 ph_units does not overlap any canonical range for ph/unspecified (checked: range-ph-pool-chlorine-routine, range-ph-hottub-chlorine-routine, range-ph-hottub-bromine-routine, range-ph-pool-narrow-operational)."
b7f4ab0371d4c2c5,"TA is 100 ppm (typical). ΔpH = 7.8 − 7.4 = 0.4 Constant for 31.5% acid: 0.0833 ÷ 0.315 = 0.264 Dose = 0.4 × 15,000 × 0.264 ÷ 10,000 Alternatively, a commonly used rule-of-thumb: 31.5% muriatic acid drops pH by 0.2 per 10,000 gal using approximately 10 fl oz.",ph,"formulas/ph-adjustment-formula.html (env=unspecified, 0.264-0.264 ph_units)",,MECHANICAL_CLASSIFICATION_ONLY,CONFLICTING,SOURCE_CONFLICT,"Value 0.264-0.264 ph_units does not overlap any canonical range for ph/unspecified (checked: range-ph-pool-chlorine-routine, range-ph-hottub-chlorine-routine, range-ph-hottub-bromine-routine, range-ph-pool-narrow-operational)."
2181b7d6efc5d68e,"TA is 100 ppm (typical). ΔpH = 7.8 − 7.4 = 0.4 Constant for 31.5% acid: 0.0833 ÷ 0.315 = 0.264 Dose = 0.4 × 15,000 × 0.264 ÷ 10,000 Alternatively, a commonly used rule-of-thumb: 31.5% muriatic acid drops pH by 0.2 per 10,000 gal using approximately 10 fl oz.",ph,"formulas/ph-adjustment-formula.html (env=unspecified, 0.2-0.2 ph_units)",,MECHANICAL_CLASSIFICATION_ONLY,CONFLICTING,SOURCE_CONFLICT,"Value 0.2-0.2 ph_units does not overlap any canonical range for ph/unspecified (checked: range-ph-pool-chlorine-routine, range-ph-hottub-chlorine-routine, range-ph-hottub-bromine-routine, range-ph-pool-narrow-operational)."
5b9d8183e6541160,"TA is 100 ppm (typical). ΔpH = 7.8 − 7.4 = 0.4 Constant for 31.5% acid: 0.0833 ÷ 0.315 = 0.264 Dose = 0.4 × 15,000 × 0.264 ÷ 10,000 Alternatively, a commonly used rule-of-thumb: 31.5% muriatic acid drops pH by 0.2 per 10,000 gal using approximately 10 fl oz.",ph,"formulas/ph-adjustment-formula.html (env=unspecified, 10-10 ph_units)",,MECHANICAL_CLASSIFICATION_ONLY,CONFLICTING,SOURCE_CONFLICT,"Value 10-10 ph_units does not overlap any canonical range for ph/unspecified (checked: range-ph-pool-chlorine-routine, range-ph-hottub-chlorine-routine, range-ph-hottub-bromine-routine, range-ph-pool-narrow-operational)."
1b0970d1a83d7da4,"For 0.4 pH units on 15,000 gal: - Base dose for 0.4 on 10,000 gal ≈ 20 fl oz - Scale for 15,000 gal: 20 × 1.5 = 30 fl oz Start with 25–30 fl oz (about 3–4 cups), wait 30–60 minutes, then retest.",ph,"formulas/ph-adjustment-formula.html (env=unspecified, 0.4-0.4 ph_units)",,MECHANICAL_CLASSIFICATION_ONLY,CONFLICTING,SOURCE_CONFLICT,"Value 0.4-0.4 ph_units does not overlap any canonical range for ph/unspecified (checked: range-ph-pool-chlorine-routine, range-ph-hottub-chlorine-routine, range-ph-hottub-bromine-routine, range-ph-pool-narrow-operational)."
8cd083976ca910b1,"For 0.4 pH units on 15,000 gal: - Base dose for 0.4 on 10,000 gal ≈ 20 fl oz - Scale for 15,000 gal: 20 × 1.5 = 30 fl oz Start with 25–30 fl oz (about 3–4 cups), wait 30–60 minutes, then retest.",ph,"formulas/ph-adjustment-formula.html (env=unspecified, 0.4-0.4 ph_units)",,MECHANICAL_CLASSIFICATION_ONLY,CONFLICTING,SOURCE_CONFLICT,"Value 0.4-0.4 ph_units does not overlap any canonical range for ph/unspecified (checked: range-ph-pool-chlorine-routine, range-ph-hottub-chlorine-routine, range-ph-hottub-bromine-routine, range-ph-pool-narrow-operational)."
582c852f023234fc,"For 0.4 pH units on 15,000 gal: - Base dose for 0.4 on 10,000 gal ≈ 20 fl oz - Scale for 15,000 gal: 20 × 1.5 = 30 fl oz Start with 25–30 fl oz (about 3–4 cups), wait 30–60 minutes, then retest.",ph,"formulas/ph-adjustment-formula.html (env=unspecified, 1.5-1.5 ph_units)",,MECHANICAL_CLASSIFICATION_ONLY,CONFLICTING,SOURCE_CONFLICT,"Value 1.5-1.5 ph_units does not overlap any canonical range for ph/unspecified (checked: range-ph-pool-chlorine-routine, range-ph-hottub-chlorine-routine, range-ph-hottub-bromine-routine, range-ph-pool-narrow-operational)."
b0d3931e854ab7d4,"For 0.4 pH units on 15,000 gal: - Base dose for 0.4 on 10,000 gal ≈ 20 fl oz - Scale for 15,000 gal: 20 × 1.5 = 30 fl oz Start with 25–30 fl oz (about 3–4 cups), wait 30–60 minutes, then retest.",ph,"formulas/ph-adjustment-formula.html (env=unspecified, 3-4 ph_units)",,MECHANICAL_CLASSIFICATION_ONLY,CONFLICTING,SOURCE_CONFLICT,"Value 3-4 ph_units does not overlap any canonical range for ph/unspecified (checked: range-ph-pool-chlorine-routine, range-ph-hottub-chlorine-routine, range-ph-hottub-bromine-routine, range-ph-pool-narrow-operational)."
5ee821208d273a27,"To raise pH: use sodium carbonate (soda ash) — approximately 6 oz per 10,000 gallons per 0.2 pH unit increase.",pool_volume,"formulas/ph-adjustment-formula.html (env=unspecified, 10000-10000 gallons)",,MECHANICAL_CLASSIFICATION_ONLY,NOT_SUPPORTED,SOURCE_NOT_FOUND,"No source in the registry covers ""pool_volume"" at all."
cebb56e104077c75,"To raise pH: use sodium carbonate (soda ash) — approximately 6 oz per 10,000 gallons per 0.2 pH unit increase.",ph,"formulas/ph-adjustment-formula.html (env=unspecified, 0.2-0.2 ph_units)",,MECHANICAL_CLASSIFICATION_ONLY,CONFLICTING,SOURCE_CONFLICT,"Value 0.2-0.2 ph_units does not overlap any canonical range for ph/unspecified (checked: range-ph-pool-chlorine-routine, range-ph-hottub-chlorine-routine, range-ph-hottub-bromine-routine, range-ph-pool-narrow-operational)."
9edbb678ce36f0b9,Accuracy decreases for adjustments > ±0.5 pH units.,ph,"formulas/ph-adjustment-formula.html (env=unspecified, 0.5-0.5 ph_units)",,MECHANICAL_CLASSIFICATION_ONLY,CONFLICTING,SOURCE_CONFLICT,"Value 0.5-0.5 ph_units does not overlap any canonical range for ph/unspecified (checked: range-ph-pool-chlorine-routine, range-ph-hottub-chlorine-routine, range-ph-hottub-bromine-routine, range-ph-pool-narrow-operational)."
313c74ac9d3f18aa,"Formula Library 3 min read Updated 2026-06-01 Salt Pool Formula Formula Example Explanation The Formula Salt to add (lbs) = (Target ppm − Current ppm) × Volume (gal) × 0.0000834 Symbol Description Unit Target ppm Desired salt concentration (typically 3,000–3,200 ppm) ppm Current ppm Current salt lev…",salt,"formulas/salt-formula.html (env=pool, 3000-3200 ppm)",,MECHANICAL_CLASSIFICATION_ONLY,NOT_SUPPORTED,SOURCE_NOT_FOUND,"Value overlaps range-salt-generic-operating, but that canonical range itself has no confirmed source (status REQUIRES_REVIEW) -- see chemistry-ranges.js."
bc14159ad5674bb9,"Increase needed = 3,200 − 2,400 = 800 ppm Using the rule: 1 lb raises 10,000 gal by 12 ppm lbs per 10,000 gal for 800 ppm = 800 ÷ 12 = 66.7 lbs For 20,000 gal: 66.7 × 2 = 133 lbs You need approximately 133 lbs of pool salt — that's about 3.3 bags of 40-lb salt.",salt,"formulas/salt-formula.html (env=pool, 800-800 ppm)",,MECHANICAL_CLASSIFICATION_ONLY,CONFLICTING,SOURCE_CONFLICT,"Value 800-800 ppm does not overlap any canonical range for salt/pool (checked: range-salt-generic-operating, range-salt-pentair, range-salt-autopilot)."
0f72dee08879a00e,"Increase needed = 3,200 − 2,400 = 800 ppm Using the rule: 1 lb raises 10,000 gal by 12 ppm lbs per 10,000 gal for 800 ppm = 800 ÷ 12 = 66.7 lbs For 20,000 gal: 66.7 × 2 = 133 lbs You need approximately 133 lbs of pool salt — that's about 3.3 bags of 40-lb salt.",salt,"formulas/salt-formula.html (env=pool, 12-12 ppm)",,MECHANICAL_CLASSIFICATION_ONLY,CONFLICTING,SOURCE_CONFLICT,"Value 12-12 ppm does not overlap any canonical range for salt/pool (checked: range-salt-generic-operating, range-salt-pentair, range-salt-autopilot)."
669a13760c6ded87,"Increase needed = 3,200 − 2,400 = 800 ppm Using the rule: 1 lb raises 10,000 gal by 12 ppm lbs per 10,000 gal for 800 ppm = 800 ÷ 12 = 66.7 lbs For 20,000 gal: 66.7 × 2 = 133 lbs You need approximately 133 lbs of pool salt — that's about 3.3 bags of 40-lb salt.",salt,"formulas/salt-formula.html (env=pool, 800-800 ppm)",,MECHANICAL_CLASSIFICATION_ONLY,CONFLICTING,SOURCE_CONFLICT,"Value 800-800 ppm does not overlap any canonical range for salt/pool (checked: range-salt-generic-operating, range-salt-pentair, range-salt-autopilot)."
7e0f558879172a0a,Pool-grade salt is 99.8%+ pure sodium chloride — do not use rock salt or water softener salt with additives.,salt,"formulas/salt-formula.html (env=pool, 99.8-99.8 %)",,MECHANICAL_CLASSIFICATION_ONLY,CONFLICTING,SOURCE_CONFLICT,"Value 99.8-99.8 % does not overlap any canonical range for salt/pool (checked: range-salt-generic-operating, range-salt-pentair, range-salt-autopilot)."
acc103e0ecc672df,"It only needs to be replenished after significant water loss (drain, splash-out, backwash) or heavy rainfall (dilution). 1 lb of salt per 10,000 gallons raises salt level by approximately 12 ppm.",pool_volume,"formulas/salt-formula.html (env=unspecified, 10000-10000 gallons)",,MECHANICAL_CLASSIFICATION_ONLY,NOT_SUPPORTED,SOURCE_NOT_FOUND,"No source in the registry covers ""pool_volume"" at all."
e4720708b5b23e6a,"It only needs to be replenished after significant water loss (drain, splash-out, backwash) or heavy rainfall (dilution). 1 lb of salt per 10,000 gallons raises salt level by approximately 12 ppm.",salt,"formulas/salt-formula.html (env=unspecified, 12-12 ppm)",,MECHANICAL_CLASSIFICATION_ONLY,CONFLICTING,SOURCE_CONFLICT,"Value 12-12 ppm does not overlap any canonical range for salt/unspecified (checked: range-salt-generic-operating, range-salt-pentair, range-salt-autopilot)."
f4cbfadb92257d5a,"For algae: 30 ppm. ppm Current FC Current free chlorine in ppm ppm Volume Pool volume in gallons gallons Available Cl% Available chlorine % of the shock product (e.g. 65 for cal-hypo, 56 for dichlor) % 800 Conversion constant: 1 lb of 100% chlorine raises 10,000 gal by 120 ppm constant Worked Exampl…",pool_volume,"formulas/shock-formula.html (env=pool, 10000-10000 gal)",,MECHANICAL_CLASSIFICATION_ONLY,NOT_SUPPORTED,SOURCE_NOT_FOUND,"No source in the registry covers ""pool_volume"" at all."
e77f12baab6f0641,"Target FC = 5 ppm Increase needed = 5 − 1 = 4 ppm Numerator = 4 × 20,000 = 80,000 Denominator = 65 × 800 = 52,000 Dose = 80,000 ÷ 52,000 = 1.54 lbs You need approximately 1.5 lbs of 65% calcium hypochlorite.",free_chlorine,"formulas/shock-formula.html (env=unspecified, 65-65 %)",,MECHANICAL_CLASSIFICATION_ONLY,CONFLICTING,SOURCE_CONFLICT,"Value 65-65 % does not overlap any canonical range for free_chlorine/unspecified (checked: range-fc-pool-chlorine-no-cya, range-fc-pool-chlorine-with-cya, range-fc-hottub-chlorine-routine)."
1bef8e9a21bee970,Maintenance shock raises FC to 10 ppm as a routine preventive treatment.,free_chlorine,"formulas/shock-formula.html (env=unspecified, 10-10 ppm)",,MECHANICAL_CLASSIFICATION_ONLY,CONFLICTING,SOURCE_CONFLICT,"Value 10-10 ppm does not overlap any canonical range for free_chlorine/unspecified (checked: range-fc-pool-chlorine-no-cya, range-fc-pool-chlorine-with-cya, range-fc-hottub-chlorine-routine)."
d77fd506ec0b8ca4,Algae recovery typically requires 20–30 ppm FC.,free_chlorine,"formulas/shock-formula.html (env=unspecified, 20-30 ppm)",,MECHANICAL_CLASSIFICATION_ONLY,CONFLICTING,SOURCE_CONFLICT,"Value 20-30 ppm does not overlap any canonical range for free_chlorine/unspecified (checked: range-fc-pool-chlorine-no-cya, range-fc-pool-chlorine-with-cya, range-fc-hottub-chlorine-routine)."
a6999452d8948015,Glossary 2 min read Updated 2026-06-01 Aggressive Water Aggressive (corrosive) water has an LSI below -0.,lsi,"glossary/aggressive-water.html (env=unspecified, 0-0 )",,MECHANICAL_CLASSIFICATION_ONLY,NOT_SUPPORTED,SOURCE_NOT_FOUND,"No source in the registry covers ""lsi"" at all."
89a85f40484e36d1,"Definition Details Values Definition Aggressive (corrosive) water has an LSI below -0.3, meaning it is under-saturated with calcium carbonate and will dissolve minerals from pool surfaces and equipment. &#127919; Typical Values: LSI below -0.3 indicates aggressive water; below -0.5 is concerning; be…",lsi,"glossary/aggressive-water.html (env=unspecified, -0.3--0.3 )",,MECHANICAL_CLASSIFICATION_ONLY,NOT_SUPPORTED,SOURCE_NOT_FOUND,"No source in the registry covers ""lsi"" at all."
cec7e87257f08783,"Definition Details Values Definition Aggressive (corrosive) water has an LSI below -0.3, meaning it is under-saturated with calcium carbonate and will dissolve minerals from pool surfaces and equipment. &#127919; Typical Values: LSI below -0.3 indicates aggressive water; below -0.5 is concerning; be…",lsi,"glossary/aggressive-water.html (env=pool, -0.3--0.3 )",,MECHANICAL_CLASSIFICATION_ONLY,NOT_SUPPORTED,SOURCE_NOT_FOUND,"No source in the registry covers ""lsi"" at all."
89a0af0800d1d7c7,"Definition Details Values Definition Aggressive (corrosive) water has an LSI below -0.3, meaning it is under-saturated with calcium carbonate and will dissolve minerals from pool surfaces and equipment. &#127919; Typical Values: LSI below -0.3 indicates aggressive water; below -0.5 is concerning; be…",lsi,"glossary/aggressive-water.html (env=pool, -0.5--0.5 )",,MECHANICAL_CLASSIFICATION_ONLY,NOT_SUPPORTED,SOURCE_NOT_FOUND,"No source in the registry covers ""lsi"" at all."
f15bccd8d3b593f7,"The fix is raising pH, alkalinity, and/or calcium hardness until the LSI reaches the acceptable range of -0.3 to +0.3.",lsi,"glossary/aggressive-water.html (env=unspecified, -0.3--0.3 )",,MECHANICAL_CLASSIFICATION_ONLY,NOT_SUPPORTED,SOURCE_NOT_FOUND,"No source in the registry covers ""lsi"" at all."
7b679fb5abcf4eb3,"The fix is raising pH, alkalinity, and/or calcium hardness until the LSI reaches the acceptable range of -0.3 to +0.3.",lsi,"glossary/aggressive-water.html (env=unspecified, 0.3-0.3 )",,MECHANICAL_CLASSIFICATION_ONLY,NOT_SUPPORTED,SOURCE_NOT_FOUND,"No source in the registry covers ""lsi"" at all."
b16080488480cdd1,Typical Values &#127919; LSI below -0.3 indicates aggressive water; below -0.5 is concerning; below -1.0 is a serious problem Related Resources Chemical Calculator Corrosion Lsi Formula Last reviewed: 2026-06-01,lsi,"glossary/aggressive-water.html (env=unspecified, -0.3--0.3 )",,MECHANICAL_CLASSIFICATION_ONLY,NOT_SUPPORTED,SOURCE_NOT_FOUND,"No source in the registry covers ""lsi"" at all."
707b53e74479bde6,Typical Values &#127919; LSI below -0.3 indicates aggressive water; below -0.5 is concerning; below -1.0 is a serious problem Related Resources Chemical Calculator Corrosion Lsi Formula Last reviewed: 2026-06-01,lsi,"glossary/aggressive-water.html (env=unspecified, -0.5--0.5 )",,MECHANICAL_CLASSIFICATION_ONLY,NOT_SUPPORTED,SOURCE_NOT_FOUND,"No source in the registry covers ""lsi"" at all."
e86e02caa7e6c956,Typical Values &#127919; LSI below -0.3 indicates aggressive water; below -0.5 is concerning; below -1.0 is a serious problem Related Resources Chemical Calculator Corrosion Lsi Formula Last reviewed: 2026-06-01,lsi,"glossary/aggressive-water.html (env=unspecified, -1--1 )",,MECHANICAL_CLASSIFICATION_ONLY,NOT_SUPPORTED,SOURCE_NOT_FOUND,"No source in the registry covers ""lsi"" at all."
7f5ee0f33a43a50a,"Definition Details Values Definition An algae bloom is the rapid, visible multiplication of algae in pool water, resulting in green, cloudy, or discolored water. &#127919; Typical Values: Shock dose for active bloom: 30 ppm FC; Prevention: maintain FC above 1 ppm at all times In Plain Language Algae…",free_chlorine,"glossary/algae-bloom.html (env=pool, 30-30 ppm)",,MECHANICAL_CLASSIFICATION_ONLY,CONFLICTING,SOURCE_CONFLICT,"Value 30-30 ppm does not overlap any canonical range for free_chlorine/pool (checked: range-fc-pool-chlorine-no-cya, range-fc-pool-chlorine-with-cya)."
42321b26628911bc,Typical Values &#127919; Shock dose for active bloom: 30 ppm FC; Prevention: maintain FC above 1 ppm at all times Related Resources Pool Shock Calculator Green Water Shock Formula Last reviewed: 2026-06-01,free_chlorine,"glossary/algae-bloom.html (env=unspecified, 30-30 ppm)",,MECHANICAL_CLASSIFICATION_ONLY,CONFLICTING,SOURCE_CONFLICT,"Value 30-30 ppm does not overlap any canonical range for free_chlorine/unspecified (checked: range-fc-pool-chlorine-no-cya, range-fc-pool-chlorine-with-cya, range-fc-hottub-chlorine-routine)."
6dfdf66def4ee3ff,"Definition Details Values Definition An algaecide is a chemical product that prevents algae growth or assists in killing established algae in pool water. &#127919; Typical Values: Follow product label; typically 1–4 fl oz per 10,000 gallons weekly as maintenance In Plain Language Pool algaecides are…",pool_volume,"glossary/algaecide.html (env=pool, 10000-10000 gallons)",,MECHANICAL_CLASSIFICATION_ONLY,NOT_SUPPORTED,SOURCE_NOT_FOUND,"No source in the registry covers ""pool_volume"" at all."
f35783d3997ced37,"Definition Details Values Definition BCDMH (1-bromo-3-chloro-5,5-dimethylhydantoin) is the most common active ingredient in bromine tablets for hot tubs and spas. &#127919; Typical Values: Available bromine: ~54%; Dissolves in about 3–5 days (3-inch tablets) In Plain Language BCDMH tablets dissolve …",bromine,"glossary/bcdmh.html (env=hot_tub, 54-54 %)",,MANUALLY_REVIEWED,NOT_SUPPORTED,PRODUCT_SPEC_NOT_A_WATER_TARGET,"BCDMH TABLET available-bromine content (~54%), a product spec, not a pool/spa water bromine reading. Different claim category from range-bromine-hottub-routine (4-8 ppm water target)."
2f4bb94f093a66b9,Typical Values &#127919; Available bromine: ~54%; Dissolves in about 3–5 days (3-inch tablets) Related Resources Bromine Vs Chlorine Last reviewed: 2026-06-01,bromine,"glossary/bcdmh.html (env=unspecified, 54-54 %)",,MANUALLY_REVIEWED,NOT_SUPPORTED,PRODUCT_SPEC_NOT_A_WATER_TARGET,Same as above.
acf78727cc9cf3b7,"Definition Details Values Definition Black algae is a stubborn, deeply rooted algae species that forms black or dark blue-green spots on pool plaster surfaces. &#127919; Typical Values: Treatment: 20–30 ppm FC maintained for 3–5 days; requires vigorous brushing In Plain Language Despite its name, bl…",free_chlorine,"glossary/black-algae.html (env=pool, 20-30 ppm)",,MECHANICAL_CLASSIFICATION_ONLY,CONFLICTING,SOURCE_CONFLICT,"Value 20-30 ppm does not overlap any canonical range for free_chlorine/pool (checked: range-fc-pool-chlorine-no-cya, range-fc-pool-chlorine-with-cya)."
967a7fd1a6b0bdb7,"Treatment requires physically scrubbing the spots aggressively with a stiff brush to break the protective layer, then maintaining very high FC levels (20–30 ppm) for several days.",free_chlorine,"glossary/black-algae.html (env=unspecified, 20-30 ppm)",,MECHANICAL_CLASSIFICATION_ONLY,CONFLICTING,SOURCE_CONFLICT,"Value 20-30 ppm does not overlap any canonical range for free_chlorine/unspecified (checked: range-fc-pool-chlorine-no-cya, range-fc-pool-chlorine-with-cya, range-fc-hottub-chlorine-routine)."
bc2afd0f40906f69,Typical Values &#127919; Treatment: 20–30 ppm FC maintained for 3–5 days; requires vigorous brushing Related Resources Pool Shock Calculator Green Water Shock Formula Last reviewed: 2026-06-01,free_chlorine,"glossary/black-algae.html (env=unspecified, 20-30 ppm)",,MECHANICAL_CLASSIFICATION_ONLY,CONFLICTING,SOURCE_CONFLICT,"Value 20-30 ppm does not overlap any canonical range for free_chlorine/unspecified (checked: range-fc-pool-chlorine-no-cya, range-fc-pool-chlorine-with-cya, range-fc-hottub-chlorine-routine)."
cf37c869eeb2535e,Definition Details Values Definition The breakpoint dose is the specific amount of free chlorine that must be added to destroy all combined chlorine in pool water. &#127919; Typical Values: Breakpoint dose = 10 × CC; typical: 5–15 ppm of additional FC In Plain Language Breakpoint dose = 10 × (combin…,free_chlorine,"glossary/breakpoint-dose.html (env=pool, 5-15 ppm)",,MANUALLY_REVIEWED,NOT_SUPPORTED,CORRECT_CLAIM_FAMILY_IS_SHOCK_NOT_ROUTINE,"Breakpoint-dose ADDITIONAL FC amount (5-15 ppm on top of existing), not a routine-maintenance target. No numeric shock-treatment FC range exists yet in chemistry-ranges.js (range-shock-breakpoint-rule-of-thumb has null bounds) to check this against -- architecture gap, not a factual error."
d6e909a2b3344cda,"If CC = 0.8 ppm, breakpoint dose = 8 ppm of additional FC.",combined_chlorine,"glossary/breakpoint-dose.html (env=unspecified, 0.8-0.8 ppm)",,MECHANICAL_CLASSIFICATION_ONLY,CONFLICTING,SOURCE_CONFLICT,Value 0.8-0.8 ppm does not overlap any canonical range for combined_chlorine/unspecified (checked: range-cc-pool-hottub-max).
c588239eba775b10,"If CC = 0.8 ppm, breakpoint dose = 8 ppm of additional FC.",free_chlorine,"glossary/breakpoint-dose.html (env=unspecified, 8-8 ppm)",,MECHANICAL_CLASSIFICATION_ONLY,CONFLICTING,SOURCE_CONFLICT,"Value 8-8 ppm does not overlap any canonical range for free_chlorine/unspecified (checked: range-fc-pool-chlorine-no-cya, range-fc-pool-chlorine-with-cya, range-fc-hottub-chlorine-routine)."
addb2561a725da67,"The current FC level must be added to the breakpoint dose to determine the total target FC: if current FC is 1.5 ppm and breakpoint dose is 8 ppm, target FC = 9.5 ppm.",free_chlorine,"glossary/breakpoint-dose.html (env=unspecified, 8-8 ppm)",,MECHANICAL_CLASSIFICATION_ONLY,CONFLICTING,SOURCE_CONFLICT,"Value 8-8 ppm does not overlap any canonical range for free_chlorine/unspecified (checked: range-fc-pool-chlorine-no-cya, range-fc-pool-chlorine-with-cya, range-fc-hottub-chlorine-routine)."
38aebb32925e783d,"The current FC level must be added to the breakpoint dose to determine the total target FC: if current FC is 1.5 ppm and breakpoint dose is 8 ppm, target FC = 9.5 ppm.",free_chlorine,"glossary/breakpoint-dose.html (env=unspecified, 9.5-9.5 ppm)",,MECHANICAL_CLASSIFICATION_ONLY,CONFLICTING,SOURCE_CONFLICT,"Value 9.5-9.5 ppm does not overlap any canonical range for free_chlorine/unspecified (checked: range-fc-pool-chlorine-no-cya, range-fc-pool-chlorine-with-cya, range-fc-hottub-chlorine-routine)."
55212fcd88fc55b5,Typical Values &#127919; Breakpoint dose = 10 × CC; typical: 5–15 ppm of additional FC Related Resources Pool Shock Calculator Breakpoint Chlorination Shock Formula Last reviewed: 2026-06-01,free_chlorine,"glossary/breakpoint-dose.html (env=pool, 5-15 ppm)",,MECHANICAL_CLASSIFICATION_ONLY,CONFLICTING,SOURCE_CONFLICT,"Value 5-15 ppm does not overlap any canonical range for free_chlorine/pool (checked: range-fc-pool-chlorine-no-cya, range-fc-pool-chlorine-with-cya)."
518954f9bca9ade2,Definition Details Values Definition Bromine is a halogen sanitiser used in pool and spa water that forms hypobromous acid (HOBr) as its active disinfectant form. &#127919; Typical Values: Hot tubs and spas: 3–6 ppm; Indoor pools: 3–6 ppm In Plain Language Bromine works similarly to chlorine but has…,sanitizer,"glossary/bromine.html (env=hot_tub, 3-6 ppm)",,MECHANICAL_CLASSIFICATION_ONLY,NOT_SUPPORTED,REQUIRES_EXPERT_REVIEW,Claim family exists (claim-mixing-chemicals-danger) but no canonical range covers this specific environment/context -- needs individual human review.
d28e07917260e4e1,Definition Details Values Definition Bromine is a halogen sanitiser used in pool and spa water that forms hypobromous acid (HOBr) as its active disinfectant form. &#127919; Typical Values: Hot tubs and spas: 3–6 ppm; Indoor pools: 3–6 ppm In Plain Language Bromine works similarly to chlorine but has…,bromine,"glossary/bromine.html (env=pool, 3-6 ppm)",cdc-healthy-swimming-what-you-can-do-hot-tubs,MANUALLY_REVIEWED,DIRECT,ENVIRONMENT_LABEL_MISMATCH_VALUE_CORRECT,"Value (3-6 ppm) matches range-bromine-hottub-routine's neighborhood; page environment is tagged ""pool"" but source text says ""Hot tubs and spas: 3-6 ppm; Indoor pools: 3-6 ppm"" -- environment tag reflects real ambiguity in the source sentence itself (both mentioned), not an extraction error."
d82f11165634fed9,Bromine target: 3–6 ppm (compared to 1–3 ppm for chlorine).,bromine,"glossary/bromine.html (env=unspecified, 1-3 ppm)",,MANUALLY_REVIEWED,NOT_SUPPORTED,EXTRACTION_ARTIFACT_WRONG_NUMBER,"""Bromine target: 3-6 ppm (compared to 1-3 ppm for chlorine)"" -- the 1-3 chlorine-comparison figure was extracted and attributed to bromine's clause via carry-forward; the sentence's actual bromine figure (3-6) is a different number in the same sentence. Extraction nuance, not a factual claim to source-check as written."
7b7793574322fd00,"Definition Details Values Definition Calcium hardness measures the concentration of dissolved calcium ions in pool water, expressed in ppm. &#127919; Typical Values: Plaster pools: 200–400 ppm; Vinyl/fibreglass: 150–250 ppm; Hot tubs: 150–250 ppm In Plain Language Calcium hardness determines whether…",calcium_hardness,"glossary/calcium-hardness.html (env=hot_tub, 150-250 ppm)",,MECHANICAL_CLASSIFICATION_ONLY,NOT_SUPPORTED,REQUIRES_EXPERT_REVIEW,Claim family exists (claim-ch-target) but no canonical range covers this specific environment/context -- needs individual human review.
fe6ec5847589e0a0,Typical Values &#127919; Plaster pools: 200–400 ppm; Vinyl/fibreglass: 150–250 ppm; Hot tubs: 150–250 ppm Related Resources Chemical Calculator Understanding Calcium Hardness Lsi Formula Last reviewed: 2026-06-01,calcium_hardness,"glossary/calcium-hardness.html (env=hot_tub, 150-250 ppm)",,MECHANICAL_CLASSIFICATION_ONLY,NOT_SUPPORTED,REQUIRES_EXPERT_REVIEW,Claim family exists (claim-ch-target) but no canonical range covers this specific environment/context -- needs individual human review.
fd36093250221e4d,"Pools with high aeration (waterfalls, fountains, spa jets) off-gas CO2 rapidly, which raises pH as the acidic CO2 leaves the water.",ph,"glossary/carbon-dioxide.html (env=hot_tub, 2-2 ph_units)",,MECHANICAL_CLASSIFICATION_ONLY,CONFLICTING,SOURCE_CONFLICT,"Value 2-2 ph_units does not overlap any canonical range for ph/hot_tub (checked: range-ph-hottub-chlorine-routine, range-ph-hottub-bromine-routine)."
f86db4e02b320ce5,"Conversely, adding CO2 gas (through a CO2 injection system) is an alternative to muriatic acid for pH control in commercial pools — it is safer and provides precise pH management.",ph,"glossary/carbon-dioxide.html (env=pool, 2-2 ph_units)",,MECHANICAL_CLASSIFICATION_ONLY,CONFLICTING,SOURCE_CONFLICT,"Value 2-2 ph_units does not overlap any canonical range for ph/pool (checked: range-ph-pool-chlorine-routine, range-ph-pool-narrow-operational)."
415c4fde4133185a,"Conversely, adding CO2 gas (through a CO2 injection system) is an alternative to muriatic acid for pH control in commercial pools — it is safer and provides precise pH management.",ph,"glossary/carbon-dioxide.html (env=pool, 2-2 ph_units)",,MECHANICAL_CLASSIFICATION_ONLY,CONFLICTING,SOURCE_CONFLICT,"Value 2-2 ph_units does not overlap any canonical range for ph/pool (checked: range-ph-pool-chlorine-routine, range-ph-pool-narrow-operational)."
58592832ef60f77c,Ideal Range: 0–0 ppm Calculators Pool Shock Calculator Hot Tub Shock Calculator Chemical Calculator Related Free Chlorine Total Chlorine Shock Treatment Breakpoint Chlorination Full entity details → Glossary 2 min read Updated 2026-06-01 Chloramine Chloramines are compounds formed when free chlorine…,free_chlorine,"glossary/chloramine.html (env=both, 0-0 ppm)",,MECHANICAL_CLASSIFICATION_ONLY,CONFLICTING,SOURCE_CONFLICT,"Value 0-0 ppm does not overlap any canonical range for free_chlorine/both (checked: range-fc-pool-chlorine-no-cya, range-fc-pool-chlorine-with-cya, range-fc-hottub-chlorine-routine)."
1156c31fad77947c,"They are the primary cause of pool odour and eye irritation. &#127919; Typical Values: Action threshold: 0.5 ppm combined chlorine In Plain Language The main chloramines in pool water are monochloramine (NH2Cl), dichloramine (NHCl2), and nitrogen trichloride (NCl3).",combined_chlorine,"glossary/chloramine.html (env=pool, 0.5-0.5 ppm)",,MECHANICAL_CLASSIFICATION_ONLY,CONFLICTING,SOURCE_CONFLICT,Value 0.5-0.5 ppm does not overlap any canonical range for combined_chlorine/pool (checked: range-cc-pool-hottub-max).
50cbc19aa9ae3335,Typical Values &#127919; Action threshold: 0.5 ppm combined chlorine Related Resources Pool Shock Calculator Combined Chlorine Explained Shock Formula Last reviewed: 2026-06-01,combined_chlorine,"glossary/chloramine.html (env=pool, 0.5-0.5 ppm)",,MECHANICAL_CLASSIFICATION_ONLY,CONFLICTING,SOURCE_CONFLICT,Value 0.5-0.5 ppm does not overlap any canonical range for combined_chlorine/pool (checked: range-cc-pool-hottub-max).
5a623dcaed1729cc,"Ideal Range: 30–50 ppm Calculators Pool CYA Calculator Chemical Calculator Related Free Chlorine Langelier Saturation Index Water Replacement Full entity details → Glossary 2 min read Updated 2026-06-01 Chlorine Stabilizer Chlorine stabilizer is another name for cyanuric acid (CYA), used as a synony…",cyanuric_acid,"glossary/chlorine-stabilizer.html (env=pool, 30-50 ppm)",,MECHANICAL_CLASSIFICATION_ONLY,NOT_SUPPORTED,SOURCE_NOT_FOUND,"Value overlaps range-cya-residential-routine-outdoor, but that canonical range itself has no confirmed source (status REQUIRES_REVIEW) -- see chemistry-ranges.js."
8e5a5747abb669b8,"Definition Details Values Definition Chlorine stabilizer is another name for cyanuric acid (CYA), used as a synonym especially in product marketing. &#127919; Typical Values: Target: 30–50 ppm (standard pools); 60–80 ppm (salt pools) In Plain Language The terms stabilizer, conditioner, and cyanuric …",cyanuric_acid,"glossary/chlorine-stabilizer.html (env=pool, 30-50 ppm)",,MECHANICAL_CLASSIFICATION_ONLY,NOT_SUPPORTED,SOURCE_NOT_FOUND,"Value overlaps range-cya-residential-routine-outdoor, but that canonical range itself has no confirmed source (status REQUIRES_REVIEW) -- see chemistry-ranges.js."
a3da46cee8ea4111,"Definition Details Values Definition Chlorine stabilizer is another name for cyanuric acid (CYA), used as a synonym especially in product marketing. &#127919; Typical Values: Target: 30–50 ppm (standard pools); 60–80 ppm (salt pools) In Plain Language The terms stabilizer, conditioner, and cyanuric …",salt,"glossary/chlorine-stabilizer.html (env=pool, 60-80 ppm)",,MECHANICAL_CLASSIFICATION_ONLY,CONFLICTING,SOURCE_CONFLICT,"Value 60-80 ppm does not overlap any canonical range for salt/pool (checked: range-salt-generic-operating, range-salt-pentair, range-salt-autopilot)."
9a000601eaaf40a3,Typical Values &#127919; Target: 30–50 ppm (standard pools); 60–80 ppm (salt pools) Related Resources Pool Cyanuric Acid Calculator Understanding Cyanuric Acid Cya Formula Last reviewed: 2026-06-01,salt,"glossary/chlorine-stabilizer.html (env=pool, 60-80 ppm)",,MECHANICAL_CLASSIFICATION_ONLY,CONFLICTING,SOURCE_CONFLICT,"Value 60-80 ppm does not overlap any canonical range for salt/pool (checked: range-salt-generic-operating, range-salt-pentair, range-salt-autopilot)."
954305bc32cdc329,Ideal Range: 0–0 ppm Calculators Pool Shock Calculator Hot Tub Shock Calculator Chemical Calculator Related Free Chlorine Total Chlorine Shock Treatment Breakpoint Chlorination Full entity details → Glossary 2 min read Updated 2026-06-01 Combined Chlorine Combined chlorine is the portion of total ch…,free_chlorine,"glossary/combined-chlorine.html (env=both, 0-0 ppm)",,MECHANICAL_CLASSIFICATION_ONLY,CONFLICTING,SOURCE_CONFLICT,"Value 0-0 ppm does not overlap any canonical range for free_chlorine/both (checked: range-fc-pool-chlorine-no-cya, range-fc-pool-chlorine-with-cya, range-fc-hottub-chlorine-routine)."
c1d138499183e472,Why It Matters Combined chlorine above 0.5 ppm indicates a need for shock treatment.,combined_chlorine,"glossary/combined-chlorine.html (env=unspecified, 0.5-0.5 ppm)",,MECHANICAL_CLASSIFICATION_ONLY,CONFLICTING,SOURCE_CONFLICT,Value 0.5-0.5 ppm does not overlap any canonical range for combined_chlorine/unspecified (checked: range-cc-pool-hottub-max).
3acc9c3f90c010aa,"Definition Details Values Definition Conductivity is a measure of water's ability to conduct electricity, which increases with the concentration of dissolved ions. &#127919; Typical Values: Salt pool target: approximately 5,000–6,000 µS/cm (corresponds to ~3,000–3,400 ppm salt) In Plain Language Hig…",salt,"glossary/conductivity.html (env=pool, 3000-3400 ppm)",,MECHANICAL_CLASSIFICATION_ONLY,NOT_SUPPORTED,SOURCE_NOT_FOUND,"Value overlaps range-salt-generic-operating, but that canonical range itself has no confirmed source (status REQUIRES_REVIEW) -- see chemistry-ranges.js."
35a9803b79c62794,"Typical Values &#127919; Salt pool target: approximately 5,000–6,000 µS/cm (corresponds to ~3,000–3,400 ppm salt) Related Resources Saltwater Pool Salt Calculator Salt Systems Last reviewed: 2026-06-01",salt,"glossary/conductivity.html (env=pool, 3000-3400 ppm)",,MECHANICAL_CLASSIFICATION_ONLY,NOT_SUPPORTED,SOURCE_NOT_FOUND,"Value overlaps range-salt-generic-operating, but that canonical range itself has no confirmed source (status REQUIRES_REVIEW) -- see chemistry-ranges.js."
ffd0a702b57b7dd9,Ideal Range: 30–50 ppm Calculators Pool CYA Calculator Chemical Calculator Related Free Chlorine Langelier Saturation Index Water Replacement Full entity details → Glossary 2 min read Updated 2026-06-01 Cyanuric Acid Cyanuric acid is a stabilizing compound that forms a reversible bond with free chlo…,cyanuric_acid,"glossary/cyanuric-acid.html (env=pool, 30-50 ppm)",,MECHANICAL_CLASSIFICATION_ONLY,NOT_SUPPORTED,SOURCE_NOT_FOUND,"Value overlaps range-cya-residential-routine-outdoor, but that canonical range itself has no confirmed source (status REQUIRES_REVIEW) -- see chemistry-ranges.js."
7965a783700ea57a,"Definition Details Values Definition Cyanuric acid is a stabilizing compound that forms a reversible bond with free chlorine in pool water, protecting it from UV degradation. &#127919; Typical Values: Standard pools: 30–50 ppm; Salt pools: 60–80 ppm; Never above 100 ppm for normal pools In Plain Lan…",cyanuric_acid,"glossary/cyanuric-acid.html (env=pool, 30-50 ppm)",,MECHANICAL_CLASSIFICATION_ONLY,NOT_SUPPORTED,SOURCE_NOT_FOUND,"Value overlaps range-cya-residential-routine-outdoor, but that canonical range itself has no confirmed source (status REQUIRES_REVIEW) -- see chemistry-ranges.js."
c5603fbc359a4b45,"Definition Details Values Definition Cyanuric acid is a stabilizing compound that forms a reversible bond with free chlorine in pool water, protecting it from UV degradation. &#127919; Typical Values: Standard pools: 30–50 ppm; Salt pools: 60–80 ppm; Never above 100 ppm for normal pools In Plain Lan…",salt,"glossary/cyanuric-acid.html (env=pool, 60-80 ppm)",,MECHANICAL_CLASSIFICATION_ONLY,CONFLICTING,SOURCE_CONFLICT,"Value 60-80 ppm does not overlap any canonical range for salt/pool (checked: range-salt-generic-operating, range-salt-pentair, range-salt-autopilot)."
b1f821a6668088c6,"Definition Details Values Definition Cyanuric acid is a stabilizing compound that forms a reversible bond with free chlorine in pool water, protecting it from UV degradation. &#127919; Typical Values: Standard pools: 30–50 ppm; Salt pools: 60–80 ppm; Never above 100 ppm for normal pools In Plain Lan…",salt,"glossary/cyanuric-acid.html (env=pool, 100-100 ppm)",,MECHANICAL_CLASSIFICATION_ONLY,CONFLICTING,SOURCE_CONFLICT,"Value 100-100 ppm does not overlap any canonical range for salt/pool (checked: range-salt-generic-operating, range-salt-pentair, range-salt-autopilot)."
9af72ba37bc5c3bc,"Why It Matters CYA is essential for outdoor pools using chlorine, but must be kept below 80 ppm.",cyanuric_acid,"glossary/cyanuric-acid.html (env=pool, 80-80 ppm)",,MECHANICAL_CLASSIFICATION_ONLY,NOT_SUPPORTED,SOURCE_NOT_FOUND,"Value overlaps range-cya-saltwater-outdoor, but that canonical range itself has no confirmed source (status REQUIRES_REVIEW) -- see chemistry-ranges.js."
7b247181edecac3b,Typical Values &#127919; Standard pools: 30–50 ppm; Salt pools: 60–80 ppm; Never above 100 ppm for normal pools Related Resources Pool Cyanuric Acid Calculator Understanding Cyanuric Acid Cya Formula Last reviewed: 2026-06-01,salt,"glossary/cyanuric-acid.html (env=pool, 60-80 ppm)",,MECHANICAL_CLASSIFICATION_ONLY,CONFLICTING,SOURCE_CONFLICT,"Value 60-80 ppm does not overlap any canonical range for salt/pool (checked: range-salt-generic-operating, range-salt-pentair, range-salt-autopilot)."
8693b7f0608a5d9c,Typical Values &#127919; Standard pools: 30–50 ppm; Salt pools: 60–80 ppm; Never above 100 ppm for normal pools Related Resources Pool Cyanuric Acid Calculator Understanding Cyanuric Acid Cya Formula Last reviewed: 2026-06-01,cyanuric_acid,"glossary/cyanuric-acid.html (env=pool, 100-100 ppm)",,MECHANICAL_CLASSIFICATION_ONLY,CONFLICTING,SOURCE_CONFLICT,"Value 100-100 ppm does not overlap any canonical range for cyanuric_acid/pool (checked: range-cya-public-pool-incident-response-max, range-cya-residential-routine-outdoor, range-cya-saltwater-outdoor)."
7a4af1345cea025e,Definition Details Values Definition Dichlor (sodium dichloroisocyanurate) is a fast-dissolving stabilised chlorine product that adds both free chlorine and cyanuric acid to pool water. &#127919; Typical Values: Available chlorine: ~56%; CYA added: ~33% by weight of product In Plain Language Dichlor…,cyanuric_acid,"glossary/dichlor.html (env=pool, 56-56 %)",,MECHANICAL_CLASSIFICATION_ONLY,CONFLICTING,SOURCE_CONFLICT,"Value 56-56 % does not overlap any canonical range for cyanuric_acid/pool (checked: range-cya-public-pool-incident-response-max, range-cya-residential-routine-outdoor, range-cya-saltwater-outdoor)."
cc51ef04c866d950,Definition Details Values Definition Dichlor (sodium dichloroisocyanurate) is a fast-dissolving stabilised chlorine product that adds both free chlorine and cyanuric acid to pool water. &#127919; Typical Values: Available chlorine: ~56%; CYA added: ~33% by weight of product In Plain Language Dichlor…,cyanuric_acid,"glossary/dichlor.html (env=pool, 33-33 %)",,MECHANICAL_CLASSIFICATION_ONLY,NOT_SUPPORTED,SOURCE_NOT_FOUND,"Value overlaps range-cya-residential-routine-outdoor, but that canonical range itself has no confirmed source (status REQUIRES_REVIEW) -- see chemistry-ranges.js."
41a37305d55a42ef,Typical Values &#127919; Available chlorine: ~56%; CYA added: ~33% by weight of product Related Resources Pool Chlorine Calculator Liquid Chlorine Vs Tablets Cya Formula Last reviewed: 2026-06-01,cyanuric_acid,"glossary/dichlor.html (env=pool, 33-33 %)",,MECHANICAL_CLASSIFICATION_ONLY,NOT_SUPPORTED,SOURCE_NOT_FOUND,"Value overlaps range-cya-residential-routine-outdoor, but that canonical range itself has no confirmed source (status REQUIRES_REVIEW) -- see chemistry-ranges.js."
ab129862ea327fed,"Rain dilution is significant after heavy storms — a 1-inch rainstorm adds approximately 600 gallons of near-zero-chemistry water per 1,000 square feet of pool surface, which can significantly change TA and hardness in a small pool.",pool_volume,"glossary/dilution.html (env=pool, 600-600 gallons)",,MECHANICAL_CLASSIFICATION_ONLY,NOT_SUPPORTED,SOURCE_NOT_FOUND,"No source in the registry covers ""pool_volume"" at all."
8abd56b5dfefdad2,Ideal Range: 1–3 ppm Calculators Pool Chlorine Calculator Hot Tub Chlorine Calculator Chemical Calculator Pool Shock Calculator Related Combined Chlorine Total Chlorine pH Cyanuric Acid Shock Treatment Full entity details → Glossary 2 min read Updated 2026-06-01 Free Chlorine Free chlorine is the co…,combined_chlorine,"glossary/free-chlorine.html (env=both, 1-3 ppm)",,MECHANICAL_CLASSIFICATION_ONLY,CONFLICTING,SOURCE_CONFLICT,Value 1-3 ppm does not overlap any canonical range for combined_chlorine/both (checked: range-cc-pool-hottub-max).
d064285c8d34de18,"Definition Details Values Definition Free chlorine is the concentration of active, unsaturated chlorine available in pool water to sanitise and disinfect. &#127919; Typical Values: Pools: 1–3 ppm; Hot tubs: 3–5 ppm; Minimum safe: 1.0 ppm In Plain Language Free chlorine consists of two forms: hypochl…",free_chlorine,"glossary/free-chlorine.html (env=hot_tub, 1-1 ppm)",,MECHANICAL_CLASSIFICATION_ONLY,CONFLICTING,SOURCE_CONFLICT,Value 1-1 ppm does not overlap any canonical range for free_chlorine/hot_tub (checked: range-fc-hottub-chlorine-routine).
bdd62415ba1e7198,"Hypochlorous acid is the bactericidal form — at pH 7.2, roughly 67% of free chlorine is in this effective form.",free_chlorine,"glossary/free-chlorine.html (env=unspecified, 67-67 %)",,MECHANICAL_CLASSIFICATION_ONLY,CONFLICTING,SOURCE_CONFLICT,"Value 67-67 % does not overlap any canonical range for free_chlorine/unspecified (checked: range-fc-pool-chlorine-no-cya, range-fc-pool-chlorine-with-cya, range-fc-hottub-chlorine-routine)."
64d72250b0a6acd9,"Definition Details Values Definition Green algae is the most common pool algae species, causing water to turn green or teal and surfaces to become slippery. &#127919; Typical Values: Kill dose: 30 ppm FC (active bloom); Maintain 1–3 ppm FC to prevent In Plain Language Green algae (Chlorophyta) is fr…",free_chlorine,"glossary/green-algae.html (env=pool, 30-30 ppm)",,MECHANICAL_CLASSIFICATION_ONLY,CONFLICTING,SOURCE_CONFLICT,"Value 30-30 ppm does not overlap any canonical range for free_chlorine/pool (checked: range-fc-pool-chlorine-no-cya, range-fc-pool-chlorine-with-cya)."
2602513cb45e4dbc,Typical Values &#127919; Kill dose: 30 ppm FC (active bloom); Maintain 1–3 ppm FC to prevent Related Resources Pool Shock Calculator Green Water Shock Formula Last reviewed: 2026-06-01,free_chlorine,"glossary/green-algae.html (env=unspecified, 30-30 ppm)",,MECHANICAL_CLASSIFICATION_ONLY,CONFLICTING,SOURCE_CONFLICT,"Value 30-30 ppm does not overlap any canonical range for free_chlorine/unspecified (checked: range-fc-pool-chlorine-no-cya, range-fc-pool-chlorine-with-cya, range-fc-hottub-chlorine-routine)."
ee5f76d7bf2c5831,"Definition Details Values Definition Hypochlorous acid (HOCl) is the active, bactericidal form of chlorine in pool water, responsible for killing pathogens. &#127919; Typical Values: At pH 7.2: ~67% of FC is HOCl; at pH 7.4: ~55%; at pH 7.6: ~40%; at pH 8.0: ~22% In Plain Language When chlorine diss…",free_chlorine,"glossary/hypochlorous-acid.html (env=pool, 67-67 %)",,MECHANICAL_CLASSIFICATION_ONLY,CONFLICTING,SOURCE_CONFLICT,"Value 67-67 % does not overlap any canonical range for free_chlorine/pool (checked: range-fc-pool-chlorine-no-cya, range-fc-pool-chlorine-with-cya)."
b95e7ef017cbe59a,"Definition Details Values Definition Hypochlorous acid (HOCl) is the active, bactericidal form of chlorine in pool water, responsible for killing pathogens. &#127919; Typical Values: At pH 7.2: ~67% of FC is HOCl; at pH 7.4: ~55%; at pH 7.6: ~40%; at pH 8.0: ~22% In Plain Language When chlorine diss…",ph,"glossary/hypochlorous-acid.html (env=pool, 8-8 ph_units)",,MECHANICAL_CLASSIFICATION_ONLY,CONFLICTING,SOURCE_CONFLICT,"Value 8-8 ph_units does not overlap any canonical range for ph/pool (checked: range-ph-pool-chlorine-routine, range-ph-pool-narrow-operational)."
7e855272dcd2c18e,"The proportion of HOCl is controlled entirely by pH — at pH 7.2, about 67% is HOCl; at pH 8.0, only 22% is HOCl.",ph,"glossary/hypochlorous-acid.html (env=unspecified, 8-8 ph_units)",,MECHANICAL_CLASSIFICATION_ONLY,CONFLICTING,SOURCE_CONFLICT,"Value 8-8 ph_units does not overlap any canonical range for ph/unspecified (checked: range-ph-pool-chlorine-routine, range-ph-hottub-chlorine-routine, range-ph-hottub-bromine-routine, range-ph-pool-narrow-operational)."
024dc98a60548e5c,Typical Values &#127919; At pH 7.2: ~67% of FC is HOCl; at pH 7.4: ~55%; at pH 7.6: ~40%; at pH 8.0: ~22% Related Resources Pool Ph Calculator Understanding Free Chlorine Liquid Chlorine Formula Last reviewed: 2026-06-01,free_chlorine,"glossary/hypochlorous-acid.html (env=unspecified, 67-67 %)",,MECHANICAL_CLASSIFICATION_ONLY,CONFLICTING,SOURCE_CONFLICT,"Value 67-67 % does not overlap any canonical range for free_chlorine/unspecified (checked: range-fc-pool-chlorine-no-cya, range-fc-pool-chlorine-with-cya, range-fc-hottub-chlorine-routine)."
6c1a05826c22661b,Typical Values &#127919; At pH 7.2: ~67% of FC is HOCl; at pH 7.4: ~55%; at pH 7.6: ~40%; at pH 8.0: ~22% Related Resources Pool Ph Calculator Understanding Free Chlorine Liquid Chlorine Formula Last reviewed: 2026-06-01,ph,"glossary/hypochlorous-acid.html (env=pool, 8-8 ph_units)",,MECHANICAL_CLASSIFICATION_ONLY,CONFLICTING,SOURCE_CONFLICT,"Value 8-8 ph_units does not overlap any canonical range for ph/pool (checked: range-ph-pool-chlorine-routine, range-ph-pool-narrow-operational)."
a2c7d9c47a31c576,Aggressive Water Aggressive (corrosive) water has an LSI below -0.,lsi,"glossary/index.html (env=unspecified, 0-0 )",,MECHANICAL_CLASSIFICATION_ONLY,NOT_SUPPORTED,SOURCE_NOT_FOUND,"No source in the registry covers ""lsi"" at all."
6d7768250a705aa9,Definition Details Values Definition Iron in pool water is a dissolved metal that can cause reddish-brown staining when oxidised by chlorine or shock treatment. &#127919; Typical Values: Acceptable: below 0.2 ppm; Staining risk increases above 0.3 ppm In Plain Language Iron enters pool water from we…,shock_treatment,"glossary/iron.html (env=pool, 0.2-0.2 ppm)",,MECHANICAL_CLASSIFICATION_ONLY,CONFLICTING,SOURCE_CONFLICT,"Value 0.2-0.2 ppm does not overlap any canonical range for shock_treatment/pool (checked: range-shock-breakpoint-rule-of-thumb, range-shock-cdc-fecal-incident-response)."
9acd4a436f4cb1ee,Definition Details Values Definition Iron in pool water is a dissolved metal that can cause reddish-brown staining when oxidised by chlorine or shock treatment. &#127919; Typical Values: Acceptable: below 0.2 ppm; Staining risk increases above 0.3 ppm In Plain Language Iron enters pool water from we…,shock_treatment,"glossary/iron.html (env=pool, 0.3-0.3 ppm)",,MECHANICAL_CLASSIFICATION_ONLY,CONFLICTING,SOURCE_CONFLICT,"Value 0.3-0.3 ppm does not overlap any canonical range for shock_treatment/pool (checked: range-shock-breakpoint-rule-of-thumb, range-shock-cdc-fecal-incident-response)."
411800b9a4e07983,Typical Values &#127919; Target: -0.3 to +0.3; 0.0 = perfect balance Related Resources Chemical Calculator Understanding Lsi Lsi Formula Last reviewed: 2026-06-01,lsi,"glossary/langelier-saturation-index.html (env=unspecified, 0-0 )",,MECHANICAL_CLASSIFICATION_ONLY,NOT_SUPPORTED,SOURCE_NOT_FOUND,"No source in the registry covers ""lsi"" at all."
c15adb15c46b0f2b,Definition Details Values Definition Muriatic acid (dilute hydrochloric acid) is the most commonly used chemical for lowering pool pH and total alkalinity. &#127919; Typical Values: Concentration: 31.45% (pool grade); pH in solution: strongly acidic (0.1–0.5) In Plain Language Pool-grade muriatic ac…,total_alkalinity,"glossary/muriatic-acid.html (env=pool, 31.45-31.45 %)",,MECHANICAL_CLASSIFICATION_ONLY,CONFLICTING,SOURCE_CONFLICT,"Value 31.45-31.45 % does not overlap any canonical range for total_alkalinity/pool (checked: range-ta-public-pool-standard, range-ta-residential-practical)."
2f56fd2a750a6854,Definition Details Values Definition Muriatic acid (dilute hydrochloric acid) is the most commonly used chemical for lowering pool pH and total alkalinity. &#127919; Typical Values: Concentration: 31.45% (pool grade); pH in solution: strongly acidic (0.1–0.5) In Plain Language Pool-grade muriatic ac…,ph,"glossary/muriatic-acid.html (env=pool, 0.1-0.5 ph_units)",,MECHANICAL_CLASSIFICATION_ONLY,CONFLICTING,SOURCE_CONFLICT,"Value 0.1-0.5 ph_units does not overlap any canonical range for ph/pool (checked: range-ph-pool-chlorine-routine, range-ph-pool-narrow-operational)."
9704886e6db61483,Typical Values &#127919; Concentration: 31.45% (pool grade); pH in solution: strongly acidic (0.1–0.5) Related Resources Pool Ph Calculator Understanding Ph Ph Adjustment Formula Last reviewed: 2026-06-01,ph,"glossary/muriatic-acid.html (env=pool, 0.1-0.5 ph_units)",,MECHANICAL_CLASSIFICATION_ONLY,CONFLICTING,SOURCE_CONFLICT,"Value 0.1-0.5 ph_units does not overlap any canonical range for ph/pool (checked: range-ph-pool-chlorine-routine, range-ph-pool-narrow-operational)."
166cc39500b89698,"Definition Details Values Definition Mustard algae is a yellow-brown pool algae species that brushes off easily but quickly returns, caused by a chlorine-resistant strain. &#127919; Typical Values: Treatment: 30 ppm FC; wash all swimwear and equipment during treatment In Plain Language Mustard algae…",free_chlorine,"glossary/mustard-algae.html (env=pool, 30-30 ppm)",,MECHANICAL_CLASSIFICATION_ONLY,CONFLICTING,SOURCE_CONFLICT,"Value 30-30 ppm does not overlap any canonical range for free_chlorine/pool (checked: range-fc-pool-chlorine-no-cya, range-fc-pool-chlorine-with-cya)."
913db1838d10d258,It is resistant to normal chlorine levels but is effectively treated with a thorough superchlorination of 30 ppm FC and simultaneous treatment of all equipment that contacted the water.,free_chlorine,"glossary/mustard-algae.html (env=unspecified, 30-30 ppm)",,MECHANICAL_CLASSIFICATION_ONLY,CONFLICTING,SOURCE_CONFLICT,"Value 30-30 ppm does not overlap any canonical range for free_chlorine/unspecified (checked: range-fc-pool-chlorine-no-cya, range-fc-pool-chlorine-with-cya, range-fc-hottub-chlorine-routine)."
2af93259623e1a1a,Typical Values &#127919; Treatment: 30 ppm FC; wash all swimwear and equipment during treatment Related Resources Pool Shock Calculator Green Water Last reviewed: 2026-06-01,free_chlorine,"glossary/mustard-algae.html (env=unspecified, 30-30 ppm)",,MECHANICAL_CLASSIFICATION_ONLY,CONFLICTING,SOURCE_CONFLICT,"Value 30-30 ppm does not overlap any canonical range for free_chlorine/unspecified (checked: range-fc-pool-chlorine-no-cya, range-fc-pool-chlorine-with-cya, range-fc-hottub-chlorine-routine)."
b9c1ab196e41005b,"Definition Details Values Definition Ozone (O3) is a powerful oxidiser used in pool systems to reduce organic contamination, chlorine demand, and chloramine formation. &#127919; Typical Values: Reduces chlorine demand by 60–90%; Chlorine residual still required: 0.5–1.0 ppm minimum In Plain Language…",chlorine_demand,"glossary/ozone.html (env=pool, 60-90 %)",,MECHANICAL_CLASSIFICATION_ONLY,NOT_SUPPORTED,SOURCE_NOT_FOUND,"No source in the registry covers ""chlorine_demand"" at all."
8801dc62b5f37221,"Definition Details Values Definition Ozone (O3) is a powerful oxidiser used in pool systems to reduce organic contamination, chlorine demand, and chloramine formation. &#127919; Typical Values: Reduces chlorine demand by 60–90%; Chlorine residual still required: 0.5–1.0 ppm minimum In Plain Language…",chlorine_demand,"glossary/ozone.html (env=pool, 0.5-1 ppm)",,MECHANICAL_CLASSIFICATION_ONLY,NOT_SUPPORTED,SOURCE_NOT_FOUND,"No source in the registry covers ""chlorine_demand"" at all."
eae912713990533f,Typical Values &#127919; Reduces chlorine demand by 60–90%; Chlorine residual still required: 0.5–1.0 ppm minimum Last reviewed: 2026-06-01,chlorine_demand,"glossary/ozone.html (env=unspecified, 60-90 %)",,MECHANICAL_CLASSIFICATION_ONLY,NOT_SUPPORTED,SOURCE_NOT_FOUND,"No source in the registry covers ""chlorine_demand"" at all."
f0a96259df6b1e09,Typical Values &#127919; Reduces chlorine demand by 60–90%; Chlorine residual still required: 0.5–1.0 ppm minimum Last reviewed: 2026-06-01,chlorine_demand,"glossary/ozone.html (env=unspecified, 0.5-1 ppm)",,MECHANICAL_CLASSIFICATION_ONLY,NOT_SUPPORTED,SOURCE_NOT_FOUND,"No source in the registry covers ""chlorine_demand"" at all."
5b18e6ab386190d0,"Definition Details Values Definition Parts per million (ppm) is the unit used to express the concentration of dissolved substances in pool water, equivalent to milligrams per liter (mg/L). &#127919; Typical Values: FC: 1–3 ppm; TA: 80–120 ppm; CH: 200–400 ppm; Salt: 2,700–3,400 ppm In Plain Language…",salt,"glossary/parts-per-million.html (env=pool, 2700-3400 ppm)",,MECHANICAL_CLASSIFICATION_ONLY,NOT_SUPPORTED,SOURCE_NOT_FOUND,"Value overlaps range-salt-generic-operating, but that canonical range itself has no confirmed source (status REQUIRES_REVIEW) -- see chemistry-ranges.js."
8b6249605266c3ea,"Typical Values &#127919; FC: 1–3 ppm; TA: 80–120 ppm; CH: 200–400 ppm; Salt: 2,700–3,400 ppm Related Resources Chemical Calculator The Four Core Water Tests Liquid Chlorine Formula Last reviewed: 2026-06-01",salt,"glossary/parts-per-million.html (env=unspecified, 2700-3400 ppm)",,MECHANICAL_CLASSIFICATION_ONLY,NOT_SUPPORTED,SOURCE_NOT_FOUND,"Value overlaps range-salt-generic-operating, but that canonical range itself has no confirmed source (status REQUIRES_REVIEW) -- see chemistry-ranges.js."
0489924a31af66a5,"Small additions of acid or base, rain, or even bather activity can cause pH to swing by 0.5–1.0 units.",ph,"glossary/ph-bounce.html (env=unspecified, 0.5-1 ph_units)",,MECHANICAL_CLASSIFICATION_ONLY,CONFLICTING,SOURCE_CONFLICT,"Value 0.5-1 ph_units does not overlap any canonical range for ph/unspecified (checked: range-ph-pool-chlorine-routine, range-ph-hottub-chlorine-routine, range-ph-hottub-bromine-routine, range-ph-pool-narrow-operational)."
97d55884408a1324,"Definition Details Values Definition pH increaser is a pool product that raises water pH, typically sodium carbonate (soda ash) or sodium bicarbonate. &#127919; Typical Values: Raises pH by approximately 0.2 per pound per 10,000 gallons; dissolve before adding In Plain Language pH increaser (soda as…",ph,"glossary/ph-increaser.html (env=pool, 0.2-0.2 ph_units)",,MECHANICAL_CLASSIFICATION_ONLY,CONFLICTING,SOURCE_CONFLICT,"Value 0.2-0.2 ph_units does not overlap any canonical range for ph/pool (checked: range-ph-pool-chlorine-routine, range-ph-pool-narrow-operational)."
14e070bd9cd1adc5,"Definition Details Values Definition pH increaser is a pool product that raises water pH, typically sodium carbonate (soda ash) or sodium bicarbonate. &#127919; Typical Values: Raises pH by approximately 0.2 per pound per 10,000 gallons; dissolve before adding In Plain Language pH increaser (soda as…",pool_volume,"glossary/ph-increaser.html (env=pool, 10000-10000 gallons)",,MECHANICAL_CLASSIFICATION_ONLY,NOT_SUPPORTED,SOURCE_NOT_FOUND,"No source in the registry covers ""pool_volume"" at all."
8c80c9a5b619b270,Sodium carbonate (Na2CO3) raises pH quickly with a modest alkalinity increase.,ph,"glossary/ph-increaser.html (env=unspecified, 2-2 ph_units)",,MECHANICAL_CLASSIFICATION_ONLY,CONFLICTING,SOURCE_CONFLICT,"Value 2-2 ph_units does not overlap any canonical range for ph/unspecified (checked: range-ph-pool-chlorine-routine, range-ph-hottub-chlorine-routine, range-ph-hottub-bromine-routine, range-ph-pool-narrow-operational)."
7a9c6ef12e2838c3,Sodium carbonate (Na2CO3) raises pH quickly with a modest alkalinity increase.,ph,"glossary/ph-increaser.html (env=unspecified, 3-3 ph_units)",,MECHANICAL_CLASSIFICATION_ONLY,CONFLICTING,SOURCE_CONFLICT,"Value 3-3 ph_units does not overlap any canonical range for ph/unspecified (checked: range-ph-pool-chlorine-routine, range-ph-hottub-chlorine-routine, range-ph-hottub-bromine-routine, range-ph-pool-narrow-operational)."
9a82ae28b611a19c,"Typical Values &#127919; Raises pH by approximately 0.2 per pound per 10,000 gallons; dissolve before adding Related Resources Pool Ph Calculator Understanding Ph Ph Adjustment Formula Last reviewed: 2026-06-01",ph,"glossary/ph-increaser.html (env=unspecified, 0.2-0.2 ph_units)",,MECHANICAL_CLASSIFICATION_ONLY,CONFLICTING,SOURCE_CONFLICT,"Value 0.2-0.2 ph_units does not overlap any canonical range for ph/unspecified (checked: range-ph-pool-chlorine-routine, range-ph-hottub-chlorine-routine, range-ph-hottub-bromine-routine, range-ph-pool-narrow-operational)."
fe156dab097d2bee,"Typical Values &#127919; Raises pH by approximately 0.2 per pound per 10,000 gallons; dissolve before adding Related Resources Pool Ph Calculator Understanding Ph Ph Adjustment Formula Last reviewed: 2026-06-01",pool_volume,"glossary/ph-increaser.html (env=unspecified, 10000-10000 gallons)",,MECHANICAL_CLASSIFICATION_ONLY,NOT_SUPPORTED,SOURCE_NOT_FOUND,"No source in the registry covers ""pool_volume"" at all."
efd419da2c7115f6,"Definition Details Values Definition pH measures the concentration of hydrogen ions in water on a logarithmic scale from 0 (most acidic) to 14 (most alkaline), with 7.0 being neutral. &#127919; Typical Values: Pools: 7.2–7.6; Hot tubs: 7.2–7.8; Never above 8.0 In Plain Language Pool water pH directl…",ph,"glossary/ph.html (env=unspecified, 0-0 ph_units)",,MECHANICAL_CLASSIFICATION_ONLY,CONFLICTING,SOURCE_CONFLICT,"Value 0-0 ph_units does not overlap any canonical range for ph/unspecified (checked: range-ph-pool-chlorine-routine, range-ph-hottub-chlorine-routine, range-ph-hottub-bromine-routine, range-ph-pool-narrow-operational)."
fe77ce166563b283,"Definition Details Values Definition pH measures the concentration of hydrogen ions in water on a logarithmic scale from 0 (most acidic) to 14 (most alkaline), with 7.0 being neutral. &#127919; Typical Values: Pools: 7.2–7.6; Hot tubs: 7.2–7.8; Never above 8.0 In Plain Language Pool water pH directl…",ph,"glossary/ph.html (env=unspecified, 14-14 ph_units)",,MECHANICAL_CLASSIFICATION_ONLY,CONFLICTING,SOURCE_CONFLICT,"Value 14-14 ph_units does not overlap any canonical range for ph/unspecified (checked: range-ph-pool-chlorine-routine, range-ph-hottub-chlorine-routine, range-ph-hottub-bromine-routine, range-ph-pool-narrow-operational)."
ba3d00c108c0d95a,"Definition Details Values Definition pH measures the concentration of hydrogen ions in water on a logarithmic scale from 0 (most acidic) to 14 (most alkaline), with 7.0 being neutral. &#127919; Typical Values: Pools: 7.2–7.6; Hot tubs: 7.2–7.8; Never above 8.0 In Plain Language Pool water pH directl…",ph,"glossary/ph.html (env=pool, 8-8 ph_units)",,MECHANICAL_CLASSIFICATION_ONLY,CONFLICTING,SOURCE_CONFLICT,"Value 8-8 ph_units does not overlap any canonical range for ph/pool (checked: range-ph-pool-chlorine-routine, range-ph-pool-narrow-operational)."
8c8ad9b899b14da4,"At pH 7.2, approximately 67% of free chlorine is active.",free_chlorine,"glossary/ph.html (env=unspecified, 67-67 %)",,MECHANICAL_CLASSIFICATION_ONLY,CONFLICTING,SOURCE_CONFLICT,"Value 67-67 % does not overlap any canonical range for free_chlorine/unspecified (checked: range-fc-pool-chlorine-no-cya, range-fc-pool-chlorine-with-cya, range-fc-hottub-chlorine-routine)."
4a4c77cbb6a5f301,"At pH 8.0, only 22% is active. pH also affects swimmer comfort (human tears are pH 7.4), surface corrosion (low pH), and scaling (high pH). pH naturally drifts upward in pools as CO2 off-gasses from the water surface.",ph,"glossary/ph.html (env=unspecified, 8-8 ph_units)",,MECHANICAL_CLASSIFICATION_ONLY,CONFLICTING,SOURCE_CONFLICT,"Value 8-8 ph_units does not overlap any canonical range for ph/unspecified (checked: range-ph-pool-chlorine-routine, range-ph-hottub-chlorine-routine, range-ph-hottub-bromine-routine, range-ph-pool-narrow-operational)."
d6f39703f2b1766e,"At pH 8.0, only 22% is active. pH also affects swimmer comfort (human tears are pH 7.4), surface corrosion (low pH), and scaling (high pH). pH naturally drifts upward in pools as CO2 off-gasses from the water surface.",ph,"glossary/ph.html (env=pool, 2-2 ph_units)",,MECHANICAL_CLASSIFICATION_ONLY,CONFLICTING,SOURCE_CONFLICT,"Value 2-2 ph_units does not overlap any canonical range for ph/pool (checked: range-ph-pool-chlorine-routine, range-ph-pool-narrow-operational)."
8572857fd47dee5b,Typical Values &#127919; Pools: 7.2–7.6; Hot tubs: 7.2–7.8; Never above 8.0 Related Resources Pool Ph Calculator Hot Tub Ph Calculator Understanding Ph Ph Adjustment Formula Last reviewed: 2026-06-01,ph,"glossary/ph.html (env=both, 8-8 ph_units)",,MECHANICAL_CLASSIFICATION_ONLY,CONFLICTING,SOURCE_CONFLICT,"Value 8-8 ph_units does not overlap any canonical range for ph/both (checked: range-ph-pool-chlorine-routine, range-ph-hottub-chlorine-routine, range-ph-hottub-bromine-routine, range-ph-pool-narrow-operational)."
fb2ebe05bb5168ca,"Definition Details Values Definition A pool maintenance schedule is a written plan covering daily, weekly, monthly, and seasonal maintenance tasks for pool chemistry and equipment. &#127919; Typical Values: FC/pH: 2x weekly; Full test: monthly; Shock: weekly; Filter clean: monthly In Plain Language …",ph,"glossary/pool-maintenance-schedule.html (env=pool, 2-2 ph_units)",,MECHANICAL_CLASSIFICATION_ONLY,CONFLICTING,SOURCE_CONFLICT,"Value 2-2 ph_units does not overlap any canonical range for ph/pool (checked: range-ph-pool-chlorine-routine, range-ph-pool-narrow-operational)."
b8d1267ad3ad8389,Typical Values &#127919; FC/pH: 2x weekly; Full test: monthly; Shock: weekly; Filter clean: monthly Related Resources Maintenance Schedule Last reviewed: 2026-06-01,ph,"glossary/pool-maintenance-schedule.html (env=unspecified, 2-2 ph_units)",,MECHANICAL_CLASSIFICATION_ONLY,CONFLICTING,SOURCE_CONFLICT,"Value 2-2 ph_units does not overlap any canonical range for ph/unspecified (checked: range-ph-pool-chlorine-routine, range-ph-hottub-chlorine-routine, range-ph-hottub-bromine-routine, range-ph-pool-narrow-operational)."
6abf213c8806fa61,Definition Details Values Definition A pool shock schedule is the planned frequency and timing of pool shock treatments throughout the swimming season. &#127919; Typical Values: Weekly maintenance: shock to 10 ppm FC; Emergency recovery: shock to 30 ppm FC In Plain Language A typical shock schedule:…,free_chlorine,"glossary/pool-shock-schedule.html (env=pool, 10-10 ppm)",,MECHANICAL_CLASSIFICATION_ONLY,CONFLICTING,SOURCE_CONFLICT,"Value 10-10 ppm does not overlap any canonical range for free_chlorine/pool (checked: range-fc-pool-chlorine-no-cya, range-fc-pool-chlorine-with-cya)."
b88b36ba415b7fc4,Definition Details Values Definition A pool shock schedule is the planned frequency and timing of pool shock treatments throughout the swimming season. &#127919; Typical Values: Weekly maintenance: shock to 10 ppm FC; Emergency recovery: shock to 30 ppm FC In Plain Language A typical shock schedule:…,free_chlorine,"glossary/pool-shock-schedule.html (env=pool, 30-30 ppm)",,MECHANICAL_CLASSIFICATION_ONLY,CONFLICTING,SOURCE_CONFLICT,"Value 30-30 ppm does not overlap any canonical range for free_chlorine/pool (checked: range-fc-pool-chlorine-no-cya, range-fc-pool-chlorine-with-cya)."
608025031537cf13,"Shock immediately after any heavy bather load, storm, or combined chlorine reading above 0.5 ppm.",combined_chlorine,"glossary/pool-shock-schedule.html (env=unspecified, 0.5-0.5 ppm)",cdc-mahc-2023,MANUALLY_REVIEWED,CONFLICTING,CONTENT_CITES_0.5_MAHC_SAYS_0.4,Same 0.5-vs-0.4 discrepancy as above.
3dc19e6303b56fc0,"Use 1–2 lbs of cal-hypo per 10,000 gallons for weekly maintenance; higher doses for recovery situations.",pool_volume,"glossary/pool-shock-schedule.html (env=unspecified, 10000-10000 gallons)",,MECHANICAL_CLASSIFICATION_ONLY,NOT_SUPPORTED,SOURCE_NOT_FOUND,"No source in the registry covers ""pool_volume"" at all."
a2aa725a9a52bef2,Typical Values &#127919; Weekly maintenance: shock to 10 ppm FC; Emergency recovery: shock to 30 ppm FC Related Resources Pool Shock Calculator Shock Treatments Explained Shock Formula Last reviewed: 2026-06-01,free_chlorine,"glossary/pool-shock-schedule.html (env=unspecified, 10-10 ppm)",,MECHANICAL_CLASSIFICATION_ONLY,CONFLICTING,SOURCE_CONFLICT,"Value 10-10 ppm does not overlap any canonical range for free_chlorine/unspecified (checked: range-fc-pool-chlorine-no-cya, range-fc-pool-chlorine-with-cya, range-fc-hottub-chlorine-routine)."
7b3c281333d5c0c5,Typical Values &#127919; Weekly maintenance: shock to 10 ppm FC; Emergency recovery: shock to 30 ppm FC Related Resources Pool Shock Calculator Shock Treatments Explained Shock Formula Last reviewed: 2026-06-01,free_chlorine,"glossary/pool-shock-schedule.html (env=pool, 30-30 ppm)",,MECHANICAL_CLASSIFICATION_ONLY,CONFLICTING,SOURCE_CONFLICT,"Value 30-30 ppm does not overlap any canonical range for free_chlorine/pool (checked: range-fc-pool-chlorine-no-cya, range-fc-pool-chlorine-with-cya)."
7602c916d8ee6fa6,"Typical Values &#127919; Common pool: 10,000–25,000 gallons; Hot tubs: 250–500 gallons Related Resources Pool Volume Calculator The Four Core Water Tests Pool Volume Formula Last reviewed: 2026-06-01",pool_volume,"glossary/pool-volume-reference.html (env=pool, 10000-25000 gallons)",,MECHANICAL_CLASSIFICATION_ONLY,NOT_SUPPORTED,SOURCE_NOT_FOUND,"No source in the registry covers ""pool_volume"" at all."
e0ad15eaa79a060e,"Typical Values &#127919; Common pool: 10,000–25,000 gallons; Hot tubs: 250–500 gallons Related Resources Pool Volume Calculator The Four Core Water Tests Pool Volume Formula Last reviewed: 2026-06-01",pool_volume,"glossary/pool-volume-reference.html (env=both, 250-500 gallons)",,MECHANICAL_CLASSIFICATION_ONLY,NOT_SUPPORTED,SOURCE_NOT_FOUND,"No source in the registry covers ""pool_volume"" at all."
6322a31a24a99856,"Typical Values &#127919; Residential pools: 8,000–40,000 gallons; Hot tubs: 200–600 gallons Related Resources Pool Volume Calculator The Four Core Water Tests Pool Volume Formula Last reviewed: 2026-06-01",pool_volume,"glossary/pool-volume.html (env=pool, 8000-40000 gallons)",,MECHANICAL_CLASSIFICATION_ONLY,NOT_SUPPORTED,SOURCE_NOT_FOUND,"No source in the registry covers ""pool_volume"" at all."
124b6b0b5fe3a1ca,"Typical Values &#127919; Residential pools: 8,000–40,000 gallons; Hot tubs: 200–600 gallons Related Resources Pool Volume Calculator The Four Core Water Tests Pool Volume Formula Last reviewed: 2026-06-01",pool_volume,"glossary/pool-volume.html (env=both, 200-600 gallons)",,MECHANICAL_CLASSIFICATION_ONLY,NOT_SUPPORTED,SOURCE_NOT_FOUND,"No source in the registry covers ""pool_volume"" at all."
e5a0dca3a61242c7,"Definition Details Values Definition Salt chlorination (salt water generation) is a system that produces free chlorine continuously by electrolyzing dissolved sodium chloride in pool water. &#127919; Typical Values: Salt level: 2,700–3,400 ppm; CYA for salt pools: 60–80 ppm In Plain Language Salt ch…",salt,"glossary/salt-chlorination.html (env=pool, 2700-3400 ppm)",,MECHANICAL_CLASSIFICATION_ONLY,NOT_SUPPORTED,SOURCE_NOT_FOUND,"Value overlaps range-salt-generic-operating, but that canonical range itself has no confirmed source (status REQUIRES_REVIEW) -- see chemistry-ranges.js."
be1d7d65526739bf,"Definition Details Values Definition Salt chlorination (salt water generation) is a system that produces free chlorine continuously by electrolyzing dissolved sodium chloride in pool water. &#127919; Typical Values: Salt level: 2,700–3,400 ppm; CYA for salt pools: 60–80 ppm In Plain Language Salt ch…",salt,"glossary/salt-chlorination.html (env=pool, 60-80 ppm)",,MECHANICAL_CLASSIFICATION_ONLY,CONFLICTING,SOURCE_CONFLICT,"Value 60-80 ppm does not overlap any canonical range for salt/pool (checked: range-salt-generic-operating, range-salt-pentair, range-salt-autopilot)."
4fa59f4ce4db4531,"Typical Values &#127919; Salt level: 2,700–3,400 ppm; CYA for salt pools: 60–80 ppm Related Resources Saltwater Pool Salt Calculator Salt Systems Salt Formula Last reviewed: 2026-06-01",salt,"glossary/salt-chlorination.html (env=unspecified, 2700-3400 ppm)",,MECHANICAL_CLASSIFICATION_ONLY,NOT_SUPPORTED,SOURCE_NOT_FOUND,"Value overlaps range-salt-generic-operating, but that canonical range itself has no confirmed source (status REQUIRES_REVIEW) -- see chemistry-ranges.js."
92244e72180dbf8b,"Typical Values &#127919; Salt level: 2,700–3,400 ppm; CYA for salt pools: 60–80 ppm Related Resources Saltwater Pool Salt Calculator Salt Systems Salt Formula Last reviewed: 2026-06-01",salt,"glossary/salt-chlorination.html (env=pool, 60-80 ppm)",,MECHANICAL_CLASSIFICATION_ONLY,CONFLICTING,SOURCE_CONFLICT,"Value 60-80 ppm does not overlap any canonical range for salt/pool (checked: range-salt-generic-operating, range-salt-pentair, range-salt-autopilot)."
e8ae45de0d3db536,"Definition Details Values Definition A sanitizer is a chemical agent that reduces microbial contamination in pool water to safe levels for human contact. &#127919; Typical Values: Chlorine: 1–3 ppm (pools); Bromine: 3–6 ppm In Plain Language In pool and spa applications, the primary sanitizers are c…",sanitizer,"glossary/sanitizer.html (env=pool, 1-3 ppm)",,MECHANICAL_CLASSIFICATION_ONLY,NOT_SUPPORTED,REQUIRES_EXPERT_REVIEW,Claim family exists (claim-mixing-chemicals-danger) but no canonical range covers this specific environment/context -- needs individual human review.
eab05ab89dd50a1d,"Definition Details Values Definition A sanitizer is a chemical agent that reduces microbial contamination in pool water to safe levels for human contact. &#127919; Typical Values: Chlorine: 1–3 ppm (pools); Bromine: 3–6 ppm In Plain Language In pool and spa applications, the primary sanitizers are c…",bromine,"glossary/sanitizer.html (env=pool, 3-6 ppm)",cdc-healthy-swimming-what-you-can-do-hot-tubs,MANUALLY_REVIEWED,DIRECT,MATCHES_CDC_RANGE,"3-6 ppm bromine matches CDC guidance closely; page environment tag ""pool"" reflects a generic sanitizer-comparison table, not pool-specific bromine use (bromine is rare in pools)."
85e63d3bd7e63fa4,Typical Values &#127919; Chlorine: 1–3 ppm (pools); Bromine: 3–6 ppm Related Resources Pool Chlorine Calculator Understanding Free Chlorine Bromine Vs Chlorine Liquid Chlorine Formula Last reviewed: 2026-06-01,bromine,"glossary/sanitizer.html (env=pool, 3-6 ppm)",cdc-healthy-swimming-what-you-can-do-hot-tubs,MANUALLY_REVIEWED,DIRECT,MATCHES_CDC_RANGE,Same as above.
e914dd5bc9d0d5ff,Typical Values &#127919; LSI target: -0.3 to +0.3 Related Resources Chemical Calculator Understanding Lsi Lsi Formula Last reviewed: 2026-06-01,lsi,"glossary/saturation-index.html (env=unspecified, -0.3--0.3 )",,MECHANICAL_CLASSIFICATION_ONLY,NOT_SUPPORTED,SOURCE_NOT_FOUND,"No source in the registry covers ""lsi"" at all."
9969727db234656d,Typical Values &#127919; LSI target: -0.3 to +0.3 Related Resources Chemical Calculator Understanding Lsi Lsi Formula Last reviewed: 2026-06-01,lsi,"glossary/saturation-index.html (env=unspecified, 0.3-0.3 )",,MECHANICAL_CLASSIFICATION_ONLY,NOT_SUPPORTED,SOURCE_NOT_FOUND,"No source in the registry covers ""lsi"" at all."
1c67147e05d54219,Glossary 2 min read Updated 2026-06-01 Scaling Water Scaling water has an LSI above +0.,lsi,"glossary/scaling-water.html (env=unspecified, 0-0 )",,MECHANICAL_CLASSIFICATION_ONLY,NOT_SUPPORTED,SOURCE_NOT_FOUND,"No source in the registry covers ""lsi"" at all."
610f4d316237eaba,"Definition Details Values Definition Scaling water has an LSI above +0.3, meaning it is over-saturated with calcium carbonate and will deposit scale on surfaces and equipment. &#127919; Typical Values: LSI above +0.3 indicates scaling tendency; above +0.5 is a concern In Plain Language Over-saturate…",lsi,"glossary/scaling-water.html (env=unspecified, 0.3-0.3 )",,MECHANICAL_CLASSIFICATION_ONLY,NOT_SUPPORTED,SOURCE_NOT_FOUND,"No source in the registry covers ""lsi"" at all."
733ece1fcd2829ed,"Definition Details Values Definition Scaling water has an LSI above +0.3, meaning it is over-saturated with calcium carbonate and will deposit scale on surfaces and equipment. &#127919; Typical Values: LSI above +0.3 indicates scaling tendency; above +0.5 is a concern In Plain Language Over-saturate…",lsi,"glossary/scaling-water.html (env=unspecified, 0.3-0.3 )",,MECHANICAL_CLASSIFICATION_ONLY,NOT_SUPPORTED,SOURCE_NOT_FOUND,"No source in the registry covers ""lsi"" at all."
22fd2632457bea2e,"Definition Details Values Definition Scaling water has an LSI above +0.3, meaning it is over-saturated with calcium carbonate and will deposit scale on surfaces and equipment. &#127919; Typical Values: LSI above +0.3 indicates scaling tendency; above +0.5 is a concern In Plain Language Over-saturate…",lsi,"glossary/scaling-water.html (env=unspecified, 0.5-0.5 )",,MECHANICAL_CLASSIFICATION_ONLY,NOT_SUPPORTED,SOURCE_NOT_FOUND,"No source in the registry covers ""lsi"" at all."
313bf77f83f62a1c,"Preventing scale requires keeping the LSI below +0.3 through pH management, calcium hardness management, and the use of scale inhibitor products in borderline cases.",lsi,"glossary/scaling-water.html (env=unspecified, 0.3-0.3 )",,MECHANICAL_CLASSIFICATION_ONLY,NOT_SUPPORTED,SOURCE_NOT_FOUND,"No source in the registry covers ""lsi"" at all."
372455f8ef1056dd,Typical Values &#127919; LSI above +0.3 indicates scaling tendency; above +0.5 is a concern Related Resources Chemical Calculator Scaling Lsi Formula Last reviewed: 2026-06-01,lsi,"glossary/scaling-water.html (env=unspecified, 0.3-0.3 )",,MECHANICAL_CLASSIFICATION_ONLY,NOT_SUPPORTED,SOURCE_NOT_FOUND,"No source in the registry covers ""lsi"" at all."
102cd30c907b3b70,Typical Values &#127919; LSI above +0.3 indicates scaling tendency; above +0.5 is a concern Related Resources Chemical Calculator Scaling Lsi Formula Last reviewed: 2026-06-01,lsi,"glossary/scaling-water.html (env=unspecified, 0.5-0.5 )",,MECHANICAL_CLASSIFICATION_ONLY,NOT_SUPPORTED,SOURCE_NOT_FOUND,"No source in the registry covers ""lsi"" at all."
b6eb446929e81742,"Definition Details Values Definition Shock dosage refers to the amount of shock product required to raise free chlorine to the target level for the pool volume and treatment goal. &#127919; Typical Values: Maintenance: 1 lb cal-hypo per 10,000 gal raises FC by ~6.5 ppm; Green pool: multiple doses ne…",free_chlorine,"glossary/shock-dosage.html (env=pool, 6.5-6.5 ppm)",,MECHANICAL_CLASSIFICATION_ONLY,CONFLICTING,SOURCE_CONFLICT,"Value 6.5-6.5 ppm does not overlap any canonical range for free_chlorine/pool (checked: range-fc-pool-chlorine-no-cya, range-fc-pool-chlorine-with-cya)."
9db446d8a35a1809,"Typical Values &#127919; Maintenance: 1 lb cal-hypo per 10,000 gal raises FC by ~6.5 ppm; Green pool: multiple doses needed Related Resources Pool Shock Calculator Shock Treatments Explained Shock Formula Last reviewed: 2026-06-01",free_chlorine,"glossary/shock-dosage.html (env=unspecified, 6.5-6.5 ppm)",,MECHANICAL_CLASSIFICATION_ONLY,CONFLICTING,SOURCE_CONFLICT,"Value 6.5-6.5 ppm does not overlap any canonical range for free_chlorine/unspecified (checked: range-fc-pool-chlorine-no-cya, range-fc-pool-chlorine-with-cya, range-fc-hottub-chlorine-routine)."
0fc2d73b49f17b9d,Ideal Range: N/A (raises FC to 10–30 ppm temporarily) Calculators Pool Shock Calculator Hot Tub Shock Calculator Related Breakpoint Chlorination Free Chlorine Combined Chlorine Calcium Hypochlorite Liquid Chlorine Algae Full entity details → Glossary 2 min read Updated 2026-06-01 Shock Shock is the …,free_chlorine,"glossary/shock.html (env=both, 10-30 ppm)",,MECHANICAL_CLASSIFICATION_ONLY,CONFLICTING,SOURCE_CONFLICT,"Value 10-30 ppm does not overlap any canonical range for free_chlorine/both (checked: range-fc-pool-chlorine-no-cya, range-fc-pool-chlorine-with-cya, range-fc-hottub-chlorine-routine)."
d935a38c44c54fc7,"Definition Details Values Definition Shock is the practice of adding a large dose of chlorine or oxidizer to pool water to reach breakpoint chlorination, kill algae, or reset water clarity. &#127919; Typical Values: Standard shock target: 10 ppm FC; Green pool recovery: 30 ppm FC In Plain Language P…",free_chlorine,"glossary/shock.html (env=pool, 10-10 ppm)",,MECHANICAL_CLASSIFICATION_ONLY,CONFLICTING,SOURCE_CONFLICT,"Value 10-10 ppm does not overlap any canonical range for free_chlorine/pool (checked: range-fc-pool-chlorine-no-cya, range-fc-pool-chlorine-with-cya)."
78e871b17cf9977e,"Definition Details Values Definition Shock is the practice of adding a large dose of chlorine or oxidizer to pool water to reach breakpoint chlorination, kill algae, or reset water clarity. &#127919; Typical Values: Standard shock target: 10 ppm FC; Green pool recovery: 30 ppm FC In Plain Language P…",free_chlorine,"glossary/shock.html (env=pool, 30-30 ppm)",,MECHANICAL_CLASSIFICATION_ONLY,CONFLICTING,SOURCE_CONFLICT,"Value 30-30 ppm does not overlap any canonical range for free_chlorine/pool (checked: range-fc-pool-chlorine-no-cya, range-fc-pool-chlorine-with-cya)."
edede5a602573682,Shocking raises free chlorine to 10 ppm or higher — far above the normal maintenance range.,free_chlorine,"glossary/shock.html (env=unspecified, 10-10 ppm)",,MECHANICAL_CLASSIFICATION_ONLY,CONFLICTING,SOURCE_CONFLICT,"Value 10-10 ppm does not overlap any canonical range for free_chlorine/unspecified (checked: range-fc-pool-chlorine-no-cya, range-fc-pool-chlorine-with-cya, range-fc-hottub-chlorine-routine)."
6081ee23ffb68fcb,Typical Values &#127919; Standard shock target: 10 ppm FC; Green pool recovery: 30 ppm FC Related Resources Pool Shock Calculator Shock Treatments Explained Shock Formula Last reviewed: 2026-06-01,free_chlorine,"glossary/shock.html (env=unspecified, 10-10 ppm)",,MECHANICAL_CLASSIFICATION_ONLY,CONFLICTING,SOURCE_CONFLICT,"Value 10-10 ppm does not overlap any canonical range for free_chlorine/unspecified (checked: range-fc-pool-chlorine-no-cya, range-fc-pool-chlorine-with-cya, range-fc-hottub-chlorine-routine)."
4588de732ea3e23f,Typical Values &#127919; Standard shock target: 10 ppm FC; Green pool recovery: 30 ppm FC Related Resources Pool Shock Calculator Shock Treatments Explained Shock Formula Last reviewed: 2026-06-01,free_chlorine,"glossary/shock.html (env=pool, 30-30 ppm)",,MECHANICAL_CLASSIFICATION_ONLY,CONFLICTING,SOURCE_CONFLICT,"Value 30-30 ppm does not overlap any canonical range for free_chlorine/pool (checked: range-fc-pool-chlorine-no-cya, range-fc-pool-chlorine-with-cya)."
4116f12641743bc6,"Definition Details Values Definition Sodium bicarbonate (baking soda) is the standard chemical for raising total alkalinity in pool water. &#127919; Typical Values: Raises TA by 6.7 ppm per pound per 10,000 gallons; minimal pH effect In Plain Language Sodium bicarbonate (NaHCO3) dissolves slowly in …",total_alkalinity,"glossary/sodium-bicarbonate.html (env=pool, 6.7-6.7 ppm)",,MANUALLY_REVIEWED,NOT_SUPPORTED,DOSAGE_COEFFICIENT_NOT_A_TARGET,"Sodium bicarbonate dosage coefficient (6.7 ppm TA rise per lb per 10,000 gal), a formula constant, not a TA target range."
cb279c9a29d4b320,"Definition Details Values Definition Sodium bicarbonate (baking soda) is the standard chemical for raising total alkalinity in pool water. &#127919; Typical Values: Raises TA by 6.7 ppm per pound per 10,000 gallons; minimal pH effect In Plain Language Sodium bicarbonate (NaHCO3) dissolves slowly in …",pool_volume,"glossary/sodium-bicarbonate.html (env=pool, 10000-10000 gallons)",,MECHANICAL_CLASSIFICATION_ONLY,NOT_SUPPORTED,SOURCE_NOT_FOUND,"No source in the registry covers ""pool_volume"" at all."
54289f9f4b181886,"Definition Details Values Definition Sodium bicarbonate (baking soda) is the standard chemical for raising total alkalinity in pool water. &#127919; Typical Values: Raises TA by 6.7 ppm per pound per 10,000 gallons; minimal pH effect In Plain Language Sodium bicarbonate (NaHCO3) dissolves slowly in …",ph,"glossary/sodium-bicarbonate.html (env=pool, 3-3 ph_units)",,MECHANICAL_CLASSIFICATION_ONLY,CONFLICTING,SOURCE_CONFLICT,"Value 3-3 ph_units does not overlap any canonical range for ph/pool (checked: range-ph-pool-chlorine-routine, range-ph-pool-narrow-operational)."
fcefd4432e74c01f,"One pound raises TA by approximately 6.7 ppm per 10,000 gallons.",pool_volume,"glossary/sodium-bicarbonate.html (env=unspecified, 10000-10000 gallons)",,MECHANICAL_CLASSIFICATION_ONLY,NOT_SUPPORTED,SOURCE_NOT_FOUND,"No source in the registry covers ""pool_volume"" at all."
9fb9e950368f238b,"Typical Values &#127919; Raises TA by 6.7 ppm per pound per 10,000 gallons; minimal pH effect Related Resources Pool Alkalinity Calculator Understanding Total Alkalinity Alkalinity Formula Last reviewed: 2026-06-01",total_alkalinity,"glossary/sodium-bicarbonate.html (env=unspecified, 6.7-6.7 ppm)",,MECHANICAL_CLASSIFICATION_ONLY,CONFLICTING,SOURCE_CONFLICT,"Value 6.7-6.7 ppm does not overlap any canonical range for total_alkalinity/unspecified (checked: range-ta-public-pool-standard, range-ta-residential-practical, range-ta-hottub)."
00052d9afa043dd7,"Typical Values &#127919; Raises TA by 6.7 ppm per pound per 10,000 gallons; minimal pH effect Related Resources Pool Alkalinity Calculator Understanding Total Alkalinity Alkalinity Formula Last reviewed: 2026-06-01",pool_volume,"glossary/sodium-bicarbonate.html (env=unspecified, 10000-10000 gallons)",,MECHANICAL_CLASSIFICATION_ONLY,NOT_SUPPORTED,SOURCE_NOT_FOUND,"No source in the registry covers ""pool_volume"" at all."
f46f4f5384f4ac6d,"Definition Details Values Definition Sodium carbonate (soda ash) is used to raise pool water pH with minimal effect on total alkalinity. &#127919; Typical Values: Raises pH by approximately 0.2 units per pound per 10,000 gallons In Plain Language Soda ash (Na2CO3) dissolves quickly in pool water and…",ph,"glossary/sodium-carbonate.html (env=pool, 0.2-0.2 ph_units)",,MECHANICAL_CLASSIFICATION_ONLY,CONFLICTING,SOURCE_CONFLICT,"Value 0.2-0.2 ph_units does not overlap any canonical range for ph/pool (checked: range-ph-pool-chlorine-routine, range-ph-pool-narrow-operational)."
30607aa45ff58e22,"Definition Details Values Definition Sodium carbonate (soda ash) is used to raise pool water pH with minimal effect on total alkalinity. &#127919; Typical Values: Raises pH by approximately 0.2 units per pound per 10,000 gallons In Plain Language Soda ash (Na2CO3) dissolves quickly in pool water and…",pool_volume,"glossary/sodium-carbonate.html (env=pool, 10000-10000 gallons)",,MECHANICAL_CLASSIFICATION_ONLY,NOT_SUPPORTED,SOURCE_NOT_FOUND,"No source in the registry covers ""pool_volume"" at all."
dd5ca404d1f2d5b1,"Typical Values &#127919; Raises pH by approximately 0.2 units per pound per 10,000 gallons Related Resources Pool Ph Calculator Understanding Ph Ph Adjustment Formula Last reviewed: 2026-06-01",ph,"glossary/sodium-carbonate.html (env=pool, 0.2-0.2 ph_units)",,MECHANICAL_CLASSIFICATION_ONLY,CONFLICTING,SOURCE_CONFLICT,"Value 0.2-0.2 ph_units does not overlap any canonical range for ph/pool (checked: range-ph-pool-chlorine-routine, range-ph-pool-narrow-operational)."
6dfcb8f7c46a5bcc,"Typical Values &#127919; Raises pH by approximately 0.2 units per pound per 10,000 gallons Related Resources Pool Ph Calculator Understanding Ph Ph Adjustment Formula Last reviewed: 2026-06-01",pool_volume,"glossary/sodium-carbonate.html (env=pool, 10000-10000 gallons)",,MECHANICAL_CLASSIFICATION_ONLY,NOT_SUPPORTED,SOURCE_NOT_FOUND,"No source in the registry covers ""pool_volume"" at all."
f0aa2fe49c9ebe0b,Liquid Chlorine chemical-product Sodium hypochlorite solution (10–12.5%) — the most commonly used liquid pool sanitizer.,sanitizer,"glossary/sodium-hypochlorite.html (env=pool, 10-12.5 %)",,MANUALLY_REVIEWED,NOT_SUPPORTED,PRODUCT_SPEC_NOT_A_WATER_TARGET,"Same as above -- product concentration, not a water target."
255ab2d1c4809776,Ideal Range: N/A (raises FC to 10–30 ppm temporarily) Calculators Pool Shock Calculator Hot Tub Shock Calculator Related Breakpoint Chlorination Free Chlorine Combined Chlorine Calcium Hypochlorite Liquid Chlorine Algae Full entity details → Glossary 2 min read Updated 2026-06-01 Superchlorination S…,free_chlorine,"glossary/superchlorination.html (env=both, 10-30 ppm)",,MECHANICAL_CLASSIFICATION_ONLY,CONFLICTING,SOURCE_CONFLICT,"Value 10-30 ppm does not overlap any canonical range for free_chlorine/both (checked: range-fc-pool-chlorine-no-cya, range-fc-pool-chlorine-with-cya, range-fc-hottub-chlorine-routine)."
a44ac663aec0ae0c,"Definition Details Values Definition Superchlorination is the practice of raising free chlorine to 10 ppm or higher to destroy chloramines, kill algae, or clear severely compromised water. &#127919; Typical Values: Target FC: 10 ppm (minimum); Green pool: 30 ppm In Plain Language Superchlorination a…",free_chlorine,"glossary/superchlorination.html (env=unspecified, 10-10 ppm)",,MECHANICAL_CLASSIFICATION_ONLY,CONFLICTING,SOURCE_CONFLICT,"Value 10-10 ppm does not overlap any canonical range for free_chlorine/unspecified (checked: range-fc-pool-chlorine-no-cya, range-fc-pool-chlorine-with-cya, range-fc-hottub-chlorine-routine)."
c5a13633d2a80b56,"Definition Details Values Definition Superchlorination is the practice of raising free chlorine to 10 ppm or higher to destroy chloramines, kill algae, or clear severely compromised water. &#127919; Typical Values: Target FC: 10 ppm (minimum); Green pool: 30 ppm In Plain Language Superchlorination a…",free_chlorine,"glossary/superchlorination.html (env=unspecified, 10-10 ppm)",,MECHANICAL_CLASSIFICATION_ONLY,CONFLICTING,SOURCE_CONFLICT,"Value 10-10 ppm does not overlap any canonical range for free_chlorine/unspecified (checked: range-fc-pool-chlorine-no-cya, range-fc-pool-chlorine-with-cya, range-fc-hottub-chlorine-routine)."
4ab425a859f4ca52,"After superchlorination, the pool must be closed to swimmers until FC drops below 5 ppm, typically within 24 hours with the pump running.",free_chlorine,"glossary/superchlorination.html (env=pool, 5-5 ppm)",,MECHANICAL_CLASSIFICATION_ONLY,CONFLICTING,SOURCE_CONFLICT,"Value 5-5 ppm does not overlap any canonical range for free_chlorine/pool (checked: range-fc-pool-chlorine-no-cya, range-fc-pool-chlorine-with-cya)."
4f3c8d7a833aa00e,Typical Values &#127919; Target FC: 10 ppm (minimum); Green pool: 30 ppm Related Resources Pool Shock Calculator Shock Treatments Explained Shock Formula Last reviewed: 2026-06-01,free_chlorine,"glossary/superchlorination.html (env=unspecified, 10-10 ppm)",,MANUALLY_REVIEWED,NOT_SUPPORTED,CORRECT_CLAIM_FAMILY_IS_SHOCK_NOT_ROUTINE,"Superchlorination/shock target (10 ppm min, 30 ppm for green pool), not routine FC. Same architecture gap as above."
d65ac2b0ff3f8743,"When TA is too high (above 200 ppm), pH locks near 8.0 and is very difficult to lower.",total_alkalinity,"glossary/total-alkalinity.html (env=unspecified, 200-200 ppm)",,MECHANICAL_CLASSIFICATION_ONLY,CONFLICTING,SOURCE_CONFLICT,"Value 200-200 ppm does not overlap any canonical range for total_alkalinity/unspecified (checked: range-ta-public-pool-standard, range-ta-residential-practical, range-ta-hottub)."
6542f70aff328279,"When TA is too high (above 200 ppm), pH locks near 8.0 and is very difficult to lower.",ph,"glossary/total-alkalinity.html (env=unspecified, 8-8 ph_units)",,MECHANICAL_CLASSIFICATION_ONLY,CONFLICTING,SOURCE_CONFLICT,"Value 8-8 ph_units does not overlap any canonical range for ph/unspecified (checked: range-ph-pool-chlorine-routine, range-ph-hottub-chlorine-routine, range-ph-hottub-bromine-routine, range-ph-pool-narrow-operational)."
ae61b77b2e0290c2,Typical Values &#127919; Pools and hot tubs: 80–120 ppm; Below 60 ppm: take action; Above 200 ppm: reduce Related Resources Pool Alkalinity Calculator Understanding Total Alkalinity Alkalinity Formula Last reviewed: 2026-06-01,total_alkalinity,"glossary/total-alkalinity.html (env=pool, 200-200 ppm)",,MECHANICAL_CLASSIFICATION_ONLY,CONFLICTING,SOURCE_CONFLICT,"Value 200-200 ppm does not overlap any canonical range for total_alkalinity/pool (checked: range-ta-public-pool-standard, range-ta-residential-practical)."
474e320f4d98d479,"Ideal Range: Below 2,000 ppm (pools); below 1,500 ppm above baseline (spas) Related Water Replacement Hot Tub Salt Full entity details → Glossary 2 min read Updated 2026-06-01 Total Dissolved Solids Total dissolved solids measures the total concentration of all dissolved substances in pool water, ex…",salt,"glossary/total-dissolved-solids.html (env=both, 1500-1500 ppm)",,MECHANICAL_CLASSIFICATION_ONLY,CONFLICTING,SOURCE_CONFLICT,"Value 1500-1500 ppm does not overlap any canonical range for salt/both (checked: range-salt-generic-operating, range-salt-pentair, range-salt-autopilot)."
345f152236c02def,"Definition Details Values Definition Total dissolved solids measures the total concentration of all dissolved substances in pool water, expressed in ppm. &#127919; Typical Values: Hot tubs: change water when TDS exceeds 1,500 ppm over fill water baseline; Pools: monitor; Salt pools: 3,000–5,000 ppm …",salt,"glossary/total-dissolved-solids.html (env=pool, 3000-5000 ppm)",,MECHANICAL_CLASSIFICATION_ONLY,NOT_SUPPORTED,SOURCE_NOT_FOUND,"Value overlaps range-salt-generic-operating, but that canonical range itself has no confirmed source (status REQUIRES_REVIEW) -- see chemistry-ranges.js."
af18b987e2993e3e,"Typical Values &#127919; Hot tubs: change water when TDS exceeds 1,500 ppm over fill water baseline; Pools: monitor; Salt pools: 3,000–5,000 ppm (salt contributes significantly) Related Resources Refilling Your Hot Tub Last reviewed: 2026-06-01",salt,"glossary/total-dissolved-solids.html (env=both, 3000-5000 ppm)",,MECHANICAL_CLASSIFICATION_ONLY,NOT_SUPPORTED,SOURCE_NOT_FOUND,"Value overlaps range-salt-generic-operating, but that canonical range itself has no confirmed source (status REQUIRES_REVIEW) -- see chemistry-ranges.js."
fc24cef736dffc22,"Definition Details Values Definition Total hardness measures all divalent mineral ions in water (calcium and magnesium), while pool chemistry specifically uses only calcium hardness. &#127919; Typical Values: Pool targets use calcium hardness; calcium is ~60–70% of total hardness in typical tap wate…",calcium_hardness,"glossary/total-hardness.html (env=pool, 60-70 %)",,MECHANICAL_CLASSIFICATION_ONLY,CONFLICTING,SOURCE_CONFLICT,"Value 60-70 % does not overlap any canonical range for calcium_hardness/pool (checked: range-ch-public-pool-standard, range-ch-residential-practical)."
fd7222f7d2c3dfd2,"When comparing tap water hardness reports (which give total hardness) to pool targets (calcium hardness), note that calcium typically represents 60–70% of total hardness in most water supplies.",calcium_hardness,"glossary/total-hardness.html (env=pool, 60-70 %)",,MECHANICAL_CLASSIFICATION_ONLY,CONFLICTING,SOURCE_CONFLICT,"Value 60-70 % does not overlap any canonical range for calcium_hardness/pool (checked: range-ch-public-pool-standard, range-ch-residential-practical)."
b116dd676458a80f,Typical Values &#127919; Pool targets use calcium hardness; calcium is ~60–70% of total hardness in typical tap water Related Resources Understanding Calcium Hardness Last reviewed: 2026-06-01,calcium_hardness,"glossary/total-hardness.html (env=pool, 60-70 %)",,MECHANICAL_CLASSIFICATION_ONLY,CONFLICTING,SOURCE_CONFLICT,"Value 60-70 % does not overlap any canonical range for calcium_hardness/pool (checked: range-ch-public-pool-standard, range-ch-residential-practical)."
1699953600c05015,Definition Details Values Definition Trichlor (trichloroisocyanuric acid) is a slow-dissolving stabilised chlorine tablet that delivers free chlorine and cyanuric acid simultaneously. &#127919; Typical Values: Available chlorine: ~90%; CYA: ~58% by weight; pH in solution: ~2.8 In Plain Language Tric…,cyanuric_acid,"glossary/trichlor.html (env=unspecified, 90-90 %)",,MECHANICAL_CLASSIFICATION_ONLY,CONFLICTING,SOURCE_CONFLICT,"Value 90-90 % does not overlap any canonical range for cyanuric_acid/unspecified (checked: range-cya-public-pool-incident-response-max, range-cya-residential-routine-outdoor, range-cya-saltwater-outdoor, range-cya-hottub)."
5e172bbebdda09ba,Definition Details Values Definition Trichlor (trichloroisocyanuric acid) is a slow-dissolving stabilised chlorine tablet that delivers free chlorine and cyanuric acid simultaneously. &#127919; Typical Values: Available chlorine: ~90%; CYA: ~58% by weight; pH in solution: ~2.8 In Plain Language Tric…,cyanuric_acid,"glossary/trichlor.html (env=unspecified, 58-58 %)",,MECHANICAL_CLASSIFICATION_ONLY,CONFLICTING,SOURCE_CONFLICT,"Value 58-58 % does not overlap any canonical range for cyanuric_acid/unspecified (checked: range-cya-public-pool-incident-response-max, range-cya-residential-routine-outdoor, range-cya-saltwater-outdoor, range-cya-hottub)."
0c84a9a998fa1175,Definition Details Values Definition Trichlor (trichloroisocyanuric acid) is a slow-dissolving stabilised chlorine tablet that delivers free chlorine and cyanuric acid simultaneously. &#127919; Typical Values: Available chlorine: ~90%; CYA: ~58% by weight; pH in solution: ~2.8 In Plain Language Tric…,ph,"glossary/trichlor.html (env=unspecified, 2.8-2.8 ph_units)",,MECHANICAL_CLASSIFICATION_ONLY,CONFLICTING,SOURCE_CONFLICT,"Value 2.8-2.8 ph_units does not overlap any canonical range for ph/unspecified (checked: range-ph-pool-chlorine-routine, range-ph-hottub-chlorine-routine, range-ph-hottub-bromine-routine, range-ph-pool-narrow-operational)."
a68ba736892fa6c2,Typical Values &#127919; Available chlorine: ~90%; CYA: ~58% by weight; pH in solution: ~2.8 Related Resources Pool Chlorine Calculator Pool Cyanuric Acid Calculator Liquid Chlorine Vs Tablets Cya Formula Last reviewed: 2026-06-01,cyanuric_acid,"glossary/trichlor.html (env=unspecified, 58-58 %)",,MANUALLY_REVIEWED,NOT_SUPPORTED,PRODUCT_SPEC_NOT_A_WATER_TARGET,"Trichlor tablet CYA-by-weight product spec (58%), not a pool-water CYA target."
5428b50176e58d3e,Typical Values &#127919; Available chlorine: ~90%; CYA: ~58% by weight; pH in solution: ~2.8 Related Resources Pool Chlorine Calculator Pool Cyanuric Acid Calculator Liquid Chlorine Vs Tablets Cya Formula Last reviewed: 2026-06-01,ph,"glossary/trichlor.html (env=pool, 2.8-2.8 ph_units)",,MECHANICAL_CLASSIFICATION_ONLY,CONFLICTING,SOURCE_CONFLICT,"Value 2.8-2.8 ph_units does not overlap any canonical range for ph/pool (checked: range-ph-pool-chlorine-routine, range-ph-pool-narrow-operational)."
e34fe548e90b2207,"Why It Matters UV systems can reduce chlorine demand by 50–80%, reducing chloramine formation and the quantity of chemicals needed.",chlorine_demand,"glossary/uv-sanitization.html (env=unspecified, 50-80 %)",,MECHANICAL_CLASSIFICATION_ONLY,NOT_SUPPORTED,SOURCE_NOT_FOUND,"No source in the registry covers ""chlorine_demand"" at all."
670d4d1a41c40c92,Pool temperature typically ranges from 78–84°F; hot tub temperature from 98–104°F.,water_temperature,"glossary/water-temperature.html (env=pool, 78-84 °f)",,MECHANICAL_CLASSIFICATION_ONLY,NOT_SUPPORTED,SOURCE_NOT_FOUND,"No source in the registry covers ""water_temperature"" at all."
59ef846ac90bf599,Pool temperature typically ranges from 78–84°F; hot tub temperature from 98–104°F.,water_temperature,"glossary/water-temperature.html (env=hot_tub, 98-104 °f)",,MECHANICAL_CLASSIFICATION_ONLY,NOT_SUPPORTED,SOURCE_NOT_FOUND,"No source in the registry covers ""water_temperature"" at all."
ede16d7657d6e59b,Typical Values &#127919; Pool: 78–84°F; Hot tub: 98–104°F; Maximum safe: 104°F Related Resources How Temperature Changes Water Chemistry Lsi Formula Last reviewed: 2026-06-01,water_temperature,"glossary/water-temperature.html (env=hot_tub, 104-104 °f)",,MECHANICAL_CLASSIFICATION_ONLY,NOT_SUPPORTED,SOURCE_NOT_FOUND,"No source in the registry covers ""water_temperature"" at all."
b325d3efcbe9160a,"If FC exceeds 20 ppm, partial dilution may be needed.",free_chlorine,"guides/chlorine/chlorine-too-high-after-shocking.html (env=unspecified, 20-20 ppm)",,MECHANICAL_CLASSIFICATION_ONLY,CONFLICTING,SOURCE_CONFLICT,"Value 20-20 ppm does not overlap any canonical range for free_chlorine/unspecified (checked: range-fc-pool-chlorine-no-cya, range-fc-pool-chlorine-with-cya, range-fc-hottub-chlorine-routine)."
cb1fe80f438b0abd,"FC levels after shocking — what to do FC reading Status Action < 5 ppm Safe to swim None required 5–10 ppm High — wait Run pump; retest in 12–24 h 10–20 ppm Very high Run pump, maximize sunlight, retest in 24–48 h 20–30 ppm Excessive Consider 10–20% dilution; run pump continuously > 30 ppm Over-shoc…",free_chlorine,"guides/chlorine/chlorine-too-high-after-shocking.html (env=unspecified, 10-20 ppm)",,MECHANICAL_CLASSIFICATION_ONLY,CONFLICTING,SOURCE_CONFLICT,"Value 10-20 ppm does not overlap any canonical range for free_chlorine/unspecified (checked: range-fc-pool-chlorine-no-cya, range-fc-pool-chlorine-with-cya, range-fc-hottub-chlorine-routine)."
a8b30d47e95fa371,"FC levels after shocking — what to do FC reading Status Action < 5 ppm Safe to swim None required 5–10 ppm High — wait Run pump; retest in 12–24 h 10–20 ppm Very high Run pump, maximize sunlight, retest in 24–48 h 20–30 ppm Excessive Consider 10–20% dilution; run pump continuously > 30 ppm Over-shoc…",free_chlorine,"guides/chlorine/chlorine-too-high-after-shocking.html (env=unspecified, 20-30 ppm)",,MECHANICAL_CLASSIFICATION_ONLY,CONFLICTING,SOURCE_CONFLICT,"Value 20-30 ppm does not overlap any canonical range for free_chlorine/unspecified (checked: range-fc-pool-chlorine-no-cya, range-fc-pool-chlorine-with-cya, range-fc-hottub-chlorine-routine)."
6c6cb57f0a130c5d,"FC levels after shocking — what to do FC reading Status Action < 5 ppm Safe to swim None required 5–10 ppm High — wait Run pump; retest in 12–24 h 10–20 ppm Very high Run pump, maximize sunlight, retest in 24–48 h 20–30 ppm Excessive Consider 10–20% dilution; run pump continuously > 30 ppm Over-shoc…",free_chlorine,"guides/chlorine/chlorine-too-high-after-shocking.html (env=unspecified, 10-20 %)",,MECHANICAL_CLASSIFICATION_ONLY,CONFLICTING,SOURCE_CONFLICT,"Value 10-20 % does not overlap any canonical range for free_chlorine/unspecified (checked: range-fc-pool-chlorine-no-cya, range-fc-pool-chlorine-with-cya, range-fc-hottub-chlorine-routine)."
76432170c84d3438,"FC levels after shocking — what to do FC reading Status Action < 5 ppm Safe to swim None required 5–10 ppm High — wait Run pump; retest in 12–24 h 10–20 ppm Very high Run pump, maximize sunlight, retest in 24–48 h 20–30 ppm Excessive Consider 10–20% dilution; run pump continuously > 30 ppm Over-shoc…",free_chlorine,"guides/chlorine/chlorine-too-high-after-shocking.html (env=unspecified, 30-30 ppm)",,MECHANICAL_CLASSIFICATION_ONLY,CONFLICTING,SOURCE_CONFLICT,"Value 30-30 ppm does not overlap any canonical range for free_chlorine/unspecified (checked: range-fc-pool-chlorine-no-cya, range-fc-pool-chlorine-with-cya, range-fc-hottub-chlorine-routine)."
bdbab356a85ecf26,Partial dilution — drain 15–20% and refill with fresh water only if FC is above 20 ppm and you need a quicker turnaround.,free_chlorine,"guides/chlorine/chlorine-too-high-after-shocking.html (env=unspecified, 20-20 ppm)",,MECHANICAL_CLASSIFICATION_ONLY,CONFLICTING,SOURCE_CONFLICT,"Value 20-20 ppm does not overlap any canonical range for free_chlorine/unspecified (checked: range-fc-pool-chlorine-no-cya, range-fc-pool-chlorine-with-cya, range-fc-hottub-chlorine-routine)."
9a448e88a797f8fa,"If TC minus FC exceeds 0.5 ppm, shock to break down the combined chlorine.",free_chlorine,"guides/chlorine/free-chlorine-vs-total-chlorine.html (env=unspecified, 0.5-0.5 ppm)",,MECHANICAL_CLASSIFICATION_ONLY,CONFLICTING,SOURCE_CONFLICT,"Value 0.5-0.5 ppm does not overlap any canonical range for free_chlorine/unspecified (checked: range-fc-pool-chlorine-no-cya, range-fc-pool-chlorine-with-cya, range-fc-hottub-chlorine-routine)."
e8f33dbeb078e776,"Free chlorine (FC) is the only portion that actively kills bacteria and algae Combined chlorine (CC) = TC − FC; above 0.5 ppm indicates a chloramine problem The chlorine smell in pools is almost always combined chlorine, not excess free chlorine Breakpoint shock at 10× CC reading destroys chloramine…",combined_chlorine,"guides/chlorine/free-chlorine-vs-total-chlorine.html (env=pool, 0.5-0.5 ppm)",,MECHANICAL_CLASSIFICATION_ONLY,CONFLICTING,SOURCE_CONFLICT,Value 0.5-0.5 ppm does not overlap any canonical range for combined_chlorine/pool (checked: range-cc-pool-hottub-max).
4d369da4d01eb53b,"The three forms of chlorine Form What it is Target Free chlorine (FC) Active hypochlorous acid; kills pathogens 1–3 ppm (pools), 3–5 ppm (spas) Combined chlorine (CC) Chloramines from FC reacting with ammonia/nitrogen < 0.5 ppm Total chlorine (TC) FC + CC; total chlorine in the water TC = FC when CC…",combined_chlorine,"guides/chlorine/free-chlorine-vs-total-chlorine.html (env=hot_tub, 3-5 ppm)",,MECHANICAL_CLASSIFICATION_ONLY,NOT_SUPPORTED,REQUIRES_EXPERT_REVIEW,Claim family exists (claim-cc-minimize) but no canonical range covers this specific environment/context -- needs individual human review.
9851053f2310edfc,"The three forms of chlorine Form What it is Target Free chlorine (FC) Active hypochlorous acid; kills pathogens 1–3 ppm (pools), 3–5 ppm (spas) Combined chlorine (CC) Chloramines from FC reacting with ammonia/nitrogen < 0.5 ppm Total chlorine (TC) FC + CC; total chlorine in the water TC = FC when CC…",total_chlorine,"guides/chlorine/free-chlorine-vs-total-chlorine.html (env=hot_tub, 0.5-0.5 ppm)",,MANUALLY_REVIEWED,NOT_SUPPORTED,NO_TC_RANGE_EXISTS,"Same -- derived-quantity table cell (CC<0.5 column, hot tub)."
657411fff8213ab1,"When to interpret your readings FC = 2 ppm, TC = 2 ppm — Perfect.",total_chlorine,"guides/chlorine/free-chlorine-vs-total-chlorine.html (env=unspecified, 2-2 ppm)",,MECHANICAL_CLASSIFICATION_ONLY,NOT_SUPPORTED,SOURCE_NOT_FOUND,"No source in the registry covers ""total_chlorine"" at all."
dc2f7d8b382b051a,"FC = 1 ppm, TC = 2 ppm — CC = 1 ppm.",total_chlorine,"guides/chlorine/free-chlorine-vs-total-chlorine.html (env=unspecified, 2-2 ppm)",,MANUALLY_REVIEWED,NOT_SUPPORTED,NO_TC_RANGE_EXISTS,"Worked example (FC=1,TC=2,CC=1) demonstrating the FC+CC=TC relationship, not a target claim."
8cebe83a7d7080e2,"FC = 1 ppm, TC = 2 ppm — CC = 1 ppm.",combined_chlorine,"guides/chlorine/free-chlorine-vs-total-chlorine.html (env=unspecified, 1-1 ppm)",,MECHANICAL_CLASSIFICATION_ONLY,CONFLICTING,SOURCE_CONFLICT,Value 1-1 ppm does not overlap any canonical range for combined_chlorine/unspecified (checked: range-cc-pool-hottub-max).
9c6d422b5496a6d5,Needs breakpoint shock (10 ppm FC).,free_chlorine,"guides/chlorine/free-chlorine-vs-total-chlorine.html (env=unspecified, 10-10 ppm)",,MECHANICAL_CLASSIFICATION_ONLY,CONFLICTING,SOURCE_CONFLICT,"Value 10-10 ppm does not overlap any canonical range for free_chlorine/unspecified (checked: range-fc-pool-chlorine-no-cya, range-fc-pool-chlorine-with-cya, range-fc-hottub-chlorine-routine)."
75fdd9a25d3aaf64,"FC = 0, TC = 1 ppm — All chlorine is combined; no free chlorine.",total_chlorine,"guides/chlorine/free-chlorine-vs-total-chlorine.html (env=unspecified, 1-1 ppm)",,MECHANICAL_CLASSIFICATION_ONLY,NOT_SUPPORTED,SOURCE_NOT_FOUND,"No source in the registry covers ""total_chlorine"" at all."
b73a46b1ad2b69ce,"Solve it by shocking to breakpoint, clearing organic matter, and confirming CYA is 30–50 ppm.",cyanuric_acid,"guides/chlorine/why-pool-chlorine-disappears-overnight.html (env=unspecified, 30-50 ppm)",,MECHANICAL_CLASSIFICATION_ONLY,NOT_SUPPORTED,SOURCE_NOT_FOUND,"Value overlaps range-cya-residential-routine-outdoor, but that canonical range itself has no confirmed source (status REQUIRES_REVIEW) -- see chemistry-ranges.js."
fc973617044e71a7,"Overnight FC loss is almost always a chlorine demand issue, not a dosing problem Common causes: algae, high phosphates, insufficient CYA, organic debris The fix is a large breakpoint shock dose — not just topping up FC Check CYA levels; below 30 ppm outdoors loses FC rapidly to UV When free chlorine…",free_chlorine,"guides/chlorine/why-pool-chlorine-disappears-overnight.html (env=unspecified, 30-30 ppm)",,MECHANICAL_CLASSIFICATION_ONLY,CONFLICTING,SOURCE_CONFLICT,"Value 30-30 ppm does not overlap any canonical range for free_chlorine/unspecified (checked: range-fc-pool-chlorine-no-cya, range-fc-pool-chlorine-with-cya, range-fc-hottub-chlorine-routine)."
0a261a5efd940745,"Causes and fixes Cause Signs Fix Early algae (invisible) FC at zero in AM, slightly green tint Triple-dose shock + brush walls High phosphates FC drops despite regular dosing Phosphate remover, then shock CYA too low (<30 ppm) FC fine in evening, gone by morning Add stabilizer to 30–50 ppm Heavy deb…",free_chlorine,"guides/chlorine/why-pool-chlorine-disappears-overnight.html (env=unspecified, 30-30 ppm)",,MECHANICAL_CLASSIFICATION_ONLY,CONFLICTING,SOURCE_CONFLICT,"Value 30-30 ppm does not overlap any canonical range for free_chlorine/unspecified (checked: range-fc-pool-chlorine-no-cya, range-fc-pool-chlorine-with-cya, range-fc-hottub-chlorine-routine)."
563acee2d23a9003,"Causes and fixes Cause Signs Fix Early algae (invisible) FC at zero in AM, slightly green tint Triple-dose shock + brush walls High phosphates FC drops despite regular dosing Phosphate remover, then shock CYA too low (<30 ppm) FC fine in evening, gone by morning Add stabilizer to 30–50 ppm Heavy deb…",cyanuric_acid,"guides/chlorine/why-pool-chlorine-disappears-overnight.html (env=unspecified, 30-50 ppm)",,MECHANICAL_CLASSIFICATION_ONLY,NOT_SUPPORTED,SOURCE_NOT_FOUND,"Value overlaps range-cya-residential-routine-outdoor, but that canonical range itself has no confirmed source (status REQUIRES_REVIEW) -- see chemistry-ranges.js."
ae169cce926cd1d6,Preventive steps Test CYA monthly and maintain 30–50 ppm for outdoor pools.,cyanuric_acid,"guides/chlorine/why-pool-chlorine-disappears-overnight.html (env=pool, 30-50 ppm)",,MECHANICAL_CLASSIFICATION_ONLY,NOT_SUPPORTED,SOURCE_NOT_FOUND,"Value overlaps range-cya-residential-routine-outdoor, but that canonical range itself has no confirmed source (status REQUIRES_REVIEW) -- see chemistry-ranges.js."
5a713709cf32519c,"Why Pool Won't Hold Chlorine Quick Answer A pool that burns through chlorine is experiencing chlorine demand — the most common causes are insufficient cyanuric acid (CYA below 30 ppm), algae growth, high phosphate levels, or a heavy organic load from debris or bathers.",cyanuric_acid,"guides/chlorine/why-pool-wont-hold-chlorine.html (env=pool, 30-30 ppm)",,MECHANICAL_CLASSIFICATION_ONLY,NOT_SUPPORTED,SOURCE_NOT_FOUND,"Value overlaps range-cya-residential-routine-outdoor, but that canonical range itself has no confirmed source (status REQUIRES_REVIEW) -- see chemistry-ranges.js."
879861d862ee2a30,CYA below 30 ppm causes FC to break down in direct sunlight within hours Algae — even invisible — can consume an entire FC dose overnight High phosphates feed algae and accelerate chlorine depletion Brushing walls and vacuuming before shocking dramatically improves results When chlorine disappears f…,cyanuric_acid,"guides/chlorine/why-pool-wont-hold-chlorine.html (env=unspecified, 30-30 ppm)",,MECHANICAL_CLASSIFICATION_ONLY,NOT_SUPPORTED,SOURCE_NOT_FOUND,"Value overlaps range-cya-residential-routine-outdoor, but that canonical range itself has no confirmed source (status REQUIRES_REVIEW) -- see chemistry-ranges.js."
7e914d9b63cf315f,Diagnostic checklist What to test Target If out of range Cyanuric acid (CYA) 30–50 ppm outdoor Add stabilizer; FC will last much longer Phosphates < 200 ppb Use phosphate remover before shocking Combined chlorine (CC) < 0.5 ppm Breakpoint shock to 10× CC reading pH 7.2–7.6 High pH destroys chlorine …,cyanuric_acid,"guides/chlorine/why-pool-wont-hold-chlorine.html (env=unspecified, 30-50 ppm)",,MECHANICAL_CLASSIFICATION_ONLY,NOT_SUPPORTED,SOURCE_NOT_FOUND,"Value overlaps range-cya-residential-routine-outdoor, but that canonical range itself has no confirmed source (status REQUIRES_REVIEW) -- see chemistry-ranges.js."
a21b479f0ba6c57b,Diagnostic checklist What to test Target If out of range Cyanuric acid (CYA) 30–50 ppm outdoor Add stabilizer; FC will last much longer Phosphates < 200 ppb Use phosphate remover before shocking Combined chlorine (CC) < 0.5 ppm Breakpoint shock to 10× CC reading pH 7.2–7.6 High pH destroys chlorine …,combined_chlorine,"guides/chlorine/why-pool-wont-hold-chlorine.html (env=unspecified, 0.5-0.5 ppm)",,MECHANICAL_CLASSIFICATION_ONLY,CONFLICTING,SOURCE_CONFLICT,Value 0.5-0.5 ppm does not overlap any canonical range for combined_chlorine/unspecified (checked: range-cc-pool-hottub-max).
3acce321a7eb50cf,Keep CYA at 30–50 ppm for pools using traditional chlorine.,cyanuric_acid,"guides/chlorine/why-pool-wont-hold-chlorine.html (env=pool, 30-50 ppm)",,MECHANICAL_CLASSIFICATION_ONLY,NOT_SUPPORTED,SOURCE_NOT_FOUND,"Value overlaps range-cya-residential-routine-outdoor, but that canonical range itself has no confirmed source (status REQUIRES_REVIEW) -- see chemistry-ranges.js."
0b96dfec0d938636,Salt water pools can run slightly higher (60–80 ppm).,salt,"guides/chlorine/why-pool-wont-hold-chlorine.html (env=pool, 60-80 ppm)",,MECHANICAL_CLASSIFICATION_ONLY,CONFLICTING,SOURCE_CONFLICT,"Value 60-80 ppm does not overlap any canonical range for salt/pool (checked: range-salt-generic-operating, range-salt-pentair, range-salt-autopilot)."
5ba51d505879a9b6,Calculator Pool Chlorine Calculator · pH Calculator Related Pool Chemistry Guides Related in this topic Index Index — 1 Index — 2 Index — 3 Index — 4 Related topics Pool pH adjustment calculator Low Alkalinity Symptoms Tools Full pool chemical calculator Hub guide Pool chemistry basics (hub) Typical…,ph,"guides/edge-cases/rain-effect-on-pool-chemistry.html (env=pool, 1-1 ph_units)",,MECHANICAL_CLASSIFICATION_ONLY,CONFLICTING,SOURCE_CONFLICT,"Value 1-1 ph_units does not overlap any canonical range for ph/pool (checked: range-ph-pool-chlorine-routine, range-ph-pool-narrow-operational)."
1b7625c8db2fc085,Calculator Pool Chlorine Calculator · pH Calculator Related Pool Chemistry Guides Related in this topic Index Index — 1 Index — 2 Index — 3 Index — 4 Related topics Pool pH adjustment calculator Low Alkalinity Symptoms Tools Full pool chemical calculator Hub guide Pool chemistry basics (hub) Typical…,ph,"guides/edge-cases/rain-effect-on-pool-chemistry.html (env=pool, 2-2 ph_units)",,MECHANICAL_CLASSIFICATION_ONLY,CONFLICTING,SOURCE_CONFLICT,"Value 2-2 ph_units does not overlap any canonical range for ph/pool (checked: range-ph-pool-chlorine-routine, range-ph-pool-narrow-operational)."
adcacc040cfc2a21,Calculator Pool Chlorine Calculator · pH Calculator Related Pool Chemistry Guides Related in this topic Index Index — 1 Index — 2 Index — 3 Index — 4 Related topics Pool pH adjustment calculator Low Alkalinity Symptoms Tools Full pool chemical calculator Hub guide Pool chemistry basics (hub) Typical…,ph,"guides/edge-cases/rain-effect-on-pool-chemistry.html (env=pool, 3-3 ph_units)",,MECHANICAL_CLASSIFICATION_ONLY,CONFLICTING,SOURCE_CONFLICT,"Value 3-3 ph_units does not overlap any canonical range for ph/pool (checked: range-ph-pool-chlorine-routine, range-ph-pool-narrow-operational)."
ea642ccd584f6bfa,Calculator Pool Chlorine Calculator · pH Calculator Related Pool Chemistry Guides Related in this topic Index Index — 1 Index — 2 Index — 3 Index — 4 Related topics Pool pH adjustment calculator Low Alkalinity Symptoms Tools Full pool chemical calculator Hub guide Pool chemistry basics (hub) Typical…,ph,"guides/edge-cases/rain-effect-on-pool-chemistry.html (env=pool, 4-4 ph_units)",,MECHANICAL_CLASSIFICATION_ONLY,CONFLICTING,SOURCE_CONFLICT,"Value 4-4 ph_units does not overlap any canonical range for ph/pool (checked: range-ph-pool-chlorine-routine, range-ph-pool-narrow-operational)."
dd72e97b3e60fc67,Calculator Open hot tub chlorine calculator All hot tub pages Hot Tub Chlorine Calculator Hot Tub Shock Calculator Spa Volume Calculator Hot tub chemicals — 200 gal Hot tub chemicals — 300 gal Hot tub chemicals — 400 gal Hot tub chemicals — 500 gal Hot tub chemicals — 600 gal ← Pool chemistry basics…,pool_volume,"guides/hot-tub-chemistry.html (env=both, 200-200 gal)",,MECHANICAL_CLASSIFICATION_ONLY,NOT_SUPPORTED,SOURCE_NOT_FOUND,"No source in the registry covers ""pool_volume"" at all."
4b3dfd307e521d60,Calculator Open hot tub chlorine calculator All hot tub pages Hot Tub Chlorine Calculator Hot Tub Shock Calculator Spa Volume Calculator Hot tub chemicals — 200 gal Hot tub chemicals — 300 gal Hot tub chemicals — 400 gal Hot tub chemicals — 500 gal Hot tub chemicals — 600 gal ← Pool chemistry basics…,pool_volume,"guides/hot-tub-chemistry.html (env=both, 300-300 gal)",,MECHANICAL_CLASSIFICATION_ONLY,NOT_SUPPORTED,SOURCE_NOT_FOUND,"No source in the registry covers ""pool_volume"" at all."
73f3ec37ab1dd75d,Calculator Open hot tub chlorine calculator All hot tub pages Hot Tub Chlorine Calculator Hot Tub Shock Calculator Spa Volume Calculator Hot tub chemicals — 200 gal Hot tub chemicals — 300 gal Hot tub chemicals — 400 gal Hot tub chemicals — 500 gal Hot tub chemicals — 600 gal ← Pool chemistry basics…,pool_volume,"guides/hot-tub-chemistry.html (env=both, 400-400 gal)",,MECHANICAL_CLASSIFICATION_ONLY,NOT_SUPPORTED,SOURCE_NOT_FOUND,"No source in the registry covers ""pool_volume"" at all."
91c70418e552bf8e,Calculator Open hot tub chlorine calculator All hot tub pages Hot Tub Chlorine Calculator Hot Tub Shock Calculator Spa Volume Calculator Hot tub chemicals — 200 gal Hot tub chemicals — 300 gal Hot tub chemicals — 400 gal Hot tub chemicals — 500 gal Hot tub chemicals — 600 gal ← Pool chemistry basics…,pool_volume,"guides/hot-tub-chemistry.html (env=both, 500-500 gal)",,MECHANICAL_CLASSIFICATION_ONLY,NOT_SUPPORTED,SOURCE_NOT_FOUND,"No source in the registry covers ""pool_volume"" at all."
414ede880c7c3e1d,Calculator Open hot tub chlorine calculator All hot tub pages Hot Tub Chlorine Calculator Hot Tub Shock Calculator Spa Volume Calculator Hot tub chemicals — 200 gal Hot tub chemicals — 300 gal Hot tub chemicals — 400 gal Hot tub chemicals — 500 gal Hot tub chemicals — 600 gal ← Pool chemistry basics…,pool_volume,"guides/hot-tub-chemistry.html (env=both, 600-600 gal)",,MECHANICAL_CLASSIFICATION_ONLY,NOT_SUPPORTED,SOURCE_NOT_FOUND,"No source in the registry covers ""pool_volume"" at all."
597af575f7b6c45b,"Target total alkalinity for hot tubs is 80–120 ppm Lower TA with muriatic acid added in front of a jet — not broadcast across the surface After adding acid, aerate (jets on, cover off) to allow pH to recover naturally It is common to require 2–3 treatments over 24 hours to lower TA significantly Hig…",total_alkalinity,"guides/hot-tub/hot-tub-alkalinity-too-high.html (env=hot_tub, 80-120 ppm)",,MECHANICAL_CLASSIFICATION_ONLY,NOT_SUPPORTED,SOURCE_NOT_FOUND,"Value overlaps range-ta-hottub, but that canonical range itself has no confirmed source (status REQUIRES_REVIEW) -- see chemistry-ranges.js."
04d38ac4be76e18e,"Signs of high alkalinity in a hot tub pH that keeps rising and resists acid corrections Cloudy or milky water White scale on the shell, jets, and heater TA test reads above 150 ppm How to lower hot tub alkalinity Step Action Details 1 Test TA and pH Baseline both readings before treatment 2 Add muri…",total_alkalinity,"guides/hot-tub/hot-tub-alkalinity-too-high.html (env=hot_tub, 150-150 ppm)",,MANUALLY_REVIEWED,NOT_SUPPORTED,THRESHOLD_ABOVE_RANGE_BY_DESIGN,"""TA test reads above 150 ppm"" is describing a HIGH-alkalinity troubleshooting scenario (intentionally above the 80-120 target) -- consistent with, not conflicting with, the target range."
4a98ad508554b03a,"Signs of high alkalinity in a hot tub pH that keeps rising and resists acid corrections Cloudy or milky water White scale on the shell, jets, and heater TA test reads above 150 ppm How to lower hot tub alkalinity Step Action Details 1 Test TA and pH Baseline both readings before treatment 2 Add muri…",ph,"guides/hot-tub/hot-tub-alkalinity-too-high.html (env=hot_tub, 2-2 ph_units)",,MANUALLY_REVIEWED,NOT_SUPPORTED,EXTRACTION_ARTIFACT,"Step-number (""2"" from a numbered how-to list) misread as a pH value near a pH mention elsewhere on the page -- extraction noise."
c812c2d1fddac770,FC above 20 ppm requires partial draining.,free_chlorine,"guides/hot-tub/hot-tub-chlorine-too-high.html (env=unspecified, 20-20 ppm)",,MECHANICAL_CLASSIFICATION_ONLY,CONFLICTING,SOURCE_CONFLICT,"Value 20-20 ppm does not overlap any canonical range for free_chlorine/unspecified (checked: range-fc-pool-chlorine-no-cya, range-fc-pool-chlorine-with-cya, range-fc-hottub-chlorine-routine)."
866fa4eca1d5c26e,Safe hot tub FC range is 3–5 ppm; above 10 ppm causes irritation Opening the cover and running jets reduces FC through aeration and UV Hot tubs are small — over-shocking is easy and common Always use the hot tub calculator to dose precisely before adding chemicals Because hot tubs hold far less wate…,free_chlorine,"guides/hot-tub/hot-tub-chlorine-too-high.html (env=hot_tub, 10-10 ppm)",,MECHANICAL_CLASSIFICATION_ONLY,CONFLICTING,SOURCE_CONFLICT,Value 10-10 ppm does not overlap any canonical range for free_chlorine/hot_tub (checked: range-fc-hottub-chlorine-routine).
b552df863e11ed5e,FC levels in hot tubs — what to do FC level Status Action < 1 ppm Too low — risk of bacteria Add chlorine; use calculator for dose 1–3 ppm Acceptable low end Monitor; add before next use 3–5 ppm Ideal range None required 5–10 ppm High — wait Remove cover; run jets; retest in 30–60 min 10–20 ppm Very…,free_chlorine,"guides/hot-tub/hot-tub-chlorine-too-high.html (env=hot_tub, 1-1 ppm)",,MECHANICAL_CLASSIFICATION_ONLY,CONFLICTING,SOURCE_CONFLICT,Value 1-1 ppm does not overlap any canonical range for free_chlorine/hot_tub (checked: range-fc-hottub-chlorine-routine).
3384137e08eb6a3d,FC levels in hot tubs — what to do FC level Status Action < 1 ppm Too low — risk of bacteria Add chlorine; use calculator for dose 1–3 ppm Acceptable low end Monitor; add before next use 3–5 ppm Ideal range None required 5–10 ppm High — wait Remove cover; run jets; retest in 30–60 min 10–20 ppm Very…,free_chlorine,"guides/hot-tub/hot-tub-chlorine-too-high.html (env=hot_tub, 10-20 ppm)",,MECHANICAL_CLASSIFICATION_ONLY,CONFLICTING,SOURCE_CONFLICT,Value 10-20 ppm does not overlap any canonical range for free_chlorine/hot_tub (checked: range-fc-hottub-chlorine-routine).
e4b1b3cccc70d175,"Removing the cover and running jets can reduce FC by 50% within an hour in a hot, aerated spa.",free_chlorine,"guides/hot-tub/hot-tub-chlorine-too-high.html (env=unspecified, 50-50 %)",,MECHANICAL_CLASSIFICATION_ONLY,CONFLICTING,SOURCE_CONFLICT,"Value 50-50 % does not overlap any canonical range for free_chlorine/unspecified (checked: range-fc-pool-chlorine-no-cya, range-fc-pool-chlorine-with-cya, range-fc-hottub-chlorine-routine)."
07c27bbd85a43584,"Add granular dichlor (sodium dichloro-s-triazinetrione) at the rate of 1 teaspoon per 200 gallons to raise FC by approximately 4–5 ppm, then test after 20 minutes before soaking.",pool_volume,"guides/hot-tub/hot-tub-chlorine-too-low.html (env=unspecified, 200-200 gallons)",,MECHANICAL_CLASSIFICATION_ONLY,NOT_SUPPORTED,SOURCE_NOT_FOUND,"No source in the registry covers ""pool_volume"" at all."
a2908a1a7cc85deb,Dose: approximately 1 teaspoon of dichlor per 200 gallons raises FC ~4 ppm.,pool_volume,"guides/hot-tub/hot-tub-chlorine-too-low.html (env=unspecified, 200-200 gallons)",,MECHANICAL_CLASSIFICATION_ONLY,NOT_SUPPORTED,SOURCE_NOT_FOUND,"No source in the registry covers ""pool_volume"" at all."
7b6dcc035a6798fa,Raise pH by adding sodium carbonate (pH-up / soda ash) — about ½ teaspoon raises pH by 0.2 in a 250-gallon hot tub.,ph,"guides/hot-tub/hot-tub-ph-too-low.html (env=hot_tub, 0.2-0.2 ph_units)",,MECHANICAL_CLASSIFICATION_ONLY,CONFLICTING,SOURCE_CONFLICT,"Value 0.2-0.2 ph_units does not overlap any canonical range for ph/hot_tub (checked: range-ph-hottub-chlorine-routine, range-ph-hottub-bromine-routine)."
3b2b8b8045460ec4,"Causes of low hot tub pH Cause pH impact Fix Dichlor overuse Each dose adds acid; drops 0.1–0.3 per treatment Add pH-up (sodium carbonate) weekly Acidic fill water Well water or treated municipal water below pH 7 Raise pH before first use each refill Low alkalinity Without TA buffer, pH swings freel…",ph,"guides/hot-tub/hot-tub-ph-too-low.html (env=hot_tub, 0.1-0.3 ph_units)",,MECHANICAL_CLASSIFICATION_ONLY,CONFLICTING,SOURCE_CONFLICT,"Value 0.1-0.3 ph_units does not overlap any canonical range for ph/hot_tub (checked: range-ph-hottub-chlorine-routine, range-ph-hottub-bromine-routine)."
26806582f8920f53,FC above 10 ppm causes irritation.,free_chlorine,"guides/hot-tub/index.html (env=unspecified, 10-10 ppm)",,MECHANICAL_CLASSIFICATION_ONLY,CONFLICTING,SOURCE_CONFLICT,"Value 10-10 ppm does not overlap any canonical range for free_chlorine/unspecified (checked: range-fc-pool-chlorine-no-cya, range-fc-pool-chlorine-with-cya, range-fc-hottub-chlorine-routine)."
45eb3062edb4c338,Calculator Open pool pH calculator All pH-related pages Hot Tub Ph Calculator Pool Cyanuric Acid Calculator Pool Ph Calculator Why Ph Affects Chlorine Adjust pH 6.8 → 7.2 Adjust pH 7.8 → 7.4 Adjust pH 7 → 7.4 Adjust pH 8 → 7.5 ← Pool chemistry basics Typical range: 1–3 ppm chlorine Recommended pH: 7…,ph,"guides/ph-guide.html (env=both, 6.8-6.8 ph_units)",,MECHANICAL_CLASSIFICATION_ONLY,CONFLICTING,SOURCE_CONFLICT,"Value 6.8-6.8 ph_units does not overlap any canonical range for ph/both (checked: range-ph-pool-chlorine-routine, range-ph-hottub-chlorine-routine, range-ph-hottub-bromine-routine, range-ph-pool-narrow-operational)."
8efd254b10c83499,Calculator Open pool pH calculator All pH-related pages Hot Tub Ph Calculator Pool Cyanuric Acid Calculator Pool Ph Calculator Why Ph Affects Chlorine Adjust pH 6.8 → 7.2 Adjust pH 7.8 → 7.4 Adjust pH 7 → 7.4 Adjust pH 8 → 7.5 ← Pool chemistry basics Typical range: 1–3 ppm chlorine Recommended pH: 7…,ph,"guides/ph-guide.html (env=both, 8-8 ph_units)",,MECHANICAL_CLASSIFICATION_ONLY,CONFLICTING,SOURCE_CONFLICT,"Value 8-8 ph_units does not overlap any canonical range for ph/both (checked: range-ph-pool-chlorine-routine, range-ph-hottub-chlorine-routine, range-ph-hottub-bromine-routine, range-ph-pool-narrow-operational)."
518c9bfb0fe2fa2e,"Quick Answer You can swim in pH up to about 7.8 with minor discomfort, but above 8.0 the water becomes increasingly irritating to eyes and skin, and more importantly, chlorine effectiveness drops sharply — at pH 8.0 only about 20% of FC is in the active form.",ph,"guides/ph/can-you-swim-in-high-ph-water.html (env=unspecified, 8-8 ph_units)",,MECHANICAL_CLASSIFICATION_ONLY,CONFLICTING,SOURCE_CONFLICT,"Value 8-8 ph_units does not overlap any canonical range for ph/unspecified (checked: range-ph-pool-chlorine-routine, range-ph-hottub-chlorine-routine, range-ph-hottub-bromine-routine, range-ph-pool-narrow-operational)."
5e51ad5919070c96,"Quick Answer You can swim in pH up to about 7.8 with minor discomfort, but above 8.0 the water becomes increasingly irritating to eyes and skin, and more importantly, chlorine effectiveness drops sharply — at pH 8.0 only about 20% of FC is in the active form.",ph,"guides/ph/can-you-swim-in-high-ph-water.html (env=unspecified, 8-8 ph_units)",,MECHANICAL_CLASSIFICATION_ONLY,CONFLICTING,SOURCE_CONFLICT,"Value 8-8 ph_units does not overlap any canonical range for ph/unspecified (checked: range-ph-pool-chlorine-routine, range-ph-hottub-chlorine-routine, range-ph-hottub-bromine-routine, range-ph-pool-narrow-operational)."
2a4de7c865bead2c,"Quick Answer You can swim in pH up to about 7.8 with minor discomfort, but above 8.0 the water becomes increasingly irritating to eyes and skin, and more importantly, chlorine effectiveness drops sharply — at pH 8.0 only about 20% of FC is in the active form.",free_chlorine,"guides/ph/can-you-swim-in-high-ph-water.html (env=unspecified, 20-20 %)",,MECHANICAL_CLASSIFICATION_ONLY,CONFLICTING,SOURCE_CONFLICT,"Value 20-20 % does not overlap any canonical range for free_chlorine/unspecified (checked: range-fc-pool-chlorine-no-cya, range-fc-pool-chlorine-with-cya, range-fc-hottub-chlorine-routine)."
165d271e6d2c013a,"Correct pH before prolonged swimming. pH 7.2–7.6 is optimal; 7.6–7.8 is acceptable with close monitoring Above pH 8.0, chlorine is largely inactive — bacteria risk increases Eye irritation and cloudy water are the most common high-pH symptoms Correct pH to 7.4 before a pool party or heavy use The ri…",ph,"guides/ph/can-you-swim-in-high-ph-water.html (env=unspecified, 8-8 ph_units)",,MECHANICAL_CLASSIFICATION_ONLY,CONFLICTING,SOURCE_CONFLICT,"Value 8-8 ph_units does not overlap any canonical range for ph/unspecified (checked: range-ph-pool-chlorine-routine, range-ph-hottub-chlorine-routine, range-ph-hottub-bromine-routine, range-ph-pool-narrow-operational)."
e90d45878615a9bd,"A pool at pH 8.0 with 2 ppm FC effectively has only 0.4 ppm of active sanitizer — far below safe levels. pH safety thresholds pH range Comfort Chlorine effectiveness Action 7.2–7.6 Ideal, comfortable 50–80% active HC1O None 7.6–7.8 Good 35–50% active Monitor; adjust if drifting higher 7.8–8.0 Mild i…",ph,"guides/ph/can-you-swim-in-high-ph-water.html (env=pool, 8-8 ph_units)",,MECHANICAL_CLASSIFICATION_ONLY,CONFLICTING,SOURCE_CONFLICT,"Value 8-8 ph_units does not overlap any canonical range for ph/pool (checked: range-ph-pool-chlorine-routine, range-ph-pool-narrow-operational)."
a07ff1c5ade7f25d,"A pool at pH 8.0 with 2 ppm FC effectively has only 0.4 ppm of active sanitizer — far below safe levels. pH safety thresholds pH range Comfort Chlorine effectiveness Action 7.2–7.6 Ideal, comfortable 50–80% active HC1O None 7.6–7.8 Good 35–50% active Monitor; adjust if drifting higher 7.8–8.0 Mild i…",sanitizer,"guides/ph/can-you-swim-in-high-ph-water.html (env=pool, 0.4-0.4 ppm)",,MECHANICAL_CLASSIFICATION_ONLY,NOT_SUPPORTED,REQUIRES_EXPERT_REVIEW,Claim family exists (claim-mixing-chemicals-danger) but no canonical range covers this specific environment/context -- needs individual human review.
f4f767f9849dbcca,"A pool at pH 8.0 with 2 ppm FC effectively has only 0.4 ppm of active sanitizer — far below safe levels. pH safety thresholds pH range Comfort Chlorine effectiveness Action 7.2–7.6 Ideal, comfortable 50–80% active HC1O None 7.6–7.8 Good 35–50% active Monitor; adjust if drifting higher 7.8–8.0 Mild i…",ph,"guides/ph/can-you-swim-in-high-ph-water.html (env=pool, 1-1 ph_units)",,MECHANICAL_CLASSIFICATION_ONLY,CONFLICTING,SOURCE_CONFLICT,"Value 1-1 ph_units does not overlap any canonical range for ph/pool (checked: range-ph-pool-chlorine-routine, range-ph-pool-narrow-operational)."
d55a04240c5d54ae,A pool at pH 8.2 with 2 ppm FC is poorly sanitized and vulnerable to algae blooms.,ph,"guides/ph/can-you-swim-in-high-ph-water.html (env=pool, 8.2-8.2 ph_units)",,MECHANICAL_CLASSIFICATION_ONLY,CONFLICTING,SOURCE_CONFLICT,"Value 8.2-8.2 ph_units does not overlap any canonical range for ph/pool (checked: range-ph-pool-chlorine-routine, range-ph-pool-narrow-operational)."
31df7357dee28238,Can you swim in pH 8.0 water?,ph,"guides/ph/can-you-swim-in-high-ph-water.html (env=unspecified, 8-8 ph_units)",,MECHANICAL_CLASSIFICATION_ONLY,CONFLICTING,SOURCE_CONFLICT,"Value 8-8 ph_units does not overlap any canonical range for ph/unspecified (checked: range-ph-pool-chlorine-routine, range-ph-hottub-chlorine-routine, range-ph-hottub-bromine-routine, range-ph-pool-narrow-operational)."
918e5bac52495112,"A brief swim is unlikely to cause serious harm, but prolonged swimming in pH 8.0 water will likely cause eye irritation.",ph,"guides/ph/can-you-swim-in-high-ph-water.html (env=unspecified, 8-8 ph_units)",,MECHANICAL_CLASSIFICATION_ONLY,CONFLICTING,SOURCE_CONFLICT,"Value 8-8 ph_units does not overlap any canonical range for ph/unspecified (checked: range-ph-pool-chlorine-routine, range-ph-hottub-chlorine-routine, range-ph-hottub-bromine-routine, range-ph-pool-narrow-operational)."
b44117f8e0314fac,"It can strip natural oils from skin, cause dry skin and irritated eyes, and at extreme values (pH 10+) cause chemical burns — but pool water at pH 8.0–8.5 typically causes only mild discomfort.",ph,"guides/ph/can-you-swim-in-high-ph-water.html (env=pool, 10-10 ph_units)",,MECHANICAL_CLASSIFICATION_ONLY,CONFLICTING,SOURCE_CONFLICT,"Value 10-10 ph_units does not overlap any canonical range for ph/pool (checked: range-ph-pool-chlorine-routine, range-ph-pool-narrow-operational)."
dbdd7151ad1fec12,"It can strip natural oils from skin, cause dry skin and irritated eyes, and at extreme values (pH 10+) cause chemical burns — but pool water at pH 8.0–8.5 typically causes only mild discomfort.",ph,"guides/ph/can-you-swim-in-high-ph-water.html (env=pool, 8-8.5 ph_units)",,MECHANICAL_CLASSIFICATION_ONLY,CONFLICTING,SOURCE_CONFLICT,"Value 8-8.5 ph_units does not overlap any canonical range for ph/pool (checked: range-ph-pool-chlorine-routine, range-ph-pool-narrow-operational)."
1fa29782414c1c95,"Quick Answer Yes, rainwater is slightly acidic (typically pH 5.5–6.5) and does lower pool pH slightly.",ph,"guides/ph/does-rain-lower-pool-ph.html (env=unspecified, 5.5-6.5 ph_units)",,MECHANICAL_CLASSIFICATION_ONLY,CONFLICTING,SOURCE_CONFLICT,"Value 5.5-6.5 ph_units does not overlap any canonical range for ph/unspecified (checked: range-ph-pool-chlorine-routine, range-ph-hottub-chlorine-routine, range-ph-hottub-bromine-routine, range-ph-pool-narrow-operational)."
f11992f7c860cee8,"Rainwater pH is typically 5.5–6.5, lower than the ideal pool range of 7.2–7.6 A light rain has minimal effect; a heavy storm can significantly lower pH and dilute all chemicals After any significant rain, retest FC, pH, TA, and CYA Heavy rain can introduce organic debris that creates chlorine demand…",ph,"guides/ph/does-rain-lower-pool-ph.html (env=unspecified, 5.5-6.5 ph_units)",,MECHANICAL_CLASSIFICATION_ONLY,CONFLICTING,SOURCE_CONFLICT,"Value 5.5-6.5 ph_units does not overlap any canonical range for ph/unspecified (checked: range-ph-pool-chlorine-routine, range-ph-hottub-chlorine-routine, range-ph-hottub-bromine-routine, range-ph-pool-narrow-operational)."
a6505d63a26c32e3,"Rain event Expected pH change Action needed Light drizzle (under 0.5 in) Negligible (−0.1 or less) Test but likely no adjustment needed Moderate rain (0.5–1 in) −0.1 to −0.3 Retest; small acid or bicarb adjustment Heavy rain (1–3 in) −0.3 to −0.6 Retest all parameters; adjust FC, pH, TA Major storm …",ph,"guides/ph/does-rain-lower-pool-ph.html (env=unspecified, 0.5-0.5 ph_units)",,MECHANICAL_CLASSIFICATION_ONLY,CONFLICTING,SOURCE_CONFLICT,"Value 0.5-0.5 ph_units does not overlap any canonical range for ph/unspecified (checked: range-ph-pool-chlorine-routine, range-ph-hottub-chlorine-routine, range-ph-hottub-bromine-routine, range-ph-pool-narrow-operational)."
0b99b8c2ce815057,"Rain event Expected pH change Action needed Light drizzle (under 0.5 in) Negligible (−0.1 or less) Test but likely no adjustment needed Moderate rain (0.5–1 in) −0.1 to −0.3 Retest; small acid or bicarb adjustment Heavy rain (1–3 in) −0.3 to −0.6 Retest all parameters; adjust FC, pH, TA Major storm …",ph,"guides/ph/does-rain-lower-pool-ph.html (env=unspecified, 0.1-0.1 ph_units)",,MECHANICAL_CLASSIFICATION_ONLY,CONFLICTING,SOURCE_CONFLICT,"Value 0.1-0.1 ph_units does not overlap any canonical range for ph/unspecified (checked: range-ph-pool-chlorine-routine, range-ph-hottub-chlorine-routine, range-ph-hottub-bromine-routine, range-ph-pool-narrow-operational)."
a59c1039c801eb43,"Rain event Expected pH change Action needed Light drizzle (under 0.5 in) Negligible (−0.1 or less) Test but likely no adjustment needed Moderate rain (0.5–1 in) −0.1 to −0.3 Retest; small acid or bicarb adjustment Heavy rain (1–3 in) −0.3 to −0.6 Retest all parameters; adjust FC, pH, TA Major storm …",ph,"guides/ph/does-rain-lower-pool-ph.html (env=unspecified, 0.5-1 ph_units)",,MECHANICAL_CLASSIFICATION_ONLY,CONFLICTING,SOURCE_CONFLICT,"Value 0.5-1 ph_units does not overlap any canonical range for ph/unspecified (checked: range-ph-pool-chlorine-routine, range-ph-hottub-chlorine-routine, range-ph-hottub-bromine-routine, range-ph-pool-narrow-operational)."
f9f30189e0eff6a0,"Rain event Expected pH change Action needed Light drizzle (under 0.5 in) Negligible (−0.1 or less) Test but likely no adjustment needed Moderate rain (0.5–1 in) −0.1 to −0.3 Retest; small acid or bicarb adjustment Heavy rain (1–3 in) −0.3 to −0.6 Retest all parameters; adjust FC, pH, TA Major storm …",ph,"guides/ph/does-rain-lower-pool-ph.html (env=unspecified, 0.1-0.1 ph_units)",,MECHANICAL_CLASSIFICATION_ONLY,CONFLICTING,SOURCE_CONFLICT,"Value 0.1-0.1 ph_units does not overlap any canonical range for ph/unspecified (checked: range-ph-pool-chlorine-routine, range-ph-hottub-chlorine-routine, range-ph-hottub-bromine-routine, range-ph-pool-narrow-operational)."
f8e5b987995d1b46,"Rain event Expected pH change Action needed Light drizzle (under 0.5 in) Negligible (−0.1 or less) Test but likely no adjustment needed Moderate rain (0.5–1 in) −0.1 to −0.3 Retest; small acid or bicarb adjustment Heavy rain (1–3 in) −0.3 to −0.6 Retest all parameters; adjust FC, pH, TA Major storm …",ph,"guides/ph/does-rain-lower-pool-ph.html (env=unspecified, 0.3-0.3 ph_units)",,MECHANICAL_CLASSIFICATION_ONLY,CONFLICTING,SOURCE_CONFLICT,"Value 0.3-0.3 ph_units does not overlap any canonical range for ph/unspecified (checked: range-ph-pool-chlorine-routine, range-ph-hottub-chlorine-routine, range-ph-hottub-bromine-routine, range-ph-pool-narrow-operational)."
d1391d356c17a6b7,"Rain event Expected pH change Action needed Light drizzle (under 0.5 in) Negligible (−0.1 or less) Test but likely no adjustment needed Moderate rain (0.5–1 in) −0.1 to −0.3 Retest; small acid or bicarb adjustment Heavy rain (1–3 in) −0.3 to −0.6 Retest all parameters; adjust FC, pH, TA Major storm …",ph,"guides/ph/does-rain-lower-pool-ph.html (env=unspecified, 1-3 ph_units)",,MECHANICAL_CLASSIFICATION_ONLY,CONFLICTING,SOURCE_CONFLICT,"Value 1-3 ph_units does not overlap any canonical range for ph/unspecified (checked: range-ph-pool-chlorine-routine, range-ph-hottub-chlorine-routine, range-ph-hottub-bromine-routine, range-ph-pool-narrow-operational)."
1cce72974565c95b,"Rain event Expected pH change Action needed Light drizzle (under 0.5 in) Negligible (−0.1 or less) Test but likely no adjustment needed Moderate rain (0.5–1 in) −0.1 to −0.3 Retest; small acid or bicarb adjustment Heavy rain (1–3 in) −0.3 to −0.6 Retest all parameters; adjust FC, pH, TA Major storm …",ph,"guides/ph/does-rain-lower-pool-ph.html (env=unspecified, 0.3-0.3 ph_units)",,MECHANICAL_CLASSIFICATION_ONLY,CONFLICTING,SOURCE_CONFLICT,"Value 0.3-0.3 ph_units does not overlap any canonical range for ph/unspecified (checked: range-ph-pool-chlorine-routine, range-ph-hottub-chlorine-routine, range-ph-hottub-bromine-routine, range-ph-pool-narrow-operational)."
9c3bcd18240ab258,"Rain event Expected pH change Action needed Light drizzle (under 0.5 in) Negligible (−0.1 or less) Test but likely no adjustment needed Moderate rain (0.5–1 in) −0.1 to −0.3 Retest; small acid or bicarb adjustment Heavy rain (1–3 in) −0.3 to −0.6 Retest all parameters; adjust FC, pH, TA Major storm …",ph,"guides/ph/does-rain-lower-pool-ph.html (env=unspecified, 0.6-0.6 ph_units)",,MECHANICAL_CLASSIFICATION_ONLY,CONFLICTING,SOURCE_CONFLICT,"Value 0.6-0.6 ph_units does not overlap any canonical range for ph/unspecified (checked: range-ph-pool-chlorine-routine, range-ph-hottub-chlorine-routine, range-ph-hottub-bromine-routine, range-ph-pool-narrow-operational)."
ad4d979cd80d1281,"Acid rain (pH below 5) from industrial areas can have a stronger lowering effect, but most residential pool owners in urban areas should follow the same post-rain testing routine regardless.",ph,"guides/ph/does-rain-lower-pool-ph.html (env=unspecified, 5-5 ph_units)",,MECHANICAL_CLASSIFICATION_ONLY,CONFLICTING,SOURCE_CONFLICT,"Value 5-5 ph_units does not overlap any canonical range for ph/unspecified (checked: range-ph-pool-chlorine-routine, range-ph-hottub-chlorine-routine, range-ph-hottub-bromine-routine, range-ph-pool-narrow-operational)."
74a0442c940f4f60,"For a 10,000-gallon pool, 3–4 ounces of 31% muriatic acid typically lowers pH by about 0.2 points.",ph,"guides/ph/how-to-lower-pool-ph.html (env=pool, 0.2-0.2 ph_units)",,MECHANICAL_CLASSIFICATION_ONLY,CONFLICTING,SOURCE_CONFLICT,"Value 0.2-0.2 ph_units does not overlap any canonical range for ph/pool (checked: range-ph-pool-chlorine-routine, range-ph-pool-narrow-operational)."
abdd91ab7245303e,"Muriatic acid is the most effective pH-lowering chemical for pools Never add more than 16 oz per 10,000 gallons in a single treatment Always adjust alkalinity before pH for more stable long-term results Wear gloves and eye protection when handling muriatic acid Lowering pH is a routine maintenance t…",pool_volume,"guides/ph/how-to-lower-pool-ph.html (env=pool, 10000-10000 gallons)",,MECHANICAL_CLASSIFICATION_ONLY,NOT_SUPPORTED,SOURCE_NOT_FOUND,"No source in the registry covers ""pool_volume"" at all."
bcb0bcbb57d67fb8,"Dose table: muriatic acid (31.45%) Pool size To lower pH by 0.2 To lower pH by 0.5 5,000 gal ~2 oz ~5 oz 10,000 gal ~4 oz ~10 oz 15,000 gal ~6 oz ~15 oz 20,000 gal ~8 oz ~20 oz 30,000 gal ~12 oz ~30 oz These are starting estimates.",ph,"guides/ph/how-to-lower-pool-ph.html (env=pool, 0.2-0.2 ph_units)",,MECHANICAL_CLASSIFICATION_ONLY,CONFLICTING,SOURCE_CONFLICT,"Value 0.2-0.2 ph_units does not overlap any canonical range for ph/pool (checked: range-ph-pool-chlorine-routine, range-ph-pool-narrow-operational)."
7a81fb4f44ca3425,"Dose table: muriatic acid (31.45%) Pool size To lower pH by 0.2 To lower pH by 0.5 5,000 gal ~2 oz ~5 oz 10,000 gal ~4 oz ~10 oz 15,000 gal ~6 oz ~15 oz 20,000 gal ~8 oz ~20 oz 30,000 gal ~12 oz ~30 oz These are starting estimates.",ph,"guides/ph/how-to-lower-pool-ph.html (env=pool, 0.5-0.5 ph_units)",,MECHANICAL_CLASSIFICATION_ONLY,CONFLICTING,SOURCE_CONFLICT,"Value 0.5-0.5 ph_units does not overlap any canonical range for ph/pool (checked: range-ph-pool-chlorine-routine, range-ph-pool-narrow-operational)."
322b4ace20d462fa,Reading time: 4 min read · Last updated: 2026-08-18 Platform v1.0.0 Foundation · QA 98/100 Section Description This hub consolidates crawlable entry points for /guides/ph.,ph,"guides/ph/index.html (env=unspecified, 1-1 ph_units)",,MECHANICAL_CLASSIFICATION_ONLY,CONFLICTING,SOURCE_CONFLICT,"Value 1-1 ph_units does not overlap any canonical range for ph/unspecified (checked: range-ph-pool-chlorine-routine, range-ph-hottub-chlorine-routine, range-ph-hottub-bromine-routine, range-ph-pool-narrow-operational)."
b6fdbdbb252651a9,Reading time: 4 min read · Last updated: 2026-08-18 Platform v1.0.0 Foundation · QA 98/100 Section Description This hub consolidates crawlable entry points for /guides/ph.,ph,"guides/ph/index.html (env=unspecified, 0-0 ph_units)",,MECHANICAL_CLASSIFICATION_ONLY,CONFLICTING,SOURCE_CONFLICT,"Value 0-0 ph_units does not overlap any canonical range for ph/unspecified (checked: range-ph-pool-chlorine-routine, range-ph-hottub-chlorine-routine, range-ph-hottub-bromine-routine, range-ph-pool-narrow-operational)."
68489a210a90fd05,Can you swim in high pH water? pH 7.8–8.0 is uncomfortable; above 8.0 risks irritation and drastically reduced chlorine.,ph,"guides/ph/index.html (env=unspecified, 8-8 ph_units)",,MECHANICAL_CLASSIFICATION_ONLY,CONFLICTING,SOURCE_CONFLICT,"Value 8-8 ph_units does not overlap any canonical range for ph/unspecified (checked: range-ph-pool-chlorine-routine, range-ph-hottub-chlorine-routine, range-ph-hottub-bromine-routine, range-ph-pool-narrow-operational)."
7f45700360630d17,"Rainwater is acidic (pH ~5.6) but the effect on pool pH depends on pool volume, TA, and how much rain fell.",ph,"guides/ph/index.html (env=pool, 5.6-5.6 ph_units)",,MECHANICAL_CLASSIFICATION_ONLY,CONFLICTING,SOURCE_CONFLICT,"Value 5.6-5.6 ph_units does not overlap any canonical range for ph/pool (checked: range-ph-pool-chlorine-routine, range-ph-pool-narrow-operational)."
d44a460c16a5b70a,"High pool pH causes: CO2 off-gassing, high alkalinity, algae, aeration, SWG systems, and high-pH fill water.",ph,"guides/ph/index.html (env=pool, 2-2 ph_units)",,MECHANICAL_CLASSIFICATION_ONLY,CONFLICTING,SOURCE_CONFLICT,"Value 2-2 ph_units does not overlap any canonical range for ph/pool (checked: range-ph-pool-chlorine-routine, range-ph-pool-narrow-operational)."
4acb081a1b1dd231,"Quick Answer The main causes of high pool pH are CO2 off-gassing from the water surface, high total alkalinity (which resists downward correction), aeration from jets or waterfalls, algae growth consuming dissolved CO2, salt water chlorine generators, and fill water that enters with a high pH.",ph,"guides/ph/what-causes-high-pool-ph.html (env=pool, 2-2 ph_units)",,MECHANICAL_CLASSIFICATION_ONLY,CONFLICTING,SOURCE_CONFLICT,"Value 2-2 ph_units does not overlap any canonical range for ph/pool (checked: range-ph-pool-chlorine-routine, range-ph-pool-narrow-operational)."
8fa2a3835db7241d,CO2 off-gassing is the universal cause of pH rise in all pools High total alkalinity amplifies pH drift and makes correction harder Salt chlorine generators and aeration features accelerate pH rise significantly Lowering TA to 80–90 ppm is the most effective long-term pH stabilizer Pool pH naturally…,ph,"guides/ph/what-causes-high-pool-ph.html (env=pool, 2-2 ph_units)",,MECHANICAL_CLASSIFICATION_ONLY,CONFLICTING,SOURCE_CONFLICT,"Value 2-2 ph_units does not overlap any canonical range for ph/pool (checked: range-ph-pool-chlorine-routine, range-ph-pool-narrow-operational)."
4031e14f0dada9ba,"Root causes of high pool pH Cause Why it raises pH How to address CO2 off-gassing Dissolved CO2 forms carbonic acid; losing CO2 removes acid Regular acid additions; lower TA Total alkalinity too high TA buffers against acid; pH rebounds after each correction Lower TA to 80–100 ppm first Waterfalls, …",ph,"guides/ph/what-causes-high-pool-ph.html (env=pool, 2-2 ph_units)",,MECHANICAL_CLASSIFICATION_ONLY,CONFLICTING,SOURCE_CONFLICT,"Value 2-2 ph_units does not overlap any canonical range for ph/pool (checked: range-ph-pool-chlorine-routine, range-ph-pool-narrow-operational)."
9dee8cd324eeb13a,"Root causes of high pool pH Cause Why it raises pH How to address CO2 off-gassing Dissolved CO2 forms carbonic acid; losing CO2 removes acid Regular acid additions; lower TA Total alkalinity too high TA buffers against acid; pH rebounds after each correction Lower TA to 80–100 ppm first Waterfalls, …",ph,"guides/ph/what-causes-high-pool-ph.html (env=pool, 2-2 ph_units)",,MECHANICAL_CLASSIFICATION_ONLY,CONFLICTING,SOURCE_CONFLICT,"Value 2-2 ph_units does not overlap any canonical range for ph/pool (checked: range-ph-pool-chlorine-routine, range-ph-pool-narrow-operational)."
31e599f7d97446c1,"Root causes of high pool pH Cause Why it raises pH How to address CO2 off-gassing Dissolved CO2 forms carbonic acid; losing CO2 removes acid Regular acid additions; lower TA Total alkalinity too high TA buffers against acid; pH rebounds after each correction Lower TA to 80–100 ppm first Waterfalls, …",ph,"guides/ph/what-causes-high-pool-ph.html (env=pool, 2-2 ph_units)",,MECHANICAL_CLASSIFICATION_ONLY,CONFLICTING,SOURCE_CONFLICT,"Value 2-2 ph_units does not overlap any canonical range for ph/pool (checked: range-ph-pool-chlorine-routine, range-ph-pool-narrow-operational)."
53731e49e6992cd0,"Why Pool pH Keeps Rising Quick Answer Pool pH rises naturally because CO2 constantly off-gasses from the water, which removes the acid that keeps pH stable.",ph,"guides/ph/why-pool-ph-keeps-rising.html (env=pool, 2-2 ph_units)",,MECHANICAL_CLASSIFICATION_ONLY,CONFLICTING,SOURCE_CONFLICT,"Value 2-2 ph_units does not overlap any canonical range for ph/pool (checked: range-ph-pool-chlorine-routine, range-ph-pool-narrow-operational)."
c28a1873edc63f7b,"Causes of rising pool pH Cause How it raises pH Solution CO2 off-gassing CO2 dissolved in water forms carbonic acid; as it escapes, acid is lost Add pH-down periodically High alkalinity TA acts as a pH buffer that resists lowering but accelerates rise Lower TA to 80–100 ppm Aeration (jets, waterfall…",ph,"guides/ph/why-pool-ph-keeps-rising.html (env=pool, 2-2 ph_units)",,MECHANICAL_CLASSIFICATION_ONLY,CONFLICTING,SOURCE_CONFLICT,"Value 2-2 ph_units does not overlap any canonical range for ph/pool (checked: range-ph-pool-chlorine-routine, range-ph-pool-narrow-operational)."
097ddf6d686fffcd,"Causes of rising pool pH Cause How it raises pH Solution CO2 off-gassing CO2 dissolved in water forms carbonic acid; as it escapes, acid is lost Add pH-down periodically High alkalinity TA acts as a pH buffer that resists lowering but accelerates rise Lower TA to 80–100 ppm Aeration (jets, waterfall…",ph,"guides/ph/why-pool-ph-keeps-rising.html (env=pool, 2-2 ph_units)",,MECHANICAL_CLASSIFICATION_ONLY,CONFLICTING,SOURCE_CONFLICT,"Value 2-2 ph_units does not overlap any canonical range for ph/pool (checked: range-ph-pool-chlorine-routine, range-ph-pool-narrow-operational)."
6c4505b18aed9e30,"Rainwater is slightly acidic (pH 5.6–6) and can briefly lower pool pH, but then accelerates CO2 off-gassing as the system equilibrates — often causing a net rise within 24 hours.",ph,"guides/ph/why-pool-ph-keeps-rising.html (env=unspecified, 5.6-6 ph_units)",,MECHANICAL_CLASSIFICATION_ONLY,CONFLICTING,SOURCE_CONFLICT,"Value 5.6-6 ph_units does not overlap any canonical range for ph/unspecified (checked: range-ph-pool-chlorine-routine, range-ph-hottub-chlorine-routine, range-ph-hottub-bromine-routine, range-ph-pool-narrow-operational)."
b265deb7e147fb9b,"Rainwater is slightly acidic (pH 5.6–6) and can briefly lower pool pH, but then accelerates CO2 off-gassing as the system equilibrates — often causing a net rise within 24 hours.",ph,"guides/ph/why-pool-ph-keeps-rising.html (env=pool, 2-2 ph_units)",,MECHANICAL_CLASSIFICATION_ONLY,CONFLICTING,SOURCE_CONFLICT,"Value 2-2 ph_units does not overlap any canonical range for ph/pool (checked: range-ph-pool-chlorine-routine, range-ph-pool-narrow-operational)."
5e708250fc2f0029,"Rain dilutes all pool water chemistry — FC, pH, TA, and CYA all drop after heavy rain Rainwater (pH 5.5–6.5) is acidic and lowers pool pH significantly in large amounts Organic debris from rain creates immediate chlorine demand Shock after every storm of 1 inch or more to prevent algae growth Direct…",ph,"guides/questions/can-rain-affect-pool-chemistry.html (env=pool, 5.5-6.5 ph_units)",,MECHANICAL_CLASSIFICATION_ONLY,CONFLICTING,SOURCE_CONFLICT,"Value 5.5-6.5 ph_units does not overlap any canonical range for ph/pool (checked: range-ph-pool-chlorine-routine, range-ph-pool-narrow-operational)."
00d1697719d2d9f2,"Rainwater is slightly acidic (pH 5.5–6.5 typically), and in large volumes significantly lowers pool pH and total alkalinity.",ph,"guides/questions/can-rain-affect-pool-chemistry.html (env=unspecified, 5.5-6.5 ph_units)",,MECHANICAL_CLASSIFICATION_ONLY,CONFLICTING,SOURCE_CONFLICT,"Value 5.5-6.5 ph_units does not overlap any canonical range for ph/unspecified (checked: range-ph-pool-chlorine-routine, range-ph-hottub-chlorine-routine, range-ph-hottub-bromine-routine, range-ph-pool-narrow-operational)."
3747d5605a41c004,"Common Causes Rain Event Effect on Pool Chemistry Action Needed Light drizzle (<0.5 in) Negligible — minor dilution only Test; likely no major adjustment needed Moderate rain (0.5–1 in) FC drops 10–20%; pH may drop 0.1–0.3 Test FC, pH, TA; small adjustments likely needed Heavy rain (1–3 in) Signific…",free_chlorine,"guides/questions/can-rain-affect-pool-chemistry.html (env=pool, 10-20 %)",,MECHANICAL_CLASSIFICATION_ONLY,CONFLICTING,SOURCE_CONFLICT,"Value 10-20 % does not overlap any canonical range for free_chlorine/pool (checked: range-fc-pool-chlorine-no-cya, range-fc-pool-chlorine-with-cya)."
b01d7f87ae90ffc0,"Common Causes Rain Event Effect on Pool Chemistry Action Needed Light drizzle (<0.5 in) Negligible — minor dilution only Test; likely no major adjustment needed Moderate rain (0.5–1 in) FC drops 10–20%; pH may drop 0.1–0.3 Test FC, pH, TA; small adjustments likely needed Heavy rain (1–3 in) Signific…",ph,"guides/questions/can-rain-affect-pool-chemistry.html (env=pool, 0.1-0.3 ph_units)",,MECHANICAL_CLASSIFICATION_ONLY,CONFLICTING,SOURCE_CONFLICT,"Value 0.1-0.3 ph_units does not overlap any canonical range for ph/pool (checked: range-ph-pool-chlorine-routine, range-ph-pool-narrow-operational)."
339f67494edfe920,"For algae treatment shocks (10–20 ppm FC), wait 24–48 hours.",free_chlorine,"guides/questions/can-you-swim-after-shocking-a-pool.html (env=unspecified, 10-20 ppm)",,MECHANICAL_CLASSIFICATION_ONLY,CONFLICTING,SOURCE_CONFLICT,"Value 10-20 ppm does not overlap any canonical range for free_chlorine/unspecified (checked: range-fc-pool-chlorine-no-cya, range-fc-pool-chlorine-with-cya, range-fc-hottub-chlorine-routine)."
89483fe5d17d156d,Common Causes Scenario FC Range After Shock Typical Wait Time Normal weekly shock (1 lb/10k gal) 8–15 ppm 8–24 hours with pump running + sun Algae treatment (double/triple shock) 15–30 ppm 24–48 hours; test before swimming Extreme over-shock FC >30 ppm 48–72 hours or partial drain/refill required Ho…,free_chlorine,"guides/questions/can-you-swim-after-shocking-a-pool.html (env=unspecified, 30-30 ppm)",,MECHANICAL_CLASSIFICATION_ONLY,CONFLICTING,SOURCE_CONFLICT,"Value 30-30 ppm does not overlap any canonical range for free_chlorine/unspecified (checked: range-fc-pool-chlorine-no-cya, range-fc-pool-chlorine-with-cya, range-fc-hottub-chlorine-routine)."
1fc8e85c5ee3f7b2,"For FC above 20 ppm, consider draining 15–20% of the pool and refilling with fresh water.",free_chlorine,"guides/questions/can-you-swim-after-shocking-a-pool.html (env=unspecified, 20-20 ppm)",,MECHANICAL_CLASSIFICATION_ONLY,CONFLICTING,SOURCE_CONFLICT,"Value 20-20 ppm does not overlap any canonical range for free_chlorine/unspecified (checked: range-fc-pool-chlorine-no-cya, range-fc-pool-chlorine-with-cya, range-fc-hottub-chlorine-routine)."
282a9c684f86c6e6,"For FC above 20 ppm, consider draining 15–20% of the pool and refilling with fresh water.",free_chlorine,"guides/questions/can-you-swim-after-shocking-a-pool.html (env=pool, 15-20 %)",,MECHANICAL_CLASSIFICATION_ONLY,CONFLICTING,SOURCE_CONFLICT,"Value 15-20 % does not overlap any canonical range for free_chlorine/pool (checked: range-fc-pool-chlorine-no-cya, range-fc-pool-chlorine-with-cya)."
1b44036fd43b1283,Common Causes Cause Why It Happens Fix Low FC (<1 ppm) Insufficient sanitization allows bacteria and algae growth Shock pool to 10 ppm FC; test and adjust pH first High pH (>7.8) Calcium carbonate precipitates out of solution at high pH Add muriatic acid to lower pH to 7.2–7.4 High alkalinity Carbon…,free_chlorine,"guides/questions/why-does-pool-water-turn-cloudy.html (env=pool, 10-10 ppm)",,MECHANICAL_CLASSIFICATION_ONLY,CONFLICTING,SOURCE_CONFLICT,"Value 10-10 ppm does not overlap any canonical range for free_chlorine/pool (checked: range-fc-pool-chlorine-no-cya, range-fc-pool-chlorine-with-cya)."
f39b29d3a1367219,"If FC is below 1 ppm, shock the pool immediately at a full 1 lb per 10,000 gallons.",pool_volume,"guides/questions/why-does-pool-water-turn-cloudy.html (env=pool, 10000-10000 gallons)",,MECHANICAL_CLASSIFICATION_ONLY,NOT_SUPPORTED,SOURCE_NOT_FOUND,"No source in the registry covers ""pool_volume"" at all."
b6669df18ab9543f,"High pH makes chlorine mostly inactive — at pH 8.0, less than 20% of FC is effective CYA above 100 ppm causes chlorine lock — FC is present but over-stabilized OTO test kits cannot distinguish free from combined chlorine — use DPD Fix pH first before any additional shocking — it is the single most i…",ph,"guides/questions/why-is-my-pool-green-but-chlorine-is-high.html (env=unspecified, 8-8 ph_units)",,MECHANICAL_CLASSIFICATION_ONLY,CONFLICTING,SOURCE_CONFLICT,"Value 8-8 ph_units does not overlap any canonical range for ph/unspecified (checked: range-ph-pool-chlorine-routine, range-ph-hottub-chlorine-routine, range-ph-hottub-bromine-routine, range-ph-pool-narrow-operational)."
4df07b21bfe1cd05,"High pH makes chlorine mostly inactive — at pH 8.0, less than 20% of FC is effective CYA above 100 ppm causes chlorine lock — FC is present but over-stabilized OTO test kits cannot distinguish free from combined chlorine — use DPD Fix pH first before any additional shocking — it is the single most i…",free_chlorine,"guides/questions/why-is-my-pool-green-but-chlorine-is-high.html (env=unspecified, 20-20 %)",,MECHANICAL_CLASSIFICATION_ONLY,CONFLICTING,SOURCE_CONFLICT,"Value 20-20 % does not overlap any canonical range for free_chlorine/unspecified (checked: range-fc-pool-chlorine-no-cya, range-fc-pool-chlorine-with-cya, range-fc-hottub-chlorine-routine)."
5ae9b9c2c3bbea3f,"High pH makes chlorine mostly inactive — at pH 8.0, less than 20% of FC is effective CYA above 100 ppm causes chlorine lock — FC is present but over-stabilized OTO test kits cannot distinguish free from combined chlorine — use DPD Fix pH first before any additional shocking — it is the single most i…",cyanuric_acid,"guides/questions/why-is-my-pool-green-but-chlorine-is-high.html (env=unspecified, 100-100 ppm)",,MECHANICAL_CLASSIFICATION_ONLY,CONFLICTING,SOURCE_CONFLICT,"Value 100-100 ppm does not overlap any canonical range for cyanuric_acid/unspecified (checked: range-cya-public-pool-incident-response-max, range-cya-residential-routine-outdoor, range-cya-saltwater-outdoor, range-cya-hottub)."
2879fa931afc8995,"The most common cause is high pH — at pH 7.8, over 60% of FC is in the weak hypochlorite ion form, and at pH 8.0, less than 20% is in the active hypochlorous acid form.",free_chlorine,"guides/questions/why-is-my-pool-green-but-chlorine-is-high.html (env=unspecified, 60-60 %)",,MECHANICAL_CLASSIFICATION_ONLY,CONFLICTING,SOURCE_CONFLICT,"Value 60-60 % does not overlap any canonical range for free_chlorine/unspecified (checked: range-fc-pool-chlorine-no-cya, range-fc-pool-chlorine-with-cya, range-fc-hottub-chlorine-routine)."
00a5bdb7a0344057,"The most common cause is high pH — at pH 7.8, over 60% of FC is in the weak hypochlorite ion form, and at pH 8.0, less than 20% is in the active hypochlorous acid form.",ph,"guides/questions/why-is-my-pool-green-but-chlorine-is-high.html (env=unspecified, 8-8 ph_units)",,MECHANICAL_CLASSIFICATION_ONLY,CONFLICTING,SOURCE_CONFLICT,"Value 8-8 ph_units does not overlap any canonical range for ph/unspecified (checked: range-ph-pool-chlorine-routine, range-ph-hottub-chlorine-routine, range-ph-hottub-bromine-routine, range-ph-pool-narrow-operational)."
643f760245f19138,Even 5 ppm FC at pH 8.0 effectively provides less sanitizing power than 1 ppm FC at pH 7.2.,ph,"guides/questions/why-is-my-pool-green-but-chlorine-is-high.html (env=unspecified, 8-8 ph_units)",,MECHANICAL_CLASSIFICATION_ONLY,CONFLICTING,SOURCE_CONFLICT,"Value 8-8 ph_units does not overlap any canonical range for ph/unspecified (checked: range-ph-pool-chlorine-routine, range-ph-hottub-chlorine-routine, range-ph-hottub-bromine-routine, range-ph-pool-narrow-operational)."
1d54031e376709e9,"The second most common cause is excessive CYA (above 80–100 ppm), which over-stabilizes chlorine into a tightly bound, largely unavailable state.",cyanuric_acid,"guides/questions/why-is-my-pool-green-but-chlorine-is-high.html (env=unspecified, 80-100 ppm)",,MECHANICAL_CLASSIFICATION_ONLY,NOT_SUPPORTED,SOURCE_NOT_FOUND,"Value overlaps range-cya-saltwater-outdoor, but that canonical range itself has no confirmed source (status REQUIRES_REVIEW) -- see chemistry-ranges.js."
167a0c0e6fb49a77,"Additionally, some test kits (particularly OTO kits using yellow/orange color comparison) measure total chlorine, not free chlorine — a pool with 0 ppm FC but high combined chlorine will test ""high"" but provide zero sanitation.",free_chlorine,"guides/questions/why-is-my-pool-green-but-chlorine-is-high.html (env=pool, 0-0 ppm)",,MECHANICAL_CLASSIFICATION_ONLY,CONFLICTING,SOURCE_CONFLICT,"Value 0-0 ppm does not overlap any canonical range for free_chlorine/pool (checked: range-fc-pool-chlorine-no-cya, range-fc-pool-chlorine-with-cya)."
e43a04e59347c93e,Common Causes Cause Why Chlorine Reads High But Is Ineffective Fix High pH (>7.8) FC mostly inactive at high pH; less than 20% is HOCl at pH 8.0 Lower pH to 7.2–7.4 first; then re-shock CYA too high (>100 ppm) Chlorine lock: FC bound by excess stabilizer and unavailable Drain 30–50%; refill; rebalan…,ph,"guides/questions/why-is-my-pool-green-but-chlorine-is-high.html (env=unspecified, 8-8 ph_units)",,MECHANICAL_CLASSIFICATION_ONLY,CONFLICTING,SOURCE_CONFLICT,"Value 8-8 ph_units does not overlap any canonical range for ph/unspecified (checked: range-ph-pool-chlorine-routine, range-ph-hottub-chlorine-routine, range-ph-hottub-bromine-routine, range-ph-pool-narrow-operational)."
9987eac4693f2765,Common Causes Cause Why Chlorine Reads High But Is Ineffective Fix High pH (>7.8) FC mostly inactive at high pH; less than 20% is HOCl at pH 8.0 Lower pH to 7.2–7.4 first; then re-shock CYA too high (>100 ppm) Chlorine lock: FC bound by excess stabilizer and unavailable Drain 30–50%; refill; rebalan…,cyanuric_acid,"guides/questions/why-is-my-pool-green-but-chlorine-is-high.html (env=unspecified, 100-100 ppm)",,MECHANICAL_CLASSIFICATION_ONLY,CONFLICTING,SOURCE_CONFLICT,"Value 100-100 ppm does not overlap any canonical range for cyanuric_acid/unspecified (checked: range-cya-public-pool-incident-response-max, range-cya-residential-routine-outdoor, range-cya-saltwater-outdoor, range-cya-hottub)."
8790ac1d8e89a4d4,Common Causes Cause Why Chlorine Reads High But Is Ineffective Fix High pH (>7.8) FC mostly inactive at high pH; less than 20% is HOCl at pH 8.0 Lower pH to 7.2–7.4 first; then re-shock CYA too high (>100 ppm) Chlorine lock: FC bound by excess stabilizer and unavailable Drain 30–50%; refill; rebalan…,free_chlorine,"guides/questions/why-is-my-pool-green-but-chlorine-is-high.html (env=unspecified, 30-50 %)",,MECHANICAL_CLASSIFICATION_ONLY,CONFLICTING,SOURCE_CONFLICT,"Value 30-50 % does not overlap any canonical range for free_chlorine/unspecified (checked: range-fc-pool-chlorine-no-cya, range-fc-pool-chlorine-with-cya, range-fc-hottub-chlorine-routine)."
a7453aa0ca8dc5ef,Common mistakes Dumping shock before knowing volume or current FC Ignoring CYA context on outdoor pools Short-circuiting filter run time during cleanup Calculators Pool volume · Chlorine · pH · Shock Related Pool Chemistry Guides Related in this topic Index Index — 1 Index — 2 Index — 3 Index — 4 Re…,ph,"guides/seasonal/opening-pool-chemistry-checklist.html (env=pool, 1-1 ph_units)",,MECHANICAL_CLASSIFICATION_ONLY,CONFLICTING,SOURCE_CONFLICT,"Value 1-1 ph_units does not overlap any canonical range for ph/pool (checked: range-ph-pool-chlorine-routine, range-ph-pool-narrow-operational)."
5622bb3fe073a938,Common mistakes Dumping shock before knowing volume or current FC Ignoring CYA context on outdoor pools Short-circuiting filter run time during cleanup Calculators Pool volume · Chlorine · pH · Shock Related Pool Chemistry Guides Related in this topic Index Index — 1 Index — 2 Index — 3 Index — 4 Re…,ph,"guides/seasonal/opening-pool-chemistry-checklist.html (env=pool, 2-2 ph_units)",,MECHANICAL_CLASSIFICATION_ONLY,CONFLICTING,SOURCE_CONFLICT,"Value 2-2 ph_units does not overlap any canonical range for ph/pool (checked: range-ph-pool-chlorine-routine, range-ph-pool-narrow-operational)."
1eed5df10e7b4fe7,Common mistakes Dumping shock before knowing volume or current FC Ignoring CYA context on outdoor pools Short-circuiting filter run time during cleanup Calculators Pool volume · Chlorine · pH · Shock Related Pool Chemistry Guides Related in this topic Index Index — 1 Index — 2 Index — 3 Index — 4 Re…,ph,"guides/seasonal/opening-pool-chemistry-checklist.html (env=pool, 3-3 ph_units)",,MECHANICAL_CLASSIFICATION_ONLY,CONFLICTING,SOURCE_CONFLICT,"Value 3-3 ph_units does not overlap any canonical range for ph/pool (checked: range-ph-pool-chlorine-routine, range-ph-pool-narrow-operational)."
676597dc3765a50f,Common mistakes Dumping shock before knowing volume or current FC Ignoring CYA context on outdoor pools Short-circuiting filter run time during cleanup Calculators Pool volume · Chlorine · pH · Shock Related Pool Chemistry Guides Related in this topic Index Index — 1 Index — 2 Index — 3 Index — 4 Re…,ph,"guides/seasonal/opening-pool-chemistry-checklist.html (env=pool, 4-4 ph_units)",,MECHANICAL_CLASSIFICATION_ONLY,CONFLICTING,SOURCE_CONFLICT,"Value 4-4 ph_units does not overlap any canonical range for ph/pool (checked: range-ph-pool-chlorine-routine, range-ph-pool-narrow-operational)."
a5b157b748a9f9a1,"Hot Tub Chemical Levels Chart Quick Answer Ideal hot tub chemical levels: free chlorine 3–5 ppm, pH 7.2–7.8, total alkalinity 80–120 ppm, calcium hardness 150–250 ppm, CYA 30–50 ppm (if using unstabilized chlorine).",total_alkalinity,"hot-tub-chemical-levels-chart.html (env=hot_tub, 80-120 ppm)",,MECHANICAL_CLASSIFICATION_ONLY,NOT_SUPPORTED,SOURCE_NOT_FOUND,"Value overlaps range-ta-hottub, but that canonical range itself has no confirmed source (status REQUIRES_REVIEW) -- see chemistry-ranges.js."
33b435c5bb6d26f8,"Hot Tub Chemical Levels Chart Quick Answer Ideal hot tub chemical levels: free chlorine 3–5 ppm, pH 7.2–7.8, total alkalinity 80–120 ppm, calcium hardness 150–250 ppm, CYA 30–50 ppm (if using unstabilized chlorine).",calcium_hardness,"hot-tub-chemical-levels-chart.html (env=hot_tub, 150-250 ppm)",,MECHANICAL_CLASSIFICATION_ONLY,NOT_SUPPORTED,REQUIRES_EXPERT_REVIEW,Claim family exists (claim-ch-target) but no canonical range covers this specific environment/context -- needs individual human review.
3c256b70dc1e3ce2,"Hot Tub Chemical Levels Chart Quick Answer Ideal hot tub chemical levels: free chlorine 3–5 ppm, pH 7.2–7.8, total alkalinity 80–120 ppm, calcium hardness 150–250 ppm, CYA 30–50 ppm (if using unstabilized chlorine).",cyanuric_acid,"hot-tub-chemical-levels-chart.html (env=hot_tub, 30-50 ppm)",,MECHANICAL_CLASSIFICATION_ONLY,CONFLICTING,SOURCE_CONFLICT,Value 30-50 ppm does not overlap any canonical range for cyanuric_acid/hot_tub (checked: range-cya-hottub).
5731f30ba128a1d5,FC above 10 ppm causes skin and eye irritation and should not be used for soaking.,free_chlorine,"hot-tub-chlorine-levels-chart.html (env=unspecified, 10-10 ppm)",,MECHANICAL_CLASSIFICATION_ONLY,CONFLICTING,SOURCE_CONFLICT,"Value 10-10 ppm does not overlap any canonical range for free_chlorine/unspecified (checked: range-fc-pool-chlorine-no-cya, range-fc-pool-chlorine-with-cya, range-fc-hottub-chlorine-routine)."
6b7dda49c086f7ad,Test chlorine and pH at least 2–3 times per week.,ph,"index.html (env=unspecified, 2-3 ph_units)",,MECHANICAL_CLASSIFICATION_ONLY,CONFLICTING,SOURCE_CONFLICT,"Value 2-3 ph_units does not overlap any canonical range for ph/unspecified (checked: range-ph-pool-chlorine-routine, range-ph-hottub-chlorine-routine, range-ph-hottub-bromine-routine, range-ph-pool-narrow-operational)."
b30fe4a460692d55,Testing frequency Test chlorine (and pH) at least 2–3 times per week .,ph,"maintenance/how-often-add-chlorine-pool.html (env=unspecified, 2-3 ph_units)",,MECHANICAL_CLASSIFICATION_ONLY,CONFLICTING,SOURCE_CONFLICT,"Value 2-3 ph_units does not overlap any canonical range for ph/unspecified (checked: range-ph-pool-chlorine-routine, range-ph-hottub-chlorine-routine, range-ph-hottub-bromine-routine, range-ph-pool-narrow-operational)."
a4746a754d8a06a3,Wait a few hours and re-test before moving to pH. 3.,ph,"maintenance/how-to-balance-pool-water.html (env=unspecified, 3-3 ph_units)",,MECHANICAL_CLASSIFICATION_ONLY,CONFLICTING,SOURCE_CONFLICT,"Value 3-3 ph_units does not overlap any canonical range for ph/unspecified (checked: range-ph-pool-chlorine-routine, range-ph-hottub-chlorine-routine, range-ph-hottub-bromine-routine, range-ph-pool-narrow-operational)."
7dd618471800aa0f,"Actual product concentration varies by brand, batch, and age. pH adjustment calculations use simplified linear models that are most accurate within ±0.5 pH units of the target.",ph,"methodology/calculation-assumptions/index.html (env=unspecified, 0.5-0.5 ph_units)",,MECHANICAL_CLASSIFICATION_ONLY,CONFLICTING,SOURCE_CONFLICT,"Value 0.5-0.5 ph_units does not overlap any canonical range for ph/unspecified (checked: range-ph-pool-chlorine-routine, range-ph-hottub-chlorine-routine, range-ph-hottub-bromine-routine, range-ph-pool-narrow-operational)."
ac15932374bb1121,The 104°F hot tub maximum temperature has Very High confidence because it is mandated by government safety standards.,water_temperature,"methodology/confidence-system/index.html (env=hot_tub, 104-104 °f)",,MECHANICAL_CLASSIFICATION_ONLY,NOT_SUPPORTED,SOURCE_NOT_FOUND,"No source in the registry covers ""water_temperature"" at all."
f1beba341d8b64ec,Calculator Limitations Volume calculations for irregular shapes are approximations. pH adjustment calculations are most accurate within ±0.5 pH units of the target.,ph,"methodology/known-limitations/index.html (env=unspecified, 0.5-0.5 ph_units)",,MANUALLY_REVIEWED,NOT_SUPPORTED,CALCULATOR_TOLERANCE_NOT_A_TARGET,"""accurate within +/-0.5 pH units"" describes calculator precision, not a water pH target -- different claim category."
38b7bbf167f531b7,"Test strips: ±0.5 ppm FC, ±0.5 pH.",free_chlorine,"methodology/precision-policy/index.html (env=unspecified, 0.5-0.5 ppm)",,MECHANICAL_CLASSIFICATION_ONLY,CONFLICTING,SOURCE_CONFLICT,"Value 0.5-0.5 ppm does not overlap any canonical range for free_chlorine/unspecified (checked: range-fc-pool-chlorine-no-cya, range-fc-pool-chlorine-with-cya, range-fc-hottub-chlorine-routine)."
cc5d866590f76342,"Test strips: ±0.5 ppm FC, ±0.5 pH.",ph,"methodology/precision-policy/index.html (env=unspecified, 0.5-0.5 ph_units)",,MECHANICAL_CLASSIFICATION_ONLY,CONFLICTING,SOURCE_CONFLICT,"Value 0.5-0.5 ph_units does not overlap any canonical range for ph/unspecified (checked: range-ph-pool-chlorine-routine, range-ph-hottub-chlorine-routine, range-ph-hottub-bromine-routine, range-ph-pool-narrow-operational)."
5e928a75ff7bef3b,"Liquid DPD drop test (Taylor K-2006): ±0.2 ppm FC, ±0.2 pH.",free_chlorine,"methodology/precision-policy/index.html (env=unspecified, 0.2-0.2 ppm)",,MECHANICAL_CLASSIFICATION_ONLY,CONFLICTING,SOURCE_CONFLICT,"Value 0.2-0.2 ppm does not overlap any canonical range for free_chlorine/unspecified (checked: range-fc-pool-chlorine-no-cya, range-fc-pool-chlorine-with-cya, range-fc-hottub-chlorine-routine)."
038de68736c19548,"Liquid DPD drop test (Taylor K-2006): ±0.2 ppm FC, ±0.2 pH.",ph,"methodology/precision-policy/index.html (env=unspecified, 0.2-0.2 ph_units)",,MECHANICAL_CLASSIFICATION_ONLY,CONFLICTING,SOURCE_CONFLICT,"Value 0.2-0.2 ph_units does not overlap any canonical range for ph/unspecified (checked: range-ph-pool-chlorine-routine, range-ph-hottub-chlorine-routine, range-ph-hottub-bromine-routine, range-ph-pool-narrow-operational)."
2c758da869570028,"Digital photometer: ±0.05 ppm FC, ±0.05 pH.",free_chlorine,"methodology/precision-policy/index.html (env=unspecified, 0.05-0.05 ppm)",,MECHANICAL_CLASSIFICATION_ONLY,CONFLICTING,SOURCE_CONFLICT,"Value 0.05-0.05 ppm does not overlap any canonical range for free_chlorine/unspecified (checked: range-fc-pool-chlorine-no-cya, range-fc-pool-chlorine-with-cya, range-fc-hottub-chlorine-routine)."
15b70d15c6777bac,"Digital photometer: ±0.05 ppm FC, ±0.05 pH.",ph,"methodology/precision-policy/index.html (env=unspecified, 0.05-0.05 ph_units)",,MECHANICAL_CLASSIFICATION_ONLY,CONFLICTING,SOURCE_CONFLICT,"Value 0.05-0.05 ph_units does not overlap any canonical range for ph/unspecified (checked: range-ph-pool-chlorine-routine, range-ph-hottub-chlorine-routine, range-ph-hottub-bromine-routine, range-ph-pool-narrow-operational)."
cbe7a6a7d45c72d5,Displayed Precision Chemical concentrations (ppm): displayed to 1 decimal place. pH: displayed to 2 decimal places.,ph,"methodology/rounding-policy/index.html (env=unspecified, 2-2 ph_units)",,MECHANICAL_CLASSIFICATION_ONLY,CONFLICTING,SOURCE_CONFLICT,"Value 2-2 ph_units does not overlap any canonical range for ph/unspecified (checked: range-ph-pool-chlorine-routine, range-ph-hottub-chlorine-routine, range-ph-hottub-bromine-routine, range-ph-pool-narrow-operational)."
fff76e9b9c532df5,LSI: displayed to 2 decimal places.,lsi,"methodology/rounding-policy/index.html (env=unspecified, 2-2 )",,MECHANICAL_CLASSIFICATION_ONLY,NOT_SUPPORTED,SOURCE_NOT_FOUND,"No source in the registry covers ""lsi"" at all."
2b3cddb10e0b6bd4,"LSI: −0.1234 → displayed as ""−0.12"".",lsi,"methodology/rounding-policy/index.html (env=unspecified, 0.1234-0.1234 )",,MECHANICAL_CLASSIFICATION_ONLY,NOT_SUPPORTED,SOURCE_NOT_FOUND,"No source in the registry covers ""lsi"" at all."
8feab49aaf730672,"LSI: −0.1234 → displayed as ""−0.12"".",lsi,"methodology/rounding-policy/index.html (env=unspecified, 0.12-0.12 )",,MECHANICAL_CLASSIFICATION_ONLY,NOT_SUPPORTED,SOURCE_NOT_FOUND,"No source in the registry covers ""lsi"" at all."
95ff7debc53ce62f,"Use 1.5 lb per 10,000 gallons to raise TA by approximately 10 ppm.",pool_volume,"pool-alkalinity-levels-chart.html (env=unspecified, 10000-10000 gallons)",,MECHANICAL_CLASSIFICATION_ONLY,NOT_SUPPORTED,SOURCE_NOT_FOUND,"No source in the registry covers ""pool_volume"" at all."
6d16b4141cf31aa0,"Use 1.5 lb per 10,000 gallons to raise TA by approximately 10 ppm.",total_alkalinity,"pool-alkalinity-levels-chart.html (env=unspecified, 10-10 ppm)",,MECHANICAL_CLASSIFICATION_ONLY,CONFLICTING,SOURCE_CONFLICT,"Value 10-10 ppm does not overlap any canonical range for total_alkalinity/unspecified (checked: range-ta-public-pool-standard, range-ta-residential-practical, range-ta-hottub)."
5fb64afd5b81a8e2,Ideal ranges (quick table) Parameter Ideal range Notes Free chlorine 1–3 ppm Pools; spas often 3–5 ppm pH 7.2–7.6 Comfort + sanitizer effectiveness Total alkalinity 80–120 ppm Buffers pH; adjust before wild pH moves Calcium hardness 200–400 ppm Surface-dependent; avoid very soft aggressive water Cya…,total_alkalinity,"pool-chemical-levels-chart.html (env=hot_tub, 80-120 ppm)",,MECHANICAL_CLASSIFICATION_ONLY,NOT_SUPPORTED,SOURCE_NOT_FOUND,"Value overlaps range-ta-hottub, but that canonical range itself has no confirmed source (status REQUIRES_REVIEW) -- see chemistry-ranges.js."
d8f192525a200dbc,Ideal ranges (quick table) Parameter Ideal range Notes Free chlorine 1–3 ppm Pools; spas often 3–5 ppm pH 7.2–7.6 Comfort + sanitizer effectiveness Total alkalinity 80–120 ppm Buffers pH; adjust before wild pH moves Calcium hardness 200–400 ppm Surface-dependent; avoid very soft aggressive water Cya…,calcium_hardness,"pool-chemical-levels-chart.html (env=hot_tub, 200-400 ppm)",,MECHANICAL_CLASSIFICATION_ONLY,NOT_SUPPORTED,REQUIRES_EXPERT_REVIEW,Claim family exists (claim-ch-target) but no canonical range covers this specific environment/context -- needs individual human review.
a733924ab5cf12df,"All 8 chemistry parameters interact — changing one affects the others pH is the master lever: chlorine effectiveness, scaling risk, and equipment corrosion all depend on it CYA is mandatory for outdoor pools; without it, sunlight destroys FC in hours Always adjust parameters in the correct order: TA…",ph,"pool-chemistry-system.html (env=unspecified, 8-8 ph_units)",,MECHANICAL_CLASSIFICATION_ONLY,CONFLICTING,SOURCE_CONFLICT,"Value 8-8 ph_units does not overlap any canonical range for ph/unspecified (checked: range-ph-pool-chlorine-routine, range-ph-hottub-chlorine-routine, range-ph-hottub-bromine-routine, range-ph-pool-narrow-operational)."
54256ebba54e493e,"Free chlorine (FC) is the active sanitizer, but its effectiveness is almost entirely determined by pH: at pH 7.4, roughly 60% of FC is in the potent hypochlorous acid (HOCl) form; at pH 8.0, that drops below 20%. pH stability is controlled by total alkalinity (TA), which acts as a chemical buffer.",free_chlorine,"pool-chemistry-system.html (env=unspecified, 60-60 %)",,MECHANICAL_CLASSIFICATION_ONLY,CONFLICTING,SOURCE_CONFLICT,"Value 60-60 % does not overlap any canonical range for free_chlorine/unspecified (checked: range-fc-pool-chlorine-no-cya, range-fc-pool-chlorine-with-cya, range-fc-hottub-chlorine-routine)."
9e1fc644916b4db1,"Free chlorine (FC) is the active sanitizer, but its effectiveness is almost entirely determined by pH: at pH 7.4, roughly 60% of FC is in the potent hypochlorous acid (HOCl) form; at pH 8.0, that drops below 20%. pH stability is controlled by total alkalinity (TA), which acts as a chemical buffer.",ph,"pool-chemistry-system.html (env=unspecified, 8-8 ph_units)",,MECHANICAL_CLASSIFICATION_ONLY,CONFLICTING,SOURCE_CONFLICT,"Value 8-8 ph_units does not overlap any canonical range for ph/unspecified (checked: range-ph-pool-chlorine-routine, range-ph-hottub-chlorine-routine, range-ph-hottub-bromine-routine, range-ph-pool-narrow-operational)."
f8e007647e5e6789,"Pool Chemistry Parameters: Roles and Interactions Parameter Role Affects Ideal Range Free Chlorine Sanitizes water — kills bacteria, algae, viruses Effectiveness reduced by high pH; destroyed by UV without CYA; consumed by combined chlorine demand 1–3 ppm (pools), 3–5 ppm (spas) pH Controls water ac…",chlorine_demand,"pool-chemistry-system.html (env=pool, 1-3 ppm)",,MECHANICAL_CLASSIFICATION_ONLY,NOT_SUPPORTED,SOURCE_NOT_FOUND,"No source in the registry covers ""chlorine_demand"" at all."
dd0df4b5d44367b9,Chlorine targets (table) Scenario Free chlorine (typical) What it means Normal swimming 1–3 ppm Sanitize without excess irritation Heavy use / rain Top of range or brief bump Demand spikes; retest sooner Standard shock (example) ~+10 ppm granular raise One common product curve—verify with calculator…,chlorine_demand,"pool-chlorine-levels-chart.html (env=unspecified, 10-10 ppm)",,MECHANICAL_CLASSIFICATION_ONLY,NOT_SUPPORTED,SOURCE_NOT_FOUND,"No source in the registry covers ""chlorine_demand"" at all."
3e3864735b67f321,Pool CYA (Cyanuric Acid) Levels Chart Quick Answer Ideal cyanuric acid (CYA or stabilizer) for outdoor pools is 30–50 ppm.,cyanuric_acid,"pool-cya-levels-chart.html (env=pool, 30-50 ppm)",,MECHANICAL_CLASSIFICATION_ONLY,NOT_SUPPORTED,SOURCE_NOT_FOUND,"Value overlaps range-cya-residential-routine-outdoor, but that canonical range itself has no confirmed source (status REQUIRES_REVIEW) -- see chemistry-ranges.js."
9a8e4ef12b08a7fe,Outdoor pools need 30–50 ppm CYA; indoor pools typically need none.,cyanuric_acid,"pool-cya-levels-chart.html (env=pool, 30-50 ppm)",,MECHANICAL_CLASSIFICATION_ONLY,NOT_SUPPORTED,SOURCE_NOT_FOUND,"Value overlaps range-cya-residential-routine-outdoor, but that canonical range itself has no confirmed source (status REQUIRES_REVIEW) -- see chemistry-ranges.js."
51676571aefee87e,Most SWG pools run CYA at 60–80 ppm for efficient generator performance.,cyanuric_acid,"pool-cya-levels-chart.html (env=pool, 60-80 ppm)",,MECHANICAL_CLASSIFICATION_ONLY,NOT_SUPPORTED,SOURCE_NOT_FOUND,"Value overlaps range-cya-saltwater-outdoor, but that canonical range itself has no confirmed source (status REQUIRES_REVIEW) -- see chemistry-ranges.js."
81facdfa3ab7a622,Testing combined chlorine helps you distinguish “needs oxidizer” from “needs everyday chlorine discipline.” Recommended Levels Free chlorine: 1–3 ppm (pools) pH balance: 7.2–7.6 Test cadence: 2–3× weekly (busy pools) What Happens If Levels Are Off Shocking on a rigid calendar without testing can was…,ph,"programmatic/behavior/how-often-to-shock-pool.html (env=pool, 2-3 ph_units)",,MECHANICAL_CLASSIFICATION_ONLY,CONFLICTING,SOURCE_CONFLICT,"Value 2-3 ph_units does not overlap any canonical range for ph/pool (checked: range-ph-pool-chlorine-routine, range-ph-pool-narrow-operational)."
8b73be6fb79d473c,Test chlorine and pH 2–3 times per week in most pools.,ph,"programmatic/behavior/how-often-to-test-pool-water.html (env=pool, 2-3 ph_units)",,MECHANICAL_CLASSIFICATION_ONLY,CONFLICTING,SOURCE_CONFLICT,"Value 2-3 ph_units does not overlap any canonical range for ph/pool (checked: range-ph-pool-chlorine-routine, range-ph-pool-narrow-operational)."
90deb869aa1ce19e,Test chlorine and pH 2–3 times per week in most pools.,ph,"programmatic/behavior/how-often-to-test-pool-water.html (env=pool, 2-3 ph_units)",,MECHANICAL_CLASSIFICATION_ONLY,CONFLICTING,SOURCE_CONFLICT,"Value 2-3 ph_units does not overlap any canonical range for ph/pool (checked: range-ph-pool-chlorine-routine, range-ph-pool-narrow-operational)."
f5190a148de4cef8,Test often Open calculator Open calculator Go deeper Advanced: How to lower pool pH Edge case: Hot tub chlorine too high Related Pool Chemistry Guides Related in this topic Cya Matrix Index Index — 1 Index — 2 Index — 3 Related topics Hot tub pH calculator Pool alkalinity calculator Tools Full pool …,ph,"programmatic/behavior/how-often-to-test-pool-water.html (env=both, 3-3 ph_units)",,MECHANICAL_CLASSIFICATION_ONLY,CONFLICTING,SOURCE_CONFLICT,"Value 3-3 ph_units does not overlap any canonical range for ph/both (checked: range-ph-pool-chlorine-routine, range-ph-hottub-chlorine-routine, range-ph-hottub-bromine-routine, range-ph-pool-narrow-operational)."
86231929265bc824,"Recommended Levels Free chlorine: 1–3 ppm (pools) pH balance: 7.2–7.6 Test cadence: 2–3× weekly (busy pools) What Happens If Levels Are Off Rare testing lets pH or sanitizer leave safe ranges for days, increasing algae risk and surface damage.",ph,"programmatic/behavior/how-often-to-test-pool-water.html (env=pool, 2-3 ph_units)",,MECHANICAL_CLASSIFICATION_ONLY,CONFLICTING,SOURCE_CONFLICT,"Value 2-3 ph_units does not overlap any canonical range for ph/pool (checked: range-ph-pool-chlorine-routine, range-ph-pool-narrow-operational)."
bd6a3abb15a0191b,For low-use pools it can be—most active pools benefit from 2–3× weekly chlorine/pH tests.,ph,"programmatic/behavior/how-often-to-test-pool-water.html (env=pool, 2-3 ph_units)",,MECHANICAL_CLASSIFICATION_ONLY,CONFLICTING,SOURCE_CONFLICT,"Value 2-3 ph_units does not overlap any canonical range for ph/pool (checked: range-ph-pool-chlorine-routine, range-ph-pool-narrow-operational)."
8a027857590b1229,Recommended Levels Free chlorine: 1–3 ppm (pools) pH balance: 7.2–7.6 Test cadence: 2–3× weekly (busy pools) What Happens If Levels Are Off Adding large chlorine doses without retesting risks overshoot and extended no-swim periods.,ph,"programmatic/behavior/when-to-add-chlorine.html (env=pool, 2-3 ph_units)",,MECHANICAL_CLASSIFICATION_ONLY,CONFLICTING,SOURCE_CONFLICT,"Value 2-3 ph_units does not overlap any canonical range for ph/pool (checked: range-ph-pool-chlorine-routine, range-ph-pool-narrow-operational)."
1256d9ef52ddacc2,"Test first Get exact dosing Open Pool Chlorine Calculator Go deeper Advanced: What causes high pool pH Edge case: Can you swim in high pH water Related Pool Chemistry Guides Related in this topic Chlorine for 15,000 gal pool Chlorine for 18,000 gal pool Chlorine for 20,000 gal pool Chlorine for 25,0…",ph,"programmatic/chlorine/how-much-chlorine-for-30000-gallon-pool.html (env=pool, 0-0 ph_units)",,MECHANICAL_CLASSIFICATION_ONLY,CONFLICTING,SOURCE_CONFLICT,"Value 0-0 ph_units does not overlap any canonical range for ph/pool (checked: range-ph-pool-chlorine-routine, range-ph-pool-narrow-operational)."
6be58813c4118b31,Core fact Use calculators Pool pH Calculator Alkalinity Calculator Go deeper Advanced: How to lower pool pH Edge case: Chlorine too high after shocking Related Pool Chemistry Guides Related in this topic Adjust pH 7 → 7.4 Adjust pH 8 → 7.5 Ph Table Hot tub pH calculator Pool Cyanuric Acid Calculator…,ph,"programmatic/explanations/why-ph-affects-chlorine.html (env=both, 8-8 ph_units)",,MECHANICAL_CLASSIFICATION_ONLY,CONFLICTING,SOURCE_CONFLICT,"Value 8-8 ph_units does not overlap any canonical range for ph/both (checked: range-ph-pool-chlorine-routine, range-ph-hottub-chlorine-routine, range-ph-hottub-bromine-routine, range-ph-pool-narrow-operational)."
1dd31274cf0d47af,"Test kits usually report total or free chlorine, not “active disinfecting fraction” directly—so a normal-looking ppm at pH 8.0 can still underperform compared with the same ppm at 7.4.",ph,"programmatic/explanations/why-ph-affects-chlorine.html (env=unspecified, 8-8 ph_units)",,MECHANICAL_CLASSIFICATION_ONLY,CONFLICTING,SOURCE_CONFLICT,"Value 8-8 ph_units does not overlap any canonical range for ph/unspecified (checked: range-ph-pool-chlorine-routine, range-ph-hottub-chlorine-routine, range-ph-hottub-bromine-routine, range-ph-pool-narrow-operational)."
64d1d05ddfed2913,Featured Content Hot Tub Chemicals for 200 Gallons (Dosing Guide) | Pool Water Chemistry Guide Sanitizer dosing for a 200-gallon spa.,pool_volume,"programmatic/hot-tubs/index.html (env=both, 200-200 gallons)",,MECHANICAL_CLASSIFICATION_ONLY,NOT_SUPPORTED,SOURCE_NOT_FOUND,"No source in the registry covers ""pool_volume"" at all."
6bd35c124318af7d,Hot Tub Chemicals for 300 Gallons (Dosing Guide) | Pool Water Chemistry Guide Sanitizer dosing for a 300-gallon spa.,pool_volume,"programmatic/hot-tubs/index.html (env=both, 300-300 gallons)",,MECHANICAL_CLASSIFICATION_ONLY,NOT_SUPPORTED,SOURCE_NOT_FOUND,"No source in the registry covers ""pool_volume"" at all."
70de1acff7b722ba,Hot Tub Chemicals for 400 Gallons (Dosing Guide) | Pool Water Chemistry Guide Sanitizer dosing for a 400-gallon spa.,pool_volume,"programmatic/hot-tubs/index.html (env=both, 400-400 gallons)",,MECHANICAL_CLASSIFICATION_ONLY,NOT_SUPPORTED,SOURCE_NOT_FOUND,"No source in the registry covers ""pool_volume"" at all."
ccb7262f6c918aa4,Hot Tub Chemicals for 500 Gallons (Dosing Guide) | Pool Water Chemistry Guide Sanitizer dosing for a 500-gallon spa.,pool_volume,"programmatic/hot-tubs/index.html (env=both, 500-500 gallons)",,MECHANICAL_CLASSIFICATION_ONLY,NOT_SUPPORTED,SOURCE_NOT_FOUND,"No source in the registry covers ""pool_volume"" at all."
0479770b99ea1a28,Hot Tub Chemicals for 600 Gallons (Dosing Guide) | Pool Water Chemistry Guide Sanitizer dosing for a 600-gallon spa.,pool_volume,"programmatic/hot-tubs/index.html (env=both, 600-600 gallons)",,MECHANICAL_CLASSIFICATION_ONLY,NOT_SUPPORTED,SOURCE_NOT_FOUND,"No source in the registry covers ""pool_volume"" at all."
749413be72ee852b,Category Cards Hot Tub Chemicals for 200 Gallons (Dosing Guide) | Pool Water Chemistry Guide Browse hot tub chemicals for 200 gallons content.,pool_volume,"programmatic/hot-tubs/index.html (env=both, 200-200 gallons)",,MECHANICAL_CLASSIFICATION_ONLY,NOT_SUPPORTED,SOURCE_NOT_FOUND,"No source in the registry covers ""pool_volume"" at all."
f4dd8e0764bd1890,Category Cards Hot Tub Chemicals for 200 Gallons (Dosing Guide) | Pool Water Chemistry Guide Browse hot tub chemicals for 200 gallons content.,pool_volume,"programmatic/hot-tubs/index.html (env=both, 200-200 gallons)",,MECHANICAL_CLASSIFICATION_ONLY,NOT_SUPPORTED,SOURCE_NOT_FOUND,"No source in the registry covers ""pool_volume"" at all."
d132c5e7be15a86f,Hot Tub Chemicals for 300 Gallons (Dosing Guide) | Pool Water Chemistry Guide Browse hot tub chemicals for 300 gallons content.,pool_volume,"programmatic/hot-tubs/index.html (env=both, 300-300 gallons)",,MECHANICAL_CLASSIFICATION_ONLY,NOT_SUPPORTED,SOURCE_NOT_FOUND,"No source in the registry covers ""pool_volume"" at all."
e0e1e39b98d58c36,Hot Tub Chemicals for 300 Gallons (Dosing Guide) | Pool Water Chemistry Guide Browse hot tub chemicals for 300 gallons content.,pool_volume,"programmatic/hot-tubs/index.html (env=both, 300-300 gallons)",,MECHANICAL_CLASSIFICATION_ONLY,NOT_SUPPORTED,SOURCE_NOT_FOUND,"No source in the registry covers ""pool_volume"" at all."
77a6959cc55d71a2,Hot Tub Chemicals for 400 Gallons (Dosing Guide) | Pool Water Chemistry Guide Browse hot tub chemicals for 400 gallons content.,pool_volume,"programmatic/hot-tubs/index.html (env=both, 400-400 gallons)",,MECHANICAL_CLASSIFICATION_ONLY,NOT_SUPPORTED,SOURCE_NOT_FOUND,"No source in the registry covers ""pool_volume"" at all."
f422d87c2e66f2da,Hot Tub Chemicals for 400 Gallons (Dosing Guide) | Pool Water Chemistry Guide Browse hot tub chemicals for 400 gallons content.,pool_volume,"programmatic/hot-tubs/index.html (env=both, 400-400 gallons)",,MECHANICAL_CLASSIFICATION_ONLY,NOT_SUPPORTED,SOURCE_NOT_FOUND,"No source in the registry covers ""pool_volume"" at all."
e167b810ba466041,Hot Tub Chemicals for 500 Gallons (Dosing Guide) | Pool Water Chemistry Guide Browse hot tub chemicals for 500 gallons content.,pool_volume,"programmatic/hot-tubs/index.html (env=both, 500-500 gallons)",,MECHANICAL_CLASSIFICATION_ONLY,NOT_SUPPORTED,SOURCE_NOT_FOUND,"No source in the registry covers ""pool_volume"" at all."
be1141b976b614a0,Hot Tub Chemicals for 500 Gallons (Dosing Guide) | Pool Water Chemistry Guide Browse hot tub chemicals for 500 gallons content.,pool_volume,"programmatic/hot-tubs/index.html (env=both, 500-500 gallons)",,MECHANICAL_CLASSIFICATION_ONLY,NOT_SUPPORTED,SOURCE_NOT_FOUND,"No source in the registry covers ""pool_volume"" at all."
7080429f4bb23fe8,"To raise pool pH from 6.8 toward 7.2, add pH increaser in small doses with the pump running—test frequently to avoid overshoot. pH moves best in small steps.",ph,"programmatic/ph/how-to-adjust-ph-from-6-8-to-7-2.html (env=pool, 6.8-6.8 ph_units)",,MECHANICAL_CLASSIFICATION_ONLY,CONFLICTING,SOURCE_CONFLICT,"Value 6.8-6.8 ph_units does not overlap any canonical range for ph/pool (checked: range-ph-pool-chlorine-routine, range-ph-pool-narrow-operational)."
925bc14d6b84b736,Go slow Get exact pH dosing Open Pool pH Calculator Go deeper Advanced: Chlorine breakdown in sunlight Edge case: Hot tub chlorine too low Related Pool Chemistry Guides Related in this topic Adjust pH 6.8 → 7.2 Adjust pH 7 → 7.4 Adjust pH 8 → 7.5 Ph Table Hot tub pH calculator Related topics Alkalin…,ph,"programmatic/ph/how-to-adjust-ph-from-7-8-to-7-4.html (env=both, 6.8-6.8 ph_units)",,MECHANICAL_CLASSIFICATION_ONLY,CONFLICTING,SOURCE_CONFLICT,"Value 6.8-6.8 ph_units does not overlap any canonical range for ph/both (checked: range-ph-pool-chlorine-routine, range-ph-hottub-chlorine-routine, range-ph-hottub-bromine-routine, range-ph-pool-narrow-operational)."
d2197fb4a6de60cb,Go slow Get exact pH dosing Open Pool pH Calculator Go deeper Advanced: Chlorine breakdown in sunlight Edge case: Hot tub chlorine too low Related Pool Chemistry Guides Related in this topic Adjust pH 6.8 → 7.2 Adjust pH 7 → 7.4 Adjust pH 8 → 7.5 Ph Table Hot tub pH calculator Related topics Alkalin…,ph,"programmatic/ph/how-to-adjust-ph-from-7-8-to-7-4.html (env=both, 8-8 ph_units)",,MECHANICAL_CLASSIFICATION_ONLY,CONFLICTING,SOURCE_CONFLICT,"Value 8-8 ph_units does not overlap any canonical range for ph/both (checked: range-ph-pool-chlorine-routine, range-ph-hottub-chlorine-routine, range-ph-hottub-bromine-routine, range-ph-pool-narrow-operational)."
d50a19b5cf96db40,"To lower pool pH from 8 toward 7.5, add pH reducer gradually while circulating water and testing frequently. pH moves best in small steps.",ph,"programmatic/ph/how-to-adjust-ph-from-8-to-7-5.html (env=pool, 8-8 ph_units)",,MECHANICAL_CLASSIFICATION_ONLY,CONFLICTING,SOURCE_CONFLICT,"Value 8-8 ph_units does not overlap any canonical range for ph/pool (checked: range-ph-pool-chlorine-routine, range-ph-pool-narrow-operational)."
b5c3948233bb33f0,Reading time: 4 min read · Last updated: 2026-08-18 Platform v1.0.0 Foundation · QA 98/100 Section Description This hub consolidates crawlable entry points for /programmatic/ph.,ph,"programmatic/ph/index.html (env=unspecified, 1-1 ph_units)",,MECHANICAL_CLASSIFICATION_ONLY,CONFLICTING,SOURCE_CONFLICT,"Value 1-1 ph_units does not overlap any canonical range for ph/unspecified (checked: range-ph-pool-chlorine-routine, range-ph-hottub-chlorine-routine, range-ph-hottub-bromine-routine, range-ph-pool-narrow-operational)."
bdeebc5bf0254aa6,Reading time: 4 min read · Last updated: 2026-08-18 Platform v1.0.0 Foundation · QA 98/100 Section Description This hub consolidates crawlable entry points for /programmatic/ph.,ph,"programmatic/ph/index.html (env=unspecified, 0-0 ph_units)",,MECHANICAL_CLASSIFICATION_ONLY,CONFLICTING,SOURCE_CONFLICT,"Value 0-0 ph_units does not overlap any canonical range for ph/unspecified (checked: range-ph-pool-chlorine-routine, range-ph-hottub-chlorine-routine, range-ph-hottub-bromine-routine, range-ph-pool-narrow-operational)."
1a7fd14d4f9e3e66,Category Cards How to Adjust Pool pH from 6.8 to 7.2 (Safe Steps) | Pool Water Chemistry Guide Browse how to adjust ph from 6 8 to 7 2 content.,ph,"programmatic/ph/index.html (env=pool, 6-6 ph_units)",,MECHANICAL_CLASSIFICATION_ONLY,CONFLICTING,SOURCE_CONFLICT,"Value 6-6 ph_units does not overlap any canonical range for ph/pool (checked: range-ph-pool-chlorine-routine, range-ph-pool-narrow-operational)."
342451bca367a931,Category Cards How to Adjust Pool pH from 6.8 to 7.2 (Safe Steps) | Pool Water Chemistry Guide Browse how to adjust ph from 6 8 to 7 2 content.,ph,"programmatic/ph/index.html (env=pool, 2-2 ph_units)",,MECHANICAL_CLASSIFICATION_ONLY,CONFLICTING,SOURCE_CONFLICT,"Value 2-2 ph_units does not overlap any canonical range for ph/pool (checked: range-ph-pool-chlorine-routine, range-ph-pool-narrow-operational)."
47e40c4c9c41a1f9,How to Adjust Pool pH from 7.8 to 7.4 (Safe Steps) | Pool Water Chemistry Guide Browse how to adjust ph from 7 8 to 7 4 content.,ph,"programmatic/ph/index.html (env=pool, 4-4 ph_units)",,MECHANICAL_CLASSIFICATION_ONLY,CONFLICTING,SOURCE_CONFLICT,"Value 4-4 ph_units does not overlap any canonical range for ph/pool (checked: range-ph-pool-chlorine-routine, range-ph-pool-narrow-operational)."
355ab0d2186f497a,How to Adjust Pool pH from 7 to 7.4 (Safe Steps) | Pool Water Chemistry Guide Browse how to adjust ph from 7 to 7 4 content.,ph,"programmatic/ph/index.html (env=pool, 4-4 ph_units)",,MECHANICAL_CLASSIFICATION_ONLY,CONFLICTING,SOURCE_CONFLICT,"Value 4-4 ph_units does not overlap any canonical range for ph/pool (checked: range-ph-pool-chlorine-routine, range-ph-pool-narrow-operational)."
ba6073073d987048,How to Adjust Pool pH from 8 to 7.5 (Safe Steps) | Pool Water Chemistry Guide Browse how to adjust ph from 8 to 7 5 content.,ph,"programmatic/ph/index.html (env=pool, 5-5 ph_units)",,MECHANICAL_CLASSIFICATION_ONLY,CONFLICTING,SOURCE_CONFLICT,"Value 5-5 ph_units does not overlap any canonical range for ph/pool (checked: range-ph-pool-chlorine-routine, range-ph-pool-narrow-operational)."
2a47d9d16148407b,"In most pools, you temporarily hold free chlorine above 5 ppm while running filtration until the water clears.",free_chlorine,"programmatic/problems/green-pool-how-much-chlorine.html (env=pool, 5-5 ppm)",,MANUALLY_REVIEWED,NOT_SUPPORTED,CORRECT_CLAIM_FAMILY_IS_SHOCK_NOT_ROUTINE,"Green-pool recovery treatment value (""hold FC above 5 ppm""), not routine maintenance. Same architecture gap."
c67d5be34e71b587,"In most pools, you temporarily hold free chlorine above 5 ppm while running filtration until the water clears.",free_chlorine,"programmatic/problems/green-pool-how-much-chlorine.html (env=pool, 5-5 ppm)",,MECHANICAL_CLASSIFICATION_ONLY,CONFLICTING,SOURCE_CONFLICT,"Value 5-5 ppm does not overlap any canonical range for free_chlorine/pool (checked: range-fc-pool-chlorine-no-cya, range-fc-pool-chlorine-with-cya)."
de705d8159293b1a,"Sodium Bicarbonate to Raise Alkalinity (1.5 lb raises TA by 10 ppm per 10,000 gal) Pool Volume +10 ppm +20 ppm +30 ppm +40 ppm +50 ppm 8,000 gal 1.2 lb 2.4 lb 3.6 lb 4.8 lb 6.0 lb 10,000 gal 1.5 lb 3.0 lb 4.5 lb 6.0 lb 7.5 lb 12,000 gal 1.8 lb 3.6 lb 5.4 lb 7.2 lb 9.0 lb 15,000 gal 2.25 lb 4.5 lb 6.…",total_alkalinity,"reference/alkalinity-table.html (env=pool, 10-10 ppm)",,MECHANICAL_CLASSIFICATION_ONLY,CONFLICTING,SOURCE_CONFLICT,"Value 10-10 ppm does not overlap any canonical range for total_alkalinity/pool (checked: range-ta-public-pool-standard, range-ta-residential-practical)."
1a3d7c5d8715bb1a,"Sodium Bicarbonate to Raise Alkalinity (1.5 lb raises TA by 10 ppm per 10,000 gal) Pool Volume +10 ppm +20 ppm +30 ppm +40 ppm +50 ppm 8,000 gal 1.2 lb 2.4 lb 3.6 lb 4.8 lb 6.0 lb 10,000 gal 1.5 lb 3.0 lb 4.5 lb 6.0 lb 7.5 lb 12,000 gal 1.8 lb 3.6 lb 5.4 lb 7.2 lb 9.0 lb 15,000 gal 2.25 lb 4.5 lb 6.…",pool_volume,"reference/alkalinity-table.html (env=pool, 10000-10000 gal)",,MECHANICAL_CLASSIFICATION_ONLY,NOT_SUPPORTED,SOURCE_NOT_FOUND,"No source in the registry covers ""pool_volume"" at all."
829effa0342f847c,"Sodium Bicarbonate to Raise Alkalinity (1.5 lb raises TA by 10 ppm per 10,000 gal) Pool Volume +10 ppm +20 ppm +30 ppm +40 ppm +50 ppm 8,000 gal 1.2 lb 2.4 lb 3.6 lb 4.8 lb 6.0 lb 10,000 gal 1.5 lb 3.0 lb 4.5 lb 6.0 lb 7.5 lb 12,000 gal 1.8 lb 3.6 lb 5.4 lb 7.2 lb 9.0 lb 15,000 gal 2.25 lb 4.5 lb 6.…",pool_volume,"reference/alkalinity-table.html (env=pool, 8000-8000 gal)",,MECHANICAL_CLASSIFICATION_ONLY,NOT_SUPPORTED,SOURCE_NOT_FOUND,"No source in the registry covers ""pool_volume"" at all."
0fce399df94254a0,"Sodium Bicarbonate to Raise Alkalinity (1.5 lb raises TA by 10 ppm per 10,000 gal) Pool Volume +10 ppm +20 ppm +30 ppm +40 ppm +50 ppm 8,000 gal 1.2 lb 2.4 lb 3.6 lb 4.8 lb 6.0 lb 10,000 gal 1.5 lb 3.0 lb 4.5 lb 6.0 lb 7.5 lb 12,000 gal 1.8 lb 3.6 lb 5.4 lb 7.2 lb 9.0 lb 15,000 gal 2.25 lb 4.5 lb 6.…",pool_volume,"reference/alkalinity-table.html (env=pool, 10000-10000 gal)",,MECHANICAL_CLASSIFICATION_ONLY,NOT_SUPPORTED,SOURCE_NOT_FOUND,"No source in the registry covers ""pool_volume"" at all."
289de4105a35d0b5,"Sodium Bicarbonate to Raise Alkalinity (1.5 lb raises TA by 10 ppm per 10,000 gal) Pool Volume +10 ppm +20 ppm +30 ppm +40 ppm +50 ppm 8,000 gal 1.2 lb 2.4 lb 3.6 lb 4.8 lb 6.0 lb 10,000 gal 1.5 lb 3.0 lb 4.5 lb 6.0 lb 7.5 lb 12,000 gal 1.8 lb 3.6 lb 5.4 lb 7.2 lb 9.0 lb 15,000 gal 2.25 lb 4.5 lb 6.…",pool_volume,"reference/alkalinity-table.html (env=pool, 12000-12000 gal)",,MECHANICAL_CLASSIFICATION_ONLY,NOT_SUPPORTED,SOURCE_NOT_FOUND,"No source in the registry covers ""pool_volume"" at all."
b1c7ccf41442340b,"Sodium Bicarbonate to Raise Alkalinity (1.5 lb raises TA by 10 ppm per 10,000 gal) Pool Volume +10 ppm +20 ppm +30 ppm +40 ppm +50 ppm 8,000 gal 1.2 lb 2.4 lb 3.6 lb 4.8 lb 6.0 lb 10,000 gal 1.5 lb 3.0 lb 4.5 lb 6.0 lb 7.5 lb 12,000 gal 1.8 lb 3.6 lb 5.4 lb 7.2 lb 9.0 lb 15,000 gal 2.25 lb 4.5 lb 6.…",pool_volume,"reference/alkalinity-table.html (env=pool, 15000-15000 gal)",,MECHANICAL_CLASSIFICATION_ONLY,NOT_SUPPORTED,SOURCE_NOT_FOUND,"No source in the registry covers ""pool_volume"" at all."
548aa168da8ffa02,"Target 200–400 ppm calcium hardness for pools; 150–250 ppm for hot tubs Low CH creates aggressive water that etches plaster, grout, and corrodes metal fittings High CH combined with high pH and alkalinity causes scale and cloudy water Use the Langelier Saturation Index (LSI) to verify overall water …",calcium_hardness,"reference/calcium-hardness-explained.html (env=hot_tub, 150-250 ppm)",,MECHANICAL_CLASSIFICATION_ONLY,NOT_SUPPORTED,REQUIRES_EXPERT_REVIEW,Claim family exists (claim-ch-target) but no canonical range covers this specific environment/context -- needs individual human review.
82daf8a7f7690fc7,Ideal Range Parameter Value Notes Calcium Hardness (pools) 200–400 ppm Vinyl liner pools can go lower (175–225 ppm) Calcium Hardness (hot tubs) 150–250 ppm Lower range preferred; high CH in spas causes scale faster Calcium Hardness (fiberglass) 200–350 ppm Fiberglass is more tolerant of low CH than …,calcium_hardness,"reference/calcium-hardness-explained.html (env=hot_tub, 200-350 ppm)",,MECHANICAL_CLASSIFICATION_ONLY,NOT_SUPPORTED,REQUIRES_EXPERT_REVIEW,Claim family exists (claim-ch-target) but no canonical range covers this specific environment/context -- needs individual human review.
8d3c463cec043470,"About 12 ounces (340g) per 10,000 gallons raises CH by approximately 10 ppm.",pool_volume,"reference/calcium-hardness-explained.html (env=unspecified, 10000-10000 gallons)",,MECHANICAL_CLASSIFICATION_ONLY,NOT_SUPPORTED,SOURCE_NOT_FOUND,"No source in the registry covers ""pool_volume"" at all."
8112b8024503269d,"About 12 ounces (340g) per 10,000 gallons raises CH by approximately 10 ppm.",calcium_hardness,"reference/calcium-hardness-explained.html (env=unspecified, 10-10 ppm)",,MECHANICAL_CLASSIFICATION_ONLY,CONFLICTING,SOURCE_CONFLICT,"Value 10-10 ppm does not overlap any canonical range for calcium_hardness/unspecified (checked: range-ch-public-pool-standard, range-ch-residential-practical)."
04cd53c764f64cca,The primary way to lower CH is dilution — drain 20–30% of the pool water and replace with lower-hardness water.,calcium_hardness,"reference/calcium-hardness-explained.html (env=pool, 20-30 %)",,MECHANICAL_CLASSIFICATION_ONLY,CONFLICTING,SOURCE_CONFLICT,"Value 20-30 % does not overlap any canonical range for calcium_hardness/pool (checked: range-ch-public-pool-standard, range-ch-residential-practical)."
b0c70710f1763d21,Volume Conversions From To Multiply By Fluid ounces (fl oz) Milliliters (mL) 29.574 Milliliters (mL) Fluid ounces (fl oz) 0.0338 Quarts (qt) Liters (L) 0.9464 Gallons (US) Liters 3.785 Liters Gallons (US) 0.2642 Weight Conversions From To Multiply By Ounces (oz) Grams (g) 28.35 Grams (g) Ounces (oz)…,pool_volume,"reference/chemical-conversion-tables.html (env=unspecified, 0.9464-0.9464 gallons)",,MECHANICAL_CLASSIFICATION_ONLY,NOT_SUPPORTED,SOURCE_NOT_FOUND,"No source in the registry covers ""pool_volume"" at all."
69b8ca844f3b996c,"Storage Requirements by Product Type Product Temperature Humidity Keep Away From Shelf Life Liquid chlorine (sodium hypochlorite) Cool, below 85°F Any — sealed Heat, light, chlorine products 60 days Calcium hypochlorite (shock) Cool, dry Low — absorbs moisture Acid, flammables, other chlorines 2+ ye…",water_temperature,"reference/chemical-storage-guide.html (env=unspecified, 85-85 °f)",,MECHANICAL_CLASSIFICATION_ONLY,NOT_SUPPORTED,SOURCE_NOT_FOUND,"No source in the registry covers ""water_temperature"" at all."
9cd40342c9782263,"At pH 8.0, only one-fifth is.",ph,"reference/chlorine-effectiveness-chart.html (env=unspecified, 8-8 ph_units)",,MECHANICAL_CLASSIFICATION_ONLY,CONFLICTING,SOURCE_CONFLICT,"Value 8-8 ph_units does not overlap any canonical range for ph/unspecified (checked: range-ph-pool-chlorine-routine, range-ph-hottub-chlorine-routine, range-ph-hottub-bromine-routine, range-ph-pool-narrow-operational)."
ef7eed0abcb800f0,HOCl Percentage at Different pH (at 77°F / 25°C) pH % as HOCl (Active) % as OCl- (Inactive) Effective FC at 2 ppm Total FC 6.8 90% 10% 1.80 ppm 7.0 83% 17% 1.66 ppm 7.2 67% 33% 1.34 ppm 7.4 55% 45% 1.10 ppm 7.6 40% 60% 0.80 ppm 7.8 28% 72% 0.56 ppm 8.0 22% 78% 0.44 ppm 8.2 15% 85% 0.30 ppm 8.4 10% 9…,free_chlorine,"reference/chlorine-effectiveness-chart.html (env=unspecified, 90-90 %)",,MECHANICAL_CLASSIFICATION_ONLY,CONFLICTING,SOURCE_CONFLICT,"Value 90-90 % does not overlap any canonical range for free_chlorine/unspecified (checked: range-fc-pool-chlorine-no-cya, range-fc-pool-chlorine-with-cya, range-fc-hottub-chlorine-routine)."
4af752a8ae63a282,HOCl Percentage at Different pH (at 77°F / 25°C) pH % as HOCl (Active) % as OCl- (Inactive) Effective FC at 2 ppm Total FC 6.8 90% 10% 1.80 ppm 7.0 83% 17% 1.66 ppm 7.2 67% 33% 1.34 ppm 7.4 55% 45% 1.10 ppm 7.6 40% 60% 0.80 ppm 7.8 28% 72% 0.56 ppm 8.0 22% 78% 0.44 ppm 8.2 15% 85% 0.30 ppm 8.4 10% 9…,free_chlorine,"reference/chlorine-effectiveness-chart.html (env=unspecified, 10-10 %)",,MECHANICAL_CLASSIFICATION_ONLY,CONFLICTING,SOURCE_CONFLICT,"Value 10-10 % does not overlap any canonical range for free_chlorine/unspecified (checked: range-fc-pool-chlorine-no-cya, range-fc-pool-chlorine-with-cya, range-fc-hottub-chlorine-routine)."
ee0dc42e5474235e,HOCl Percentage at Different pH (at 77°F / 25°C) pH % as HOCl (Active) % as OCl- (Inactive) Effective FC at 2 ppm Total FC 6.8 90% 10% 1.80 ppm 7.0 83% 17% 1.66 ppm 7.2 67% 33% 1.34 ppm 7.4 55% 45% 1.10 ppm 7.6 40% 60% 0.80 ppm 7.8 28% 72% 0.56 ppm 8.0 22% 78% 0.44 ppm 8.2 15% 85% 0.30 ppm 8.4 10% 9…,free_chlorine,"reference/chlorine-effectiveness-chart.html (env=unspecified, 83-83 %)",,MECHANICAL_CLASSIFICATION_ONLY,CONFLICTING,SOURCE_CONFLICT,"Value 83-83 % does not overlap any canonical range for free_chlorine/unspecified (checked: range-fc-pool-chlorine-no-cya, range-fc-pool-chlorine-with-cya, range-fc-hottub-chlorine-routine)."
9388ba165eb3050c,HOCl Percentage at Different pH (at 77°F / 25°C) pH % as HOCl (Active) % as OCl- (Inactive) Effective FC at 2 ppm Total FC 6.8 90% 10% 1.80 ppm 7.0 83% 17% 1.66 ppm 7.2 67% 33% 1.34 ppm 7.4 55% 45% 1.10 ppm 7.6 40% 60% 0.80 ppm 7.8 28% 72% 0.56 ppm 8.0 22% 78% 0.44 ppm 8.2 15% 85% 0.30 ppm 8.4 10% 9…,free_chlorine,"reference/chlorine-effectiveness-chart.html (env=unspecified, 17-17 %)",,MECHANICAL_CLASSIFICATION_ONLY,CONFLICTING,SOURCE_CONFLICT,"Value 17-17 % does not overlap any canonical range for free_chlorine/unspecified (checked: range-fc-pool-chlorine-no-cya, range-fc-pool-chlorine-with-cya, range-fc-hottub-chlorine-routine)."
b1e3f587793ee9b5,HOCl Percentage at Different pH (at 77°F / 25°C) pH % as HOCl (Active) % as OCl- (Inactive) Effective FC at 2 ppm Total FC 6.8 90% 10% 1.80 ppm 7.0 83% 17% 1.66 ppm 7.2 67% 33% 1.34 ppm 7.4 55% 45% 1.10 ppm 7.6 40% 60% 0.80 ppm 7.8 28% 72% 0.56 ppm 8.0 22% 78% 0.44 ppm 8.2 15% 85% 0.30 ppm 8.4 10% 9…,free_chlorine,"reference/chlorine-effectiveness-chart.html (env=unspecified, 67-67 %)",,MECHANICAL_CLASSIFICATION_ONLY,CONFLICTING,SOURCE_CONFLICT,"Value 67-67 % does not overlap any canonical range for free_chlorine/unspecified (checked: range-fc-pool-chlorine-no-cya, range-fc-pool-chlorine-with-cya, range-fc-hottub-chlorine-routine)."
250d68e442db1e20,HOCl Percentage at Different pH (at 77°F / 25°C) pH % as HOCl (Active) % as OCl- (Inactive) Effective FC at 2 ppm Total FC 6.8 90% 10% 1.80 ppm 7.0 83% 17% 1.66 ppm 7.2 67% 33% 1.34 ppm 7.4 55% 45% 1.10 ppm 7.6 40% 60% 0.80 ppm 7.8 28% 72% 0.56 ppm 8.0 22% 78% 0.44 ppm 8.2 15% 85% 0.30 ppm 8.4 10% 9…,free_chlorine,"reference/chlorine-effectiveness-chart.html (env=unspecified, 33-33 %)",,MECHANICAL_CLASSIFICATION_ONLY,CONFLICTING,SOURCE_CONFLICT,"Value 33-33 % does not overlap any canonical range for free_chlorine/unspecified (checked: range-fc-pool-chlorine-no-cya, range-fc-pool-chlorine-with-cya, range-fc-hottub-chlorine-routine)."
a952fe6529d6fc0c,HOCl Percentage at Different pH (at 77°F / 25°C) pH % as HOCl (Active) % as OCl- (Inactive) Effective FC at 2 ppm Total FC 6.8 90% 10% 1.80 ppm 7.0 83% 17% 1.66 ppm 7.2 67% 33% 1.34 ppm 7.4 55% 45% 1.10 ppm 7.6 40% 60% 0.80 ppm 7.8 28% 72% 0.56 ppm 8.0 22% 78% 0.44 ppm 8.2 15% 85% 0.30 ppm 8.4 10% 9…,free_chlorine,"reference/chlorine-effectiveness-chart.html (env=unspecified, 55-55 %)",,MECHANICAL_CLASSIFICATION_ONLY,CONFLICTING,SOURCE_CONFLICT,"Value 55-55 % does not overlap any canonical range for free_chlorine/unspecified (checked: range-fc-pool-chlorine-no-cya, range-fc-pool-chlorine-with-cya, range-fc-hottub-chlorine-routine)."
a59446632041dd2d,HOCl Percentage at Different pH (at 77°F / 25°C) pH % as HOCl (Active) % as OCl- (Inactive) Effective FC at 2 ppm Total FC 6.8 90% 10% 1.80 ppm 7.0 83% 17% 1.66 ppm 7.2 67% 33% 1.34 ppm 7.4 55% 45% 1.10 ppm 7.6 40% 60% 0.80 ppm 7.8 28% 72% 0.56 ppm 8.0 22% 78% 0.44 ppm 8.2 15% 85% 0.30 ppm 8.4 10% 9…,free_chlorine,"reference/chlorine-effectiveness-chart.html (env=unspecified, 45-45 %)",,MECHANICAL_CLASSIFICATION_ONLY,CONFLICTING,SOURCE_CONFLICT,"Value 45-45 % does not overlap any canonical range for free_chlorine/unspecified (checked: range-fc-pool-chlorine-no-cya, range-fc-pool-chlorine-with-cya, range-fc-hottub-chlorine-routine)."
392dd2861cd38ef8,HOCl Percentage at Different pH (at 77°F / 25°C) pH % as HOCl (Active) % as OCl- (Inactive) Effective FC at 2 ppm Total FC 6.8 90% 10% 1.80 ppm 7.0 83% 17% 1.66 ppm 7.2 67% 33% 1.34 ppm 7.4 55% 45% 1.10 ppm 7.6 40% 60% 0.80 ppm 7.8 28% 72% 0.56 ppm 8.0 22% 78% 0.44 ppm 8.2 15% 85% 0.30 ppm 8.4 10% 9…,free_chlorine,"reference/chlorine-effectiveness-chart.html (env=unspecified, 40-40 %)",,MECHANICAL_CLASSIFICATION_ONLY,CONFLICTING,SOURCE_CONFLICT,"Value 40-40 % does not overlap any canonical range for free_chlorine/unspecified (checked: range-fc-pool-chlorine-no-cya, range-fc-pool-chlorine-with-cya, range-fc-hottub-chlorine-routine)."
e402cb052f09e8fd,HOCl Percentage at Different pH (at 77°F / 25°C) pH % as HOCl (Active) % as OCl- (Inactive) Effective FC at 2 ppm Total FC 6.8 90% 10% 1.80 ppm 7.0 83% 17% 1.66 ppm 7.2 67% 33% 1.34 ppm 7.4 55% 45% 1.10 ppm 7.6 40% 60% 0.80 ppm 7.8 28% 72% 0.56 ppm 8.0 22% 78% 0.44 ppm 8.2 15% 85% 0.30 ppm 8.4 10% 9…,free_chlorine,"reference/chlorine-effectiveness-chart.html (env=unspecified, 60-60 %)",,MECHANICAL_CLASSIFICATION_ONLY,CONFLICTING,SOURCE_CONFLICT,"Value 60-60 % does not overlap any canonical range for free_chlorine/unspecified (checked: range-fc-pool-chlorine-no-cya, range-fc-pool-chlorine-with-cya, range-fc-hottub-chlorine-routine)."
2993e7934d87b66c,HOCl Percentage at Different pH (at 77°F / 25°C) pH % as HOCl (Active) % as OCl- (Inactive) Effective FC at 2 ppm Total FC 6.8 90% 10% 1.80 ppm 7.0 83% 17% 1.66 ppm 7.2 67% 33% 1.34 ppm 7.4 55% 45% 1.10 ppm 7.6 40% 60% 0.80 ppm 7.8 28% 72% 0.56 ppm 8.0 22% 78% 0.44 ppm 8.2 15% 85% 0.30 ppm 8.4 10% 9…,free_chlorine,"reference/chlorine-effectiveness-chart.html (env=unspecified, 0.8-0.8 ppm)",,MECHANICAL_CLASSIFICATION_ONLY,CONFLICTING,SOURCE_CONFLICT,"Value 0.8-0.8 ppm does not overlap any canonical range for free_chlorine/unspecified (checked: range-fc-pool-chlorine-no-cya, range-fc-pool-chlorine-with-cya, range-fc-hottub-chlorine-routine)."
7d599a92176cf0f1,HOCl Percentage at Different pH (at 77°F / 25°C) pH % as HOCl (Active) % as OCl- (Inactive) Effective FC at 2 ppm Total FC 6.8 90% 10% 1.80 ppm 7.0 83% 17% 1.66 ppm 7.2 67% 33% 1.34 ppm 7.4 55% 45% 1.10 ppm 7.6 40% 60% 0.80 ppm 7.8 28% 72% 0.56 ppm 8.0 22% 78% 0.44 ppm 8.2 15% 85% 0.30 ppm 8.4 10% 9…,free_chlorine,"reference/chlorine-effectiveness-chart.html (env=unspecified, 28-28 %)",,MECHANICAL_CLASSIFICATION_ONLY,CONFLICTING,SOURCE_CONFLICT,"Value 28-28 % does not overlap any canonical range for free_chlorine/unspecified (checked: range-fc-pool-chlorine-no-cya, range-fc-pool-chlorine-with-cya, range-fc-hottub-chlorine-routine)."
3bdd0787d063e2ca,HOCl Percentage at Different pH (at 77°F / 25°C) pH % as HOCl (Active) % as OCl- (Inactive) Effective FC at 2 ppm Total FC 6.8 90% 10% 1.80 ppm 7.0 83% 17% 1.66 ppm 7.2 67% 33% 1.34 ppm 7.4 55% 45% 1.10 ppm 7.6 40% 60% 0.80 ppm 7.8 28% 72% 0.56 ppm 8.0 22% 78% 0.44 ppm 8.2 15% 85% 0.30 ppm 8.4 10% 9…,free_chlorine,"reference/chlorine-effectiveness-chart.html (env=unspecified, 72-72 %)",,MECHANICAL_CLASSIFICATION_ONLY,CONFLICTING,SOURCE_CONFLICT,"Value 72-72 % does not overlap any canonical range for free_chlorine/unspecified (checked: range-fc-pool-chlorine-no-cya, range-fc-pool-chlorine-with-cya, range-fc-hottub-chlorine-routine)."
d418e6ce248710cc,HOCl Percentage at Different pH (at 77°F / 25°C) pH % as HOCl (Active) % as OCl- (Inactive) Effective FC at 2 ppm Total FC 6.8 90% 10% 1.80 ppm 7.0 83% 17% 1.66 ppm 7.2 67% 33% 1.34 ppm 7.4 55% 45% 1.10 ppm 7.6 40% 60% 0.80 ppm 7.8 28% 72% 0.56 ppm 8.0 22% 78% 0.44 ppm 8.2 15% 85% 0.30 ppm 8.4 10% 9…,free_chlorine,"reference/chlorine-effectiveness-chart.html (env=unspecified, 0.56-0.56 ppm)",,MECHANICAL_CLASSIFICATION_ONLY,CONFLICTING,SOURCE_CONFLICT,"Value 0.56-0.56 ppm does not overlap any canonical range for free_chlorine/unspecified (checked: range-fc-pool-chlorine-no-cya, range-fc-pool-chlorine-with-cya, range-fc-hottub-chlorine-routine)."
6c83367950b918df,HOCl Percentage at Different pH (at 77°F / 25°C) pH % as HOCl (Active) % as OCl- (Inactive) Effective FC at 2 ppm Total FC 6.8 90% 10% 1.80 ppm 7.0 83% 17% 1.66 ppm 7.2 67% 33% 1.34 ppm 7.4 55% 45% 1.10 ppm 7.6 40% 60% 0.80 ppm 7.8 28% 72% 0.56 ppm 8.0 22% 78% 0.44 ppm 8.2 15% 85% 0.30 ppm 8.4 10% 9…,free_chlorine,"reference/chlorine-effectiveness-chart.html (env=unspecified, 22-22 %)",,MECHANICAL_CLASSIFICATION_ONLY,CONFLICTING,SOURCE_CONFLICT,"Value 22-22 % does not overlap any canonical range for free_chlorine/unspecified (checked: range-fc-pool-chlorine-no-cya, range-fc-pool-chlorine-with-cya, range-fc-hottub-chlorine-routine)."
65e0e02add3f0b73,HOCl Percentage at Different pH (at 77°F / 25°C) pH % as HOCl (Active) % as OCl- (Inactive) Effective FC at 2 ppm Total FC 6.8 90% 10% 1.80 ppm 7.0 83% 17% 1.66 ppm 7.2 67% 33% 1.34 ppm 7.4 55% 45% 1.10 ppm 7.6 40% 60% 0.80 ppm 7.8 28% 72% 0.56 ppm 8.0 22% 78% 0.44 ppm 8.2 15% 85% 0.30 ppm 8.4 10% 9…,free_chlorine,"reference/chlorine-effectiveness-chart.html (env=unspecified, 78-78 %)",,MECHANICAL_CLASSIFICATION_ONLY,CONFLICTING,SOURCE_CONFLICT,"Value 78-78 % does not overlap any canonical range for free_chlorine/unspecified (checked: range-fc-pool-chlorine-no-cya, range-fc-pool-chlorine-with-cya, range-fc-hottub-chlorine-routine)."
e126af6753e800e8,HOCl Percentage at Different pH (at 77°F / 25°C) pH % as HOCl (Active) % as OCl- (Inactive) Effective FC at 2 ppm Total FC 6.8 90% 10% 1.80 ppm 7.0 83% 17% 1.66 ppm 7.2 67% 33% 1.34 ppm 7.4 55% 45% 1.10 ppm 7.6 40% 60% 0.80 ppm 7.8 28% 72% 0.56 ppm 8.0 22% 78% 0.44 ppm 8.2 15% 85% 0.30 ppm 8.4 10% 9…,free_chlorine,"reference/chlorine-effectiveness-chart.html (env=unspecified, 0.44-0.44 ppm)",,MECHANICAL_CLASSIFICATION_ONLY,CONFLICTING,SOURCE_CONFLICT,"Value 0.44-0.44 ppm does not overlap any canonical range for free_chlorine/unspecified (checked: range-fc-pool-chlorine-no-cya, range-fc-pool-chlorine-with-cya, range-fc-hottub-chlorine-routine)."
16ec56cae269084e,HOCl Percentage at Different pH (at 77°F / 25°C) pH % as HOCl (Active) % as OCl- (Inactive) Effective FC at 2 ppm Total FC 6.8 90% 10% 1.80 ppm 7.0 83% 17% 1.66 ppm 7.2 67% 33% 1.34 ppm 7.4 55% 45% 1.10 ppm 7.6 40% 60% 0.80 ppm 7.8 28% 72% 0.56 ppm 8.0 22% 78% 0.44 ppm 8.2 15% 85% 0.30 ppm 8.4 10% 9…,free_chlorine,"reference/chlorine-effectiveness-chart.html (env=unspecified, 15-15 %)",,MECHANICAL_CLASSIFICATION_ONLY,CONFLICTING,SOURCE_CONFLICT,"Value 15-15 % does not overlap any canonical range for free_chlorine/unspecified (checked: range-fc-pool-chlorine-no-cya, range-fc-pool-chlorine-with-cya, range-fc-hottub-chlorine-routine)."
1ba6ec88b9a623d7,HOCl Percentage at Different pH (at 77°F / 25°C) pH % as HOCl (Active) % as OCl- (Inactive) Effective FC at 2 ppm Total FC 6.8 90% 10% 1.80 ppm 7.0 83% 17% 1.66 ppm 7.2 67% 33% 1.34 ppm 7.4 55% 45% 1.10 ppm 7.6 40% 60% 0.80 ppm 7.8 28% 72% 0.56 ppm 8.0 22% 78% 0.44 ppm 8.2 15% 85% 0.30 ppm 8.4 10% 9…,free_chlorine,"reference/chlorine-effectiveness-chart.html (env=unspecified, 85-85 %)",,MECHANICAL_CLASSIFICATION_ONLY,CONFLICTING,SOURCE_CONFLICT,"Value 85-85 % does not overlap any canonical range for free_chlorine/unspecified (checked: range-fc-pool-chlorine-no-cya, range-fc-pool-chlorine-with-cya, range-fc-hottub-chlorine-routine)."
582ef42ce6b96d94,HOCl Percentage at Different pH (at 77°F / 25°C) pH % as HOCl (Active) % as OCl- (Inactive) Effective FC at 2 ppm Total FC 6.8 90% 10% 1.80 ppm 7.0 83% 17% 1.66 ppm 7.2 67% 33% 1.34 ppm 7.4 55% 45% 1.10 ppm 7.6 40% 60% 0.80 ppm 7.8 28% 72% 0.56 ppm 8.0 22% 78% 0.44 ppm 8.2 15% 85% 0.30 ppm 8.4 10% 9…,free_chlorine,"reference/chlorine-effectiveness-chart.html (env=unspecified, 0.3-0.3 ppm)",,MECHANICAL_CLASSIFICATION_ONLY,CONFLICTING,SOURCE_CONFLICT,"Value 0.3-0.3 ppm does not overlap any canonical range for free_chlorine/unspecified (checked: range-fc-pool-chlorine-no-cya, range-fc-pool-chlorine-with-cya, range-fc-hottub-chlorine-routine)."
7d565486d571af9c,HOCl Percentage at Different pH (at 77°F / 25°C) pH % as HOCl (Active) % as OCl- (Inactive) Effective FC at 2 ppm Total FC 6.8 90% 10% 1.80 ppm 7.0 83% 17% 1.66 ppm 7.2 67% 33% 1.34 ppm 7.4 55% 45% 1.10 ppm 7.6 40% 60% 0.80 ppm 7.8 28% 72% 0.56 ppm 8.0 22% 78% 0.44 ppm 8.2 15% 85% 0.30 ppm 8.4 10% 9…,free_chlorine,"reference/chlorine-effectiveness-chart.html (env=unspecified, 10-10 %)",,MECHANICAL_CLASSIFICATION_ONLY,CONFLICTING,SOURCE_CONFLICT,"Value 10-10 % does not overlap any canonical range for free_chlorine/unspecified (checked: range-fc-pool-chlorine-no-cya, range-fc-pool-chlorine-with-cya, range-fc-hottub-chlorine-routine)."
c6dd4d69b756aa5a,"At pH 8.0, you would need 3x the free chlorine to achieve the same active HOCl level as at pH 7.2.",ph,"reference/chlorine-effectiveness-chart.html (env=unspecified, 8-8 ph_units)",,MECHANICAL_CLASSIFICATION_ONLY,CONFLICTING,SOURCE_CONFLICT,"Value 8-8 ph_units does not overlap any canonical range for ph/unspecified (checked: range-ph-pool-chlorine-routine, range-ph-hottub-chlorine-routine, range-ph-hottub-bromine-routine, range-ph-pool-narrow-operational)."
fb9a6f60e21191f0,"It exists in three forms: free chlorine (active sanitizer, target 1–3 ppm), combined chlorine (spent, ineffective chloramines), and total chlorine (the sum).",sanitizer,"reference/chlorine-explained.html (env=unspecified, 1-3 ppm)",,MECHANICAL_CLASSIFICATION_ONLY,NOT_SUPPORTED,REQUIRES_EXPERT_REVIEW,Claim family exists (claim-mixing-chemicals-danger) but no canonical range covers this specific environment/context -- needs individual human review.
927da12f59bb9642,Free chlorine kills bacteria and algae; target 1–3 ppm for pools Combined chlorine above 0.5 ppm causes irritation and odor — shock to eliminate pH dramatically affects chlorine activity: at pH 8.0 only 20% is active Test free chlorine 2–3 times per week during swim season What Is Chlorine Chlorine …,combined_chlorine,"reference/chlorine-explained.html (env=pool, 1-3 ppm)",,MECHANICAL_CLASSIFICATION_ONLY,CONFLICTING,SOURCE_CONFLICT,Value 1-3 ppm does not overlap any canonical range for combined_chlorine/pool (checked: range-cc-pool-hottub-max).
6c933f6b56ee0720,Free chlorine kills bacteria and algae; target 1–3 ppm for pools Combined chlorine above 0.5 ppm causes irritation and odor — shock to eliminate pH dramatically affects chlorine activity: at pH 8.0 only 20% is active Test free chlorine 2–3 times per week during swim season What Is Chlorine Chlorine …,combined_chlorine,"reference/chlorine-explained.html (env=pool, 0.5-0.5 ppm)",,MECHANICAL_CLASSIFICATION_ONLY,CONFLICTING,SOURCE_CONFLICT,Value 0.5-0.5 ppm does not overlap any canonical range for combined_chlorine/pool (checked: range-cc-pool-hottub-max).
edd804bf08c65461,Free chlorine kills bacteria and algae; target 1–3 ppm for pools Combined chlorine above 0.5 ppm causes irritation and odor — shock to eliminate pH dramatically affects chlorine activity: at pH 8.0 only 20% is active Test free chlorine 2–3 times per week during swim season What Is Chlorine Chlorine …,ph,"reference/chlorine-explained.html (env=pool, 8-8 ph_units)",,MECHANICAL_CLASSIFICATION_ONLY,CONFLICTING,SOURCE_CONFLICT,"Value 8-8 ph_units does not overlap any canonical range for ph/pool (checked: range-ph-pool-chlorine-routine, range-ph-pool-narrow-operational)."
cebf2e791492bbd8,"Maintaining 1–3 ppm FC prevents illness, keeps water clear, and protects the pool surface and equipment. pH management is equally critical: at pH 7.4, about 60% of FC is in the active HOCl form; at pH 8.0, that drops to under 20%, making high-pH pools dangerous even when chlorine ""levels"" appear nor…",free_chlorine,"reference/chlorine-explained.html (env=pool, 60-60 %)",,MECHANICAL_CLASSIFICATION_ONLY,CONFLICTING,SOURCE_CONFLICT,"Value 60-60 % does not overlap any canonical range for free_chlorine/pool (checked: range-fc-pool-chlorine-no-cya, range-fc-pool-chlorine-with-cya)."
fe4bb08688e2f938,"Maintaining 1–3 ppm FC prevents illness, keeps water clear, and protects the pool surface and equipment. pH management is equally critical: at pH 7.4, about 60% of FC is in the active HOCl form; at pH 8.0, that drops to under 20%, making high-pH pools dangerous even when chlorine ""levels"" appear nor…",ph,"reference/chlorine-explained.html (env=pool, 8-8 ph_units)",,MECHANICAL_CLASSIFICATION_ONLY,CONFLICTING,SOURCE_CONFLICT,"Value 8-8 ph_units does not overlap any canonical range for ph/pool (checked: range-ph-pool-chlorine-routine, range-ph-pool-narrow-operational)."
835135942b949948,Ideal Range Parameter Value Notes Free chlorine 1–3 ppm Pools; spas need 3–5 ppm Total chlorine Equal to FC Combined chlorine (TC−FC) should be near zero Combined chlorine <0.5 ppm Above 0.5 ppm = shock required Symptoms When Too Low Symptom What It Means Fix No sanitation protection Bacteria and al…,total_chlorine,"reference/chlorine-explained.html (env=hot_tub, 3-5 ppm)",,MANUALLY_REVIEWED,NOT_SUPPORTED,NO_TC_RANGE_EXISTS,"Reference table ""Total chlorine = Equal to FC"" -- definitional, not a numeric target of its own."
a9658409f66d77bf,Ideal Range Parameter Value Notes Free chlorine 1–3 ppm Pools; spas need 3–5 ppm Total chlorine Equal to FC Combined chlorine (TC−FC) should be near zero Combined chlorine <0.5 ppm Above 0.5 ppm = shock required Symptoms When Too Low Symptom What It Means Fix No sanitation protection Bacteria and al…,combined_chlorine,"reference/chlorine-explained.html (env=hot_tub, 0.5-0.5 ppm)",,MECHANICAL_CLASSIFICATION_ONLY,NOT_SUPPORTED,REQUIRES_EXPERT_REVIEW,Claim family exists (claim-cc-minimize) but no canonical range covers this specific environment/context -- needs individual human review.
05338b941a112539,Ideal Range Parameter Value Notes Free chlorine 1–3 ppm Pools; spas need 3–5 ppm Total chlorine Equal to FC Combined chlorine (TC−FC) should be near zero Combined chlorine <0.5 ppm Above 0.5 ppm = shock required Symptoms When Too Low Symptom What It Means Fix No sanitation protection Bacteria and al…,combined_chlorine,"reference/chlorine-explained.html (env=hot_tub, 0.5-0.5 ppm)",,MECHANICAL_CLASSIFICATION_ONLY,NOT_SUPPORTED,REQUIRES_EXPERT_REVIEW,Claim family exists (claim-cc-minimize) but no canonical range covers this specific environment/context -- needs individual human review.
4b786b3de98f1f9a,"When your test reads TC = 2 ppm and FC = 2 ppm, CC is zero and the pool is well-sanitized.",total_chlorine,"reference/chlorine-explained.html (env=unspecified, 2-2 ppm)",,MECHANICAL_CLASSIFICATION_ONLY,NOT_SUPPORTED,SOURCE_NOT_FOUND,"No source in the registry covers ""total_chlorine"" at all."
ad003f0b6653900c,"When TC exceeds FC by more than 0.5 ppm, you have a chloramine problem requiring shock.",free_chlorine,"reference/chlorine-explained.html (env=unspecified, 0.5-0.5 ppm)",,MECHANICAL_CLASSIFICATION_ONLY,CONFLICTING,SOURCE_CONFLICT,"Value 0.5-0.5 ppm does not overlap any canonical range for free_chlorine/unspecified (checked: range-fc-pool-chlorine-no-cya, range-fc-pool-chlorine-with-cya, range-fc-hottub-chlorine-routine)."
5f089329d072aaec,"The main causes are UV light (without CYA stabilizer, outdoor pools lose 90% of FC in a few hours), heavy bather load (sweat, oils, and urine consume FC), algae growth (invisible early-stage algae consumes massive amounts of FC overnight), and high pH (above 7.8, chlorine is mostly inactive and effe…",free_chlorine,"reference/chlorine-explained.html (env=pool, 90-90 %)",,MECHANICAL_CLASSIFICATION_ONLY,CONFLICTING,SOURCE_CONFLICT,"Value 90-90 % does not overlap any canonical range for free_chlorine/pool (checked: range-fc-pool-chlorine-no-cya, range-fc-pool-chlorine-with-cya)."
522f57de8a29d1cd,Target combined chlorine below 0.5 ppm.,combined_chlorine,"reference/combined-chlorine-explained.html (env=unspecified, 0.5-0.5 ppm)",,MECHANICAL_CLASSIFICATION_ONLY,CONFLICTING,SOURCE_CONFLICT,Value 0.5-0.5 ppm does not overlap any canonical range for combined_chlorine/unspecified (checked: range-cc-pool-hottub-max).
a3110234fd856127,"Combined chlorine (CC) = Total chlorine − Free chlorine; target CC below 0.5 ppm The ""pool smell"" is chloramines, not excess free chlorine — CC is the warning sign CC above 0.5 ppm requires breakpoint chlorination: FC raised to 10× the CC reading Bather hygiene (showering before swimming) dramatical…",combined_chlorine,"reference/combined-chlorine-explained.html (env=pool, 0.5-0.5 ppm)",,MECHANICAL_CLASSIFICATION_ONLY,CONFLICTING,SOURCE_CONFLICT,Value 0.5-0.5 ppm does not overlap any canonical range for combined_chlorine/pool (checked: range-cc-pool-hottub-max).
317e0ea96af98f4f,"Combined chlorine (CC) = Total chlorine − Free chlorine; target CC below 0.5 ppm The ""pool smell"" is chloramines, not excess free chlorine — CC is the warning sign CC above 0.5 ppm requires breakpoint chlorination: FC raised to 10× the CC reading Bather hygiene (showering before swimming) dramatical…",combined_chlorine,"reference/combined-chlorine-explained.html (env=pool, 0.5-0.5 ppm)",cdc-mahc-2023,MANUALLY_REVIEWED,CONFLICTING,CONTENT_CITES_0.5_MAHC_SAYS_0.4,Same 0.5-vs-0.4 discrepancy as above.
0b2aab5c9b583abf,Maintaining CC below 0.5 ppm through regular shock treatments is essential for swimmer comfort and water quality.,combined_chlorine,"reference/combined-chlorine-explained.html (env=unspecified, 0.5-0.5 ppm)",,MECHANICAL_CLASSIFICATION_ONLY,CONFLICTING,SOURCE_CONFLICT,Value 0.5-0.5 ppm does not overlap any canonical range for combined_chlorine/unspecified (checked: range-cc-pool-hottub-max).
5761d997887e64f8,Ideal Range Parameter Value Notes Combined Chlorine (CC) <0.5 ppm Above 0.5 ppm requires breakpoint shock Free Chlorine (FC) 1–3 ppm FC must substantially exceed CC for proper sanitation Total Chlorine (TC) Equal to FC TC = FC when CC is near zero (ideal state) Symptoms When Too Low Symptom What It …,combined_chlorine,"reference/combined-chlorine-explained.html (env=unspecified, 0.5-0.5 ppm)",,MECHANICAL_CLASSIFICATION_ONLY,CONFLICTING,SOURCE_CONFLICT,Value 0.5-0.5 ppm does not overlap any canonical range for combined_chlorine/unspecified (checked: range-cc-pool-hottub-max).
f038ffb94112ce93,Ideal Range Parameter Value Notes Combined Chlorine (CC) <0.5 ppm Above 0.5 ppm requires breakpoint shock Free Chlorine (FC) 1–3 ppm FC must substantially exceed CC for proper sanitation Total Chlorine (TC) Equal to FC TC = FC when CC is near zero (ideal state) Symptoms When Too Low Symptom What It …,combined_chlorine,"reference/combined-chlorine-explained.html (env=unspecified, 0.5-0.5 ppm)",,MECHANICAL_CLASSIFICATION_ONLY,CONFLICTING,SOURCE_CONFLICT,Value 0.5-0.5 ppm does not overlap any canonical range for combined_chlorine/unspecified (checked: range-cc-pool-hottub-max).
7ed88dd69e5083a4,Every pool forms some combined chlorine; the goal is to keep it below 0.5 ppm through regular shocking.,shock_treatment,"reference/combined-chlorine-explained.html (env=pool, 0.5-0.5 ppm)",,MECHANICAL_CLASSIFICATION_ONLY,CONFLICTING,SOURCE_CONFLICT,"Value 0.5-0.5 ppm does not overlap any canonical range for shock_treatment/pool (checked: range-shock-breakpoint-rule-of-thumb, range-shock-cdc-fecal-incident-response)."
707f09476f049f16,Not testing regularly Test chlorine and pH at least 2–3 times per week.,ph,"reference/common-pool-chemistry-mistakes.html (env=unspecified, 2-3 ph_units)",,MECHANICAL_CLASSIFICATION_ONLY,CONFLICTING,SOURCE_CONFLICT,"Value 2-3 ph_units does not overlap any canonical range for ph/unspecified (checked: range-ph-pool-chlorine-routine, range-ph-hottub-chlorine-routine, range-ph-hottub-bromine-routine, range-ph-pool-narrow-operational)."
17ac3021b1ee556e,Standard 1 ppm FC is only appropriate when CYA is below 30 ppm.,cyanuric_acid,"reference/cya-matrix.html (env=unspecified, 30-30 ppm)",,MECHANICAL_CLASSIFICATION_ONLY,NOT_SUPPORTED,SOURCE_NOT_FOUND,"Value overlaps range-cya-residential-routine-outdoor, but that canonical range itself has no confirmed source (status REQUIRES_REVIEW) -- see chemistry-ranges.js."
d2df890efcd3800e,CYA above 100 ppm: plan a 40–50% partial drain and refill.,cyanuric_acid,"reference/cya-matrix.html (env=unspecified, 100-100 ppm)",,MANUALLY_REVIEWED,NOT_SUPPORTED,THRESHOLD_ABOVE_RANGE_BY_DESIGN,"Remediation-action threshold (""above 100 ppm: partial drain""), intentionally above the target range."
b9b9486a8156a583,CYA above 100 ppm: plan a 40–50% partial drain and refill.,cyanuric_acid,"reference/cya-matrix.html (env=unspecified, 40-50 %)",,MECHANICAL_CLASSIFICATION_ONLY,NOT_SUPPORTED,SOURCE_NOT_FOUND,"Value overlaps range-cya-residential-routine-outdoor, but that canonical range itself has no confirmed source (status REQUIRES_REVIEW) -- see chemistry-ranges.js."
d399e149c1078c4a,Keep CYA at 30–50 ppm.,cyanuric_acid,"reference/cyanuric-acid-explained.html (env=unspecified, 30-50 ppm)",,MECHANICAL_CLASSIFICATION_ONLY,NOT_SUPPORTED,SOURCE_NOT_FOUND,"Value overlaps range-cya-residential-routine-outdoor, but that canonical range itself has no confirmed source (status REQUIRES_REVIEW) -- see chemistry-ranges.js."
085c8ef54030d00c,"CYA protects outdoor pool chlorine from UV light; without it, FC is destroyed in hours Ideal range: 30–50 ppm for traditional pools; 60–80 ppm for salt water pools Above 100 ppm causes ""chlorine lock"" — FC is present but largely ineffective CYA does not break down naturally; the only way to lower it…",free_chlorine,"reference/cyanuric-acid-explained.html (env=pool, 30-50 ppm)",,MECHANICAL_CLASSIFICATION_ONLY,CONFLICTING,SOURCE_CONFLICT,"Value 30-50 ppm does not overlap any canonical range for free_chlorine/pool (checked: range-fc-pool-chlorine-no-cya, range-fc-pool-chlorine-with-cya)."
5cb2d9b9b60b3f7e,"CYA protects outdoor pool chlorine from UV light; without it, FC is destroyed in hours Ideal range: 30–50 ppm for traditional pools; 60–80 ppm for salt water pools Above 100 ppm causes ""chlorine lock"" — FC is present but largely ineffective CYA does not break down naturally; the only way to lower it…",salt,"reference/cyanuric-acid-explained.html (env=pool, 60-80 ppm)",,MECHANICAL_CLASSIFICATION_ONLY,CONFLICTING,SOURCE_CONFLICT,"Value 60-80 ppm does not overlap any canonical range for salt/pool (checked: range-salt-generic-operating, range-salt-pentair, range-salt-autopilot)."
e65f28770bb8b0ad,"CYA protects outdoor pool chlorine from UV light; without it, FC is destroyed in hours Ideal range: 30–50 ppm for traditional pools; 60–80 ppm for salt water pools Above 100 ppm causes ""chlorine lock"" — FC is present but largely ineffective CYA does not break down naturally; the only way to lower it…",salt,"reference/cyanuric-acid-explained.html (env=pool, 100-100 ppm)",,MECHANICAL_CLASSIFICATION_ONLY,CONFLICTING,SOURCE_CONFLICT,"Value 100-100 ppm does not overlap any canonical range for salt/pool (checked: range-salt-generic-operating, range-salt-pentair, range-salt-autopilot)."
9df5e01450668d50,"Why It Matters Without CYA, an outdoor pool can lose 75–90% of its free chlorine within 2–4 hours of direct sunlight, making maintenance both expensive and ineffective.",free_chlorine,"reference/cyanuric-acid-explained.html (env=pool, 75-90 %)",,MECHANICAL_CLASSIFICATION_ONLY,CONFLICTING,SOURCE_CONFLICT,"Value 75-90 % does not overlap any canonical range for free_chlorine/pool (checked: range-fc-pool-chlorine-no-cya, range-fc-pool-chlorine-with-cya)."
f9c83053260e4a0c,Maintaining CYA in the 30–50 ppm range balances UV protection with chlorine availability.,cyanuric_acid,"reference/cyanuric-acid-explained.html (env=unspecified, 30-50 ppm)",,MECHANICAL_CLASSIFICATION_ONLY,NOT_SUPPORTED,SOURCE_NOT_FOUND,"Value overlaps range-cya-residential-routine-outdoor, but that canonical range itself has no confirmed source (status REQUIRES_REVIEW) -- see chemistry-ranges.js."
99c3ced1c0eff0f6,Ideal Range Parameter Value Notes CYA (outdoor pools) 30–50 ppm Below 20 ppm: significant UV loss; above 80 ppm: reduced effectiveness CYA (salt water pools) 60–80 ppm Slightly higher to compensate for continuous SWG output CYA (indoor pools) 0 ppm No UV exposure; CYA unnecessary and may impair sani…,cyanuric_acid,"reference/cyanuric-acid-explained.html (env=pool, 30-50 ppm)",,MECHANICAL_CLASSIFICATION_ONLY,NOT_SUPPORTED,SOURCE_NOT_FOUND,"Value overlaps range-cya-residential-routine-outdoor, but that canonical range itself has no confirmed source (status REQUIRES_REVIEW) -- see chemistry-ranges.js."
42e25d0a42694846,Ideal Range Parameter Value Notes CYA (outdoor pools) 30–50 ppm Below 20 ppm: significant UV loss; above 80 ppm: reduced effectiveness CYA (salt water pools) 60–80 ppm Slightly higher to compensate for continuous SWG output CYA (indoor pools) 0 ppm No UV exposure; CYA unnecessary and may impair sani…,cyanuric_acid,"reference/cyanuric-acid-explained.html (env=pool, 20-20 ppm)",,MECHANICAL_CLASSIFICATION_ONLY,CONFLICTING,SOURCE_CONFLICT,"Value 20-20 ppm does not overlap any canonical range for cyanuric_acid/pool (checked: range-cya-public-pool-incident-response-max, range-cya-residential-routine-outdoor, range-cya-saltwater-outdoor)."
0e92ce09fc62d335,Ideal Range Parameter Value Notes CYA (outdoor pools) 30–50 ppm Below 20 ppm: significant UV loss; above 80 ppm: reduced effectiveness CYA (salt water pools) 60–80 ppm Slightly higher to compensate for continuous SWG output CYA (indoor pools) 0 ppm No UV exposure; CYA unnecessary and may impair sani…,cyanuric_acid,"reference/cyanuric-acid-explained.html (env=pool, 80-80 ppm)",,MECHANICAL_CLASSIFICATION_ONLY,NOT_SUPPORTED,SOURCE_NOT_FOUND,"Value overlaps range-cya-saltwater-outdoor, but that canonical range itself has no confirmed source (status REQUIRES_REVIEW) -- see chemistry-ranges.js."
fd66fe77206c8c26,Ideal Range Parameter Value Notes CYA (outdoor pools) 30–50 ppm Below 20 ppm: significant UV loss; above 80 ppm: reduced effectiveness CYA (salt water pools) 60–80 ppm Slightly higher to compensate for continuous SWG output CYA (indoor pools) 0 ppm No UV exposure; CYA unnecessary and may impair sani…,salt,"reference/cyanuric-acid-explained.html (env=pool, 60-80 ppm)",,MECHANICAL_CLASSIFICATION_ONLY,CONFLICTING,SOURCE_CONFLICT,"Value 60-80 ppm does not overlap any canonical range for salt/pool (checked: range-salt-generic-operating, range-salt-pentair, range-salt-autopilot)."
e16e68553dcf7a0b,"Without it, outdoor pools lose up to 90% of FC in a few hours of direct sunlight.",free_chlorine,"reference/cyanuric-acid-explained.html (env=pool, 90-90 %)",,MECHANICAL_CLASSIFICATION_ONLY,CONFLICTING,SOURCE_CONFLICT,"Value 90-90 % does not overlap any canonical range for free_chlorine/pool (checked: range-fc-pool-chlorine-no-cya, range-fc-pool-chlorine-with-cya)."
58f88e8920d4119c,"DPD test kit (free chlorine reagent), digital photometer, ORP probe ppm mg/L HOCl (hypochlorous acid) {""pH7_2"":67,""pH7_4"":54,""pH7_6"":40,""pH8_0"":22} ph cyanuric-acid temperature sunlight bather-load combined-chlorine total-chlorine cyanuric-acid Cool, dry, well-ventilated area.",ph,"reference/datasets/chemical-properties/index.html (env=unspecified, 8-8 ph_units)",,MECHANICAL_CLASSIFICATION_ONLY,CONFLICTING,SOURCE_CONFLICT,"Value 8-8 ph_units does not overlap any canonical range for ph/unspecified (checked: range-ph-pool-chlorine-routine, range-ph-hottub-chlorine-routine, range-ph-hottub-bromine-routine, range-ph-pool-narrow-operational)."
d07f9ec83f890e7c,"DPD test kit (free chlorine reagent), digital photometer, ORP probe ppm mg/L HOCl (hypochlorous acid) {""pH7_2"":67,""pH7_4"":54,""pH7_6"":40,""pH8_0"":22} ph cyanuric-acid temperature sunlight bather-load combined-chlorine total-chlorine cyanuric-acid Cool, dry, well-ventilated area.",ph,"reference/datasets/chemical-properties/index.html (env=unspecified, 0-0 ph_units)",,MECHANICAL_CLASSIFICATION_ONLY,CONFLICTING,SOURCE_CONFLICT,"Value 0-0 ph_units does not overlap any canonical range for ph/unspecified (checked: range-ph-pool-chlorine-routine, range-ph-hottub-chlorine-routine, range-ph-hottub-bromine-routine, range-ph-pool-narrow-operational)."
8f41d86dab0a7c92,Very alkaline water (pH > 8.2) reduces chlorine effectiveness. total-alkalinity Total Alkalinity HCO₃⁻ / CO₃²⁻ / OH⁻ alkalinity pH buffer.,ph,"reference/datasets/chemical-properties/index.html (env=unspecified, 8.2-8.2 ph_units)",,MECHANICAL_CLASSIFICATION_ONLY,CONFLICTING,SOURCE_CONFLICT,"Value 8.2-8.2 ph_units does not overlap any canonical range for ph/unspecified (checked: range-ph-pool-chlorine-routine, range-ph-hottub-chlorine-routine, range-ph-hottub-bromine-routine, range-ph-pool-narrow-operational)."
f40c351ca4ba48e1,"Sulfuric acid titration (TA drop test), DPD combo kit ppm mg/L as CaCO₃ — — muriatic-acid baking-soda aeration co2-offgassing ph-parameter calcium-hardness lsi-parameter N/A — water parameter Low TA causes pH instability.",ph,"reference/datasets/chemical-properties/index.html (env=unspecified, 2-2 ph_units)",,MECHANICAL_CLASSIFICATION_ONLY,CONFLICTING,SOURCE_CONFLICT,"Value 2-2 ph_units does not overlap any canonical range for ph/unspecified (checked: range-ph-pool-chlorine-routine, range-ph-hottub-chlorine-routine, range-ph-hottub-bromine-routine, range-ph-pool-narrow-operational)."
f4a8935afffda5e4,"At CYA 50 ppm, minimum FC is 4 ppm per TFPC guidelines. residential-pool-combined-chlorine residential-pool combined-chlorine ppm {""min"":0,""max"":0,""ideal"":0} {""low"":null,""high"":0.5} {""low"":null,""high"":1} Any detectable CC above 0.5 ppm requires breakpoint chlorination (shock at 10x CC level). reside…",cyanuric_acid,"reference/datasets/chemical-ranges/index.html (env=unspecified, 50-50 ppm)",,MECHANICAL_CLASSIFICATION_ONLY,NOT_SUPPORTED,SOURCE_NOT_FOUND,"Value overlaps range-cya-residential-routine-outdoor, but that canonical range itself has no confirmed source (status REQUIRES_REVIEW) -- see chemistry-ranges.js."
2282515c6ceed05a,"At CYA 50 ppm, minimum FC is 4 ppm per TFPC guidelines. residential-pool-combined-chlorine residential-pool combined-chlorine ppm {""min"":0,""max"":0,""ideal"":0} {""low"":null,""high"":0.5} {""low"":null,""high"":1} Any detectable CC above 0.5 ppm requires breakpoint chlorination (shock at 10x CC level). reside…",combined_chlorine,"reference/datasets/chemical-ranges/index.html (env=pool, 0.5-0.5 ppm)",,MECHANICAL_CLASSIFICATION_ONLY,CONFLICTING,SOURCE_CONFLICT,Value 0.5-0.5 ppm does not overlap any canonical range for combined_chlorine/pool (checked: range-cc-pool-hottub-max).
ebf8f3da28ef491d,"At pH 8.0, only 22% is active. residential-pool-total-alkalinity residential-pool total-alkalinity ppm {""min"":80,""max"":120,""ideal"":100} {""low"":60,""high"":180} {""low"":40,""high"":240} Adjust TA before pH.",ph,"reference/datasets/chemical-ranges/index.html (env=unspecified, 8-8 ph_units)",,MECHANICAL_CLASSIFICATION_ONLY,CONFLICTING,SOURCE_CONFLICT,"Value 8-8 ph_units does not overlap any canonical range for ph/unspecified (checked: range-ph-pool-chlorine-routine, range-ph-hottub-chlorine-routine, range-ph-hottub-bromine-routine, range-ph-pool-narrow-operational)."
af519b266378dc98,"Salt chlorinator output may need adjustment seasonally. saltwater-pool-ph saltwater-pool ph pH {""min"":7.2,""max"":7.6,""ideal"":7.4} {""low"":7,""high"":7.8} {""low"":6.8,""high"":8.2} Salt pools tend to drift high pH due to electrolysis byproducts.",ph,"reference/datasets/chemical-ranges/index.html (env=pool, 6.8-6.8 ph_units)",,MECHANICAL_CLASSIFICATION_ONLY,CONFLICTING,SOURCE_CONFLICT,"Value 6.8-6.8 ph_units does not overlap any canonical range for ph/pool (checked: range-ph-pool-chlorine-routine, range-ph-pool-narrow-operational)."
e142919892828548,Degrades ~30% per 60 days at room temperature. — — — liquid-chlorine-12pct Liquid Chlorine (12.5%) liquid-chlorine 12.5 free-chlorine 1 10000 gallons 8.6 fl oz 29.5 residential-pool saltwater-pool hot-tub commercial-pool indoor-pool outdoor-pool 0 slight-increase Higher concentration.,pool_volume,"reference/datasets/dosage-matrices/index.html (env=both, 0-0 gallons)",,MECHANICAL_CLASSIFICATION_ONLY,NOT_SUPPORTED,SOURCE_NOT_FOUND,"No source in the registry covers ""pool_volume"" at all."
4c5b56916e55aea7,Same active ingredient as 10%. — — — calcium-hypochlorite-65pct Calcium Hypochlorite (65%) calcium-hypochlorite 65 free-chlorine 1 10000 gallons 2 oz (dry) 58.2 residential-pool saltwater-pool hot-tub commercial-pool outdoor-pool 0 increase Pre-dissolve in water before adding.,pool_volume,"reference/datasets/dosage-matrices/index.html (env=both, 0-0 gallons)",,MECHANICAL_CLASSIFICATION_ONLY,NOT_SUPPORTED,SOURCE_NOT_FOUND,"No source in the registry covers ""pool_volume"" at all."
e94da05f336458dc,Do not mix with trichlor. 0.39 — — calcium-hypochlorite-73pct Calcium Hypochlorite (73%) calcium-hypochlorite 73 free-chlorine 1 10000 gallons 1.8 oz (dry) 51.8 residential-pool saltwater-pool hot-tub commercial-pool outdoor-pool 0 increase Higher concentration calcium hypochlorite.,pool_volume,"reference/datasets/dosage-matrices/index.html (env=both, 0-0 gallons)",,MECHANICAL_CLASSIFICATION_ONLY,NOT_SUPPORTED,SOURCE_NOT_FOUND,"No source in the registry covers ""pool_volume"" at all."
87234c78320276d3,"Same handling precautions as 65%. — — — sodium-dichlor-56pct Sodium Dichlor (56%) sodium-dichlor 56 free-chlorine 1 10000 gallons 2.4 oz (dry) 67.6 residential-pool outdoor-pool 0.9 neutral Each oz adds ~0.9 ppm CYA per 10,000 gal.",pool_volume,"reference/datasets/dosage-matrices/index.html (env=pool, 0-0 gallons)",,MECHANICAL_CLASSIFICATION_ONLY,NOT_SUPPORTED,SOURCE_NOT_FOUND,"No source in the registry covers ""pool_volume"" at all."
9c74d4631eac0209,"Dissolves rapidly. — ppm CYA per oz per 10k gal — trichlor-tablets-90pct Trichlor Tablets (90%) trichlor-tablets 90 free-chlorine 1 10000 gallons 1.5 oz (dry) 42.1 residential-pool outdoor-pool 0.6 decrease Slow-dissolving. pH ~2.9, adds acidity over time.",pool_volume,"reference/datasets/dosage-matrices/index.html (env=pool, 0-0 gallons)",,MECHANICAL_CLASSIFICATION_ONLY,NOT_SUPPORTED,SOURCE_NOT_FOUND,"No source in the registry covers ""pool_volume"" at all."
d8327a1ebb64744b,"Dissolves rapidly. — ppm CYA per oz per 10k gal — trichlor-tablets-90pct Trichlor Tablets (90%) trichlor-tablets 90 free-chlorine 1 10000 gallons 1.5 oz (dry) 42.1 residential-pool outdoor-pool 0.6 decrease Slow-dissolving. pH ~2.9, adds acidity over time.",ph,"reference/datasets/dosage-matrices/index.html (env=pool, 2.9-2.9 ph_units)",,MECHANICAL_CLASSIFICATION_ONLY,CONFLICTING,SOURCE_CONFLICT,"Value 2.9-2.9 ph_units does not overlap any canonical range for ph/pool (checked: range-ph-pool-chlorine-routine, range-ph-pool-narrow-operational)."
3067e8d55e590e92,Do not mix with cal-hypo. — ppm CYA per oz per 10k gal — muriatic-acid-31pct-ph Muriatic Acid (31.45%) — pH Reduction muriatic-acid 31.45 ph -0.1 10000 gallons 1.3 fl oz — residential-pool saltwater-pool hot-tub commercial-pool indoor-pool outdoor-pool — decrease Approximate.,pool_volume,"reference/datasets/dosage-matrices/index.html (env=both, 10000-10000 gallons)",,MECHANICAL_CLASSIFICATION_ONLY,NOT_SUPPORTED,SOURCE_NOT_FOUND,"No source in the registry covers ""pool_volume"" at all."
445e945a10b5b5d2,"Add near return jets. — — — muriatic-acid-31pct-ta Muriatic Acid (31.45%) — Alkalinity Reduction muriatic-acid 31.45 total-alkalinity -10 10000 gallons 13 fl oz — residential-pool saltwater-pool hot-tub commercial-pool indoor-pool outdoor-pool — decrease To lower TA: add acid, allow CO2 to off-gas w…",total_alkalinity,"reference/datasets/dosage-matrices/index.html (env=both, 31.45-31.45 %)",,MANUALLY_REVIEWED,NOT_SUPPORTED,PRODUCT_SPEC_NOT_A_WATER_TARGET,"Muriatic acid product concentration (31.45%) in a dosage-matrix record, not a TA water target."
bc7a923cdb9a5edb,"Add near return jets. — — — muriatic-acid-31pct-ta Muriatic Acid (31.45%) — Alkalinity Reduction muriatic-acid 31.45 total-alkalinity -10 10000 gallons 13 fl oz — residential-pool saltwater-pool hot-tub commercial-pool indoor-pool outdoor-pool — decrease To lower TA: add acid, allow CO2 to off-gas w…",pool_volume,"reference/datasets/dosage-matrices/index.html (env=both, 0-0 gallons)",,MECHANICAL_CLASSIFICATION_ONLY,NOT_SUPPORTED,SOURCE_NOT_FOUND,"No source in the registry covers ""pool_volume"" at all."
a33b143b42a29759,"Multiple treatments may be required. — — — soda-ash-100pct-ph Soda Ash (Sodium Carbonate, 100%) — pH Increase soda-ash 100 ph 0.2 10000 gallons 8 oz (dry) — residential-pool saltwater-pool hot-tub commercial-pool indoor-pool outdoor-pool — increase Approximate.",ph,"reference/datasets/dosage-matrices/index.html (env=both, 0.2-0.2 ph_units)",,MECHANICAL_CLASSIFICATION_ONLY,CONFLICTING,SOURCE_CONFLICT,"Value 0.2-0.2 ph_units does not overlap any canonical range for ph/both (checked: range-ph-pool-chlorine-routine, range-ph-hottub-chlorine-routine, range-ph-hottub-bromine-routine, range-ph-pool-narrow-operational)."
9369e4fa696cf11c,"Multiple treatments may be required. — — — soda-ash-100pct-ph Soda Ash (Sodium Carbonate, 100%) — pH Increase soda-ash 100 ph 0.2 10000 gallons 8 oz (dry) — residential-pool saltwater-pool hot-tub commercial-pool indoor-pool outdoor-pool — increase Approximate.",pool_volume,"reference/datasets/dosage-matrices/index.html (env=both, 10000-10000 gallons)",,MECHANICAL_CLASSIFICATION_ONLY,NOT_SUPPORTED,SOURCE_NOT_FOUND,"No source in the registry covers ""pool_volume"" at all."
e21ac898b9a9f878,"May cause temporary cloudiness. — — — baking-soda-100pct-ta Baking Soda (Sodium Bicarbonate, 100%) — Alkalinity Increase baking-soda 100 total-alkalinity 10 10000 gallons 24 oz (dry) — residential-pool saltwater-pool hot-tub commercial-pool indoor-pool outdoor-pool — slight-increase 1.5 lbs raises T…",pool_volume,"reference/datasets/dosage-matrices/index.html (env=both, 0-0 gallons)",,MECHANICAL_CLASSIFICATION_ONLY,NOT_SUPPORTED,SOURCE_NOT_FOUND,"No source in the registry covers ""pool_volume"" at all."
dc83b0ecdb3b33b5,"Add around pool perimeter with pump running. — — 1.5 calcium-chloride-77pct-ch Calcium Chloride (Anhydrous, 77%) — Calcium Hardness Increase calcium-chloride 77 calcium-hardness 10 10000 gallons 27.2 oz (dry) — residential-pool saltwater-pool hot-tub commercial-pool indoor-pool outdoor-pool — none 1…",calcium_hardness,"reference/datasets/dosage-matrices/index.html (env=both, 77-77 %)",,MECHANICAL_CLASSIFICATION_ONLY,CONFLICTING,SOURCE_CONFLICT,"Value 77-77 % does not overlap any canonical range for calcium_hardness/both (checked: range-ch-public-pool-standard, range-ch-residential-practical)."
292ff39665a8c144,"Add around pool perimeter with pump running. — — 1.5 calcium-chloride-77pct-ch Calcium Chloride (Anhydrous, 77%) — Calcium Hardness Increase calcium-chloride 77 calcium-hardness 10 10000 gallons 27.2 oz (dry) — residential-pool saltwater-pool hot-tub commercial-pool indoor-pool outdoor-pool — none 1…",pool_volume,"reference/datasets/dosage-matrices/index.html (env=both, 0-0 gallons)",,MECHANICAL_CLASSIFICATION_ONLY,NOT_SUPPORTED,SOURCE_NOT_FOUND,"No source in the registry covers ""pool_volume"" at all."
2af9afbc6ab190d1,Higher temperatures increase chlorine demand. — — — — — — — — hot-tub-temp hot-tub °F — — — Maximum 104°F per CPSC/PHTA safety standards.,water_temperature,"reference/datasets/temperature-guidelines/index.html (env=hot_tub, 104-104 °f)",,MECHANICAL_CLASSIFICATION_ONLY,NOT_SUPPORTED,SOURCE_NOT_FOUND,"No source in the registry covers ""water_temperature"" at all."
ce15f252afffbedd,"Children and pregnant women: lower temperatures. 104 {""min"":100,""max"":104} {""max"":95} — — — — — commercial-pool-temp commercial-pool °F — {""min"":77,""max"":82} — Competition pools: 77–79°F per FINA guidelines.",water_temperature,"reference/datasets/temperature-guidelines/index.html (env=pool, 77-79 °f)",,MECHANICAL_CLASSIFICATION_ONLY,NOT_SUPPORTED,SOURCE_NOT_FOUND,"No source in the registry covers ""water_temperature"" at all."
56479ec52fd0dd78,"Test in morning before peak UV hours.""} {""parameter"":""ph"",""frequency"":""twice-weekly"",""notes"":""Test whenever FC is tested.""} {""parameter"":""combined-chlorine"",""frequency"":""weekly"",""notes"":""If CC > 0.5 ppm, shock immediately.""} {""parameter"":""total-alkalinity"",""frequency"":""monthly"",""notes"":""More frequen…",combined_chlorine,"reference/datasets/testing-frequency/index.html (env=unspecified, 0.5-0.5 ppm)",,MECHANICAL_CLASSIFICATION_ONLY,CONFLICTING,SOURCE_CONFLICT,Value 0.5-0.5 ppm does not overlap any canonical range for combined_chlorine/unspecified (checked: range-cc-pool-hottub-max).
b9e83fcf877712e1,Green Pool Recovery (Algae Bloom) Step 1: Lower pH to 7.2 using muriatic acid — this maximises chlorine activity.,ph,"reference/emergency-recovery.html (env=pool, 1-1 ph_units)",,MECHANICAL_CLASSIFICATION_ONLY,CONFLICTING,SOURCE_CONFLICT,"Value 1-1 ph_units does not overlap any canonical range for ph/pool (checked: range-ph-pool-chlorine-routine, range-ph-pool-narrow-operational)."
7fd1f87735895be4,Step 3: Add shock to achieve 30 ppm FC — use the shock calculator for exact dose.,free_chlorine,"reference/emergency-recovery.html (env=unspecified, 30-30 ppm)",,MECHANICAL_CLASSIFICATION_ONLY,CONFLICTING,SOURCE_CONFLICT,"Value 30-30 ppm does not overlap any canonical range for free_chlorine/unspecified (checked: range-fc-pool-chlorine-no-cya, range-fc-pool-chlorine-with-cya, range-fc-hottub-chlorine-routine)."
492eb330067254d3,Step 2: Adjust pH to 7.2–7.4.,ph,"reference/emergency-recovery.html (env=unspecified, 2-2 ph_units)",,MECHANICAL_CLASSIFICATION_ONLY,CONFLICTING,SOURCE_CONFLICT,"Value 2-2 ph_units does not overlap any canonical range for ph/unspecified (checked: range-ph-pool-chlorine-routine, range-ph-hottub-chlorine-routine, range-ph-hottub-bromine-routine, range-ph-pool-narrow-operational)."
ee1c0d09735dd7c6,Step 3: Shock to 10 ppm FC.,free_chlorine,"reference/emergency-recovery.html (env=unspecified, 10-10 ppm)",,MECHANICAL_CLASSIFICATION_ONLY,CONFLICTING,SOURCE_CONFLICT,"Value 10-10 ppm does not overlap any canonical range for free_chlorine/unspecified (checked: range-fc-pool-chlorine-no-cya, range-fc-pool-chlorine-with-cya, range-fc-hottub-chlorine-routine)."
3907a96f45edc86a,"Ideal Range Parameter Value Notes Free Chlorine (pools) 1–3 ppm Test 2–3 times per week in swim season Free Chlorine (hot tubs) 3–5 ppm Higher due to elevated temperature and bather load pH influence 7.2–7.4 At this pH, ~60–70% of FC is active HOCl Symptoms When Too Low Symptom What It Means Fix Zer…",free_chlorine,"reference/free-chlorine-explained.html (env=both, 60-70 %)",,MECHANICAL_CLASSIFICATION_ONLY,CONFLICTING,SOURCE_CONFLICT,"Value 60-70 % does not overlap any canonical range for free_chlorine/both (checked: range-fc-pool-chlorine-no-cya, range-fc-pool-chlorine-with-cya, range-fc-hottub-chlorine-routine)."
de80cc6444442d42,"When CC rises above 0.5 ppm, breakpoint shock is required.",combined_chlorine,"reference/free-chlorine-explained.html (env=unspecified, 0.5-0.5 ppm)",,MECHANICAL_CLASSIFICATION_ONLY,CONFLICTING,SOURCE_CONFLICT,Value 0.5-0.5 ppm does not overlap any canonical range for combined_chlorine/unspecified (checked: range-cc-pool-hottub-max).
bb8619afeb0c8da0,Core Parameters Parameter Minimum Ideal Range Maximum Unit Free Chlorine 1.0 1–3 5 ppm Combined Chlorine 0 0 0.5 ppm pH 7.2 7.2–7.6 7.8 pH units Total Alkalinity 60 80–120 180 ppm Calcium Hardness (plaster) 150 200–400 500 ppm Calcium Hardness (vinyl/fibreglass) 100 150–250 400 ppm Cyanuric Acid (st…,combined_chlorine,"reference/ideal-pool-levels.html (env=unspecified, 5-5 ppm)",,MECHANICAL_CLASSIFICATION_ONLY,CONFLICTING,SOURCE_CONFLICT,Value 5-5 ppm does not overlap any canonical range for combined_chlorine/unspecified (checked: range-cc-pool-hottub-max).
b74af838b82f4689,Core Parameters Parameter Minimum Ideal Range Maximum Unit Free Chlorine 1.0 1–3 5 ppm Combined Chlorine 0 0 0.5 ppm pH 7.2 7.2–7.6 7.8 pH units Total Alkalinity 60 80–120 180 ppm Calcium Hardness (plaster) 150 200–400 500 ppm Calcium Hardness (vinyl/fibreglass) 100 150–250 400 ppm Cyanuric Acid (st…,ph,"reference/ideal-pool-levels.html (env=unspecified, 0-0 ph_units)",,MECHANICAL_CLASSIFICATION_ONLY,CONFLICTING,SOURCE_CONFLICT,"Value 0-0 ph_units does not overlap any canonical range for ph/unspecified (checked: range-ph-pool-chlorine-routine, range-ph-hottub-chlorine-routine, range-ph-hottub-bromine-routine, range-ph-pool-narrow-operational)."
4243c9f4ce9faa0b,Core Parameters Parameter Minimum Ideal Range Maximum Unit Free Chlorine 1.0 1–3 5 ppm Combined Chlorine 0 0 0.5 ppm pH 7.2 7.2–7.6 7.8 pH units Total Alkalinity 60 80–120 180 ppm Calcium Hardness (plaster) 150 200–400 500 ppm Calcium Hardness (vinyl/fibreglass) 100 150–250 400 ppm Cyanuric Acid (st…,ph,"reference/ideal-pool-levels.html (env=unspecified, 0-0 ph_units)",,MECHANICAL_CLASSIFICATION_ONLY,CONFLICTING,SOURCE_CONFLICT,"Value 0-0 ph_units does not overlap any canonical range for ph/unspecified (checked: range-ph-pool-chlorine-routine, range-ph-hottub-chlorine-routine, range-ph-hottub-bromine-routine, range-ph-pool-narrow-operational)."
8dda040cf39fcb54,Core Parameters Parameter Minimum Ideal Range Maximum Unit Free Chlorine 1.0 1–3 5 ppm Combined Chlorine 0 0 0.5 ppm pH 7.2 7.2–7.6 7.8 pH units Total Alkalinity 60 80–120 180 ppm Calcium Hardness (plaster) 150 200–400 500 ppm Calcium Hardness (vinyl/fibreglass) 100 150–250 400 ppm Cyanuric Acid (st…,calcium_hardness,"reference/ideal-pool-levels.html (env=unspecified, 150200-400500 ppm)",,MECHANICAL_CLASSIFICATION_ONLY,CONFLICTING,SOURCE_CONFLICT,"Value 150200-400500 ppm does not overlap any canonical range for calcium_hardness/unspecified (checked: range-ch-public-pool-standard, range-ch-residential-practical)."
76160aa70a29b464,Core Parameters Parameter Minimum Ideal Range Maximum Unit Free Chlorine 1.0 1–3 5 ppm Combined Chlorine 0 0 0.5 ppm pH 7.2 7.2–7.6 7.8 pH units Total Alkalinity 60 80–120 180 ppm Calcium Hardness (plaster) 150 200–400 500 ppm Calcium Hardness (vinyl/fibreglass) 100 150–250 400 ppm Cyanuric Acid (st…,cyanuric_acid,"reference/ideal-pool-levels.html (env=unspecified, 100150-250400 ppm)",,MECHANICAL_CLASSIFICATION_ONLY,CONFLICTING,SOURCE_CONFLICT,"Value 100150-250400 ppm does not overlap any canonical range for cyanuric_acid/unspecified (checked: range-cya-public-pool-incident-response-max, range-cya-residential-routine-outdoor, range-cya-saltwater-outdoor, range-cya-hottub)."
46c2938f11a6be77,Combined chlorine above 0.5 ppm requires shock treatment.,shock_treatment,"reference/ideal-pool-levels.html (env=unspecified, 0.5-0.5 ppm)",,MECHANICAL_CLASSIFICATION_ONLY,CONFLICTING,SOURCE_CONFLICT,"Value 0.5-0.5 ppm does not overlap any canonical range for shock_treatment/unspecified (checked: range-shock-breakpoint-rule-of-thumb, range-shock-cdc-fecal-incident-response)."
c65671f3c42e4e14,Hot Tub / Spa Parameters Parameter Minimum Ideal Range Maximum Unit Free Chlorine 2.0 3–5 10 ppm Bromine 3.0 3–6 8 ppm Combined Chlorine 0 0 0.5 ppm pH 7.2 7.2–7.8 8.0 pH units Total Alkalinity 60 80–120 150 ppm Calcium Hardness 100 150–250 350 ppm CYA 0 Not required (indoor) 30 ppm TDS over baselin…,bromine,"reference/ideal-spa-levels.html (env=hot_tub, 10-10 ppm)",,MANUALLY_REVIEWED,NOT_SUPPORTED,LIKELY_TABLE_COLUMN_CROSSOVER,"Multi-column reference table (""Free Chlorine 2.0 3-5 10 ppm | Bromine 3.0 3-6 8 ppm""); the value 10 is Free Chlorine's MAXIMUM column, not Bromine's. Proximity-based extraction can cross-attribute values between adjacent table cells -- a residual extraction limitation for tabular content, not a chemistry error. Flagged for a future extraction-phase fix; not corrected here (out of 7E scope)."
77c965fdb5e0e43c,Hot Tub / Spa Parameters Parameter Minimum Ideal Range Maximum Unit Free Chlorine 2.0 3–5 10 ppm Bromine 3.0 3–6 8 ppm Combined Chlorine 0 0 0.5 ppm pH 7.2 7.2–7.8 8.0 pH units Total Alkalinity 60 80–120 150 ppm Calcium Hardness 100 150–250 350 ppm CYA 0 Not required (indoor) 30 ppm TDS over baselin…,combined_chlorine,"reference/ideal-spa-levels.html (env=hot_tub, 8-8 ppm)",,MECHANICAL_CLASSIFICATION_ONLY,NOT_SUPPORTED,REQUIRES_EXPERT_REVIEW,Claim family exists (claim-cc-minimize) but no canonical range covers this specific environment/context -- needs individual human review.
6de3ad4882e65ff5,Hot Tub / Spa Parameters Parameter Minimum Ideal Range Maximum Unit Free Chlorine 2.0 3–5 10 ppm Bromine 3.0 3–6 8 ppm Combined Chlorine 0 0 0.5 ppm pH 7.2 7.2–7.8 8.0 pH units Total Alkalinity 60 80–120 150 ppm Calcium Hardness 100 150–250 350 ppm CYA 0 Not required (indoor) 30 ppm TDS over baselin…,ph,"reference/ideal-spa-levels.html (env=hot_tub, 0-0 ph_units)",,MECHANICAL_CLASSIFICATION_ONLY,CONFLICTING,SOURCE_CONFLICT,"Value 0-0 ph_units does not overlap any canonical range for ph/hot_tub (checked: range-ph-hottub-chlorine-routine, range-ph-hottub-bromine-routine)."
bff95c377f68e959,Hot Tub / Spa Parameters Parameter Minimum Ideal Range Maximum Unit Free Chlorine 2.0 3–5 10 ppm Bromine 3.0 3–6 8 ppm Combined Chlorine 0 0 0.5 ppm pH 7.2 7.2–7.8 8.0 pH units Total Alkalinity 60 80–120 150 ppm Calcium Hardness 100 150–250 350 ppm CYA 0 Not required (indoor) 30 ppm TDS over baselin…,ph,"reference/ideal-spa-levels.html (env=hot_tub, 0-0 ph_units)",,MECHANICAL_CLASSIFICATION_ONLY,CONFLICTING,SOURCE_CONFLICT,"Value 0-0 ph_units does not overlap any canonical range for ph/hot_tub (checked: range-ph-hottub-chlorine-routine, range-ph-hottub-bromine-routine)."
8481d35421ea6392,Hot Tub / Spa Parameters Parameter Minimum Ideal Range Maximum Unit Free Chlorine 2.0 3–5 10 ppm Bromine 3.0 3–6 8 ppm Combined Chlorine 0 0 0.5 ppm pH 7.2 7.2–7.8 8.0 pH units Total Alkalinity 60 80–120 150 ppm Calcium Hardness 100 150–250 350 ppm CYA 0 Not required (indoor) 30 ppm TDS over baselin…,ph,"reference/ideal-spa-levels.html (env=hot_tub, 8-8 ph_units)",,MECHANICAL_CLASSIFICATION_ONLY,CONFLICTING,SOURCE_CONFLICT,"Value 8-8 ph_units does not overlap any canonical range for ph/hot_tub (checked: range-ph-hottub-chlorine-routine, range-ph-hottub-bromine-routine)."
539172b1f722a9d4,Hot Tub / Spa Parameters Parameter Minimum Ideal Range Maximum Unit Free Chlorine 2.0 3–5 10 ppm Bromine 3.0 3–6 8 ppm Combined Chlorine 0 0 0.5 ppm pH 7.2 7.2–7.8 8.0 pH units Total Alkalinity 60 80–120 150 ppm Calcium Hardness 100 150–250 350 ppm CYA 0 Not required (indoor) 30 ppm TDS over baselin…,calcium_hardness,"reference/ideal-spa-levels.html (env=hot_tub, 80-120150 ppm)",,MECHANICAL_CLASSIFICATION_ONLY,NOT_SUPPORTED,REQUIRES_EXPERT_REVIEW,Claim family exists (claim-ch-target) but no canonical range covers this specific environment/context -- needs individual human review.
299d373a6ec97b65,Hot Tub / Spa Parameters Parameter Minimum Ideal Range Maximum Unit Free Chlorine 2.0 3–5 10 ppm Bromine 3.0 3–6 8 ppm Combined Chlorine 0 0 0.5 ppm pH 7.2 7.2–7.8 8.0 pH units Total Alkalinity 60 80–120 150 ppm Calcium Hardness 100 150–250 350 ppm CYA 0 Not required (indoor) 30 ppm TDS over baselin…,calcium_hardness,"reference/ideal-spa-levels.html (env=hot_tub, 100150-250350 ppm)",,MECHANICAL_CLASSIFICATION_ONLY,NOT_SUPPORTED,REQUIRES_EXPERT_REVIEW,Claim family exists (claim-ch-target) but no canonical range covers this specific environment/context -- needs individual human review.
15eae0f65ef0b469,Hot Tub / Spa Parameters Parameter Minimum Ideal Range Maximum Unit Free Chlorine 2.0 3–5 10 ppm Bromine 3.0 3–6 8 ppm Combined Chlorine 0 0 0.5 ppm pH 7.2 7.2–7.8 8.0 pH units Total Alkalinity 60 80–120 150 ppm Calcium Hardness 100 150–250 350 ppm CYA 0 Not required (indoor) 30 ppm TDS over baselin…,cyanuric_acid,"reference/ideal-spa-levels.html (env=hot_tub, 30-30 ppm)",,MECHANICAL_CLASSIFICATION_ONLY,CONFLICTING,SOURCE_CONFLICT,Value 30-30 ppm does not overlap any canonical range for cyanuric_acid/hot_tub (checked: range-cya-hottub).
b4e624ff33b50199,"Muriatic Acid (31.45%) to Lower pH — TA at 80–120 ppm Pool Volume pH 7.8 → 7.4 pH 8.0 → 7.4 pH 8.2 → 7.4 8,000 gal 8 fl oz 16 fl oz 24 fl oz 10,000 gal 10 fl oz 20 fl oz 30 fl oz 12,000 gal 12 fl oz 24 fl oz 36 fl oz 15,000 gal 15 fl oz 30 fl oz 45 fl oz 20,000 gal 20 fl oz 40 fl oz 60 fl oz Sodium …",ph,"reference/ph-table.html (env=pool, 8-8 ph_units)",,MECHANICAL_CLASSIFICATION_ONLY,CONFLICTING,SOURCE_CONFLICT,"Value 8-8 ph_units does not overlap any canonical range for ph/pool (checked: range-ph-pool-chlorine-routine, range-ph-pool-narrow-operational)."
c487151a4894902f,"Muriatic Acid (31.45%) to Lower pH — TA at 80–120 ppm Pool Volume pH 7.8 → 7.4 pH 8.0 → 7.4 pH 8.2 → 7.4 8,000 gal 8 fl oz 16 fl oz 24 fl oz 10,000 gal 10 fl oz 20 fl oz 30 fl oz 12,000 gal 12 fl oz 24 fl oz 36 fl oz 15,000 gal 15 fl oz 30 fl oz 45 fl oz 20,000 gal 20 fl oz 40 fl oz 60 fl oz Sodium …",ph,"reference/ph-table.html (env=pool, 8.2-8.2 ph_units)",,MECHANICAL_CLASSIFICATION_ONLY,CONFLICTING,SOURCE_CONFLICT,"Value 8.2-8.2 ph_units does not overlap any canonical range for ph/pool (checked: range-ph-pool-chlorine-routine, range-ph-pool-narrow-operational)."
3e38d7608fe37c76,"Muriatic Acid (31.45%) to Lower pH — TA at 80–120 ppm Pool Volume pH 7.8 → 7.4 pH 8.0 → 7.4 pH 8.2 → 7.4 8,000 gal 8 fl oz 16 fl oz 24 fl oz 10,000 gal 10 fl oz 20 fl oz 30 fl oz 12,000 gal 12 fl oz 24 fl oz 36 fl oz 15,000 gal 15 fl oz 30 fl oz 45 fl oz 20,000 gal 20 fl oz 40 fl oz 60 fl oz Sodium …",ph,"reference/ph-table.html (env=pool, 8-8 ph_units)",,MECHANICAL_CLASSIFICATION_ONLY,CONFLICTING,SOURCE_CONFLICT,"Value 8-8 ph_units does not overlap any canonical range for ph/pool (checked: range-ph-pool-chlorine-routine, range-ph-pool-narrow-operational)."
5a829d91bd7ebc5b,"Muriatic Acid (31.45%) to Lower pH — TA at 80–120 ppm Pool Volume pH 7.8 → 7.4 pH 8.0 → 7.4 pH 8.2 → 7.4 8,000 gal 8 fl oz 16 fl oz 24 fl oz 10,000 gal 10 fl oz 20 fl oz 30 fl oz 12,000 gal 12 fl oz 24 fl oz 36 fl oz 15,000 gal 15 fl oz 30 fl oz 45 fl oz 20,000 gal 20 fl oz 40 fl oz 60 fl oz Sodium …",ph,"reference/ph-table.html (env=pool, 10-10 ph_units)",,MECHANICAL_CLASSIFICATION_ONLY,CONFLICTING,SOURCE_CONFLICT,"Value 10-10 ph_units does not overlap any canonical range for ph/pool (checked: range-ph-pool-chlorine-routine, range-ph-pool-narrow-operational)."
88e5700847d5b324,"Muriatic Acid (31.45%) to Lower pH — TA at 80–120 ppm Pool Volume pH 7.8 → 7.4 pH 8.0 → 7.4 pH 8.2 → 7.4 8,000 gal 8 fl oz 16 fl oz 24 fl oz 10,000 gal 10 fl oz 20 fl oz 30 fl oz 12,000 gal 12 fl oz 24 fl oz 36 fl oz 15,000 gal 15 fl oz 30 fl oz 45 fl oz 20,000 gal 20 fl oz 40 fl oz 60 fl oz Sodium …",ph,"reference/ph-table.html (env=pool, 12-12 ph_units)",,MECHANICAL_CLASSIFICATION_ONLY,CONFLICTING,SOURCE_CONFLICT,"Value 12-12 ph_units does not overlap any canonical range for ph/pool (checked: range-ph-pool-chlorine-routine, range-ph-pool-narrow-operational)."
bca9e28cdc707397,High alkalinity (above 150 ppm) makes pH much harder to lower — may need 2–3x these doses.,ph,"reference/ph-table.html (env=unspecified, 2-3 ph_units)",,MECHANICAL_CLASSIFICATION_ONLY,CONFLICTING,SOURCE_CONFLICT,"Value 2-3 ph_units does not overlap any canonical range for ph/unspecified (checked: range-ph-pool-chlorine-routine, range-ph-hottub-chlorine-routine, range-ph-hottub-bromine-routine, range-ph-pool-narrow-operational)."
c141fa17fc77c28b,Related tools Pool Chlorine Calculator Pool pH Calculator Pool Shock Calculator Pool Alkalinity Calculator Pool Chemical Levels Chart Related Pool Chemistry Guides Related in this topic Index Why Shower Before Pool Index — 1 Index — 2 Index — 3 Related topics Does Rain Lower Pool Ph Total Alkalinity…,ph,"reference/pool-chemicals-explained.html (env=pool, 1-1 ph_units)",,MECHANICAL_CLASSIFICATION_ONLY,CONFLICTING,SOURCE_CONFLICT,"Value 1-1 ph_units does not overlap any canonical range for ph/pool (checked: range-ph-pool-chlorine-routine, range-ph-pool-narrow-operational)."
248ba42f46b790b7,Related tools Pool Chlorine Calculator Pool pH Calculator Pool Shock Calculator Pool Alkalinity Calculator Pool Chemical Levels Chart Related Pool Chemistry Guides Related in this topic Index Why Shower Before Pool Index — 1 Index — 2 Index — 3 Related topics Does Rain Lower Pool Ph Total Alkalinity…,ph,"reference/pool-chemicals-explained.html (env=pool, 2-2 ph_units)",,MECHANICAL_CLASSIFICATION_ONLY,CONFLICTING,SOURCE_CONFLICT,"Value 2-2 ph_units does not overlap any canonical range for ph/pool (checked: range-ph-pool-chlorine-routine, range-ph-pool-narrow-operational)."
f036f0474aeb96b2,Related tools Pool Chlorine Calculator Pool pH Calculator Pool Shock Calculator Pool Alkalinity Calculator Pool Chemical Levels Chart Related Pool Chemistry Guides Related in this topic Index Why Shower Before Pool Index — 1 Index — 2 Index — 3 Related topics Does Rain Lower Pool Ph Total Alkalinity…,ph,"reference/pool-chemicals-explained.html (env=pool, 3-3 ph_units)",,MECHANICAL_CLASSIFICATION_ONLY,CONFLICTING,SOURCE_CONFLICT,"Value 3-3 ph_units does not overlap any canonical range for ph/pool (checked: range-ph-pool-chlorine-routine, range-ph-pool-narrow-operational)."
884406251a8a405b,Related: Pool Chemical Calculator Pool Chemical Levels Chart Pool chemistry balance explained Cyanuric Acid Ideal: 30–50 ppm for outdoor chlorinated pools using stabilized products.,cyanuric_acid,"reference/pool-chemistry-reference.html (env=pool, 30-50 ppm)",,MECHANICAL_CLASSIFICATION_ONLY,NOT_SUPPORTED,SOURCE_NOT_FOUND,"Value overlaps range-cya-residential-routine-outdoor, but that canonical range itself has no confirmed source (status REQUIRES_REVIEW) -- see chemistry-ranges.js."
6f9dea2602f6d458,Related: Pool Cyanuric Acid Calculator CYA stabilizer explained High CYA & chlorine lock Shock Treatment Ideal: Routine swim range stays 1–3 ppm; shock raises to roughly 10–30 ppm temporarily per label and situation.,shock_treatment,"reference/pool-chemistry-reference.html (env=pool, 1-3 ppm)",,MECHANICAL_CLASSIFICATION_ONLY,CONFLICTING,SOURCE_CONFLICT,"Value 1-3 ppm does not overlap any canonical range for shock_treatment/pool (checked: range-shock-breakpoint-rule-of-thumb, range-shock-cdc-fecal-incident-response)."
e9134b0c056f9c93,"Required GPM by Pool Volume and Turnover Target Pool Volume 6-Hour Turnover (GPM) 8-Hour Turnover (GPM) 10-Hour Turnover (GPM) 8,000 gal 22 17 13 10,000 gal 28 21 17 12,000 gal 33 25 20 15,000 gal 42 31 25 18,000 gal 50 37 30 20,000 gal 56 42 33 25,000 gal 69 52 42 30,000 gal 83 62 50 Approximate Pu…",pool_volume,"reference/pump-sizing.html (env=pool, 8000-8000 gal)",,MECHANICAL_CLASSIFICATION_ONLY,NOT_SUPPORTED,SOURCE_NOT_FOUND,"No source in the registry covers ""pool_volume"" at all."
69c2184b030970f2,"Required GPM by Pool Volume and Turnover Target Pool Volume 6-Hour Turnover (GPM) 8-Hour Turnover (GPM) 10-Hour Turnover (GPM) 8,000 gal 22 17 13 10,000 gal 28 21 17 12,000 gal 33 25 20 15,000 gal 42 31 25 18,000 gal 50 37 30 20,000 gal 56 42 33 25,000 gal 69 52 42 30,000 gal 83 62 50 Approximate Pu…",pool_volume,"reference/pump-sizing.html (env=pool, 10000-10000 gal)",,MECHANICAL_CLASSIFICATION_ONLY,NOT_SUPPORTED,SOURCE_NOT_FOUND,"No source in the registry covers ""pool_volume"" at all."
56cca4b72480fbb2,"Required GPM by Pool Volume and Turnover Target Pool Volume 6-Hour Turnover (GPM) 8-Hour Turnover (GPM) 10-Hour Turnover (GPM) 8,000 gal 22 17 13 10,000 gal 28 21 17 12,000 gal 33 25 20 15,000 gal 42 31 25 18,000 gal 50 37 30 20,000 gal 56 42 33 25,000 gal 69 52 42 30,000 gal 83 62 50 Approximate Pu…",pool_volume,"reference/pump-sizing.html (env=pool, 12000-12000 gal)",,MECHANICAL_CLASSIFICATION_ONLY,NOT_SUPPORTED,SOURCE_NOT_FOUND,"No source in the registry covers ""pool_volume"" at all."
709e8d0aebbde28e,"Required GPM by Pool Volume and Turnover Target Pool Volume 6-Hour Turnover (GPM) 8-Hour Turnover (GPM) 10-Hour Turnover (GPM) 8,000 gal 22 17 13 10,000 gal 28 21 17 12,000 gal 33 25 20 15,000 gal 42 31 25 18,000 gal 50 37 30 20,000 gal 56 42 33 25,000 gal 69 52 42 30,000 gal 83 62 50 Approximate Pu…",pool_volume,"reference/pump-sizing.html (env=pool, 15000-15000 gal)",,MECHANICAL_CLASSIFICATION_ONLY,NOT_SUPPORTED,SOURCE_NOT_FOUND,"No source in the registry covers ""pool_volume"" at all."
81840d979cea3d8e,"Required GPM by Pool Volume and Turnover Target Pool Volume 6-Hour Turnover (GPM) 8-Hour Turnover (GPM) 10-Hour Turnover (GPM) 8,000 gal 22 17 13 10,000 gal 28 21 17 12,000 gal 33 25 20 15,000 gal 42 31 25 18,000 gal 50 37 30 20,000 gal 56 42 33 25,000 gal 69 52 42 30,000 gal 83 62 50 Approximate Pu…",pool_volume,"reference/pump-sizing.html (env=pool, 18000-18000 gal)",,MECHANICAL_CLASSIFICATION_ONLY,NOT_SUPPORTED,SOURCE_NOT_FOUND,"No source in the registry covers ""pool_volume"" at all."
aa2712a846355e86,"Required GPM by Pool Volume and Turnover Target Pool Volume 6-Hour Turnover (GPM) 8-Hour Turnover (GPM) 10-Hour Turnover (GPM) 8,000 gal 22 17 13 10,000 gal 28 21 17 12,000 gal 33 25 20 15,000 gal 42 31 25 18,000 gal 50 37 30 20,000 gal 56 42 33 25,000 gal 69 52 42 30,000 gal 83 62 50 Approximate Pu…",pool_volume,"reference/pump-sizing.html (env=pool, 20000-20000 gal)",,MECHANICAL_CLASSIFICATION_ONLY,NOT_SUPPORTED,SOURCE_NOT_FOUND,"No source in the registry covers ""pool_volume"" at all."
ff7872560f291d4a,"Required GPM by Pool Volume and Turnover Target Pool Volume 6-Hour Turnover (GPM) 8-Hour Turnover (GPM) 10-Hour Turnover (GPM) 8,000 gal 22 17 13 10,000 gal 28 21 17 12,000 gal 33 25 20 15,000 gal 42 31 25 18,000 gal 50 37 30 20,000 gal 56 42 33 25,000 gal 69 52 42 30,000 gal 83 62 50 Approximate Pu…",pool_volume,"reference/pump-sizing.html (env=pool, 25000-25000 gal)",,MECHANICAL_CLASSIFICATION_ONLY,NOT_SUPPORTED,SOURCE_NOT_FOUND,"No source in the registry covers ""pool_volume"" at all."
b5f694866078deb0,"Required GPM by Pool Volume and Turnover Target Pool Volume 6-Hour Turnover (GPM) 8-Hour Turnover (GPM) 10-Hour Turnover (GPM) 8,000 gal 22 17 13 10,000 gal 28 21 17 12,000 gal 33 25 20 15,000 gal 42 31 25 18,000 gal 50 37 30 20,000 gal 56 42 33 25,000 gal 69 52 42 30,000 gal 83 62 50 Approximate Pu…",pool_volume,"reference/pump-sizing.html (env=pool, 30000-30000 gal)",,MECHANICAL_CLASSIFICATION_ONLY,NOT_SUPPORTED,SOURCE_NOT_FOUND,"No source in the registry covers ""pool_volume"" at all."
cbd37ff732914d23,Temperature Recommendations by Use Application Minimum (°F) Ideal Range (°F) Maximum (°F) Notes Recreational pool (adults) 72 78–84 90 Above 90°F increases dehydration risk Lap swimming / competition 77 78–82 85 Cooler temperatures aid endurance Children's pool 80 82–86 90 Younger children chill fas…,water_temperature,"reference/recommended-water-temperature.html (env=pool, 90-90 °f)",,MECHANICAL_CLASSIFICATION_ONLY,NOT_SUPPORTED,SOURCE_NOT_FOUND,"No source in the registry covers ""water_temperature"" at all."
63bcf41945a1dd26,"Pounds of Pool Salt to Add (by pool volume and target increase) Pool Volume +200 ppm +400 ppm +600 ppm +800 ppm +1,000 ppm 10,000 gal 17 lb 33 lb 50 lb 67 lb 83 lb 12,000 gal 20 lb 40 lb 60 lb 80 lb 100 lb 15,000 gal 25 lb 50 lb 75 lb 100 lb 125 lb 18,000 gal 30 lb 60 lb 90 lb 120 lb 150 lb 20,000 g…",pool_volume,"reference/salt-matrix.html (env=pool, 10000-10000 gal)",,MECHANICAL_CLASSIFICATION_ONLY,NOT_SUPPORTED,SOURCE_NOT_FOUND,"No source in the registry covers ""pool_volume"" at all."
0a48326380918bf0,"Pounds of Pool Salt to Add (by pool volume and target increase) Pool Volume +200 ppm +400 ppm +600 ppm +800 ppm +1,000 ppm 10,000 gal 17 lb 33 lb 50 lb 67 lb 83 lb 12,000 gal 20 lb 40 lb 60 lb 80 lb 100 lb 15,000 gal 25 lb 50 lb 75 lb 100 lb 125 lb 18,000 gal 30 lb 60 lb 90 lb 120 lb 150 lb 20,000 g…",pool_volume,"reference/salt-matrix.html (env=pool, 12000-12000 gal)",,MECHANICAL_CLASSIFICATION_ONLY,NOT_SUPPORTED,SOURCE_NOT_FOUND,"No source in the registry covers ""pool_volume"" at all."
089c5137ad76ade0,"Pounds of Pool Salt to Add (by pool volume and target increase) Pool Volume +200 ppm +400 ppm +600 ppm +800 ppm +1,000 ppm 10,000 gal 17 lb 33 lb 50 lb 67 lb 83 lb 12,000 gal 20 lb 40 lb 60 lb 80 lb 100 lb 15,000 gal 25 lb 50 lb 75 lb 100 lb 125 lb 18,000 gal 30 lb 60 lb 90 lb 120 lb 150 lb 20,000 g…",pool_volume,"reference/salt-matrix.html (env=pool, 15000-15000 gal)",,MECHANICAL_CLASSIFICATION_ONLY,NOT_SUPPORTED,SOURCE_NOT_FOUND,"No source in the registry covers ""pool_volume"" at all."
a0d7aa62395f2d38,"Pounds of Pool Salt to Add (by pool volume and target increase) Pool Volume +200 ppm +400 ppm +600 ppm +800 ppm +1,000 ppm 10,000 gal 17 lb 33 lb 50 lb 67 lb 83 lb 12,000 gal 20 lb 40 lb 60 lb 80 lb 100 lb 15,000 gal 25 lb 50 lb 75 lb 100 lb 125 lb 18,000 gal 30 lb 60 lb 90 lb 120 lb 150 lb 20,000 g…",pool_volume,"reference/salt-matrix.html (env=pool, 18000-18000 gal)",,MECHANICAL_CLASSIFICATION_ONLY,NOT_SUPPORTED,SOURCE_NOT_FOUND,"No source in the registry covers ""pool_volume"" at all."
a55ebe04c4be62d1,"Salt Water Generator (SWG) Explained v2026.07 Quick Answer A salt water generator produces chlorine on-site by running salt water (2,700–3,400 ppm) through an electrolytic cell, converting NaCl into hypochlorous acid.",salt,"reference/salt-water-generator-explained.html (env=unspecified, 2700-3400 ppm)",,MECHANICAL_CLASSIFICATION_ONLY,NOT_SUPPORTED,SOURCE_NOT_FOUND,"Value overlaps range-salt-generic-operating, but that canonical range itself has no confirmed source (status REQUIRES_REVIEW) -- see chemistry-ranges.js."
e4bfbde200926446,"SWG pools still contain chlorine — salt is the source, not an alternative to chlorine Target salt level: 2,700–3,400 ppm (roughly 10× lower than ocean water) SWG pools drift to higher pH; more frequent acid additions are typically required Salt cells need cleaning every 3 months and replacement ever…",salt,"reference/salt-water-generator-explained.html (env=pool, 2700-3400 ppm)",,MECHANICAL_CLASSIFICATION_ONLY,NOT_SUPPORTED,SOURCE_NOT_FOUND,"Value overlaps range-salt-generic-operating, but that canonical range itself has no confirmed source (status REQUIRES_REVIEW) -- see chemistry-ranges.js."
74739b8a98805d22,"Ideal Range Parameter Value Notes Salt level 2,700–3,400 ppm Check SWG manufacturer specification; most target ~3,200 ppm Free Chlorine (SWG pools) 1–3 ppm Same target as traditional pools; SWG maintains it continuously CYA (SWG pools) 60–80 ppm Slightly higher than traditional pools to protect gene…",salt,"reference/salt-water-generator-explained.html (env=unspecified, 2700-3400 ppm)",,MECHANICAL_CLASSIFICATION_ONLY,NOT_SUPPORTED,SOURCE_NOT_FOUND,"Value overlaps range-salt-generic-operating, but that canonical range itself has no confirmed source (status REQUIRES_REVIEW) -- see chemistry-ranges.js."
2ae3a51b565d2006,"Ideal Range Parameter Value Notes Salt level 2,700–3,400 ppm Check SWG manufacturer specification; most target ~3,200 ppm Free Chlorine (SWG pools) 1–3 ppm Same target as traditional pools; SWG maintains it continuously CYA (SWG pools) 60–80 ppm Slightly higher than traditional pools to protect gene…",free_chlorine,"reference/salt-water-generator-explained.html (env=pool, 3200-3200 ppm)",,MECHANICAL_CLASSIFICATION_ONLY,CONFLICTING,SOURCE_CONFLICT,"Value 3200-3200 ppm does not overlap any canonical range for free_chlorine/pool (checked: range-fc-pool-chlorine-no-cya, range-fc-pool-chlorine-with-cya)."
a4d9e45ef2ae6716,"Ideal Range Parameter Value Notes Salt level 2,700–3,400 ppm Check SWG manufacturer specification; most target ~3,200 ppm Free Chlorine (SWG pools) 1–3 ppm Same target as traditional pools; SWG maintains it continuously CYA (SWG pools) 60–80 ppm Slightly higher than traditional pools to protect gene…",cyanuric_acid,"reference/salt-water-generator-explained.html (env=pool, 60-80 ppm)",,MECHANICAL_CLASSIFICATION_ONLY,NOT_SUPPORTED,SOURCE_NOT_FOUND,"Value overlaps range-cya-saltwater-outdoor, but that canonical range itself has no confirmed source (status REQUIRES_REVIEW) -- see chemistry-ranges.js."
b500e7c121e68ece,"Cal-Hypo (65%) Shock Dose by Pool Volume Pool Volume Maintenance (10 ppm) Breakpoint CC 1 ppm Breakpoint CC 2 ppm Green Pool (30 ppm) 5,000 gal 0.8 lb 1.25 lb 2.5 lb 2.4 lb 8,000 gal 1.2 lb 2.0 lb 4.0 lb 3.7 lb 10,000 gal 1.5 lb 2.5 lb 5.0 lb 4.6 lb 12,000 gal 1.8 lb 3.0 lb 6.0 lb 5.5 lb 15,000 gal …",combined_chlorine,"reference/shock-dosage-matrix.html (env=pool, 10-10 ppm)",,MECHANICAL_CLASSIFICATION_ONLY,CONFLICTING,SOURCE_CONFLICT,Value 10-10 ppm does not overlap any canonical range for combined_chlorine/pool (checked: range-cc-pool-hottub-max).
11d47827fb7a090f,"Cal-Hypo (65%) Shock Dose by Pool Volume Pool Volume Maintenance (10 ppm) Breakpoint CC 1 ppm Breakpoint CC 2 ppm Green Pool (30 ppm) 5,000 gal 0.8 lb 1.25 lb 2.5 lb 2.4 lb 8,000 gal 1.2 lb 2.0 lb 4.0 lb 3.7 lb 10,000 gal 1.5 lb 2.5 lb 5.0 lb 4.6 lb 12,000 gal 1.8 lb 3.0 lb 6.0 lb 5.5 lb 15,000 gal …",combined_chlorine,"reference/shock-dosage-matrix.html (env=pool, 1-1 ppm)",,MECHANICAL_CLASSIFICATION_ONLY,CONFLICTING,SOURCE_CONFLICT,Value 1-1 ppm does not overlap any canonical range for combined_chlorine/pool (checked: range-cc-pool-hottub-max).
248766bcbb170afc,"Cal-Hypo (65%) Shock Dose by Pool Volume Pool Volume Maintenance (10 ppm) Breakpoint CC 1 ppm Breakpoint CC 2 ppm Green Pool (30 ppm) 5,000 gal 0.8 lb 1.25 lb 2.5 lb 2.4 lb 8,000 gal 1.2 lb 2.0 lb 4.0 lb 3.7 lb 10,000 gal 1.5 lb 2.5 lb 5.0 lb 4.6 lb 12,000 gal 1.8 lb 3.0 lb 6.0 lb 5.5 lb 15,000 gal …",combined_chlorine,"reference/shock-dosage-matrix.html (env=pool, 2-2 ppm)",,MANUALLY_REVIEWED,NOT_SUPPORTED,CORRECT_CLAIM_FAMILY_IS_SHOCK_NOT_ROUTINE,"Shock-dosage matrix table cell (breakpoint CC=2ppm column), not a routine combined-chlorine reading -- table-context number, correctly a different claim family."
cbae4569f8cc7a99,Green pool dose targets 30 ppm FC.,free_chlorine,"reference/shock-dosage-matrix.html (env=pool, 30-30 ppm)",,MANUALLY_REVIEWED,NOT_SUPPORTED,CORRECT_CLAIM_FAMILY_IS_SHOCK_NOT_ROUTINE,"Green-pool shock dose target table value (30 ppm), not routine FC. Same architecture gap."
0ab2c9f28a2e0e37,"Pool Shock Treatment Explained v2026.07 Quick Answer Shocking a pool means adding enough chlorine to reach breakpoint — typically raising FC to 10 ppm or higher — to oxidize chloramines, kill algae, and clear combined chlorine.",free_chlorine,"reference/shock-treatment-explained.html (env=pool, 10-10 ppm)",,MECHANICAL_CLASSIFICATION_ONLY,CONFLICTING,SOURCE_CONFLICT,"Value 10-10 ppm does not overlap any canonical range for free_chlorine/pool (checked: range-fc-pool-chlorine-no-cya, range-fc-pool-chlorine-with-cya)."
d11ac66898e6769e,Shock raises FC to 10+ ppm to destroy chloramines via breakpoint chlorination Use calcium hypochlorite (65–73%) for outdoor pools; dichlor for hot tubs Always shock at dusk — UV light destroys FC before it can work if added during daylight Wait until FC drops below 5 ppm before swimming — typically …,shock_treatment,"reference/shock-treatment-explained.html (env=pool, 65-73 %)",,MECHANICAL_CLASSIFICATION_ONLY,CONFLICTING,SOURCE_CONFLICT,"Value 65-73 % does not overlap any canonical range for shock_treatment/pool (checked: range-shock-breakpoint-rule-of-thumb, range-shock-cdc-fecal-incident-response)."
c5157d25acf02fa1,Ideal Range Parameter Value Notes FC during shock (standard) 10–15 ppm For weekly maintenance shock; allows re-entry in 8–24 h FC during shock (algae treatment) 15–30 ppm Double or triple dose; wait 24–48 h before swimming FC after shock (safe to swim) <5 ppm Test before every swimmer re-entry after…,free_chlorine,"reference/shock-treatment-explained.html (env=unspecified, 10-15 ppm)",,MECHANICAL_CLASSIFICATION_ONLY,CONFLICTING,SOURCE_CONFLICT,"Value 10-15 ppm does not overlap any canonical range for free_chlorine/unspecified (checked: range-fc-pool-chlorine-no-cya, range-fc-pool-chlorine-with-cya, range-fc-hottub-chlorine-routine)."
f85df90915bb57f0,"Shocking adds a much larger dose — typically 10 ppm or more — to achieve breakpoint chlorination, which oxidizes chloramines, kills algae, and resets water quality.",shock_treatment,"reference/shock-treatment-explained.html (env=unspecified, 10-10 ppm)",,MECHANICAL_CLASSIFICATION_ONLY,CONFLICTING,SOURCE_CONFLICT,"Value 10-10 ppm does not overlap any canonical range for shock_treatment/unspecified (checked: range-shock-breakpoint-rule-of-thumb, range-shock-cdc-fecal-incident-response)."
e3aea9945788a225,Ideal Range Parameter Value Notes Total Alkalinity (pools) 80–120 ppm Lower end (80–90 ppm) preferred for pH stability Total Alkalinity (hot tubs) 80–120 ppm Same range; more critical due to smaller water volume Total Alkalinity (salt water pools) 80–120 ppm SWG pools may need slightly lower TA to c…,salt,"reference/total-alkalinity-explained.html (env=pool, 80-120 ppm)",,MECHANICAL_CLASSIFICATION_ONLY,CONFLICTING,SOURCE_CONFLICT,"Value 80-120 ppm does not overlap any canonical range for salt/pool (checked: range-salt-generic-operating, range-salt-pentair, range-salt-autopilot)."
1de12ebd2129d1fb,"About 1.4 pounds per 10,000 gallons raises TA by approximately 10 ppm.",pool_volume,"reference/total-alkalinity-explained.html (env=unspecified, 10000-10000 gallons)",,MECHANICAL_CLASSIFICATION_ONLY,NOT_SUPPORTED,SOURCE_NOT_FOUND,"No source in the registry covers ""pool_volume"" at all."
27b6f2ce18fec06a,"About 1.4 pounds per 10,000 gallons raises TA by approximately 10 ppm.",total_alkalinity,"reference/total-alkalinity-explained.html (env=unspecified, 10-10 ppm)",,MECHANICAL_CLASSIFICATION_ONLY,CONFLICTING,SOURCE_CONFLICT,"Value 10-10 ppm does not overlap any canonical range for total_alkalinity/unspecified (checked: range-ta-public-pool-standard, range-ta-residential-practical, range-ta-hottub)."
904b80726917557a,Step 6: Adjust pH to 7.2–7.6 if needed.,ph,"reference/water-balance-checklist.html (env=unspecified, 6-6 ph_units)",,MECHANICAL_CLASSIFICATION_ONLY,CONFLICTING,SOURCE_CONFLICT,"Value 6-6 ph_units does not overlap any canonical range for ph/unspecified (checked: range-ph-pool-chlorine-routine, range-ph-hottub-chlorine-routine, range-ph-hottub-bromine-routine, range-ph-pool-narrow-operational)."
8bbdf66f1c79454d,"Partial Drain Triggers Parameter Trigger Level Recommended Action CYA Above 80 ppm Partial drain (25–50%) and refill Calcium Hardness Above 500 ppm Partial drain (25–30%) and refill TDS (hot tubs) 1,500 ppm over baseline Complete water change TDS (pools) Above 3,000 ppm (non-salt) Partial drain (25%…",cyanuric_acid,"reference/water-replacement-guidelines.html (env=unspecified, 80-80 ppm)",,MECHANICAL_CLASSIFICATION_ONLY,NOT_SUPPORTED,SOURCE_NOT_FOUND,"Value overlaps range-cya-saltwater-outdoor, but that canonical range itself has no confirmed source (status REQUIRES_REVIEW) -- see chemistry-ranges.js."
0bf70c13585e4c25,"Partial Drain Triggers Parameter Trigger Level Recommended Action CYA Above 80 ppm Partial drain (25–50%) and refill Calcium Hardness Above 500 ppm Partial drain (25–30%) and refill TDS (hot tubs) 1,500 ppm over baseline Complete water change TDS (pools) Above 3,000 ppm (non-salt) Partial drain (25%…",cyanuric_acid,"reference/water-replacement-guidelines.html (env=unspecified, 25-50 %)",,MECHANICAL_CLASSIFICATION_ONLY,NOT_SUPPORTED,SOURCE_NOT_FOUND,"Value overlaps range-cya-residential-routine-outdoor, but that canonical range itself has no confirmed source (status REQUIRES_REVIEW) -- see chemistry-ranges.js."
3a08e9bb77078ed5,"Partial Drain Triggers Parameter Trigger Level Recommended Action CYA Above 80 ppm Partial drain (25–50%) and refill Calcium Hardness Above 500 ppm Partial drain (25–30%) and refill TDS (hot tubs) 1,500 ppm over baseline Complete water change TDS (pools) Above 3,000 ppm (non-salt) Partial drain (25%…",calcium_hardness,"reference/water-replacement-guidelines.html (env=unspecified, 25-30 %)",,MECHANICAL_CLASSIFICATION_ONLY,CONFLICTING,SOURCE_CONFLICT,"Value 25-30 % does not overlap any canonical range for calcium_hardness/unspecified (checked: range-ch-public-pool-standard, range-ch-residential-practical)."
3c267722d496be40,"Partial Drain Triggers Parameter Trigger Level Recommended Action CYA Above 80 ppm Partial drain (25–50%) and refill Calcium Hardness Above 500 ppm Partial drain (25–30%) and refill TDS (hot tubs) 1,500 ppm over baseline Complete water change TDS (pools) Above 3,000 ppm (non-salt) Partial drain (25%…",salt,"reference/water-replacement-guidelines.html (env=both, 1500-1500 ppm)",,MECHANICAL_CLASSIFICATION_ONLY,CONFLICTING,SOURCE_CONFLICT,"Value 1500-1500 ppm does not overlap any canonical range for salt/both (checked: range-salt-generic-operating, range-salt-pentair, range-salt-autopilot)."
30ee882333a5c8ba,"Partial Drain Triggers Parameter Trigger Level Recommended Action CYA Above 80 ppm Partial drain (25–50%) and refill Calcium Hardness Above 500 ppm Partial drain (25–30%) and refill TDS (hot tubs) 1,500 ppm over baseline Complete water change TDS (pools) Above 3,000 ppm (non-salt) Partial drain (25%…",salt,"reference/water-replacement-guidelines.html (env=both, 3000-3000 ppm)",,MECHANICAL_CLASSIFICATION_ONLY,NOT_SUPPORTED,SOURCE_NOT_FOUND,"Value overlaps range-salt-generic-operating, but that canonical range itself has no confirmed source (status REQUIRES_REVIEW) -- see chemistry-ranges.js."
042f33d1e19c4ff0,"Partial Drain Triggers Parameter Trigger Level Recommended Action CYA Above 80 ppm Partial drain (25–50%) and refill Calcium Hardness Above 500 ppm Partial drain (25–30%) and refill TDS (hot tubs) 1,500 ppm over baseline Complete water change TDS (pools) Above 3,000 ppm (non-salt) Partial drain (25%…",salt,"reference/water-replacement-guidelines.html (env=both, 25-25 %)",,MECHANICAL_CLASSIFICATION_ONLY,CONFLICTING,SOURCE_CONFLICT,"Value 25-25 % does not overlap any canonical range for salt/both (checked: range-salt-generic-operating, range-salt-pentair, range-salt-autopilot)."
de867dcca20fd9f0,Print This Page &#8592; All Resources &#10003; Printable &#10003; Free Download &#10003; Letter & A4 Ready &#10003; One Page Preview & Print Date Chlorine (ppm) pH Alkalinity (ppm) Action Taken Notes How to Use This Resource Test water at least 2–3 times per week.,ph,"resources/hot-tub-maintenance-log.html (env=unspecified, 4-4 ph_units)",,MECHANICAL_CLASSIFICATION_ONLY,CONFLICTING,SOURCE_CONFLICT,"Value 4-4 ph_units does not overlap any canonical range for ph/unspecified (checked: range-ph-pool-chlorine-routine, range-ph-hottub-chlorine-routine, range-ph-hottub-bromine-routine, range-ph-pool-narrow-operational)."
c16939cf183da1f1,Print This Page &#8592; All Resources &#10003; Printable &#10003; Free Download &#10003; Letter & A4 Ready &#10003; One Page Preview & Print Date Chlorine (ppm) pH Alk (ppm) Added Chlorine Added pH Up/Down Other Notes How to Use This Resource Log readings before and after adding chemicals to see the…,ph,"resources/pool-chemical-log-sheet.html (env=unspecified, 4-4 ph_units)",,MANUALLY_REVIEWED,NOT_SUPPORTED,PRINTABLE_LOG_TEMPLATE_NOT_A_CLAIM,"Printable log-sheet column header/template text, not an asserted pH value at all."
2efabcfd1b09a551,Print This Page &#8592; All Resources &#10003; Printable &#10003; Free Download &#10003; Letter & A4 Ready &#10003; One Page Preview & Print Chemistry Balance (1–2 Weeks Before) Shock pool with super-chlorination dose Adjust pH to 7.2–7.6 Adjust total alkalinity to 80–120 ppm Adjust calcium hardness…,ph,"resources/pool-closing-checklist.html (env=pool, 4-4 ph_units)",,MECHANICAL_CLASSIFICATION_ONLY,CONFLICTING,SOURCE_CONFLICT,"Value 4-4 ph_units does not overlap any canonical range for ph/pool (checked: range-ph-pool-chlorine-routine, range-ph-pool-narrow-operational)."
1e5feca770e62a2a,Print This Page &#8592; All Resources &#10003; Printable &#10003; Free Download &#10003; Letter & A4 Ready &#10003; One Page Preview & Print Chemistry Balance (1–2 Weeks Before) Shock pool with super-chlorination dose Adjust pH to 7.2–7.6 Adjust total alkalinity to 80–120 ppm Adjust calcium hardness…,ph,"resources/pool-closing-checklist.html (env=pool, 1-2 ph_units)",,MECHANICAL_CLASSIFICATION_ONLY,CONFLICTING,SOURCE_CONFLICT,"Value 1-2 ph_units does not overlap any canonical range for ph/pool (checked: range-ph-pool-chlorine-routine, range-ph-pool-narrow-operational)."
303d88fbef65b8b6,Print This Page &#8592; All Resources &#10003; Printable &#10003; Free Download &#10003; Letter & A4 Ready &#10003; One Page Preview & Print Chemistry Balance (1–2 Weeks Before) Shock pool with super-chlorination dose Adjust pH to 7.2–7.6 Adjust total alkalinity to 80–120 ppm Adjust calcium hardness…,calcium_hardness,"resources/pool-closing-checklist.html (env=pool, 80-120 ppm)",,MECHANICAL_CLASSIFICATION_ONLY,CONFLICTING,SOURCE_CONFLICT,"Value 80-120 ppm does not overlap any canonical range for calcium_hardness/pool (checked: range-ch-public-pool-standard, range-ch-residential-practical)."
9a268d3940047bf3,"Salt Water Pool Chemical Levels Chart Quick Answer A salt water pool should maintain salt levels of 2,700–3,400 ppm, free chlorine 1–3 ppm, pH 7.2–7.6, total alkalinity 80–120 ppm, CYA 60–80 ppm, and calcium hardness 200–400 ppm.",salt,"salt-water-pool-chemical-levels-chart.html (env=pool, 2700-3400 ppm)",,MECHANICAL_CLASSIFICATION_ONLY,NOT_SUPPORTED,SOURCE_NOT_FOUND,"Value overlaps range-salt-generic-operating, but that canonical range itself has no confirmed source (status REQUIRES_REVIEW) -- see chemistry-ranges.js."
841e55bf05fe48f1,"Salt Water Pool Chemical Levels Chart Quick Answer A salt water pool should maintain salt levels of 2,700–3,400 ppm, free chlorine 1–3 ppm, pH 7.2–7.6, total alkalinity 80–120 ppm, CYA 60–80 ppm, and calcium hardness 200–400 ppm.",cyanuric_acid,"salt-water-pool-chemical-levels-chart.html (env=pool, 60-80 ppm)",,MECHANICAL_CLASSIFICATION_ONLY,NOT_SUPPORTED,SOURCE_NOT_FOUND,"Value overlaps range-cya-saltwater-outdoor, but that canonical range itself has no confirmed source (status REQUIRES_REVIEW) -- see chemistry-ranges.js."
5bb2cda28c2c56c9,"Salt water pools still require balanced chlorine, pH, alkalinity, and CYA Ideal salt level for most SWG systems is 2,700–3,400 ppm (check your generator) SWG systems produce alkaline by-products, so pH tends to rise faster — monitor closely CYA is essential for SWG pools: 60–80 ppm protects chlorine…",salt,"salt-water-pool-chemical-levels-chart.html (env=pool, 2700-3400 ppm)",,MECHANICAL_CLASSIFICATION_ONLY,NOT_SUPPORTED,SOURCE_NOT_FOUND,"Value overlaps range-salt-generic-operating, but that canonical range itself has no confirmed source (status REQUIRES_REVIEW) -- see chemistry-ranges.js."
1ce27dfdce4081ca,"Salt water pools still require balanced chlorine, pH, alkalinity, and CYA Ideal salt level for most SWG systems is 2,700–3,400 ppm (check your generator) SWG systems produce alkaline by-products, so pH tends to rise faster — monitor closely CYA is essential for SWG pools: 60–80 ppm protects chlorine…",cyanuric_acid,"salt-water-pool-chemical-levels-chart.html (env=pool, 60-80 ppm)",,MECHANICAL_CLASSIFICATION_ONLY,NOT_SUPPORTED,SOURCE_NOT_FOUND,"Value overlaps range-cya-saltwater-outdoor, but that canonical range itself has no confirmed source (status REQUIRES_REVIEW) -- see chemistry-ranges.js."
442e75ccd480df29,"Most residential salt water chlorine generators are designed to operate at 2,700–3,400 ppm salt.",salt,"salt-water-pool-chemical-levels-chart.html (env=unspecified, 2700-3400 ppm)",,MANUALLY_REVIEWED,NOT_SUPPORTED,EQUIPMENT_DEPENDENT_NO_PRIMARY_SOURCE,"Same figure, same status, on the salt-water-pool-chemical-levels-chart page itself."
