claim_id,entity_id,source_text,claim_type,parameter,value,unit,environment,scenario,extraction_status,scientific_review_status,source_registry_ids,review_required
"ec-free-chlorine-0001","free-chlorine","Free chlorine (FC) is the portion of chlorine in pool water that has not yet reacted with contaminants.","qualitative_chemistry_claim","","","","","","NO_NUMERIC_CONTENT","REQUIRES_REVIEW","","yes"
"ec-free-chlorine-0002","free-chlorine","It exists primarily as hypochlorous acid (HOCl) and hypochlorite ion (OCl−).","qualitative_chemistry_claim","","","","","","NO_NUMERIC_CONTENT","REQUIRES_REVIEW","","yes"
"ec-free-chlorine-0003","free-chlorine","HOCl is the active sanitizing form and is 40–80× more effective than OCl−.","qualitative_chemistry_claim","","","","","","NO_NUMERIC_CONTENT","REQUIRES_REVIEW","","yes"
"ec-free-chlorine-0004","free-chlorine","The ratio of HOCl to OCl− is determined by pH — lower pH means more HOCl.","qualitative_chemistry_claim","","","","","","NO_NUMERIC_CONTENT","REQUIRES_REVIEW","","yes"
"ec-free-chlorine-0005","free-chlorine","Free chlorine must be maintained above the minimum level dictated by the cyanuric acid concentration.","qualitative_chemistry_claim","","","","","","NO_NUMERIC_CONTENT","REQUIRES_REVIEW","","yes"
"ec-combined-chlorine-0006","combined-chlorine","Combined chlorine (CC) is the difference between total chlorine and free chlorine.","qualitative_chemistry_claim","","","","","","NO_NUMERIC_CONTENT","REQUIRES_REVIEW","","yes"
"ec-combined-chlorine-0007","combined-chlorine","It consists primarily of chloramines — compounds formed when chlorine reacts with ammonia, urea, and other nitrogen compounds from bathers.","qualitative_chemistry_claim","","","","","","NO_NUMERIC_CONTENT","REQUIRES_REVIEW","","yes"
"ec-combined-chlorine-0008","combined-chlorine","Chloramines are responsible for the ""pool smell,"" eye irritation, and respiratory irritation often mistakenly blamed on too much chlorine.","safety_claim","","","","","","NO_NUMERIC_CONTENT","REQUIRES_REVIEW","","yes"
"ec-combined-chlorine-0009","combined-chlorine","When CC exceeds 0.5 ppm, breakpoint chlorination (shock treatment) is required.","numeric_chemistry_claim","combined_chlorine","0.5","ppm","unspecified","unspecified","CORRECT_EXTRACTION","CONTEXTUAL","range-cc-pool-hottub-max","no"
"ec-total-chlorine-0010","total-chlorine","Total chlorine (TC) equals free chlorine plus combined chlorine.","qualitative_chemistry_claim","","","","","","NO_NUMERIC_CONTENT","REQUIRES_REVIEW","","yes"
"ec-total-chlorine-0011","total-chlorine","Most DPD-based test kits measure total chlorine directly, while free chlorine requires a separate reagent.","qualitative_chemistry_claim","","","","","","NO_NUMERIC_CONTENT","REQUIRES_REVIEW","","yes"
"ec-total-chlorine-0012","total-chlorine","Combined chlorine is calculated as TC minus FC.","qualitative_chemistry_claim","","","","","","NO_NUMERIC_CONTENT","REQUIRES_REVIEW","","yes"
"ec-total-chlorine-0013","total-chlorine","Total chlorine by itself tells you little about water safety — what matters is the free chlorine level and how much has become combined.","safety_claim","","","","","","NO_NUMERIC_CONTENT","REQUIRES_REVIEW","","yes"
"ec-bromine-0014","bromine","Bromine is an alternative to chlorine as a pool and spa sanitizer.","qualitative_chemistry_claim","","","","","","NO_NUMERIC_CONTENT","REQUIRES_REVIEW","","yes"
"ec-bromine-0015","bromine","It is more stable than chlorine at high temperatures and high pH, making it popular for hot tubs.","qualitative_chemistry_claim","","","","","","NO_NUMERIC_CONTENT","REQUIRES_REVIEW","","yes"
"ec-bromine-0016","bromine","Unlike chlorine, bromine can be regenerated by adding an oxidizer — the bromamines formed are still effective sanitizers.","qualitative_chemistry_claim","","","","","","NO_NUMERIC_CONTENT","REQUIRES_REVIEW","","yes"
"ec-bromine-0017","bromine","Bromine cannot be stabilized with cyanuric acid, making it unsuitable for outdoor pools exposed to direct sunlight.","qualitative_chemistry_claim","","","","","","NO_NUMERIC_CONTENT","REQUIRES_REVIEW","","yes"
"ec-cyanuric-acid-0018","cyanuric-acid","Cyanuric acid (CYA) — also called stabilizer or conditioner — binds to free chlorine to protect it from UV photolysis.","qualitative_chemistry_claim","","","","","","NO_NUMERIC_CONTENT","REQUIRES_REVIEW","","yes"
"ec-cyanuric-acid-0019","cyanuric-acid","Without CYA, outdoor pool chlorine can degrade to near-zero within 30–60 minutes in direct sunlight.","qualitative_chemistry_claim","","","","","","NO_NUMERIC_CONTENT","REQUIRES_REVIEW","","yes"
"ec-cyanuric-acid-0020","cyanuric-acid","However, CYA also reduces chlorine's activity.","qualitative_chemistry_claim","","","","","","NO_NUMERIC_CONTENT","REQUIRES_REVIEW","","yes"
"ec-cyanuric-acid-0021","cyanuric-acid","As CYA increases, the minimum effective free chlorine level must increase proportionally.","qualitative_chemistry_claim","","","","","","NO_NUMERIC_CONTENT","REQUIRES_REVIEW","","yes"
"ec-cyanuric-acid-0022","cyanuric-acid","CYA above 80–100 ppm causes chlorine lock, where chlorine is present but largely ineffective.","numeric_chemistry_claim","cyanuric_acid","80-100","ppm","unspecified","unspecified","CORRECT_EXTRACTION","SUPPORTED_BY_CONTEXT","range-cya-saltwater-outdoor","no"
"ec-cyanuric-acid-0023","cyanuric-acid","CYA cannot be reduced chemically — only dilution by partial drain and refill removes it.","qualitative_chemistry_claim","","","","","","NO_NUMERIC_CONTENT","REQUIRES_REVIEW","","yes"
"ec-calcium-hardness-0024","calcium-hardness","Calcium hardness (CH) is the measure of dissolved calcium ions in pool water.","qualitative_chemistry_claim","","","","","","NO_NUMERIC_CONTENT","REQUIRES_REVIEW","","yes"
"ec-calcium-hardness-0025","calcium-hardness","It is one of the five variables in the Langelier Saturation Index.","qualitative_chemistry_claim","","","","","","NO_NUMERIC_CONTENT","REQUIRES_REVIEW","","yes"
"ec-calcium-hardness-0026","calcium-hardness","Water with low calcium is aggressive — it will dissolve calcium from plaster, grout, and equipment.","material_property_claim","","","","","","NO_NUMERIC_CONTENT","REQUIRES_REVIEW","","yes"
"ec-calcium-hardness-0027","calcium-hardness","Water with high calcium is scale-forming — calcium carbonate precipitates on surfaces and inside equipment.","material_property_claim","","","","","","NO_NUMERIC_CONTENT","REQUIRES_REVIEW","","yes"
"ec-calcium-hardness-0028","calcium-hardness","The ideal range depends on pool surface type: plaster pools need higher calcium (200–400 ppm) than vinyl or fiberglass pools (150–250 ppm).","material_property_claim","","","","","","NO_NUMERIC_CONTENT","REQUIRES_REVIEW","","yes"
"ec-calcium-hardness-0029","calcium-hardness","Calcium hardness can only be lowered through partial drain and refill.","qualitative_chemistry_claim","","","","","","NO_NUMERIC_CONTENT","REQUIRES_REVIEW","","yes"
"ec-salt-0030","salt","Pool salt is pure sodium chloride (NaCl) added to pool water for use with a salt chlorinator (also called a saltwater generator or SWCG).","qualitative_chemistry_claim","","","","","","NO_NUMERIC_CONTENT","REQUIRES_REVIEW","","yes"
"ec-salt-0031","salt","The system electrolytically converts dissolved salt into hypochlorous acid — the same active disinfectant as manually added chlorine.","qualitative_chemistry_claim","","","","","","NO_NUMERIC_CONTENT","REQUIRES_REVIEW","","yes"
"ec-salt-0032","salt","Salt level must stay within the system's specified range (typically 2,700–3,400 ppm) for the cell to operate efficiently.","numeric_chemistry_claim","salt","2700-3400","ppm","unspecified","unspecified","CORRECT_EXTRACTION","SUPPORTED_BY_CONTEXT","range-salt-generic-operating;range-salt-pentair","no"
"ec-salt-0033","salt","Salt does not evaporate; the level only drops through dilution from rain or water replacement.","qualitative_chemistry_claim","","","","","","NO_NUMERIC_CONTENT","REQUIRES_REVIEW","","yes"
"ec-salt-0034","salt","Human sweat is saltier than a properly maintained salt pool.","qualitative_chemistry_claim","","","","","","NO_NUMERIC_CONTENT","REQUIRES_REVIEW","","yes"
"ec-total-dissolved-solids-0035","total-dissolved-solids","Total dissolved solids (TDS) is the sum of all inorganic and organic substances dissolved in pool water — minerals, chemicals, byproducts of sanitization, bather waste, and more.","qualitative_chemistry_claim","","","","","","NO_NUMERIC_CONTENT","REQUIRES_REVIEW","","yes"
"ec-total-dissolved-solids-0036","total-dissolved-solids","TDS increases over time as chemicals are added and water evaporates.","operational_claim","","","","","","NO_NUMERIC_CONTENT","REQUIRES_REVIEW","","yes"
"ec-total-dissolved-solids-0037","total-dissolved-solids","The only remedy is partial or full water replacement.","operational_claim","","","","","","NO_NUMERIC_CONTENT","REQUIRES_REVIEW","","yes"
"ec-total-dissolved-solids-0038","total-dissolved-solids","In hot tubs, TDS above 1,500 ppm over the baseline is a standard trigger for water change.","qualitative_chemistry_claim","","","","","","NO_NUMERIC_CONTENT","REQUIRES_REVIEW","","yes"
"ec-phosphate-0039","phosphate","Phosphates are compounds containing phosphorus (PO4³⁻) that enter pool water from bather waste, lawn fertilizer runoff, fill water, and certain pool chemicals.","qualitative_chemistry_claim","","","","","","NO_NUMERIC_CONTENT","REQUIRES_REVIEW","","yes"
"ec-phosphate-0040","phosphate","Phosphates are a primary nutrient for algae.","qualitative_chemistry_claim","","","","","","NO_NUMERIC_CONTENT","REQUIRES_REVIEW","","yes"
"ec-phosphate-0041","phosphate","While low phosphate levels alone do not cause algae (chlorine control is paramount), very high phosphate levels (above 500–1,000 ppb) can reduce chlorine effectiveness and increase algae risk.","safety_claim","","","","","","NO_NUMERIC_CONTENT","REQUIRES_REVIEW","","yes"
"ec-phosphate-0042","phosphate","Phosphate removers are available but their necessity is debated — good chlorine management prevents algae regardless of phosphate level.","qualitative_chemistry_claim","","","","","","NO_NUMERIC_CONTENT","REQUIRES_REVIEW","","yes"
"ec-copper-0043","copper","At elevated levels (above 0.3 ppm), copper causes green staining of pool surfaces and hair.","material_property_claim","","","","","","NO_NUMERIC_CONTENT","REQUIRES_REVIEW","","yes"
"ec-copper-0044","copper","This is often confused with algae but is actually copper oxidation.","qualitative_chemistry_claim","","","","","","NO_NUMERIC_CONTENT","REQUIRES_REVIEW","","yes"
"ec-copper-0045","copper","Corrosive water (low LSI) accelerates copper leaching from equipment.","safety_claim","","","","","","NO_NUMERIC_CONTENT","REQUIRES_REVIEW","","yes"
"ec-iron-0046","iron","Iron in pool water typically comes from well water used to fill the pool or from corroded steel equipment.","operational_claim","","","","","","NO_NUMERIC_CONTENT","REQUIRES_REVIEW","","yes"
"ec-iron-0047","iron","When chlorine is added, dissolved ferrous iron (Fe²⁺) is oxidized to ferric iron (Fe³⁺), which is insoluble and precipitates as rust-brown staining on pool walls, floors, and equipment.","qualitative_chemistry_claim","","","","","","NO_NUMERIC_CONTENT","REQUIRES_REVIEW","","yes"
"ec-iron-0048","iron","Treatment involves metal sequestrants to keep iron in solution, then gradual removal through filtration.","material_property_claim","","","","","","NO_NUMERIC_CONTENT","REQUIRES_REVIEW","","yes"
"ec-iron-0049","iron","Prevention focuses on fill water quality and maintaining a slightly positive LSI to prevent equipment corrosion.","safety_claim","","","","","","NO_NUMERIC_CONTENT","REQUIRES_REVIEW","","yes"
"ec-manganese-0050","manganese","Like iron, it stains pool surfaces when oxidized — manganese stains are typically black or dark brown/purple rather than the rust-red of iron.","material_property_claim","","","","","","NO_NUMERIC_CONTENT","REQUIRES_REVIEW","","yes"
"ec-manganese-0051","manganese","Metal sequestrants hold manganese in solution to prevent precipitation.","material_property_claim","","","","","","NO_NUMERIC_CONTENT","REQUIRES_REVIEW","","yes"
"ec-manganese-0052","manganese","Testing with a metal test kit distinguishes manganese from other staining causes.","material_property_claim","","","","","","NO_NUMERIC_CONTENT","REQUIRES_REVIEW","","yes"
"ec-hydrogen-peroxide-0053","hydrogen-peroxide","Hydrogen peroxide (H₂O₂) is used as an oxidizer in biguanide (polyhexamethylene biguanide, or PHMB) pool systems, which use hydrogen peroxide rather than chlorine for sanitization.","qualitative_chemistry_claim","","","","","","NO_NUMERIC_CONTENT","REQUIRES_REVIEW","","yes"
"ec-hydrogen-peroxide-0054","hydrogen-peroxide","In chlorine pools, hydrogen peroxide can be used to rapidly reduce excess chlorine in emergencies, but the two chemicals react violently if mixed in concentrated form — always add to pool water separately, never mix directly.","qualitative_chemistry_claim","","","","","","NO_NUMERIC_CONTENT","REQUIRES_REVIEW","","yes"
"ec-hydrogen-peroxide-0055","hydrogen-peroxide","Hydrogen peroxide-based systems require dedicated equipment and are incompatible with chlorine.","qualitative_chemistry_claim","","","","","","NO_NUMERIC_CONTENT","REQUIRES_REVIEW","","yes"
"ec-ozone-0056","ozone","Ozone (O₃) is a powerful oxidizing agent generated on-site by UV lamps or corona discharge generators and injected into pool return water.","taxonomy_definition_claim","","","","","","NO_NUMERIC_CONTENT","REQUIRES_REVIEW","","yes"
"ec-ozone-0057","ozone","Because ozone dissipates quickly (it does not accumulate in pool water), it must always be used alongside a residual sanitizer — typically free chlorine at reduced levels.","qualitative_chemistry_claim","","","","","","NO_NUMERIC_CONTENT","REQUIRES_REVIEW","","yes"
"ec-ozone-0058","ozone","Ozone does not replace chlorine; it reduces the chlorine demand and helps maintain water clarity and quality with less total chemical use.","qualitative_chemistry_claim","","","","","","NO_NUMERIC_CONTENT","REQUIRES_REVIEW","","yes"
"ec-biguanide-0059","biguanide","Biguanide (sold as Baquacil, SoftSwim, and similar brands) is a chlorine-free pool sanitization system using polyhexamethylene biguanide (PHMB) as the sanitizer and hydrogen peroxide as the oxidizer.","qualitative_chemistry_claim","","","","","","NO_NUMERIC_CONTENT","REQUIRES_REVIEW","","yes"
"ec-biguanide-0060","biguanide","It does not interact with CYA, pH resistance is broader, and it does not bleach surfaces or swimwear.","material_property_claim","","","","","","NO_NUMERIC_CONTENT","REQUIRES_REVIEW","","yes"
"ec-biguanide-0061","biguanide","However, biguanide is incompatible with chlorine — switching between systems requires a complete water change.","qualitative_chemistry_claim","","","","","","NO_NUMERIC_CONTENT","REQUIRES_REVIEW","","yes"
"ec-biguanide-0062","biguanide","It is more expensive than chlorine and some users experience algae resistance issues.","qualitative_chemistry_claim","","","","","","NO_NUMERIC_CONTENT","REQUIRES_REVIEW","","yes"
"ec-ph-0063","ph","pH is the scale from 0 to 14 measuring how acidic or alkaline pool water is.","numeric_chemistry_claim","ph","0-14","ph_units","pool","unspecified","CORRECT_EXTRACTION","DIRECTLY_SUPPORTED","range-ph-pool-chlorine-routine;range-ph-hottub-chlorine-routine;range-ph-hottub-bromine-routine;range-ph-pool-narrow-operational","no"
"ec-ph-0064","ph","A pH of 7.0 is neutral; below 7.0 is acidic; above 7.0 is alkaline.","numeric_chemistry_claim","ph","7","ph_units","unspecified","unspecified","CORRECT_EXTRACTION","DIRECTLY_SUPPORTED","range-ph-pool-chlorine-routine;range-ph-hottub-chlorine-routine;range-ph-hottub-bromine-routine","no"
"ec-ph-0065","ph","A pH of 7.0 is neutral; below 7.0 is acidic; above 7.0 is alkaline.","numeric_chemistry_claim","ph","7","ph_units","unspecified","unspecified","CARRIED_CONTEXT","AMBIGUOUS","","yes"
"ec-ph-0066","ph","A pH of 7.0 is neutral; below 7.0 is acidic; above 7.0 is alkaline.","numeric_chemistry_claim","ph","7","ph_units","unspecified","unspecified","CARRIED_CONTEXT","AMBIGUOUS","","yes"
"ec-ph-0067","ph","Pool water should be maintained between 7.2 and 7.6.","operational_claim","","","","","","NO_NUMERIC_CONTENT","REQUIRES_REVIEW","","yes"
"ec-ph-0068","ph","Below 7.2, water is corrosive — it irritates eyes and skin and attacks surfaces and equipment.","safety_claim","","","","","","NO_NUMERIC_CONTENT","REQUIRES_REVIEW","","yes"
"ec-ph-0069","ph","Above 7.8, chlorine effectiveness drops dramatically (at pH 8.0 only 22% of chlorine is active vs.","numeric_chemistry_claim","ph","8","ph_units","unspecified","unspecified","CORRECT_EXTRACTION","NON_CLAIM","range-ph-pool-chlorine-routine;range-ph-hottub-chlorine-routine;range-ph-hottub-bromine-routine;range-ph-pool-narrow-operational","no"
"ec-ph-0070","ph","Above 7.8, chlorine effectiveness drops dramatically (at pH 8.0 only 22% of chlorine is active vs.","numeric_chemistry_claim","ph","22","%","unspecified","unspecified","IMPOSSIBLE_MAPPING","AMBIGUOUS","","yes"
"ec-ph-0071","ph","67% at pH 7.2) and scale forms.","numeric_chemistry_claim","ph","67","%","unspecified","unspecified","IMPOSSIBLE_MAPPING","AMBIGUOUS","","yes"
"ec-ph-0072","ph","67% at pH 7.2) and scale forms.","numeric_chemistry_claim","ph","7.2","ph_units","unspecified","unspecified","CORRECT_EXTRACTION","DIRECTLY_SUPPORTED","range-ph-pool-chlorine-routine;range-ph-hottub-chlorine-routine;range-ph-hottub-bromine-routine;range-ph-pool-narrow-operational","no"
"ec-ph-0073","ph","pH is affected by every chemical addition and by CO₂ off-gassing.","qualitative_chemistry_claim","","","","","","NO_NUMERIC_CONTENT","REQUIRES_REVIEW","","yes"
"ec-orp-0074","orp","Oxidation-Reduction Potential (ORP) measures the water's ability to oxidize or sanitize — expressed in millivolts (mV).","qualitative_chemistry_claim","","","","","","NO_NUMERIC_CONTENT","REQUIRES_REVIEW","","yes"
"ec-orp-0075","orp","A higher ORP indicates greater sanitizing capacity.","qualitative_chemistry_claim","","","","","","NO_NUMERIC_CONTENT","REQUIRES_REVIEW","","yes"
"ec-orp-0076","orp","Unlike ppm-based chlorine testing, ORP directly measures chlorine's effectiveness considering both concentration and pH.","qualitative_chemistry_claim","","","","","","NO_NUMERIC_CONTENT","REQUIRES_REVIEW","","yes"
"ec-orp-0077","orp","ORP sensors are used in automated chemical control systems to maintain consistent sanitizing capacity regardless of bather load variations.","qualitative_chemistry_claim","","","","","","NO_NUMERIC_CONTENT","REQUIRES_REVIEW","","yes"
"ec-temperature-0078","temperature","Higher temperatures accelerate chlorine demand (halving with every 10°C/18°F drop), shift pH upward, increase scaling tendency (higher LSI), and increase CO₂ off-gassing.","numeric_chemistry_claim","chlorine_demand","10","°c","unspecified","unspecified","IMPOSSIBLE_MAPPING","AMBIGUOUS","","yes"
"ec-temperature-0079","temperature","Higher temperatures accelerate chlorine demand (halving with every 10°C/18°F drop), shift pH upward, increase scaling tendency (higher LSI), and increase CO₂ off-gassing.","numeric_chemistry_claim","chlorine_demand","18","°f","unspecified","unspecified","IMPOSSIBLE_MAPPING","AMBIGUOUS","","yes"
"ec-temperature-0080","temperature","For hot tubs, temperature is also a primary safety parameter — temperatures above 104°F can cause hyperthermia.","numeric_chemistry_claim","water_temperature","104","°f","hot_tub","unspecified","CORRECT_EXTRACTION","NO_EXISTING_SOURCE","","yes"
"ec-temperature-0081","temperature","For the LSI calculation, water temperature is a required input since calcium carbonate solubility decreases with rising temperature.","qualitative_chemistry_claim","","","","","","NO_NUMERIC_CONTENT","REQUIRES_REVIEW","","yes"
"ec-alkalinity-0082","alkalinity","Total alkalinity (TA) measures the concentration of alkaline compounds — primarily bicarbonates, carbonates, and hydroxides — dissolved in pool water.","qualitative_chemistry_claim","","","","","","NO_NUMERIC_CONTENT","REQUIRES_REVIEW","","yes"
"ec-alkalinity-0083","alkalinity","It acts as a pH buffer, resisting pH swings caused by additions of acid, base, or CO₂.","qualitative_chemistry_claim","","","","","","NO_NUMERIC_CONTENT","REQUIRES_REVIEW","","yes"
"ec-alkalinity-0084","alkalinity","Low TA causes pH to swing wildly with minor chemical additions (pH bounce).","qualitative_chemistry_claim","","","","","","NO_NUMERIC_CONTENT","REQUIRES_REVIEW","","yes"
"ec-alkalinity-0085","alkalinity","High TA makes pH very difficult to lower and increases scaling tendency.","qualitative_chemistry_claim","","","","","","NO_NUMERIC_CONTENT","REQUIRES_REVIEW","","yes"
"ec-alkalinity-0086","alkalinity","Total alkalinity must be adjusted before pH — it determines how much chemical is needed for a given pH change.","qualitative_chemistry_claim","","","","","","NO_NUMERIC_CONTENT","REQUIRES_REVIEW","","yes"
"ec-lsi-0087","lsi","The Langelier Saturation Index (LSI) is a mathematical model that combines pH, temperature, calcium hardness, total alkalinity, and TDS into a single balance score.","qualitative_chemistry_claim","","","","","","NO_NUMERIC_CONTENT","REQUIRES_REVIEW","","yes"
"ec-lsi-0088","lsi","A score of 0 means water is perfectly balanced for calcium carbonate.","qualitative_chemistry_claim","","","","","","NO_NUMERIC_CONTENT","REQUIRES_REVIEW","","yes"
"ec-lsi-0089","lsi","Negative values (below −0.3) indicate corrosive water.","safety_claim","","","","","","NO_NUMERIC_CONTENT","REQUIRES_REVIEW","","yes"
"ec-lsi-0090","lsi","The LSI is the final quality check in the water balancing process — if all individual parameters are in range but the LSI is out of range, the combination still needs adjustment.","qualitative_chemistry_claim","","","","","","NO_NUMERIC_CONTENT","REQUIRES_REVIEW","","yes"
"ec-gallons-0091","gallons","The US gallon (approximately 3.785 liters) is the standard unit for measuring pool volume in North America.","numeric_chemistry_claim","pool_volume","3.785","ph_units","pool","unspecified","IMPOSSIBLE_MAPPING","AMBIGUOUS","","yes"
"ec-gallons-0092","gallons","All chemical dose calculations for pools require an accurate volume in gallons.","operational_claim","","","","","","NO_NUMERIC_CONTENT","REQUIRES_REVIEW","","yes"
"ec-gallons-0093","gallons","Volume is calculated using length × width × average depth × 7.48 (gallons per cubic foot) for rectangular pools, with shape correction factors for other pool shapes.","numeric_chemistry_claim","pool_volume","7.48","ph_units","pool","unspecified","IMPOSSIBLE_MAPPING","AMBIGUOUS","","yes"
"ec-gallons-0094","gallons","A 10% error in pool volume produces a 10% error in every chemical dose calculated.","numeric_chemistry_claim","pool_volume","10","%","pool","unspecified","IMPOSSIBLE_MAPPING","AMBIGUOUS","","yes"
"ec-gallons-0095","gallons","A 10% error in pool volume produces a 10% error in every chemical dose calculated.","numeric_chemistry_claim","pool_volume","10","%","pool","unspecified","IMPOSSIBLE_MAPPING","AMBIGUOUS","","yes"
"ec-liters-0096","liters","The liter is the SI unit of volume used in metric countries for pool measurements.","operational_claim","","","","","","NO_NUMERIC_CONTENT","REQUIRES_REVIEW","","yes"
"ec-liters-0097","liters","While calculators on this site use US gallons as the primary unit, all conversions to and from liters are supported.","operational_claim","","","","","","NO_NUMERIC_CONTENT","REQUIRES_REVIEW","","yes"
"ec-liters-0098","liters","Chemical doses calculated in metric units (grams per liter, or mg/L for ppm equivalents) are consistent with the same chemistry but expressed in metric terms.","qualitative_chemistry_claim","","","","","","NO_NUMERIC_CONTENT","REQUIRES_REVIEW","","yes"
"ec-ppm-0099","ppm","Parts per million (ppm) is the standard unit of concentration for pool chemistry parameters including free chlorine, alkalinity, calcium hardness, cyanuric acid, and TDS.","qualitative_chemistry_claim","","","","","","NO_NUMERIC_CONTENT","REQUIRES_REVIEW","","yes"
"ec-ppm-0100","ppm","1 ppm equals 1 milligram per liter (mg/L) in aqueous solution.","qualitative_chemistry_claim","","","","","","NO_NUMERIC_CONTENT","REQUIRES_REVIEW","","yes"
"ec-ppm-0101","ppm","Most pool test kits and digital testers report results in ppm.","qualitative_chemistry_claim","","","","","","NO_NUMERIC_CONTENT","REQUIRES_REVIEW","","yes"
"ec-ppm-0102","ppm","The relationship between ppm and actual chemical dose is direct: 1 ppm in a 10,000-gallon pool corresponds to 8.34 mg of the substance dissolved in the water.","qualitative_chemistry_claim","","","","","","NO_NUMERIC_CONTENT","REQUIRES_REVIEW","","yes"
"ec-flow-rate-0103","flow-rate","Flow rate is measured in gallons per minute (GPM) and represents how much water the pump circulates through the filtration system.","operational_claim","","","","","","NO_NUMERIC_CONTENT","REQUIRES_REVIEW","","yes"
"ec-flow-rate-0104","flow-rate","Variable speed pumps can be programmed to run at different flow rates at different times of day, reducing energy consumption while maintaining adequate filtration.","operational_claim","","","","","","NO_NUMERIC_CONTENT","REQUIRES_REVIEW","","yes"
"ec-turnover-time-0105","turnover-time","Turnover time is the number of hours required for the pump to move the full pool volume through the filtration system.","taxonomy_definition_claim","","","","","","NO_NUMERIC_CONTENT","REQUIRES_REVIEW","","yes"
"ec-turnover-time-0106","turnover-time","PHTA recommends a maximum turnover time of 8 hours for residential pools (one complete turnover in 8 hours or less).","qualitative_chemistry_claim","","","","","","NO_NUMERIC_CONTENT","REQUIRES_REVIEW","","yes"
"ec-pump-0107","pump","The pool pump is the heart of the pool circulation system.","operational_claim","","","","","","NO_NUMERIC_CONTENT","REQUIRES_REVIEW","","yes"
"ec-pump-0108","pump","It draws water from skimmers and main drains, forces it through the filter, heater, and chemical feeders, then returns it through jets.","operational_claim","","","","","","NO_NUMERIC_CONTENT","REQUIRES_REVIEW","","yes"
"ec-pump-0109","pump","Single-speed pumps run at one fixed RPM; variable-speed pumps (VSP) can be programmed to run at different speeds, reducing energy consumption by up to 80% compared to single-speed models.","operational_claim","","","","","","NO_NUMERIC_CONTENT","REQUIRES_REVIEW","","yes"
"ec-sand-filter-0110","sand-filter","Sand filters use a bed of specially graded silica sand (#20 grade) to capture suspended particles.","operational_claim","","","","","","NO_NUMERIC_CONTENT","REQUIRES_REVIEW","","yes"
"ec-sand-filter-0111","sand-filter","When the filter pressure increases 8–10 psi above the clean baseline, the filter needs backwashing — reversing the flow to flush trapped material to waste.","operational_claim","","","","","","NO_NUMERIC_CONTENT","REQUIRES_REVIEW","","yes"
"ec-sand-filter-0112","sand-filter","Sand should be replaced every 5–7 years.","operational_claim","","","","","","NO_NUMERIC_CONTENT","REQUIRES_REVIEW","","yes"
"ec-cartridge-filter-0113","cartridge-filter","Cartridge filters use pleated polyester fabric cartridges to filter pool water.","operational_claim","","","","","","NO_NUMERIC_CONTENT","REQUIRES_REVIEW","","yes"
"ec-cartridge-filter-0114","cartridge-filter","They provide finer filtration than sand (10–15 microns) without requiring backwashing — only periodic cartridge removal, rinsing with a hose, and occasional overnight soaking in cartridge cleaning solution.","operational_claim","","","","","","NO_NUMERIC_CONTENT","REQUIRES_REVIEW","","yes"
"ec-cartridge-filter-0115","cartridge-filter","Cartridges should be replaced every 12–18 months.","operational_claim","","","","","","NO_NUMERIC_CONTENT","REQUIRES_REVIEW","","yes"
"ec-de-filter-0116","de-filter","Diatomaceous earth (DE) filters use a fine powder made from fossilized diatoms (microscopic algae) as the filter media.","operational_claim","","","","","","NO_NUMERIC_CONTENT","REQUIRES_REVIEW","","yes"
"ec-de-filter-0117","de-filter","Maintenance involves backwashing (which removes the used DE) followed by adding fresh DE through the skimmer.","operational_claim","","","","","","NO_NUMERIC_CONTENT","REQUIRES_REVIEW","","yes"
"ec-de-filter-0118","de-filter","DE must be handled carefully as fine particles can be an inhalation hazard.","safety_claim","","","","","","NO_NUMERIC_CONTENT","REQUIRES_REVIEW","","yes"
"ec-de-filter-0119","de-filter","Internal grids require annual cleaning and periodic inspection.","operational_claim","","","","","","NO_NUMERIC_CONTENT","REQUIRES_REVIEW","","yes"
"ec-skimmer-0120","skimmer","They use a weir (floating flap) to create a surface current that draws floating leaves, insects, sunscreen, and debris into a basket before the debris sinks to the pool floor.","material_property_claim","","","","","","NO_NUMERIC_CONTENT","REQUIRES_REVIEW","","yes"
"ec-skimmer-0121","skimmer","The skimmer basket should be checked and emptied regularly — a clogged basket restricts pump flow.","operational_claim","","","","","","NO_NUMERIC_CONTENT","REQUIRES_REVIEW","","yes"
"ec-skimmer-0122","skimmer","Never add granular shock directly to the skimmer; it can damage equipment.","safety_claim","","","","","","NO_NUMERIC_CONTENT","REQUIRES_REVIEW","","yes"
"ec-skimmer-0123","skimmer","Skimmers also contain a suction port used during pool vacuuming.","operational_claim","","","","","","NO_NUMERIC_CONTENT","REQUIRES_REVIEW","","yes"
"ec-heater-0124","heater","Solar systems have no operating cost but depend on sun availability and add time to the system.","operational_claim","","","","","","NO_NUMERIC_CONTENT","REQUIRES_REVIEW","","yes"
"ec-heater-0125","heater","All heater types affect pool chemistry: higher water temperatures increase chlorine demand, pH rise, and LSI scaling tendency.","qualitative_chemistry_claim","","","","","","NO_NUMERIC_CONTENT","REQUIRES_REVIEW","","yes"
"ec-heater-0126","heater","Heater bypasses allow chemistry adjustment at lower temperatures to extend equipment life.","operational_claim","","","","","","NO_NUMERIC_CONTENT","REQUIRES_REVIEW","","yes"
"ec-salt-chlorinator-0127","salt-chlorinator","A salt chlorinator (also called a saltwater generator or SWCG) uses electrolysis to convert sodium chloride dissolved in pool water into hypochlorous acid — the same active disinfectant as manually added chlorine.","qualitative_chemistry_claim","","","","","","NO_NUMERIC_CONTENT","REQUIRES_REVIEW","","yes"
"ec-salt-chlorinator-0128","salt-chlorinator","The cell consists of titanium plates coated with a precious metal catalyst.","material_property_claim","","","","","","NO_NUMERIC_CONTENT","REQUIRES_REVIEW","","yes"
"ec-salt-chlorinator-0129","salt-chlorinator","The pool still uses chlorine — it is simply generated on-site from salt rather than added directly.","qualitative_chemistry_claim","","","","","","NO_NUMERIC_CONTENT","REQUIRES_REVIEW","","yes"
"ec-salt-chlorinator-0130","salt-chlorinator","Salt cells have a lifespan of 3–7 years depending on water chemistry and maintenance.","numeric_chemistry_claim","salt","3-7","","unspecified","unspecified","IMPOSSIBLE_MAPPING","AMBIGUOUS","","yes"
"ec-salt-chlorinator-0131","salt-chlorinator","The cell requires specific salt concentration (usually 2,700–3,400 ppm) and proper water chemistry to avoid premature calcium scaling of the plates.","numeric_chemistry_claim","salt","2700-3400","ppm","unspecified","unspecified","CORRECT_EXTRACTION","SUPPORTED_BY_CONTEXT","range-salt-generic-operating;range-salt-pentair","no"
"ec-automatic-chlorinator-0132","automatic-chlorinator","They automate baseline chlorine maintenance between manual chemical additions.","qualitative_chemistry_claim","","","","","","NO_NUMERIC_CONTENT","REQUIRES_REVIEW","","yes"
"ec-automatic-chlorinator-0133","automatic-chlorinator","Because trichlor contains CYA (58% by weight), regular use of tablet feeders gradually accumulates CYA in the water.","numeric_chemistry_claim","cyanuric_acid","58","%","unspecified","unspecified","CORRECT_EXTRACTION","SUPPORTED","range-cya-public-pool-incident-response-max;range-cya-residential-routine-outdoor;range-cya-saltwater-outdoor;range-cya-hottub","no"
"ec-automatic-chlorinator-0134","automatic-chlorinator","Feeders should be set to maintain 1–3 ppm FC and supplemented with liquid chlorine or shock as needed.","numeric_chemistry_claim","free_chlorine","1-3","ppm","unspecified","unspecified","CORRECT_EXTRACTION","DIRECTLY_SUPPORTED","range-fc-pool-chlorine-no-cya;range-fc-pool-chlorine-with-cya;range-fc-hottub-chlorine-routine","no"
"ec-chemical-feeder-0135","chemical-feeder","Chemical feeders include erosion feeders (for solid products), peristaltic pump systems (for liquid chemicals), and ORP/pH automated controllers.","qualitative_chemistry_claim","","","","","","NO_NUMERIC_CONTENT","REQUIRES_REVIEW","","yes"
"ec-chemical-feeder-0136","chemical-feeder","Automated chemical feed systems monitor ORP and pH in real time and inject the appropriate chemicals to maintain setpoints.","qualitative_chemistry_claim","","","","","","NO_NUMERIC_CONTENT","REQUIRES_REVIEW","","yes"
"ec-chemical-feeder-0137","chemical-feeder","They reduce manual chemical handling and maintain more consistent water chemistry than periodic manual addition.","operational_claim","","","","","","NO_NUMERIC_CONTENT","REQUIRES_REVIEW","","yes"
"ec-cover-0138","cover","Pool covers serve multiple functions: safety (hard covers and nets prevent accidental entry), heat retention (solar and thermal covers reduce heat loss and heating costs), water conservation (reduce evaporation by up to 95%), chemical conservation (reduce UV degradation of chlorine and reduce debris-driven chemical demand), and debris exclusion (keep leaves and insects out).","safety_claim","","","","","","NO_NUMERIC_CONTENT","REQUIRES_REVIEW","","yes"
"ec-cover-0139","cover","Safety covers are required by law in many jurisdictions for unattended residential pools.","safety_claim","","","","","","NO_NUMERIC_CONTENT","REQUIRES_REVIEW","","yes"
"ec-shock-treatment-0140","shock-treatment","Shock treatment (superchlorination) involves raising free chlorine to a high level — typically 10 ppm for maintenance, 10× the combined chlorine level for breakpoint chlorination, or 30 ppm for algae recovery — to eliminate combined chlorine, algae, bacteria, and other contaminants.","numeric_chemistry_claim","free_chlorine","10","ppm","unspecified","unspecified","CORRECT_EXTRACTION","REQUIRES_REVIEW","range-fc-pool-chlorine-no-cya;range-fc-pool-chlorine-with-cya;range-fc-hottub-chlorine-routine","yes"
"ec-shock-treatment-0141","shock-treatment","Shock treatment (superchlorination) involves raising free chlorine to a high level — typically 10 ppm for maintenance, 10× the combined chlorine level for breakpoint chlorination, or 30 ppm for algae recovery — to eliminate combined chlorine, algae, bacteria, and other contaminants.","numeric_chemistry_claim","combined_chlorine","10","","unspecified","unspecified","IMPOSSIBLE_MAPPING","AMBIGUOUS","","yes"
"ec-shock-treatment-0142","shock-treatment","Shock treatment (superchlorination) involves raising free chlorine to a high level — typically 10 ppm for maintenance, 10× the combined chlorine level for breakpoint chlorination, or 30 ppm for algae recovery — to eliminate combined chlorine, algae, bacteria, and other contaminants.","numeric_chemistry_claim","algae","30","ppm","unspecified","unspecified","IMPOSSIBLE_MAPPING","AMBIGUOUS","","yes"
"ec-shock-treatment-0143","shock-treatment","Use calcium hypochlorite (65%) or liquid chlorine (sodium hypochlorite) for chlorine shocking.","numeric_chemistry_claim","shock_treatment","65","%","unspecified","unspecified","CORRECT_EXTRACTION","SUPPORTED","range-shock-breakpoint-rule-of-thumb;range-shock-cdc-fecal-incident-response","no"
"ec-shock-treatment-0144","shock-treatment","Non-chlorine shock (potassium monopersulfate) oxidizes contaminants without adding chlorine — useful when swimming must resume quickly.","qualitative_chemistry_claim","","","","","","NO_NUMERIC_CONTENT","REQUIRES_REVIEW","","yes"
"ec-shock-treatment-0145","shock-treatment","Always shock after dark to prevent UV degradation of the added chlorine.","qualitative_chemistry_claim","","","","","","NO_NUMERIC_CONTENT","REQUIRES_REVIEW","","yes"
"ec-breakpoint-chlorination-0146","breakpoint-chlorination","Breakpoint chlorination is the process of adding enough chlorine to destroy all combined chlorine (chloramines) in pool water.","qualitative_chemistry_claim","","","","","","NO_NUMERIC_CONTENT","REQUIRES_REVIEW","","yes"
"ec-breakpoint-chlorination-0147","breakpoint-chlorination","The breakpoint dose is approximately 10 times the current combined chlorine level.","numeric_chemistry_claim","combined_chlorine","10","","unspecified","unspecified","IMPOSSIBLE_MAPPING","AMBIGUOUS","","yes"
"ec-breakpoint-chlorination-0148","breakpoint-chlorination","Below this threshold, adding chlorine merely adds to combined chlorine; above it, all combined chlorine is oxidized and destroyed.","qualitative_chemistry_claim","","","","","","NO_NUMERIC_CONTENT","REQUIRES_REVIEW","","yes"
"ec-breakpoint-chlorination-0149","breakpoint-chlorination","The term ""breakpoint"" describes the inflection point on the chlorine demand curve where adding more chlorine actually increases free chlorine rather than increasing combined chlorine.","qualitative_chemistry_claim","","","","","","NO_NUMERIC_CONTENT","REQUIRES_REVIEW","","yes"
"ec-breakpoint-chlorination-0150","breakpoint-chlorination","Combined chlorine above 0.5 ppm is the trigger for breakpoint chlorination.","numeric_chemistry_claim","combined_chlorine","0.5","ppm","unspecified","unspecified","CORRECT_EXTRACTION","CONTEXTUAL","range-cc-pool-hottub-max","no"
"ec-backwashing-0151","backwashing","Backwashing is the process of reversing water flow through a sand or DE filter to dislodge and flush accumulated debris.","taxonomy_definition_claim","","","","","","NO_NUMERIC_CONTENT","REQUIRES_REVIEW","","yes"
"ec-backwashing-0152","backwashing","It is initiated when the filter pressure gauge reads 8–10 psi above the clean baseline.","operational_claim","","","","","","NO_NUMERIC_CONTENT","REQUIRES_REVIEW","","yes"
"ec-backwashing-0153","backwashing","The multiport valve is turned to ""Backwash,"" the pump is run until water runs clear (typically 2–5 minutes), then switched to ""Rinse"" for 30–60 seconds to reseat the sand before returning to ""Filter."" Backwashing removes water from the pool — factor this into water level management.","operational_claim","","","","","","NO_NUMERIC_CONTENT","REQUIRES_REVIEW","","yes"
"ec-backwashing-0154","backwashing","DE filters require adding fresh DE powder after backwashing to recharged the filter grids.","operational_claim","","","","","","NO_NUMERIC_CONTENT","REQUIRES_REVIEW","","yes"
"ec-winterization-0155","winterization","Winterization (pool closing) involves a specific sequence of steps to protect pool equipment and surfaces from freeze damage during cold weather: balancing water chemistry, adding winter chemicals (algaecide, scale inhibitor), draining water below skimmers and jets, blowing out plumbing lines, plugging returns, removing and storing equipment, and covering the pool.","safety_claim","","","","","","NO_NUMERIC_CONTENT","REQUIRES_REVIEW","","yes"
"ec-winterization-0156","winterization","Hot tub winterization involves either proper insulation and continuous low-level heating, or full draining.","operational_claim","","","","","","NO_NUMERIC_CONTENT","REQUIRES_REVIEW","","yes"
"ec-pool-opening-0157","pool-opening","Pool opening (spring start-up) is the systematic process of bringing a winterized pool back into service: removing the cover and cleaning it, removing winter plugs and reinstalling equipment, reconnecting the pump and filter, filling to proper water level, starting the pump and checking for leaks, then testing and balancing all water chemistry parameters before the first swim.","operational_claim","","","","","","NO_NUMERIC_CONTENT","REQUIRES_REVIEW","","yes"
"ec-pool-opening-0158","pool-opening","Pool opening chemistry typically requires more adjustment than weekly maintenance because water chemistry changes significantly during winter shutdown.","operational_claim","","","","","","NO_NUMERIC_CONTENT","REQUIRES_REVIEW","","yes"
"ec-pool-opening-0159","pool-opening","A complete water balance is the final step before opening for swimming.","operational_claim","","","","","","NO_NUMERIC_CONTENT","REQUIRES_REVIEW","","yes"
"ec-water-replacement-0160","water-replacement","Water replacement (partial or full drain and refill) is the only way to reduce CYA, calcium hardness, TDS, and salt when they exceed maximum levels.","qualitative_chemistry_claim","","","","","","NO_NUMERIC_CONTENT","REQUIRES_REVIEW","","yes"
"ec-water-replacement-0161","water-replacement","A partial drain replaces a percentage of the water — a 50% drain reduces all dissolved compounds by 50%.","operational_claim","","","","","","NO_NUMERIC_CONTENT","REQUIRES_REVIEW","","yes"
"ec-water-replacement-0162","water-replacement","Hot tubs require complete water changes every 3–4 months due to high bather-to-water ratios that accelerate TDS and combined chlorine accumulation.","qualitative_chemistry_claim","","","","","","NO_NUMERIC_CONTENT","REQUIRES_REVIEW","","yes"
"ec-water-replacement-0163","water-replacement","Pool partial drains are typically 25–50% and are triggered by CYA above 80 ppm, calcium above 500 ppm, or TDS above 3,000 ppm.","numeric_chemistry_claim","cyanuric_acid","80","ppm","pool","unspecified","CORRECT_EXTRACTION","SUPPORTED_BY_CONTEXT","range-cya-saltwater-outdoor","no"
"ec-water-replacement-0164","water-replacement","Pool partial drains are typically 25–50% and are triggered by CYA above 80 ppm, calcium above 500 ppm, or TDS above 3,000 ppm.","numeric_chemistry_claim","cyanuric_acid","500","ppm","pool","unspecified","CARRIED_CONTEXT","AMBIGUOUS","","yes"
"ec-water-replacement-0165","water-replacement","Pool partial drains are typically 25–50% and are triggered by CYA above 80 ppm, calcium above 500 ppm, or TDS above 3,000 ppm.","numeric_chemistry_claim","cyanuric_acid","3000","ppm","pool","unspecified","CARRIED_CONTEXT","AMBIGUOUS","","yes"
"ec-filtration-0166","filtration","Filtration is the continuous process of circulating pool water through a filter to remove suspended particles — algae, dust, debris, dead skin cells, and other particulate matter.","operational_claim","","","","","","NO_NUMERIC_CONTENT","REQUIRES_REVIEW","","yes"
"ec-filtration-0167","filtration","Effective filtration requires adequate pump flow rate, properly sized filter, regular cleaning, and sufficient daily pump run time.","operational_claim","","","","","","NO_NUMERIC_CONTENT","REQUIRES_REVIEW","","yes"
"ec-filtration-0168","filtration","Filtration does not replace chemical sanitization but works synergistically — the filter removes the physical matter that would otherwise increase chemical demand.","qualitative_chemistry_claim","","","","","","NO_NUMERIC_CONTENT","REQUIRES_REVIEW","","yes"
"ec-testing-0169","testing","Water testing is the foundation of pool maintenance.","operational_claim","","","","","","NO_NUMERIC_CONTENT","REQUIRES_REVIEW","","yes"
"ec-testing-0170","testing","Accurate, regular testing of free chlorine, combined chlorine, pH, alkalinity, calcium hardness, and CYA enables correct chemical dosing.","qualitative_chemistry_claim","","","","","","NO_NUMERIC_CONTENT","REQUIRES_REVIEW","","yes"
"ec-testing-0171","testing","Test methods include: test strips (fast but less precise), DPD liquid test kits (more accurate, color-based), digital photometric testers (highest accuracy), and professional testing by a pool store.","qualitative_chemistry_claim","","","","","","NO_NUMERIC_CONTENT","REQUIRES_REVIEW","","yes"
"ec-testing-0172","testing","Testing frequency varies by parameter: FC and pH should be tested twice weekly; alkalinity and calcium monthly.","qualitative_chemistry_claim","","","","","","NO_NUMERIC_CONTENT","REQUIRES_REVIEW","","yes"
"ec-testing-0173","testing","Test before every soak in a hot tub.","operational_claim","","","","","","NO_NUMERIC_CONTENT","REQUIRES_REVIEW","","yes"
"ec-sanitizing-0174","sanitizing","Sanitizing is the ongoing process of maintaining sufficient disinfectant (free chlorine, bromine, or alternative) to kill bacteria, viruses, and other pathogens in pool water.","qualitative_chemistry_claim","","","","","","NO_NUMERIC_CONTENT","REQUIRES_REVIEW","","yes"
"ec-sanitizing-0175","sanitizing","Effective sanitization requires maintaining free chlorine above the minimum level for the current CYA concentration, ensuring pH is in the 7.2–7.6 range where HOCl is maximally effective, and providing adequate turnover for the disinfectant to contact all parts of the pool.","numeric_chemistry_claim","ph","7.2-7.6","ph_units","unspecified","unspecified","CORRECT_EXTRACTION","DIRECTLY_SUPPORTED","range-ph-pool-chlorine-routine;range-ph-hottub-chlorine-routine;range-ph-hottub-bromine-routine;range-ph-pool-narrow-operational","no"
"ec-sanitizing-0176","sanitizing","Sanitizing is distinct from oxidizing — both are needed for safe, clear pool water.","safety_claim","","","","","","NO_NUMERIC_CONTENT","REQUIRES_REVIEW","","yes"
"ec-oxidation-0177","oxidation","Oxidation is the chemical reaction that destroys organic matter, combined chlorine (chloramines), swimmer waste, and other contaminants in pool water.","qualitative_chemistry_claim","","","","","","NO_NUMERIC_CONTENT","REQUIRES_REVIEW","","yes"
"ec-oxidation-0178","oxidation","While free chlorine both sanitizes (kills pathogens) and oxidizes (destroys organic matter), pools with high bather loads may have more oxidation demand than chlorine sanitization demand.","qualitative_chemistry_claim","","","","","","NO_NUMERIC_CONTENT","REQUIRES_REVIEW","","yes"
"ec-oxidation-0179","oxidation","Non-chlorine oxidizers (potassium monopersulfate, hydrogen peroxide) can handle the oxidation load while preserving free chlorine for sanitization.","qualitative_chemistry_claim","","","","","","NO_NUMERIC_CONTENT","REQUIRES_REVIEW","","yes"
"ec-oxidation-0180","oxidation","Regular oxidation keeps combined chlorine low, prevents chlorine odor, and maintains water clarity.","qualitative_chemistry_claim","","","","","","NO_NUMERIC_CONTENT","REQUIRES_REVIEW","","yes"
"ec-balancing-0181","balancing","Water balancing is the comprehensive process of adjusting pH, total alkalinity, calcium hardness, CYA, and free chlorine to achieve a stable, safe, and non-damaging water chemistry.","safety_claim","","","","","","NO_NUMERIC_CONTENT","REQUIRES_REVIEW","","yes"
"ec-balancing-0182","balancing","The correct order matters: adjust alkalinity first (it determines how much acid/base is needed for pH), then pH, then calcium hardness, then CYA, then chlorine.","qualitative_chemistry_claim","","","","","","NO_NUMERIC_CONTENT","REQUIRES_REVIEW","","yes"
"ec-balancing-0183","balancing","The final check is the LSI — if all individual parameters are in range, the LSI confirms the combination is balanced.","qualitative_chemistry_claim","","","","","","NO_NUMERIC_CONTENT","REQUIRES_REVIEW","","yes"
"ec-balancing-0184","balancing","Properly balanced water protects equipment, surfaces, and swimmers.","material_property_claim","","","","","","NO_NUMERIC_CONTENT","REQUIRES_REVIEW","","yes"
"ec-maintenance-checklist-0185","maintenance-checklist","The Pool Maintenance Checklist is a free printable resource that guides residential pool owners through weekly pool care: testing water chemistry, adding chemicals, cleaning skimmer baskets, brushing walls, checking filter pressure, and verifying equipment operation.","operational_claim","","","","","","NO_NUMERIC_CONTENT","REQUIRES_REVIEW","","yes"
"ec-maintenance-checklist-0186","maintenance-checklist","Following a consistent checklist prevents the buildup of problems that lead to expensive treatments.","operational_claim","","","","","","NO_NUMERIC_CONTENT","REQUIRES_REVIEW","","yes"
"ec-maintenance-log-0187","maintenance-log","The Hot Tub Maintenance Log tracks daily and weekly spa chemistry readings, chemical doses, filter cleaning, and water change dates.","operational_claim","","","","","","NO_NUMERIC_CONTENT","REQUIRES_REVIEW","","yes"
"ec-chemical-log-0188","chemical-log","It is especially useful for vacation rental operators who must demonstrate chemical compliance and for multi-property managers tracking chemical costs.","operational_claim","","","","","","NO_NUMERIC_CONTENT","REQUIRES_REVIEW","","yes"
"ec-vacation-rental-checklist-0189","vacation-rental-checklist","The Vacation Rental Pool Turnover Checklist provides a structured protocol for testing, adjusting, and documenting pool chemistry at the start of each guest stay.","operational_claim","","","","","","NO_NUMERIC_CONTENT","REQUIRES_REVIEW","","yes"
"ec-vacation-rental-checklist-0190","vacation-rental-checklist","It covers safety equipment inspection, water chemistry testing, chemical additions, filter check, and safety communication to incoming guests.","safety_claim","","","","","","NO_NUMERIC_CONTENT","REQUIRES_REVIEW","","yes"
"ec-vacation-rental-checklist-0191","vacation-rental-checklist","Used consistently, it reduces liability exposure and ensures every guest has safe pool access.","safety_claim","","","","","","NO_NUMERIC_CONTENT","REQUIRES_REVIEW","","yes"
"ec-water-test-sheet-0192","water-test-sheet","The Water Test Log provides a structured format for recording all pool or hot tub chemistry test results over time: free chlorine, pH, alkalinity, calcium hardness, CYA, salt, and any notes on chemical additions or pool events.","qualitative_chemistry_claim","","","","","","NO_NUMERIC_CONTENT","REQUIRES_REVIEW","","yes"
"ec-water-test-sheet-0193","water-test-sheet","Tracking readings over time reveals chemistry trends, helps diagnose recurring problems, and supports informed decisions about when water replacement is needed.","operational_claim","","","","","","NO_NUMERIC_CONTENT","REQUIRES_REVIEW","","yes"
"ec-opening-checklist-0194","opening-checklist","The Pool Opening Checklist guides pool owners through the spring startup process: removing the cover, reinstalling equipment, filling to proper level, starting the pump, and completing a full water balance before the first swim.","operational_claim","","","","","","NO_NUMERIC_CONTENT","REQUIRES_REVIEW","","yes"
"ec-opening-checklist-0195","opening-checklist","It provides space for recording test results and chemical additions during the opening process.","operational_claim","","","","","","NO_NUMERIC_CONTENT","REQUIRES_REVIEW","","yes"
"ec-closing-checklist-0196","closing-checklist","The Pool Closing Checklist provides a structured process for winterizing a pool: balancing chemistry, adding winter chemicals, lowering water level, blowing out plumbing, installing freeze plugs, removing equipment, and covering the pool.","operational_claim","","","","","","NO_NUMERIC_CONTENT","REQUIRES_REVIEW","","yes"
"ec-closing-checklist-0197","closing-checklist","Proper winterization prevents expensive freeze damage.","safety_claim","","","","","","NO_NUMERIC_CONTENT","REQUIRES_REVIEW","","yes"
"ec-emergency-reference-0198","emergency-reference","The Emergency Recovery Reference provides concise protocols for the most urgent pool chemistry situations: green pool recovery, zero chlorine restoration, chemical overdose response, and equipment failure response.","qualitative_chemistry_claim","","","","","","NO_NUMERIC_CONTENT","REQUIRES_REVIEW","","yes"
"ec-cloudy-water-0199","cloudy-water","Cloudy water can result from low free chlorine (allowing algae or bacteria to proliferate), pH or alkalinity out of range (causing precipitation or flocculation), calcium carbonate precipitation (scaling, especially after shock), high TDS, poor filtration (pump run time too low, dirty filter, inadequate turnover), or dissolved metals.","material_property_claim","","","","","","NO_NUMERIC_CONTENT","REQUIRES_REVIEW","","yes"
"ec-cloudy-water-0200","cloudy-water","Start by testing all parameters, correcting chemistry, and running the filter continuously until clarity returns.","operational_claim","","","","","","NO_NUMERIC_CONTENT","REQUIRES_REVIEW","","yes"
"ec-green-water-0201","green-water","Green pool water is almost always caused by an algae bloom — typically green algae — resulting from insufficient free chlorine.","qualitative_chemistry_claim","","","","","","NO_NUMERIC_CONTENT","REQUIRES_REVIEW","","yes"
"ec-green-water-0202","green-water","Contributing factors include CYA too high (reducing chlorine effectiveness), missed shock treatments, heavy rain (diluting chlorine), extended periods without service, or pump failure.","qualitative_chemistry_claim","","","","","","NO_NUMERIC_CONTENT","REQUIRES_REVIEW","","yes"
"ec-green-water-0203","green-water","Treatment involves lowering pH to 7.2 to maximize chlorine activity, brushing all surfaces, shocking to 30 ppm FC, and running the filter 24 hours.","numeric_chemistry_claim","ph","7.2","ph_units","unspecified","unspecified","CORRECT_EXTRACTION","DIRECTLY_SUPPORTED","range-ph-pool-chlorine-routine;range-ph-hottub-chlorine-routine;range-ph-hottub-bromine-routine;range-ph-pool-narrow-operational","no"
"ec-green-water-0204","green-water","Treatment involves lowering pH to 7.2 to maximize chlorine activity, brushing all surfaces, shocking to 30 ppm FC, and running the filter 24 hours.","numeric_chemistry_claim","free_chlorine","30","ppm","unspecified","unspecified","CORRECT_EXTRACTION","REQUIRES_REVIEW","range-fc-pool-chlorine-no-cya;range-fc-pool-chlorine-with-cya;range-fc-hottub-chlorine-routine","yes"
"ec-green-water-0205","green-water","The water may turn grey as algae dies, then clear over 24–72 hours as the dead algae is filtered out.","numeric_chemistry_claim","algae","24-72","hours","unspecified","unspecified","IMPOSSIBLE_MAPPING","AMBIGUOUS","","yes"
"ec-foaming-0206","foaming","Foam on pool or hot tub water is caused by surfactants — substances that lower water surface tension.","material_property_claim","","","","","","NO_NUMERIC_CONTENT","REQUIRES_REVIEW","","yes"
"ec-foaming-0207","foaming","Mild foaming can be treated with an anti-foam agent as a temporary fix, but the underlying cause must be addressed: rinsing swimwear without soap, showering before entering, reducing algaecide dose, or changing the water if TDS is very high.","operational_claim","","","","","","NO_NUMERIC_CONTENT","REQUIRES_REVIEW","","yes"
"ec-scaling-0208","scaling","Scaling is the precipitation of calcium carbonate and other minerals onto pool surfaces, tile lines, plumbing, and equipment.","material_property_claim","","","","","","NO_NUMERIC_CONTENT","REQUIRES_REVIEW","","yes"
"ec-scaling-0209","scaling","It is caused by over-saturated water (positive LSI), which occurs when pH, calcium hardness, alkalinity, or temperature is too high.","qualitative_chemistry_claim","","","","","","NO_NUMERIC_CONTENT","REQUIRES_REVIEW","","yes"
"ec-scaling-0210","scaling","Treatment requires lowering the LSI by adjusting pH, alkalinity, and calcium hardness.","qualitative_chemistry_claim","","","","","","NO_NUMERIC_CONTENT","REQUIRES_REVIEW","","yes"
"ec-scaling-0211","scaling","Existing scale can be removed with acid washing or mechanical removal, but this should be done by a professional to avoid surface damage.","safety_claim","","","","","","NO_NUMERIC_CONTENT","REQUIRES_REVIEW","","yes"
"ec-corrosion-0212","corrosion","Corrosion occurs when pool water is under-saturated with calcium carbonate (negative LSI), causing it to aggressively dissolve calcium from plaster, grout, and metal surfaces.","safety_claim","","","","","","NO_NUMERIC_CONTENT","REQUIRES_REVIEW","","yes"
"ec-corrosion-0213","corrosion","Visible signs include pitting of plaster surfaces, etching of tile grout, staining from dissolved metals (green from copper, rust from iron), and corrosion of metal fittings.","safety_claim","","","","","","NO_NUMERIC_CONTENT","REQUIRES_REVIEW","","yes"
"ec-corrosion-0214","corrosion","Contributing factors include low pH, low alkalinity, low calcium hardness, and high water temperature.","qualitative_chemistry_claim","","","","","","NO_NUMERIC_CONTENT","REQUIRES_REVIEW","","yes"
"ec-corrosion-0215","corrosion","Treatment involves raising the LSI by adjusting the relevant parameters.","qualitative_chemistry_claim","","","","","","NO_NUMERIC_CONTENT","REQUIRES_REVIEW","","yes"
"ec-corrosion-0216","corrosion","Ongoing corrosion from a heater indicates the LSI needs attention immediately.","safety_claim","","","","","","NO_NUMERIC_CONTENT","REQUIRES_REVIEW","","yes"
"ec-algae-0217","algae","Algae are plant-like microorganisms that grow in pool water when free chlorine drops below effective levels.","qualitative_chemistry_claim","","","","","","NO_NUMERIC_CONTENT","REQUIRES_REVIEW","","yes"
"ec-algae-0218","algae","Green algae is the most common and easiest to treat.","taxonomy_definition_claim","","","","","","NO_NUMERIC_CONTENT","REQUIRES_REVIEW","","yes"
"ec-algae-0219","algae","Black algae develops deep root structures that penetrate pool surfaces, making it the most difficult to eradicate.","material_property_claim","","","","","","NO_NUMERIC_CONTENT","REQUIRES_REVIEW","","yes"
"ec-algae-0220","algae","Algae growth is fueled by nutrients (especially phosphates), warm water, sunlight, and insufficient chlorine.","qualitative_chemistry_claim","","","","","","NO_NUMERIC_CONTENT","REQUIRES_REVIEW","","yes"
"ec-algae-0221","algae","Prevention requires maintaining adequate free chlorine relative to CYA level at all times.","qualitative_chemistry_claim","","","","","","NO_NUMERIC_CONTENT","REQUIRES_REVIEW","","yes"
"ec-strong-chlorine-smell-0222","strong-chlorine-smell","The ""strong chlorine smell"" associated with pools is not caused by too much free chlorine — it is caused by combined chlorine (chloramines).","qualitative_chemistry_claim","","","","","","NO_NUMERIC_CONTENT","REQUIRES_REVIEW","","yes"
"ec-strong-chlorine-smell-0223","strong-chlorine-smell","When free chlorine reacts with nitrogen compounds from bathers (urea, ammonia, amino acids), it forms chloramines that have a strong, distinctive odor and are irritating to eyes and respiratory tract.","safety_claim","","","","","","NO_NUMERIC_CONTENT","REQUIRES_REVIEW","","yes"
"ec-strong-chlorine-smell-0224","strong-chlorine-smell","Paradoxically, the solution is to add MORE chlorine (breakpoint chlorination) to destroy the chloramines, not less.","qualitative_chemistry_claim","","","","","","NO_NUMERIC_CONTENT","REQUIRES_REVIEW","","yes"
"ec-strong-chlorine-smell-0225","strong-chlorine-smell","A well-maintained pool with low combined chlorine should have little to no chlorine smell.","qualitative_chemistry_claim","","","","","","NO_NUMERIC_CONTENT","REQUIRES_REVIEW","","yes"
"ec-eye-irritation-0226","eye-irritation","Eye irritation from pool water is most commonly caused by chloramines (combined chlorine) or pH outside the 7.2–7.8 range.","numeric_chemistry_claim","ph","7.2-7.8","ph_units","pool","unspecified","CORRECT_EXTRACTION","DIRECTLY_SUPPORTED","range-ph-pool-chlorine-routine;range-ph-hottub-chlorine-routine;range-ph-hottub-bromine-routine;range-ph-pool-narrow-operational","no"
"ec-eye-irritation-0227","eye-irritation","Human tears have a pH of approximately 7.4 — water at the same pH is least irritating to eyes.","numeric_chemistry_claim","ph","7.4","ph_units","unspecified","unspecified","CORRECT_EXTRACTION","DIRECTLY_SUPPORTED","range-ph-pool-chlorine-routine;range-ph-hottub-chlorine-routine;range-ph-hottub-bromine-routine;range-ph-pool-narrow-operational","no"
"ec-eye-irritation-0228","eye-irritation","At lower pH, the water is acidic and irritating; at higher pH, chlorine effectiveness drops and chloramines accumulate.","safety_claim","","","","","","NO_NUMERIC_CONTENT","REQUIRES_REVIEW","","yes"
"ec-eye-irritation-0229","eye-irritation","The fix for chloramine-induced eye irritation is breakpoint chlorination.","safety_claim","","","","","","NO_NUMERIC_CONTENT","REQUIRES_REVIEW","","yes"
"ec-eye-irritation-0230","eye-irritation","The fix for pH-related eye irritation is adjusting pH to 7.2–7.6.","numeric_chemistry_claim","ph","7.2-7.6","ph_units","unspecified","unspecified","CORRECT_EXTRACTION","DIRECTLY_SUPPORTED","range-ph-pool-chlorine-routine;range-ph-hottub-chlorine-routine;range-ph-hottub-bromine-routine;range-ph-pool-narrow-operational","no"
"ec-skin-irritation-0231","skin-irritation","Skin irritation after pool or hot tub use can result from pH too far outside the neutral range (below 7.0 or above 8.0), high combined chlorine (chloramines), very high free chlorine (above 5 ppm), high bromine (above 10 ppm), or individual sensitivity to pool chemicals.","numeric_chemistry_claim","ph","7","ph_units","both","unspecified","CORRECT_EXTRACTION","DIRECTLY_SUPPORTED","range-ph-pool-chlorine-routine;range-ph-hottub-chlorine-routine;range-ph-hottub-bromine-routine","no"
"ec-skin-irritation-0232","skin-irritation","Skin irritation after pool or hot tub use can result from pH too far outside the neutral range (below 7.0 or above 8.0), high combined chlorine (chloramines), very high free chlorine (above 5 ppm), high bromine (above 10 ppm), or individual sensitivity to pool chemicals.","numeric_chemistry_claim","ph","8","ph_units","both","unspecified","CORRECT_EXTRACTION","NON_CLAIM","range-ph-pool-chlorine-routine;range-ph-hottub-chlorine-routine;range-ph-hottub-bromine-routine;range-ph-pool-narrow-operational","no"
"ec-skin-irritation-0233","skin-irritation","Skin irritation after pool or hot tub use can result from pH too far outside the neutral range (below 7.0 or above 8.0), high combined chlorine (chloramines), very high free chlorine (above 5 ppm), high bromine (above 10 ppm), or individual sensitivity to pool chemicals.","numeric_chemistry_claim","free_chlorine","5","ppm","both","unspecified","CORRECT_EXTRACTION","DIRECTLY_SUPPORTED","range-fc-hottub-chlorine-routine","no"
"ec-skin-irritation-0234","skin-irritation","Skin irritation after pool or hot tub use can result from pH too far outside the neutral range (below 7.0 or above 8.0), high combined chlorine (chloramines), very high free chlorine (above 5 ppm), high bromine (above 10 ppm), or individual sensitivity to pool chemicals.","numeric_chemistry_claim","bromine","10","ppm","both","unspecified","CORRECT_EXTRACTION","CONTEXTUAL","range-bromine-hottub-routine","no"
"ec-skin-irritation-0235","skin-irritation","Persistent skin irritation despite normal chemistry may indicate individual chemical sensitivity.","safety_claim","","","","","","NO_NUMERIC_CONTENT","REQUIRES_REVIEW","","yes"
"ec-low-chlorine-0236","low-chlorine","Low free chlorine is the single most common and dangerous pool chemistry problem.","safety_claim","","","","","","NO_NUMERIC_CONTENT","REQUIRES_REVIEW","","yes"
"ec-low-chlorine-0237","low-chlorine","When FC drops below the minimum for the current CYA level, the pool loses its primary protection against pathogens and algae.","qualitative_chemistry_claim","","","","","","NO_NUMERIC_CONTENT","REQUIRES_REVIEW","","yes"
"ec-low-chlorine-0238","low-chlorine","Causes include: heavy bather loads, hot sunny weather (UV degradation), CYA too high (reducing chlorine activity), insufficient dosing frequency, or empty chlorinator.","qualitative_chemistry_claim","","","","","","NO_NUMERIC_CONTENT","REQUIRES_REVIEW","","yes"
"ec-low-chlorine-0239","low-chlorine","The remedy is immediate addition of chlorine to restore FC to the target range.","qualitative_chemistry_claim","","","","","","NO_NUMERIC_CONTENT","REQUIRES_REVIEW","","yes"
"ec-low-chlorine-0240","low-chlorine","If CYA is above 80 ppm, a partial drain may be needed before chlorine can be maintained effectively.","numeric_chemistry_claim","cyanuric_acid","80","ppm","unspecified","unspecified","CORRECT_EXTRACTION","SUPPORTED_BY_CONTEXT","range-cya-saltwater-outdoor","no"
"ec-high-chlorine-0241","high-chlorine","High free chlorine (above 5 ppm) causes bleaching of swimwear, eye and skin irritation, and respiratory irritation in enclosed spaces.","numeric_chemistry_claim","free_chlorine","5","ppm","unspecified","unspecified","CORRECT_EXTRACTION","DIRECTLY_SUPPORTED","range-fc-hottub-chlorine-routine","no"
"ec-high-chlorine-0242","high-chlorine","It occurs after an accidental over-dose, feeder malfunction, or over-shocking.","operational_claim","","","","","","NO_NUMERIC_CONTENT","REQUIRES_REVIEW","","yes"
"ec-high-chlorine-0243","high-chlorine","The pool should be closed to swimmers until FC drops below 5 ppm (3 ppm for hot tubs).","numeric_chemistry_claim","free_chlorine","5","ppm","both","unspecified","CORRECT_EXTRACTION","DIRECTLY_SUPPORTED","range-fc-hottub-chlorine-routine","no"
"ec-high-chlorine-0244","high-chlorine","The pool should be closed to swimmers until FC drops below 5 ppm (3 ppm for hot tubs).","numeric_chemistry_claim","free_chlorine","3","ppm","both","unspecified","CORRECT_EXTRACTION","DIRECTLY_SUPPORTED","range-fc-pool-chlorine-no-cya;range-fc-pool-chlorine-with-cya;range-fc-hottub-chlorine-routine","no"
"ec-high-chlorine-0245","high-chlorine","Natural dissipation by sunlight and time is the safest remedy.","safety_claim","","","","","","NO_NUMERIC_CONTENT","REQUIRES_REVIEW","","yes"
"ec-high-chlorine-0246","high-chlorine","Sodium thiosulfate can neutralize chlorine in emergencies but should be used sparingly — reducing FC too quickly can cause a rebound.","qualitative_chemistry_claim","","","","","","NO_NUMERIC_CONTENT","REQUIRES_REVIEW","","yes"
"ec-high-chlorine-0247","high-chlorine","Running the pump without cover during daylight hours accelerates UV degradation of excess chlorine.","qualitative_chemistry_claim","","","","","","NO_NUMERIC_CONTENT","REQUIRES_REVIEW","","yes"
"ec-low-ph-0248","low-ph","Low pH (below 7.2) makes pool water corrosive and irritating.","numeric_chemistry_claim","ph","7.2","ph_units","pool","unspecified","CORRECT_EXTRACTION","DIRECTLY_SUPPORTED","range-ph-pool-chlorine-routine;range-ph-hottub-chlorine-routine;range-ph-hottub-bromine-routine;range-ph-pool-narrow-operational","no"
"ec-low-ph-0249","low-ph","Effects include: etching of plaster and grout surfaces, staining from dissolved metals, corrosion of metal equipment and fittings, eye and skin irritation, and degradation of seals and gaskets.","safety_claim","","","","","","NO_NUMERIC_CONTENT","REQUIRES_REVIEW","","yes"
"ec-low-ph-0250","low-ph","Low pH is commonly caused by adding too much acid, CO₂ from bather respiration, heavy rain (which is naturally acidic), and naturally acidic fill water.","qualitative_chemistry_claim","","","","","","NO_NUMERIC_CONTENT","REQUIRES_REVIEW","","yes"
"ec-low-ph-0251","low-ph","Treatment involves adding soda ash (sodium carbonate) to raise pH, after first verifying alkalinity is in range.","qualitative_chemistry_claim","","","","","","NO_NUMERIC_CONTENT","REQUIRES_REVIEW","","yes"
"ec-high-ph-0252","high-ph","High pH (above 7.8) significantly reduces free chlorine effectiveness — at pH 8.0, only 22% of FC is in the active HOCl form (compared to 67% at pH 7.2).","numeric_chemistry_claim","ph","7.8","ph_units","unspecified","unspecified","CORRECT_EXTRACTION","DIRECTLY_SUPPORTED","range-ph-pool-chlorine-routine;range-ph-hottub-chlorine-routine;range-ph-hottub-bromine-routine","no"
"ec-high-ph-0253","high-ph","High pH (above 7.8) significantly reduces free chlorine effectiveness — at pH 8.0, only 22% of FC is in the active HOCl form (compared to 67% at pH 7.2).","numeric_chemistry_claim","ph","8","ph_units","unspecified","unspecified","CORRECT_EXTRACTION","NON_CLAIM","range-ph-pool-chlorine-routine;range-ph-hottub-chlorine-routine;range-ph-hottub-bromine-routine;range-ph-pool-narrow-operational","no"
"ec-high-ph-0254","high-ph","High pH (above 7.8) significantly reduces free chlorine effectiveness — at pH 8.0, only 22% of FC is in the active HOCl form (compared to 67% at pH 7.2).","numeric_chemistry_claim","free_chlorine","22","%","unspecified","unspecified","CORRECT_EXTRACTION","NON_CLAIM","range-fc-pool-chlorine-no-cya;range-fc-pool-chlorine-with-cya;range-fc-hottub-chlorine-routine","no"
"ec-high-ph-0255","high-ph","High pH (above 7.8) significantly reduces free chlorine effectiveness — at pH 8.0, only 22% of FC is in the active HOCl form (compared to 67% at pH 7.2).","numeric_chemistry_claim","ph","67","%","unspecified","unspecified","IMPOSSIBLE_MAPPING","AMBIGUOUS","","yes"
"ec-high-ph-0256","high-ph","High pH (above 7.8) significantly reduces free chlorine effectiveness — at pH 8.0, only 22% of FC is in the active HOCl form (compared to 67% at pH 7.2).","numeric_chemistry_claim","ph","7.2","ph_units","unspecified","unspecified","CORRECT_EXTRACTION","DIRECTLY_SUPPORTED","range-ph-pool-chlorine-routine;range-ph-hottub-chlorine-routine;range-ph-hottub-bromine-routine;range-ph-pool-narrow-operational","no"
"ec-high-ph-0257","high-ph","High pH also promotes scaling (high positive LSI), causes eye irritation through a different mechanism than low pH, and can cause white cloudiness from calcium carbonate precipitation.","safety_claim","","","","","","NO_NUMERIC_CONTENT","REQUIRES_REVIEW","","yes"
"ec-high-ph-0258","high-ph","High pH commonly results from adding too much soda ash, sodium bicarbonate increasing pH as a side effect, CO₂ off-gassing from aeration (waterfalls, jets), and some source water.","qualitative_chemistry_claim","","","","","","NO_NUMERIC_CONTENT","REQUIRES_REVIEW","","yes"
"ec-high-ph-0259","high-ph","Treatment involves adding muriatic acid (hydrochloric acid) or dry acid (sodium bisulfate).","operational_claim","","","","","","NO_NUMERIC_CONTENT","REQUIRES_REVIEW","","yes"
"ec-swimming-pool-0260","swimming-pool","Standard pool chemistry applies to all pool types, with adjustments for surface material, volume, and usage pattern.","material_property_claim","","","","","","NO_NUMERIC_CONTENT","REQUIRES_REVIEW","","yes"
"ec-swimming-pool-0261","swimming-pool","Most residential pools hold 10,000–30,000 gallons and require weekly chemical maintenance.","numeric_chemistry_claim","pool_volume","10000-30000","gallons","pool","unspecified","CORRECT_EXTRACTION","NO_EXISTING_SOURCE","","yes"
"ec-saltwater-pool-0262","saltwater-pool","A saltwater pool is a chlorine pool that generates its own chlorine using a salt chlorinator (SWCG).","qualitative_chemistry_claim","","","","","","NO_NUMERIC_CONTENT","REQUIRES_REVIEW","","yes"
"ec-saltwater-pool-0263","saltwater-pool","The pool still contains and uses chlorine — the salt content (typically 3,000–3,200 ppm) is far lower than ocean water (35,000 ppm) and is often described as similar to natural tears.","numeric_chemistry_claim","salt","3000-3200","ppm","pool","unspecified","CORRECT_EXTRACTION","SUPPORTED_BY_CONTEXT","range-salt-generic-operating;range-salt-pentair","no"
"ec-saltwater-pool-0264","saltwater-pool","The pool still contains and uses chlorine — the salt content (typically 3,000–3,200 ppm) is far lower than ocean water (35,000 ppm) and is often described as similar to natural tears.","numeric_chemistry_claim","salt","35000","ppm","pool","unspecified","CORRECT_EXTRACTION","NON_CLAIM","range-salt-generic-operating;range-salt-pentair;range-salt-autopilot","no"
"ec-saltwater-pool-0265","saltwater-pool","Salt pools still require the same chemistry balancing (pH, alkalinity, calcium, CYA) as traditionally chlorinated pools.","qualitative_chemistry_claim","","","","","","NO_NUMERIC_CONTENT","REQUIRES_REVIEW","","yes"
"ec-saltwater-pool-0266","saltwater-pool","Key differences include higher CYA requirements (60–80 ppm), consistent monitoring of the salt cell, and the risk of calcium scaling on the cell at low LSI.","numeric_chemistry_claim","cyanuric_acid","60-80","ppm","unspecified","unspecified","CORRECT_EXTRACTION","SUPPORTED_BY_CONTEXT","range-cya-saltwater-outdoor","no"
"ec-indoor-pool-0267","indoor-pool","Indoor pools present unique challenges: without UV light, chlorine is not degraded and CYA is not needed (and is actually counterproductive in indoor settings).","qualitative_chemistry_claim","","","","","","NO_NUMERIC_CONTENT","REQUIRES_REVIEW","","yes"
"ec-indoor-pool-0268","indoor-pool","Ventilation is critical — pool rooms must exchange air continuously to remove chloramine vapors and prevent moisture damage to the structure.","safety_claim","","","","","","NO_NUMERIC_CONTENT","REQUIRES_REVIEW","","yes"
"ec-indoor-pool-0269","indoor-pool","pH tends to rise in indoor pools due to CO₂ off-gassing into enclosed air.","qualitative_chemistry_claim","","","","","","NO_NUMERIC_CONTENT","REQUIRES_REVIEW","","yes"
"ec-indoor-pool-0270","indoor-pool","Cyanuric acid should not be used in indoor pools.","qualitative_chemistry_claim","","","","","","NO_NUMERIC_CONTENT","REQUIRES_REVIEW","","yes"
"ec-outdoor-pool-0271","outdoor-pool","Outdoor pools are exposed to UV light that rapidly degrades free chlorine.","qualitative_chemistry_claim","","","","","","NO_NUMERIC_CONTENT","REQUIRES_REVIEW","","yes"
"ec-outdoor-pool-0272","outdoor-pool","Cyanuric acid (CYA) is essential for stabilizing chlorine in outdoor pools — without it, sunlight can destroy the chlorine within 30–60 minutes.","qualitative_chemistry_claim","","","","","","NO_NUMERIC_CONTENT","REQUIRES_REVIEW","","yes"
"ec-outdoor-pool-0273","outdoor-pool","Summer requires more frequent chlorine dosing due to both UV degradation and higher bather loads.","qualitative_chemistry_claim","","","","","","NO_NUMERIC_CONTENT","REQUIRES_REVIEW","","yes"
"ec-hot-tub-0274","hot-tub","A hot tub (spa) is a small, heated body of water — typically 75–500 gallons — used for soaking, relaxation, and hydrotherapy.","numeric_chemistry_claim","pool_volume","75-500","gallons","hot_tub","unspecified","CORRECT_EXTRACTION","NO_EXISTING_SOURCE","","yes"
"ec-hot-tub-0275","hot-tub","The chemistry challenges are significant: high water temperature accelerates chemical reactions and chlorine demand; small volume means even one bather produces a significant bather load relative to total water; the high bather-to-water ratio causes rapid chemistry changes.","qualitative_chemistry_claim","","","","","","NO_NUMERIC_CONTENT","REQUIRES_REVIEW","","yes"
"ec-hot-tub-0276","hot-tub","Hot tub water should be tested before every soak session and changed every 3–4 months under typical use.","operational_claim","","","","","","NO_NUMERIC_CONTENT","REQUIRES_REVIEW","","yes"
"ec-swim-spa-0277","swim-spa","Typically 12–20 feet long and holding 1,000–2,000 gallons, swim spas have a jet system that creates a current for swimming in place.","numeric_chemistry_claim","pool_volume","1000-2000","gallons","unspecified","unspecified","CORRECT_EXTRACTION","NO_EXISTING_SOURCE","","yes"
"ec-commercial-pool-0278","commercial-pool","Commercial pools (public pools, hotel pools, club pools) are subject to state and local health department regulations that typically require stricter chemistry standards than residential pools — often a maximum 6-hour or even 4-hour turnover rate, specific free chlorine and pH ranges, mandatory ORP monitoring, and documented chemical logs.","qualitative_chemistry_claim","","","","","","NO_NUMERIC_CONTENT","REQUIRES_REVIEW","","yes"
"ec-vinyl-pool-0279","vinyl-pool","Vinyl liner pools have a flexible PVC liner as the pool surface.","material_property_claim","","","","","","NO_NUMERIC_CONTENT","REQUIRES_REVIEW","","yes"
"ec-vinyl-pool-0280","vinyl-pool","They require lower calcium hardness (150–250 ppm) than plaster pools because the liner itself does not dissolve calcium.","numeric_chemistry_claim","calcium_hardness","150-250","ppm","pool","unspecified","CORRECT_EXTRACTION","DIRECTLY_SUPPORTED","range-ch-public-pool-standard;range-ch-residential-practical","no"
"ec-vinyl-pool-0281","vinyl-pool","Low calcium is less of a concern for vinyl pools from a surface damage perspective, but very aggressive water can still attack metal parts and fittings.","safety_claim","","","","","","NO_NUMERIC_CONTENT","REQUIRES_REVIEW","","yes"
"ec-vinyl-pool-0282","vinyl-pool","Vinyl liners can be bleached by direct contact with undissolved granular chemicals — always pre-dissolve shock and calcium chloride before adding.","material_property_claim","","","","","","NO_NUMERIC_CONTENT","REQUIRES_REVIEW","","yes"
"ec-vinyl-pool-0283","vinyl-pool","Liners typically last 8–15 years before replacement.","material_property_claim","","","","","","NO_NUMERIC_CONTENT","NOT_APPLICABLE","","no"
"ec-fiberglass-pool-0284","fiberglass-pool","Fiberglass pools have a smooth, non-porous fiberglass surface that is inherently resistant to algae (fewer attachment points) and requires less maintenance than plaster pools.","material_property_claim","","","","","","NO_NUMERIC_CONTENT","REQUIRES_REVIEW","","yes"
"ec-fiberglass-pool-0285","fiberglass-pool","Calcium hardness targets are lower (150–250 ppm) than plaster pools.","numeric_chemistry_claim","calcium_hardness","150-250","ppm","pool","unspecified","CORRECT_EXTRACTION","DIRECTLY_SUPPORTED","range-ch-public-pool-standard;range-ch-residential-practical","no"
"ec-fiberglass-pool-0286","fiberglass-pool","Very low calcium in aggressive water can leach the gelcoat surface over time.","material_property_claim","","","","","","NO_NUMERIC_CONTENT","REQUIRES_REVIEW","","yes"
"ec-fiberglass-pool-0287","fiberglass-pool","The smooth surface also means less chemical demand overall.","material_property_claim","","","","","","NO_NUMERIC_CONTENT","REQUIRES_REVIEW","","yes"
"ec-fiberglass-pool-0288","fiberglass-pool","Fiberglass pools cannot be refinished in the same way as plaster, so maintaining proper water chemistry to protect the surface is especially important.","material_property_claim","","","","","","NO_NUMERIC_CONTENT","REQUIRES_REVIEW","","yes"
"ec-concrete-pool-0289","concrete-pool","Concrete pools (gunite or shotcrete) have a plaster, aggregate (pebble), or tile surface applied over a concrete shell.","material_property_claim","","","","","","NO_NUMERIC_CONTENT","REQUIRES_REVIEW","","yes"
"ec-concrete-pool-0290","concrete-pool","These surfaces are porous and contain calcium — aggressive water (low LSI) actively dissolves calcium from the surface, causing etching, pitting, and roughness.","material_property_claim","","","","","","NO_NUMERIC_CONTENT","SUPPORTED","","no"
"ec-concrete-pool-0291","concrete-pool","Calcium hardness must be maintained at 200–400 ppm for plaster pools to prevent surface damage.","numeric_chemistry_claim","calcium_hardness","200-400","ppm","pool","unspecified","CORRECT_EXTRACTION","DIRECTLY_SUPPORTED","range-ch-public-pool-standard;range-ch-residential-practical","no"
"ec-concrete-pool-0292","concrete-pool","Concrete pools are durable and highly customizable but require more careful chemistry management than vinyl or fiberglass pools.","material_property_claim","","","","","","NO_NUMERIC_CONTENT","REQUIRES_REVIEW","","yes"
"ec-liquid-chlorine-0293","liquid-chlorine","Liquid chlorine is sodium hypochlorite (NaOCl) solution, typically sold at 10–12.5% available chlorine for pool use (compared to 5–8.25% for household bleach).","qualitative_chemistry_claim","","","","","","NO_NUMERIC_CONTENT","REQUIRES_REVIEW","","yes"
"ec-liquid-chlorine-0294","liquid-chlorine","It is the most widely used chlorine product for pool maintenance: fast-dissolving, no residue, does not raise calcium or CYA, and relatively inexpensive.","qualitative_chemistry_claim","","","","","","NO_NUMERIC_CONTENT","REQUIRES_REVIEW","","yes"
"ec-liquid-chlorine-0295","liquid-chlorine","Degradation: liquid chlorine loses approximately 20–30% potency within 60 days at room temperature and significantly faster in heat.","numeric_chemistry_claim","water_temperature","20-30","%","unspecified","unspecified","IMPOSSIBLE_MAPPING","AMBIGUOUS","","yes"
"ec-liquid-chlorine-0296","liquid-chlorine","Degradation: liquid chlorine loses approximately 20–30% potency within 60 days at room temperature and significantly faster in heat.","numeric_chemistry_claim","water_temperature","60","days","unspecified","unspecified","IMPOSSIBLE_MAPPING","AMBIGUOUS","","yes"
"ec-liquid-chlorine-0297","liquid-chlorine","Always buy fresh product and check the manufacture date.","operational_claim","","","","","","NO_NUMERIC_CONTENT","REQUIRES_REVIEW","","yes"
"ec-calcium-hypochlorite-0298","calcium-hypochlorite","Calcium hypochlorite (cal-hypo) is a dry granular or tablet chlorine compound available at 65% and 73% available chlorine — the most concentrated of common pool shock products.","qualitative_chemistry_claim","","","","","","NO_NUMERIC_CONTENT","REQUIRES_REVIEW","","yes"
"ec-calcium-hypochlorite-0299","calcium-hypochlorite","It raises free chlorine rapidly and is the preferred product for breakpoint chlorination and algae recovery.","qualitative_chemistry_claim","","","","","","NO_NUMERIC_CONTENT","REQUIRES_REVIEW","","yes"
"ec-calcium-hypochlorite-0300","calcium-hypochlorite","Unlike trichlor and dichlor, it does not add CYA.","qualitative_chemistry_claim","","","","","","NO_NUMERIC_CONTENT","REQUIRES_REVIEW","","yes"
"ec-calcium-hypochlorite-0301","calcium-hypochlorite","However, it does add calcium — relevant in pools with already high calcium hardness.","qualitative_chemistry_claim","","","","","","NO_NUMERIC_CONTENT","REQUIRES_REVIEW","","yes"
"ec-calcium-hypochlorite-0302","calcium-hypochlorite","Must be pre-dissolved in water before adding to the pool; direct application can bleach liners and damage surfaces.","safety_claim","","","","","","NO_NUMERIC_CONTENT","REQUIRES_REVIEW","","yes"
"ec-sodium-dichlor-0303","sodium-dichlor","Sodium dichloro-s-triazinetrione (dichlor) is a stabilized granular chlorine compound containing approximately 56–62% available chlorine and 57% CYA by weight.","numeric_chemistry_claim","cyanuric_acid","57","%","unspecified","unspecified","CORRECT_EXTRACTION","SUPPORTED","range-cya-public-pool-incident-response-max;range-cya-residential-routine-outdoor;range-cya-saltwater-outdoor;range-cya-hottub","no"
"ec-sodium-dichlor-0304","sodium-dichlor","It dissolves quickly and is convenient for pool shocking, but each pound added raises CYA by approximately 6–7 ppm per 10,000 gallons.","numeric_chemistry_claim","pool_volume","6-7","ppm","pool","unspecified","IMPOSSIBLE_MAPPING","AMBIGUOUS","","yes"
"ec-sodium-dichlor-0305","sodium-dichlor","It dissolves quickly and is convenient for pool shocking, but each pound added raises CYA by approximately 6–7 ppm per 10,000 gallons.","numeric_chemistry_claim","pool_volume","10000","gallons","pool","unspecified","CORRECT_EXTRACTION","NO_EXISTING_SOURCE","","yes"
"ec-sodium-dichlor-0306","sodium-dichlor","Regular use as a shock product will accumulate CYA rapidly.","qualitative_chemistry_claim","","","","","","NO_NUMERIC_CONTENT","REQUIRES_REVIEW","","yes"
"ec-sodium-dichlor-0307","sodium-dichlor","Best used sparingly when CYA needs to be raised simultaneously with chlorine at season opening or after a significant drain.","qualitative_chemistry_claim","","","","","","NO_NUMERIC_CONTENT","REQUIRES_REVIEW","","yes"
"ec-sodium-dichlor-0308","sodium-dichlor","Not recommended for routine shocking because of CYA accumulation.","qualitative_chemistry_claim","","","","","","NO_NUMERIC_CONTENT","REQUIRES_REVIEW","","yes"
"ec-trichlor-tablets-0309","trichlor-tablets","Trichloro-s-triazinetrione (trichlor) tablets contain approximately 90% available chlorine and 58% CYA by weight.","numeric_chemistry_claim","cyanuric_acid","58","%","unspecified","unspecified","CORRECT_EXTRACTION","SUPPORTED","range-cya-public-pool-incident-response-max;range-cya-residential-routine-outdoor;range-cya-saltwater-outdoor;range-cya-hottub","no"
"ec-trichlor-tablets-0310","trichlor-tablets","They dissolve slowly and are used in automatic chlorinators, floaters, and skimmer baskets for consistent baseline chlorination.","operational_claim","","","","","","NO_NUMERIC_CONTENT","REQUIRES_REVIEW","","yes"
"ec-trichlor-tablets-0311","trichlor-tablets","Very acidic (pH ~2.9) — repeated use will lower pool pH and alkalinity over time.","numeric_chemistry_claim","ph","2.9","ph_units","pool","unspecified","CORRECT_EXTRACTION","SUPPORTED","range-ph-pool-chlorine-routine;range-ph-hottub-chlorine-routine;range-ph-hottub-bromine-routine;range-ph-pool-narrow-operational","no"
"ec-trichlor-tablets-0312","trichlor-tablets","CYA accumulation from trichlor is the most common cause of high CYA in residential pools.","qualitative_chemistry_claim","","","","","","NO_NUMERIC_CONTENT","REQUIRES_REVIEW","","yes"
"ec-trichlor-tablets-0313","trichlor-tablets","Should not be mixed with calcium hypochlorite — fire and explosion risk.","safety_claim","","","","","","NO_NUMERIC_CONTENT","REQUIRES_REVIEW","","yes"
"ec-muriatic-acid-0314","muriatic-acid","Muriatic acid (hydrochloric acid, HCl) at 31.45% concentration is the standard product for lowering pH and total alkalinity in pools.","numeric_chemistry_claim","ph","31.45","%","unspecified","unspecified","IMPOSSIBLE_MAPPING","AMBIGUOUS","","yes"
"ec-muriatic-acid-0315","muriatic-acid","It reacts quickly and is highly effective but requires careful handling — it is strongly corrosive and produces acidic vapors.","safety_claim","","","","","","NO_NUMERIC_CONTENT","REQUIRES_REVIEW","","yes"
"ec-muriatic-acid-0316","muriatic-acid","Always add acid to water (not water to acid), pre-dilute in a bucket of pool water, and add near return jets with pump running.","operational_claim","","","","","","NO_NUMERIC_CONTENT","REQUIRES_REVIEW","","yes"
"ec-muriatic-acid-0317","muriatic-acid","Dry acid (sodium bisulfate) is a safer-handling alternative that produces the same chemistry result.","safety_claim","","","","","","NO_NUMERIC_CONTENT","REQUIRES_REVIEW","","yes"
"ec-muriatic-acid-0318","muriatic-acid","Store in original container away from chlorine products.","qualitative_chemistry_claim","","","","","","NO_NUMERIC_CONTENT","REQUIRES_REVIEW","","yes"
"ec-soda-ash-0319","soda-ash","Soda ash (sodium carbonate, Na₂CO₃) is the standard product for raising pH in pool water.","qualitative_chemistry_claim","","","","","","NO_NUMERIC_CONTENT","REQUIRES_REVIEW","","yes"
"ec-soda-ash-0320","soda-ash","Unlike sodium bicarbonate, soda ash primarily raises pH with a modest effect on alkalinity.","qualitative_chemistry_claim","","","","","","NO_NUMERIC_CONTENT","REQUIRES_REVIEW","","yes"
"ec-soda-ash-0321","soda-ash","Pre-dissolve in a bucket of water before adding to prevent white cloudiness in the pool.","operational_claim","","","","","","NO_NUMERIC_CONTENT","REQUIRES_REVIEW","","yes"
"ec-soda-ash-0322","soda-ash","Typical dose: 6 oz raises pH by 0.2 in a 10,000-gallon pool.","numeric_chemistry_claim","ph","6","oz","pool","unspecified","IMPOSSIBLE_MAPPING","AMBIGUOUS","","yes"
"ec-soda-ash-0323","soda-ash","Typical dose: 6 oz raises pH by 0.2 in a 10,000-gallon pool.","numeric_chemistry_claim","ph","0.2","ph_units","pool","unspecified","CORRECT_EXTRACTION","SUPPORTED","range-ph-pool-chlorine-routine;range-ph-hottub-chlorine-routine;range-ph-hottub-bromine-routine;range-ph-pool-narrow-operational","no"
"ec-soda-ash-0324","soda-ash","Typical dose: 6 oz raises pH by 0.2 in a 10,000-gallon pool.","numeric_chemistry_claim","ph","10000","","pool","unspecified","IMPOSSIBLE_MAPPING","AMBIGUOUS","","yes"
"ec-soda-ash-0325","soda-ash","Too much soda ash can cause temporary cloudiness from calcium carbonate precipitation.","qualitative_chemistry_claim","","","","","","NO_NUMERIC_CONTENT","REQUIRES_REVIEW","","yes"
"ec-baking-soda-0326","baking-soda","Sodium bicarbonate (NaHCO₃), commonly called baking soda, is the standard product for raising total alkalinity in pool water.","qualitative_chemistry_claim","","","","","","NO_NUMERIC_CONTENT","REQUIRES_REVIEW","","yes"
"ec-baking-soda-0327","baking-soda","It raises TA with a modest, predictable pH increase (typically 0.1–0.2 pH units for a standard dose).","numeric_chemistry_claim","ph","0.1-0.2","ph_units","unspecified","unspecified","CORRECT_EXTRACTION","SUPPORTED","range-ph-pool-chlorine-routine;range-ph-hottub-chlorine-routine;range-ph-hottub-bromine-routine;range-ph-pool-narrow-operational","no"
"ec-baking-soda-0328","baking-soda","1.5 lbs per 10,000 gallons raises TA by approximately 10 ppm.","numeric_chemistry_claim","pool_volume","1.5","lbs","unspecified","unspecified","IMPOSSIBLE_MAPPING","AMBIGUOUS","","yes"
"ec-baking-soda-0329","baking-soda","1.5 lbs per 10,000 gallons raises TA by approximately 10 ppm.","numeric_chemistry_claim","pool_volume","10000","gallons","unspecified","unspecified","CORRECT_EXTRACTION","NO_EXISTING_SOURCE","","yes"
"ec-baking-soda-0330","baking-soda","1.5 lbs per 10,000 gallons raises TA by approximately 10 ppm.","numeric_chemistry_claim","total_alkalinity","10","ppm","unspecified","unspecified","CORRECT_EXTRACTION","SUPPORTED","range-ta-public-pool-standard;range-ta-residential-practical;range-ta-hottub","no"
"ec-calcium-chloride-0331","calcium-chloride","Calcium chloride (CaCl₂) is the chemical used to raise calcium hardness in pool water.","qualitative_chemistry_claim","","","","","","NO_NUMERIC_CONTENT","REQUIRES_REVIEW","","yes"
"ec-calcium-chloride-0332","calcium-chloride","It dissolves exothermically (generates heat) — always pre-dissolve in a large bucket of water before adding to the pool, or add very slowly near a return jet.","operational_claim","","","","","","NO_NUMERIC_CONTENT","REQUIRES_REVIEW","","yes"
"ec-calcium-chloride-0333","calcium-chloride","12 oz raises calcium hardness by approximately 10 ppm in a 10,000-gallon pool.","numeric_chemistry_claim","calcium_hardness","12","oz","pool","unspecified","IMPOSSIBLE_MAPPING","AMBIGUOUS","","yes"
"ec-calcium-chloride-0334","calcium-chloride","12 oz raises calcium hardness by approximately 10 ppm in a 10,000-gallon pool.","numeric_chemistry_claim","calcium_hardness","10","ppm","pool","unspecified","CORRECT_EXTRACTION","REQUIRES_REVIEW","range-ch-public-pool-standard;range-ch-residential-practical","yes"
"ec-calcium-chloride-0335","calcium-chloride","12 oz raises calcium hardness by approximately 10 ppm in a 10,000-gallon pool.","numeric_chemistry_claim","calcium_hardness","10000","","pool","unspecified","IMPOSSIBLE_MAPPING","AMBIGUOUS","","yes"
"ec-calcium-chloride-0336","calcium-chloride","Calcium hardness can only be lowered by partial drain and refill — there is no chemical that removes calcium from pool water.","qualitative_chemistry_claim","","","","","","NO_NUMERIC_CONTENT","REQUIRES_REVIEW","","yes"
"ec-stabilizer-0337","stabilizer","Pool stabilizer (cyanuric acid granules) is added to outdoor pools at the start of the season to raise CYA to the target range (30–50 ppm for standard pools, 60–80 ppm for salt pools).","numeric_chemistry_claim","cyanuric_acid","30-50","ppm","pool","unspecified","CORRECT_EXTRACTION","SUPPORTED_BY_CONTEXT","range-cya-residential-routine-outdoor","no"
"ec-stabilizer-0338","stabilizer","Pool stabilizer (cyanuric acid granules) is added to outdoor pools at the start of the season to raise CYA to the target range (30–50 ppm for standard pools, 60–80 ppm for salt pools).","numeric_chemistry_claim","salt","60-80","ppm","pool","unspecified","CORRECT_EXTRACTION","REQUIRES_REVIEW","range-salt-generic-operating;range-salt-pentair;range-salt-autopilot","yes"
"ec-stabilizer-0339","stabilizer","Never add to an indoor pool or covered spa.","operational_claim","","","","","","NO_NUMERIC_CONTENT","REQUIRES_REVIEW","","yes"
"ec-stabilizer-0340","stabilizer","Stabilizer is also added gradually by routine use of trichlor tablets.","operational_claim","","","","","","NO_NUMERIC_CONTENT","REQUIRES_REVIEW","","yes"
"ec-pool-salt-0341","pool-salt","Pool salt is 99.8%+ pure sodium chloride (NaCl) sold specifically for use in saltwater pool systems.","numeric_chemistry_claim","salt","99.8","%","pool","unspecified","CORRECT_EXTRACTION","SUPPORTED","range-salt-generic-operating;range-salt-pentair;range-salt-autopilot","no"
"ec-pool-salt-0342","pool-salt","It must be free of additives (no anti-caking agents, iodide, or ferrocyanide) that can stain pools and damage salt cells.","safety_claim","","","","","","NO_NUMERIC_CONTENT","REQUIRES_REVIEW","","yes"
"ec-pool-salt-0343","pool-salt","Sold in 40-lb bags; a typical 20,000-gallon pool requires 350–400 lbs to reach the target 3,200 ppm from zero.","qualitative_chemistry_claim","","","","","","NO_NUMERIC_CONTENT","REQUIRES_REVIEW","","yes"
"ec-pool-salt-0344","pool-salt","Salt does not evaporate and only needs replacement after significant water loss.","qualitative_chemistry_claim","","","","","","NO_NUMERIC_CONTENT","REQUIRES_REVIEW","","yes"
"ec-cdc-0345","cdc","The CDC provides guidelines on healthy swimming, recreational water illness prevention, disinfection standards for public pools and water parks, and outbreak reporting.","qualitative_chemistry_claim","","","","","","NO_NUMERIC_CONTENT","REQUIRES_REVIEW","","yes"
"ec-cdc-0346","cdc","Their Model Aquatic Health Code (MAHC) provides science-based guidance used as the basis for many state pool health codes.","operational_claim","","","","","","NO_NUMERIC_CONTENT","REQUIRES_REVIEW","","yes"
"ec-epa-0347","epa","The EPA regulates the registration, labeling, and use of pesticides and disinfectants in the United States under FIFRA (Federal Insecticide, Fungicide, and Rodenticide Act).","qualitative_chemistry_claim","","","","","","NO_NUMERIC_CONTENT","REQUIRES_REVIEW","","yes"
"ec-epa-0348","epa","Pool disinfectants — including chlorine products, bromine products, and algaecides — are regulated as pesticides by the EPA.","qualitative_chemistry_claim","","","","","","NO_NUMERIC_CONTENT","REQUIRES_REVIEW","","yes"
"ec-phta-0349","phta","The Pool & Hot Tub Alliance (formerly APSP) is the primary trade association for pool and spa manufacturers, builders, service technicians, and retailers.","taxonomy_definition_claim","","","","","","NO_NUMERIC_CONTENT","REQUIRES_REVIEW","","yes"
"ec-phta-0350","phta","PHTA publishes the Pool & Spa Operator Handbook (the industry standard reference for pool chemistry) and the ANSI standards for pool design, construction, and safety.","safety_claim","","","","","","NO_NUMERIC_CONTENT","REQUIRES_REVIEW","","yes"
"ec-phta-0351","phta","PHTA certifications (CPO, ATP) are the recognized professional credentials in the pool industry.","qualitative_chemistry_claim","","","","","","NO_NUMERIC_CONTENT","REQUIRES_REVIEW","","yes"
"ec-nsf-0352","nsf","NSF certification marks on pool products indicate independent verification of performance and safety claims.","safety_claim","","","","","","NO_NUMERIC_CONTENT","REQUIRES_REVIEW","","yes"
"ec-taylor-technologies-0353","taylor-technologies","Taylor Technologies is the leading manufacturer of professional pool and spa water test kits (the Taylor K-2006 is the gold-standard residential test kit) and the publisher of the Pool/Spa Water Chemistry book, which is the definitive technical reference for pool chemistry calculations, LSI factors, and treatment formulas.","qualitative_chemistry_claim","","","","","","NO_NUMERIC_CONTENT","REQUIRES_REVIEW","","yes"
"ec-taylor-technologies-0354","taylor-technologies","Taylor LSI factor tables and formulas are used as the basis for LSI calculations throughout the industry.","qualitative_chemistry_claim","","","","","","NO_NUMERIC_CONTENT","REQUIRES_REVIEW","","yes"
"ec-lamotte-0355","lamotte","LaMotte Company manufactures professional-grade water testing equipment including DPD colorimetric test kits, digital photometers, and test strips for pool and spa use.","qualitative_chemistry_claim","","","","","","NO_NUMERIC_CONTENT","REQUIRES_REVIEW","","yes"
"ec-lamotte-0356","lamotte","LaMotte products are widely used by commercial pool operators and certified pool operators for their higher accuracy compared to consumer test strips.","operational_claim","","","","","","NO_NUMERIC_CONTENT","REQUIRES_REVIEW","","yes"
"ec-unit-ppm-0357","unit-ppm","1 ppm = 1 mg/L = 1 part chemical per 1,000,000 parts water.","qualitative_chemistry_claim","","","","","","NO_NUMERIC_CONTENT","REQUIRES_REVIEW","","yes"
"ec-unit-ppm-0358","unit-ppm","Used for free chlorine, combined chlorine, alkalinity, calcium hardness, CYA, TDS, salt, metals, and phosphates.","material_property_claim","","","","","","NO_NUMERIC_CONTENT","REQUIRES_REVIEW","","yes"
"ec-unit-mg-l-0359","unit-mg-l","In dilute aqueous solutions (including pool water), mg/L and ppm are numerically equal: 1 mg/L = 1 ppm.","qualitative_chemistry_claim","","","","","","NO_NUMERIC_CONTENT","REQUIRES_REVIEW","","yes"
"ec-unit-mg-l-0360","unit-mg-l","mg/L is the SI unit preferred in scientific contexts, while ppm is the practical shorthand used in pool industry applications.","qualitative_chemistry_claim","","","","","","NO_NUMERIC_CONTENT","REQUIRES_REVIEW","","yes"
"ec-unit-gallons-0361","unit-gallons","Pool volume in gallons is used in every chemical dose calculation.","operational_claim","","","","","","NO_NUMERIC_CONTENT","REQUIRES_REVIEW","","yes"
"ec-unit-gallons-0362","unit-gallons","7.48 gallons per cubic foot is the standard conversion used in pool volume formulas.","numeric_chemistry_claim","pool_volume","7.48","gallons","pool","unspecified","CORRECT_EXTRACTION","NO_EXISTING_SOURCE","","yes"
"ec-unit-liters-0363","unit-liters","1 liter = 0.2642 US gallons = 1,000 milliliters.","numeric_chemistry_claim","pool_volume","1","","unspecified","unspecified","IMPOSSIBLE_MAPPING","AMBIGUOUS","","yes"
"ec-unit-liters-0364","unit-liters","1 liter = 0.2642 US gallons = 1,000 milliliters.","numeric_chemistry_claim","pool_volume","0.2642","ph_units","unspecified","unspecified","IMPOSSIBLE_MAPPING","AMBIGUOUS","","yes"
"ec-unit-liters-0365","unit-liters","1 liter = 0.2642 US gallons = 1,000 milliliters.","numeric_chemistry_claim","pool_volume","1000","","unspecified","unspecified","IMPOSSIBLE_MAPPING","AMBIGUOUS","","yes"
"ec-unit-liters-0366","unit-liters","Used in metric countries for pool volume measurement.","operational_claim","","","","","","NO_NUMERIC_CONTENT","REQUIRES_REVIEW","","yes"
"ec-unit-liters-0367","unit-liters","Chemical concentrations in mg/L are equivalent to ppm.","qualitative_chemistry_claim","","","","","","NO_NUMERIC_CONTENT","REQUIRES_REVIEW","","yes"
"ec-unit-fahrenheit-0368","unit-fahrenheit","Fahrenheit is the US standard for temperature measurement.","taxonomy_definition_claim","","","","","","NO_NUMERIC_CONTENT","REQUIRES_REVIEW","","yes"
"ec-unit-fahrenheit-0369","unit-fahrenheit","Pool temperature targets: 78–84°F (residential pools), 100–104°F maximum (hot tubs).","numeric_chemistry_claim","water_temperature","78-84","°f","pool","unspecified","CORRECT_EXTRACTION","NO_EXISTING_SOURCE","","yes"
"ec-unit-fahrenheit-0370","unit-fahrenheit","Pool temperature targets: 78–84°F (residential pools), 100–104°F maximum (hot tubs).","numeric_chemistry_claim","water_temperature","100-104","°f","hot_tub","unspecified","CARRIED_CONTEXT","AMBIGUOUS","","yes"
"ec-unit-fahrenheit-0371","unit-fahrenheit","LSI temperature factor tables use °F.","qualitative_chemistry_claim","","","","","","NO_NUMERIC_CONTENT","REQUIRES_REVIEW","","yes"
"ec-unit-celsius-0372","unit-celsius","Celsius is the SI standard for temperature.","taxonomy_definition_claim","","","","","","NO_NUMERIC_CONTENT","REQUIRES_REVIEW","","yes"
"ec-unit-minutes-0373","unit-minutes","Minutes are used in pool chemistry for: turnover rate calculations (Volume in gallons / GPM = turnover time in minutes), wait times after chemical additions, and filtration cycle timing.","operational_claim","","","","","","NO_NUMERIC_CONTENT","REQUIRES_REVIEW","","yes"
"ec-unit-hours-0374","unit-hours","Hours are the standard unit for expressing pool turnover time, pump daily run time, and wait times for chemical balancing.","operational_claim","","","","","","NO_NUMERIC_CONTENT","REQUIRES_REVIEW","","yes"
"ec-unit-hours-0375","unit-hours","PHTA recommends a maximum 8-hour turnover time for residential pools.","qualitative_chemistry_claim","","","","","","NO_NUMERIC_CONTENT","REQUIRES_REVIEW","","yes"
"ec-unit-days-0376","unit-days","Days are used for maintenance scheduling (test twice per week, shock weekly), CYA dissolution time (24–48 days), water change intervals for hot tubs (every 90 days), and chemical activity timelines.","numeric_chemistry_claim","cyanuric_acid","24-48","days","unspecified","unspecified","IMPOSSIBLE_MAPPING","AMBIGUOUS","","yes"
"ec-unit-weeks-0377","unit-weeks","Weeks are the standard interval for pool maintenance activities: weekly water testing, weekly shock treatment (optional), weekly brushing and vacuuming, and weekly filter checks.","operational_claim","","","","","","NO_NUMERIC_CONTENT","REQUIRES_REVIEW","","yes"
"ec-unit-months-0378","unit-months","Monthly intervals are used for: calcium hardness and CYA testing (monthly), hot tub water changes (every 3–4 months), filter inspection, and salt level verification.","qualitative_chemistry_claim","","","","","","NO_NUMERIC_CONTENT","REQUIRES_REVIEW","","yes"
