"claim_id","entity_id","url","source_text","claim_type","parameter","value","unit","environment","scenario","current_status","priority","reason","research_required","target_source_type","final_disposition"
"ec-combined-chlorine-0008","combined-chlorine","https://waterbalancetools.com/entities/combined-chlorine","Chloramines are responsible for the ""pool smell,"" eye irritation, and respiratory irritation often mistakenly blamed on too much chlorine.","safety_claim","","","","","","REQUIRES_REVIEW","P1","Safety/chemical-handling claim, unresolved from Phase 7J.","yes","government_or_manufacturer_sds",""
"ec-total-chlorine-0013","total-chlorine","https://waterbalancetools.com/entities/total-chlorine","Total chlorine by itself tells you little about water safety — what matters is the free chlorine level and how much has become combined.","safety_claim","","","","","","REQUIRES_REVIEW","P1","Safety/chemical-handling claim, unresolved from Phase 7J.","yes","government_or_manufacturer_sds",""
"ec-phosphate-0041","phosphate","https://waterbalancetools.com/entities/phosphate","While low phosphate levels alone do not cause algae (chlorine control is paramount), very high phosphate levels (above 500–1,000 ppb) can reduce chlorine effectiveness and increase algae risk.","safety_claim","","","","","","REQUIRES_REVIEW","P1","Safety/chemical-handling claim, unresolved from Phase 7J.","yes","government_or_manufacturer_sds",""
"ec-copper-0045","copper","https://waterbalancetools.com/entities/copper","Corrosive water (low LSI) accelerates copper leaching from equipment.","safety_claim","","","","","","REQUIRES_REVIEW","P1","Safety/chemical-handling claim, unresolved from Phase 7J.","yes","government_or_manufacturer_sds",""
"ec-iron-0049","iron","https://waterbalancetools.com/entities/iron","Prevention focuses on fill water quality and maintaining a slightly positive LSI to prevent equipment corrosion.","safety_claim","","","","","","REQUIRES_REVIEW","P1","Safety/chemical-handling claim, unresolved from Phase 7J.","yes","government_or_manufacturer_sds",""
"ec-ph-0068","ph","https://waterbalancetools.com/entities/ph","Below 7.2, water is corrosive — it irritates eyes and skin and attacks surfaces and equipment.","safety_claim","","","","","","REQUIRES_REVIEW","P1","Safety/chemical-handling claim, unresolved from Phase 7J.","yes","government_or_manufacturer_sds",""
"ec-temperature-0080","temperature","https://waterbalancetools.com/entities/temperature","For hot tubs, temperature is also a primary safety parameter — temperatures above 104°F can cause hyperthermia.","numeric_chemistry_claim","water_temperature","104","°f","hot_tub","unspecified","NO_EXISTING_SOURCE","P1","Numeric chemistry claim with no matching registry range or requiring re-verification.","yes","government_or_professional_standard","SUPPORTED -- range-temperature-hottub-max-safety"
"ec-lsi-0089","lsi","https://waterbalancetools.com/entities/lsi","Negative values (below −0.3) indicate corrosive water.","safety_claim","","","","","","REQUIRES_REVIEW","P1","Safety/chemical-handling claim, unresolved from Phase 7J.","yes","government_or_manufacturer_sds",""
"ec-de-filter-0118","de-filter","https://waterbalancetools.com/entities/de-filter","DE must be handled carefully as fine particles can be an inhalation hazard.","safety_claim","","","","","","REQUIRES_REVIEW","P1","Safety/chemical-handling claim, unresolved from Phase 7J.","yes","government_or_manufacturer_sds",""
"ec-skimmer-0122","skimmer","https://waterbalancetools.com/entities/skimmer","Never add granular shock directly to the skimmer; it can damage equipment.","safety_claim","","","","","","REQUIRES_REVIEW","P1","Safety/chemical-handling claim, unresolved from Phase 7J.","yes","government_or_manufacturer_sds",""
"ec-cover-0138","cover","https://waterbalancetools.com/entities/cover","Pool covers serve multiple functions: safety (hard covers and nets prevent accidental entry), heat retention (solar and thermal covers reduce heat loss and heating costs), water conservation (reduce evaporation by up to 95%), chemical conservation (reduce UV degradation of chlorine and reduce debris-driven chemical demand), and debris exclusion (keep leaves and insects out).","safety_claim","","","","","","REQUIRES_REVIEW","P1","Safety/chemical-handling claim, unresolved from Phase 7J.","yes","government_or_manufacturer_sds",""
"ec-cover-0139","cover","https://waterbalancetools.com/entities/cover","Safety covers are required by law in many jurisdictions for unattended residential pools.","safety_claim","","","","","","REQUIRES_REVIEW","P1","Safety/chemical-handling claim, unresolved from Phase 7J.","yes","government_or_manufacturer_sds",""
"ec-shock-treatment-0140","shock-treatment","https://waterbalancetools.com/entities/shock-treatment","Shock treatment (superchlorination) involves raising free chlorine to a high level — typically 10 ppm for maintenance, 10× the combined chlorine level for breakpoint chlorination, or 30 ppm for algae recovery — to eliminate combined chlorine, algae, bacteria, and other contaminants.","numeric_chemistry_claim","free_chlorine","10","ppm","unspecified","unspecified","REQUIRES_REVIEW","P1","Numeric chemistry claim with no matching registry range or requiring re-verification.","yes","government_or_professional_standard","REQUIRES_REVIEW -- researched, genuine source disagreement (2-5ppm vs 10-20ppm), not resolved"
"ec-winterization-0155","winterization","https://waterbalancetools.com/entities/winterization","Winterization (pool closing) involves a specific sequence of steps to protect pool equipment and surfaces from freeze damage during cold weather: balancing water chemistry, adding winter chemicals (algaecide, scale inhibitor), draining water below skimmers and jets, blowing out plumbing lines, plugging returns, removing and storing equipment, and covering the pool.","safety_claim","","","","","","REQUIRES_REVIEW","P1","Safety/chemical-handling claim, unresolved from Phase 7J.","yes","government_or_manufacturer_sds",""
"ec-sanitizing-0176","sanitizing","https://waterbalancetools.com/entities/sanitizing","Sanitizing is distinct from oxidizing — both are needed for safe, clear pool water.","safety_claim","","","","","","REQUIRES_REVIEW","P1","Safety/chemical-handling claim, unresolved from Phase 7J.","yes","government_or_manufacturer_sds",""
"ec-balancing-0181","balancing","https://waterbalancetools.com/entities/balancing","Water balancing is the comprehensive process of adjusting pH, total alkalinity, calcium hardness, CYA, and free chlorine to achieve a stable, safe, and non-damaging water chemistry.","safety_claim","","","","","","REQUIRES_REVIEW","P1","Safety/chemical-handling claim, unresolved from Phase 7J.","yes","government_or_manufacturer_sds",""
"ec-vacation-rental-checklist-0190","vacation-rental-checklist","https://waterbalancetools.com/entities/vacation-rental-checklist","It covers safety equipment inspection, water chemistry testing, chemical additions, filter check, and safety communication to incoming guests.","safety_claim","","","","","","REQUIRES_REVIEW","P1","Safety/chemical-handling claim, unresolved from Phase 7J.","yes","government_or_manufacturer_sds",""
"ec-vacation-rental-checklist-0191","vacation-rental-checklist","https://waterbalancetools.com/entities/vacation-rental-checklist","Used consistently, it reduces liability exposure and ensures every guest has safe pool access.","safety_claim","","","","","","REQUIRES_REVIEW","P1","Safety/chemical-handling claim, unresolved from Phase 7J.","yes","government_or_manufacturer_sds",""
"ec-closing-checklist-0197","closing-checklist","https://waterbalancetools.com/entities/closing-checklist","Proper winterization prevents expensive freeze damage.","safety_claim","","","","","","REQUIRES_REVIEW","P1","Safety/chemical-handling claim, unresolved from Phase 7J.","yes","government_or_manufacturer_sds",""
"ec-green-water-0204","green-water","https://waterbalancetools.com/entities/green-water","Treatment involves lowering pH to 7.2 to maximize chlorine activity, brushing all surfaces, shocking to 30 ppm FC, and running the filter 24 hours.","numeric_chemistry_claim","free_chlorine","30","ppm","unspecified","unspecified","REQUIRES_REVIEW","P1","Numeric chemistry claim with no matching registry range or requiring re-verification.","yes","government_or_professional_standard","CONTEXTUAL -- range-shock-algae-recovery-green"
"ec-scaling-0211","scaling","https://waterbalancetools.com/entities/scaling","Existing scale can be removed with acid washing or mechanical removal, but this should be done by a professional to avoid surface damage.","safety_claim","","","","","","REQUIRES_REVIEW","P1","Safety/chemical-handling claim, unresolved from Phase 7J.","yes","government_or_manufacturer_sds",""
"ec-corrosion-0212","corrosion","https://waterbalancetools.com/entities/corrosion","Corrosion occurs when pool water is under-saturated with calcium carbonate (negative LSI), causing it to aggressively dissolve calcium from plaster, grout, and metal surfaces.","safety_claim","","","","","","REQUIRES_REVIEW","P1","Safety/chemical-handling claim, unresolved from Phase 7J.","yes","government_or_manufacturer_sds",""
"ec-corrosion-0213","corrosion","https://waterbalancetools.com/entities/corrosion","Visible signs include pitting of plaster surfaces, etching of tile grout, staining from dissolved metals (green from copper, rust from iron), and corrosion of metal fittings.","safety_claim","","","","","","REQUIRES_REVIEW","P1","Safety/chemical-handling claim, unresolved from Phase 7J.","yes","government_or_manufacturer_sds",""
"ec-corrosion-0216","corrosion","https://waterbalancetools.com/entities/corrosion","Ongoing corrosion from a heater indicates the LSI needs attention immediately.","safety_claim","","","","","","REQUIRES_REVIEW","P1","Safety/chemical-handling claim, unresolved from Phase 7J.","yes","government_or_manufacturer_sds",""
"ec-strong-chlorine-smell-0223","strong-chlorine-smell","https://waterbalancetools.com/entities/strong-chlorine-smell","When free chlorine reacts with nitrogen compounds from bathers (urea, ammonia, amino acids), it forms chloramines that have a strong, distinctive odor and are irritating to eyes and respiratory tract.","safety_claim","","","","","","REQUIRES_REVIEW","P1","Safety/chemical-handling claim, unresolved from Phase 7J.","yes","government_or_manufacturer_sds",""
"ec-eye-irritation-0228","eye-irritation","https://waterbalancetools.com/entities/eye-irritation","At lower pH, the water is acidic and irritating; at higher pH, chlorine effectiveness drops and chloramines accumulate.","safety_claim","","","","","","REQUIRES_REVIEW","P1","Safety/chemical-handling claim, unresolved from Phase 7J.","yes","government_or_manufacturer_sds",""
"ec-eye-irritation-0229","eye-irritation","https://waterbalancetools.com/entities/eye-irritation","The fix for chloramine-induced eye irritation is breakpoint chlorination.","safety_claim","","","","","","REQUIRES_REVIEW","P1","Safety/chemical-handling claim, unresolved from Phase 7J.","yes","government_or_manufacturer_sds",""
"ec-skin-irritation-0235","skin-irritation","https://waterbalancetools.com/entities/skin-irritation","Persistent skin irritation despite normal chemistry may indicate individual chemical sensitivity.","safety_claim","","","","","","REQUIRES_REVIEW","P1","Safety/chemical-handling claim, unresolved from Phase 7J.","yes","government_or_manufacturer_sds",""
"ec-low-chlorine-0236","low-chlorine","https://waterbalancetools.com/entities/low-chlorine","Low free chlorine is the single most common and dangerous pool chemistry problem.","safety_claim","","","","","","REQUIRES_REVIEW","P1","Safety/chemical-handling claim, unresolved from Phase 7J.","yes","government_or_manufacturer_sds",""
"ec-high-chlorine-0245","high-chlorine","https://waterbalancetools.com/entities/high-chlorine","Natural dissipation by sunlight and time is the safest remedy.","safety_claim","","","","","","REQUIRES_REVIEW","P1","Safety/chemical-handling claim, unresolved from Phase 7J.","yes","government_or_manufacturer_sds",""
"ec-low-ph-0249","low-ph","https://waterbalancetools.com/entities/low-ph","Effects include: etching of plaster and grout surfaces, staining from dissolved metals, corrosion of metal equipment and fittings, eye and skin irritation, and degradation of seals and gaskets.","safety_claim","","","","","","REQUIRES_REVIEW","P1","Safety/chemical-handling claim, unresolved from Phase 7J.","yes","government_or_manufacturer_sds",""
"ec-high-ph-0257","high-ph","https://waterbalancetools.com/entities/high-ph","High pH also promotes scaling (high positive LSI), causes eye irritation through a different mechanism than low pH, and can cause white cloudiness from calcium carbonate precipitation.","safety_claim","","","","","","REQUIRES_REVIEW","P1","Safety/chemical-handling claim, unresolved from Phase 7J.","yes","government_or_manufacturer_sds",""
"ec-swimming-pool-0261","swimming-pool","https://waterbalancetools.com/entities/swimming-pool","Most residential pools hold 10,000–30,000 gallons and require weekly chemical maintenance.","numeric_chemistry_claim","pool_volume","10000-30000","gallons","pool","unspecified","NO_EXISTING_SOURCE","P1","Numeric chemistry claim with no matching registry range or requiring re-verification.","yes","government_or_professional_standard",""
"ec-indoor-pool-0268","indoor-pool","https://waterbalancetools.com/entities/indoor-pool","Ventilation is critical — pool rooms must exchange air continuously to remove chloramine vapors and prevent moisture damage to the structure.","safety_claim","","","","","","REQUIRES_REVIEW","P1","Safety/chemical-handling claim, unresolved from Phase 7J.","yes","government_or_manufacturer_sds",""
"ec-hot-tub-0274","hot-tub","https://waterbalancetools.com/entities/hot-tub","A hot tub (spa) is a small, heated body of water — typically 75–500 gallons — used for soaking, relaxation, and hydrotherapy.","numeric_chemistry_claim","pool_volume","75-500","gallons","hot_tub","unspecified","NO_EXISTING_SOURCE","P1","Numeric chemistry claim with no matching registry range or requiring re-verification.","yes","government_or_professional_standard",""
"ec-swim-spa-0277","swim-spa","https://waterbalancetools.com/entities/swim-spa","Typically 12–20 feet long and holding 1,000–2,000 gallons, swim spas have a jet system that creates a current for swimming in place.","numeric_chemistry_claim","pool_volume","1000-2000","gallons","unspecified","unspecified","NO_EXISTING_SOURCE","P1","Numeric chemistry claim with no matching registry range or requiring re-verification.","yes","government_or_professional_standard",""
"ec-vinyl-pool-0281","vinyl-pool","https://waterbalancetools.com/entities/vinyl-pool","Low calcium is less of a concern for vinyl pools from a surface damage perspective, but very aggressive water can still attack metal parts and fittings.","safety_claim","","","","","","REQUIRES_REVIEW","P1","Safety/chemical-handling claim, unresolved from Phase 7J.","yes","government_or_manufacturer_sds",""
"ec-calcium-hypochlorite-0302","calcium-hypochlorite","https://waterbalancetools.com/entities/calcium-hypochlorite","Must be pre-dissolved in water before adding to the pool; direct application can bleach liners and damage surfaces.","safety_claim","","","","","","REQUIRES_REVIEW","P1","Safety/chemical-handling claim, unresolved from Phase 7J.","yes","government_or_manufacturer_sds",""
"ec-sodium-dichlor-0305","sodium-dichlor","https://waterbalancetools.com/entities/sodium-dichlor","It dissolves quickly and is convenient for pool shocking, but each pound added raises CYA by approximately 6–7 ppm per 10,000 gallons.","numeric_chemistry_claim","pool_volume","10000","gallons","pool","unspecified","NO_EXISTING_SOURCE","P1","Numeric chemistry claim with no matching registry range or requiring re-verification.","yes","government_or_professional_standard",""
"ec-trichlor-tablets-0313","trichlor-tablets","https://waterbalancetools.com/entities/trichlor-tablets","Should not be mixed with calcium hypochlorite — fire and explosion risk.","safety_claim","","","","","","REQUIRES_REVIEW","P1","Safety/chemical-handling claim, unresolved from Phase 7J.","yes","government_or_manufacturer_sds","SUPPORTED -- microphor-trichlor-sds-2016 + asepsis-calhypo-msds-2005"
"ec-muriatic-acid-0315","muriatic-acid","https://waterbalancetools.com/entities/muriatic-acid","It reacts quickly and is highly effective but requires careful handling — it is strongly corrosive and produces acidic vapors.","safety_claim","","","","","","REQUIRES_REVIEW","P1","Safety/chemical-handling claim, unresolved from Phase 7J.","yes","government_or_manufacturer_sds",""
"ec-muriatic-acid-0317","muriatic-acid","https://waterbalancetools.com/entities/muriatic-acid","Dry acid (sodium bisulfate) is a safer-handling alternative that produces the same chemistry result.","safety_claim","","","","","","REQUIRES_REVIEW","P1","Safety/chemical-handling claim, unresolved from Phase 7J.","yes","government_or_manufacturer_sds",""
"ec-baking-soda-0329","baking-soda","https://waterbalancetools.com/entities/baking-soda","1.5 lbs per 10,000 gallons raises TA by approximately 10 ppm.","numeric_chemistry_claim","pool_volume","10000","gallons","unspecified","unspecified","NO_EXISTING_SOURCE","P1","Numeric chemistry claim with no matching registry range or requiring re-verification.","yes","government_or_professional_standard",""
"ec-calcium-chloride-0334","calcium-chloride","https://waterbalancetools.com/entities/calcium-chloride","12 oz raises calcium hardness by approximately 10 ppm in a 10,000-gallon pool.","numeric_chemistry_claim","calcium_hardness","10","ppm","pool","unspecified","REQUIRES_REVIEW","P1","Numeric chemistry claim with no matching registry range or requiring re-verification.","yes","government_or_professional_standard",""
"ec-stabilizer-0338","stabilizer","https://waterbalancetools.com/entities/stabilizer","Pool stabilizer (cyanuric acid granules) is added to outdoor pools at the start of the season to raise CYA to the target range (30–50 ppm for standard pools, 60–80 ppm for salt pools).","numeric_chemistry_claim","salt","60-80","ppm","pool","unspecified","REQUIRES_REVIEW","P1","Numeric chemistry claim with no matching registry range or requiring re-verification.","yes","government_or_professional_standard",""
"ec-pool-salt-0342","pool-salt","https://waterbalancetools.com/entities/pool-salt","It must be free of additives (no anti-caking agents, iodide, or ferrocyanide) that can stain pools and damage salt cells.","safety_claim","","","","","","REQUIRES_REVIEW","P1","Safety/chemical-handling claim, unresolved from Phase 7J.","yes","government_or_manufacturer_sds",""
"ec-phta-0350","phta","https://waterbalancetools.com/entities/phta","PHTA publishes the Pool & Spa Operator Handbook (the industry standard reference for pool chemistry) and the ANSI standards for pool design, construction, and safety.","safety_claim","","","","","","REQUIRES_REVIEW","P1","Safety/chemical-handling claim, unresolved from Phase 7J.","yes","government_or_manufacturer_sds",""
"ec-nsf-0352","nsf","https://waterbalancetools.com/entities/nsf","NSF certification marks on pool products indicate independent verification of performance and safety claims.","safety_claim","","","","","","REQUIRES_REVIEW","P1","Safety/chemical-handling claim, unresolved from Phase 7J.","yes","government_or_manufacturer_sds",""
"ec-unit-gallons-0362","unit-gallons","https://waterbalancetools.com/entities/unit-gallons","7.48 gallons per cubic foot is the standard conversion used in pool volume formulas.","numeric_chemistry_claim","pool_volume","7.48","gallons","pool","unspecified","NO_EXISTING_SOURCE","P1","Numeric chemistry claim with no matching registry range or requiring re-verification.","yes","government_or_professional_standard",""
"ec-unit-fahrenheit-0369","unit-fahrenheit","https://waterbalancetools.com/entities/unit-fahrenheit","Pool temperature targets: 78–84°F (residential pools), 100–104°F maximum (hot tubs).","numeric_chemistry_claim","water_temperature","78-84","°f","pool","unspecified","NO_EXISTING_SOURCE","P1","Numeric chemistry claim with no matching registry range or requiring re-verification.","yes","government_or_professional_standard",""
"ec-calcium-hardness-0026","calcium-hardness","https://waterbalancetools.com/entities/calcium-hardness","Water with low calcium is aggressive — it will dissolve calcium from plaster, grout, and equipment.","material_property_claim","","","","","","REQUIRES_REVIEW","P2","Material-science claim, distinct evidence domain from water chemistry.","yes","manufacturer_technical_documentation",""
"ec-calcium-hardness-0027","calcium-hardness","https://waterbalancetools.com/entities/calcium-hardness","Water with high calcium is scale-forming — calcium carbonate precipitates on surfaces and inside equipment.","material_property_claim","","","","","","REQUIRES_REVIEW","P2","Material-science claim, distinct evidence domain from water chemistry.","yes","manufacturer_technical_documentation",""
"ec-calcium-hardness-0028","calcium-hardness","https://waterbalancetools.com/entities/calcium-hardness","The ideal range depends on pool surface type: plaster pools need higher calcium (200–400 ppm) than vinyl or fiberglass pools (150–250 ppm).","material_property_claim","","","","","","REQUIRES_REVIEW","P2","Material-science claim, distinct evidence domain from water chemistry.","yes","manufacturer_technical_documentation",""
"ec-copper-0043","copper","https://waterbalancetools.com/entities/copper","At elevated levels (above 0.3 ppm), copper causes green staining of pool surfaces and hair.","material_property_claim","","","","","","REQUIRES_REVIEW","P2","Material-science claim, distinct evidence domain from water chemistry.","yes","manufacturer_technical_documentation",""
"ec-iron-0048","iron","https://waterbalancetools.com/entities/iron","Treatment involves metal sequestrants to keep iron in solution, then gradual removal through filtration.","material_property_claim","","","","","","REQUIRES_REVIEW","P2","Material-science claim, distinct evidence domain from water chemistry.","yes","manufacturer_technical_documentation",""
"ec-manganese-0050","manganese","https://waterbalancetools.com/entities/manganese","Like iron, it stains pool surfaces when oxidized — manganese stains are typically black or dark brown/purple rather than the rust-red of iron.","material_property_claim","","","","","","REQUIRES_REVIEW","P2","Material-science claim, distinct evidence domain from water chemistry.","yes","manufacturer_technical_documentation",""
"ec-manganese-0051","manganese","https://waterbalancetools.com/entities/manganese","Metal sequestrants hold manganese in solution to prevent precipitation.","material_property_claim","","","","","","REQUIRES_REVIEW","P2","Material-science claim, distinct evidence domain from water chemistry.","yes","manufacturer_technical_documentation",""
"ec-manganese-0052","manganese","https://waterbalancetools.com/entities/manganese","Testing with a metal test kit distinguishes manganese from other staining causes.","material_property_claim","","","","","","REQUIRES_REVIEW","P2","Material-science claim, distinct evidence domain from water chemistry.","yes","manufacturer_technical_documentation",""
"ec-biguanide-0060","biguanide","https://waterbalancetools.com/entities/biguanide","It does not interact with CYA, pH resistance is broader, and it does not bleach surfaces or swimwear.","material_property_claim","","","","","","REQUIRES_REVIEW","P2","Material-science claim, distinct evidence domain from water chemistry.","yes","manufacturer_technical_documentation",""
"ec-skimmer-0120","skimmer","https://waterbalancetools.com/entities/skimmer","They use a weir (floating flap) to create a surface current that draws floating leaves, insects, sunscreen, and debris into a basket before the debris sinks to the pool floor.","material_property_claim","","","","","","REQUIRES_REVIEW","P2","Material-science claim, distinct evidence domain from water chemistry.","yes","manufacturer_technical_documentation",""
"ec-salt-chlorinator-0128","salt-chlorinator","https://waterbalancetools.com/entities/salt-chlorinator","The cell consists of titanium plates coated with a precious metal catalyst.","material_property_claim","","","","","","REQUIRES_REVIEW","P2","Material-science claim, distinct evidence domain from water chemistry.","yes","manufacturer_technical_documentation",""
"ec-balancing-0184","balancing","https://waterbalancetools.com/entities/balancing","Properly balanced water protects equipment, surfaces, and swimmers.","material_property_claim","","","","","","REQUIRES_REVIEW","P2","Material-science claim, distinct evidence domain from water chemistry.","yes","manufacturer_technical_documentation",""
"ec-cloudy-water-0199","cloudy-water","https://waterbalancetools.com/entities/cloudy-water","Cloudy water can result from low free chlorine (allowing algae or bacteria to proliferate), pH or alkalinity out of range (causing precipitation or flocculation), calcium carbonate precipitation (scaling, especially after shock), high TDS, poor filtration (pump run time too low, dirty filter, inadequate turnover), or dissolved metals.","material_property_claim","","","","","","REQUIRES_REVIEW","P2","Material-science claim, distinct evidence domain from water chemistry.","yes","manufacturer_technical_documentation",""
"ec-foaming-0206","foaming","https://waterbalancetools.com/entities/foaming","Foam on pool or hot tub water is caused by surfactants — substances that lower water surface tension.","material_property_claim","","","","","","REQUIRES_REVIEW","P2","Material-science claim, distinct evidence domain from water chemistry.","yes","manufacturer_technical_documentation",""
"ec-scaling-0208","scaling","https://waterbalancetools.com/entities/scaling","Scaling is the precipitation of calcium carbonate and other minerals onto pool surfaces, tile lines, plumbing, and equipment.","material_property_claim","","","","","","REQUIRES_REVIEW","P2","Material-science claim, distinct evidence domain from water chemistry.","yes","manufacturer_technical_documentation",""
"ec-algae-0219","algae","https://waterbalancetools.com/entities/algae","Black algae develops deep root structures that penetrate pool surfaces, making it the most difficult to eradicate.","material_property_claim","","","","","","REQUIRES_REVIEW","P2","Material-science claim, distinct evidence domain from water chemistry.","yes","manufacturer_technical_documentation",""
"ec-swimming-pool-0260","swimming-pool","https://waterbalancetools.com/entities/swimming-pool","Standard pool chemistry applies to all pool types, with adjustments for surface material, volume, and usage pattern.","material_property_claim","","","","","","REQUIRES_REVIEW","P2","Material-science claim, distinct evidence domain from water chemistry.","yes","manufacturer_technical_documentation",""
"ec-vinyl-pool-0279","vinyl-pool","https://waterbalancetools.com/entities/vinyl-pool","Vinyl liner pools have a flexible PVC liner as the pool surface.","material_property_claim","","","","","","REQUIRES_REVIEW","P2","Material-science claim, distinct evidence domain from water chemistry.","yes","manufacturer_technical_documentation",""
"ec-vinyl-pool-0282","vinyl-pool","https://waterbalancetools.com/entities/vinyl-pool","Vinyl liners can be bleached by direct contact with undissolved granular chemicals — always pre-dissolve shock and calcium chloride before adding.","material_property_claim","","","","","","REQUIRES_REVIEW","P2","Material-science claim, distinct evidence domain from water chemistry.","yes","manufacturer_technical_documentation","SUPPORTED -- cffa-vinyl-liner-bleaching"
"ec-fiberglass-pool-0284","fiberglass-pool","https://waterbalancetools.com/entities/fiberglass-pool","Fiberglass pools have a smooth, non-porous fiberglass surface that is inherently resistant to algae (fewer attachment points) and requires less maintenance than plaster pools.","material_property_claim","","","","","","REQUIRES_REVIEW","P2","Material-science claim, distinct evidence domain from water chemistry.","yes","manufacturer_technical_documentation",""
"ec-fiberglass-pool-0286","fiberglass-pool","https://waterbalancetools.com/entities/fiberglass-pool","Very low calcium in aggressive water can leach the gelcoat surface over time.","material_property_claim","","","","","","REQUIRES_REVIEW","P2","Material-science claim, distinct evidence domain from water chemistry.","yes","manufacturer_technical_documentation","CONTEXTUAL -- Orenda mechanism confirmed, single-figure guidance called oversimplified"
"ec-fiberglass-pool-0287","fiberglass-pool","https://waterbalancetools.com/entities/fiberglass-pool","The smooth surface also means less chemical demand overall.","material_property_claim","","","","","","REQUIRES_REVIEW","P2","Material-science claim, distinct evidence domain from water chemistry.","yes","manufacturer_technical_documentation",""
"ec-fiberglass-pool-0288","fiberglass-pool","https://waterbalancetools.com/entities/fiberglass-pool","Fiberglass pools cannot be refinished in the same way as plaster, so maintaining proper water chemistry to protect the surface is especially important.","material_property_claim","","","","","","REQUIRES_REVIEW","P2","Material-science claim, distinct evidence domain from water chemistry.","yes","manufacturer_technical_documentation",""
"ec-concrete-pool-0289","concrete-pool","https://waterbalancetools.com/entities/concrete-pool","Concrete pools (gunite or shotcrete) have a plaster, aggregate (pebble), or tile surface applied over a concrete shell.","material_property_claim","","","","","","REQUIRES_REVIEW","P2","Material-science claim, distinct evidence domain from water chemistry.","yes","manufacturer_technical_documentation",""
"ec-concrete-pool-0292","concrete-pool","https://waterbalancetools.com/entities/concrete-pool","Concrete pools are durable and highly customizable but require more careful chemistry management than vinyl or fiberglass pools.","material_property_claim","","","","","","REQUIRES_REVIEW","P2","Material-science claim, distinct evidence domain from water chemistry.","yes","manufacturer_technical_documentation",""
"ec-unit-ppm-0358","unit-ppm","https://waterbalancetools.com/entities/unit-ppm","Used for free chlorine, combined chlorine, alkalinity, calcium hardness, CYA, TDS, salt, metals, and phosphates.","material_property_claim","","","","","","REQUIRES_REVIEW","P2","Material-science claim, distinct evidence domain from water chemistry.","yes","manufacturer_technical_documentation",""
"ec-free-chlorine-0001","free-chlorine","https://waterbalancetools.com/entities/free-chlorine","Free chlorine (FC) is the portion of chlorine in pool water that has not yet reacted with contaminants.","qualitative_chemistry_claim","","","","","","REQUIRES_REVIEW","P3","Lower-priority qualitative/operational/taxonomy claim -- not individually researched unless flagged during systematic entity review.","no","not_applicable",""
"ec-free-chlorine-0002","free-chlorine","https://waterbalancetools.com/entities/free-chlorine","It exists primarily as hypochlorous acid (HOCl) and hypochlorite ion (OCl−).","qualitative_chemistry_claim","","","","","","REQUIRES_REVIEW","P3","Lower-priority qualitative/operational/taxonomy claim -- not individually researched unless flagged during systematic entity review.","no","not_applicable",""
"ec-free-chlorine-0003","free-chlorine","https://waterbalancetools.com/entities/free-chlorine","HOCl is the active sanitizing form and is 40–80× more effective than OCl−.","qualitative_chemistry_claim","","","","","","REQUIRES_REVIEW","P3","Lower-priority qualitative/operational/taxonomy claim -- not individually researched unless flagged during systematic entity review.","no","not_applicable",""
"ec-free-chlorine-0004","free-chlorine","https://waterbalancetools.com/entities/free-chlorine","The ratio of HOCl to OCl− is determined by pH — lower pH means more HOCl.","qualitative_chemistry_claim","","","","","","REQUIRES_REVIEW","P3","Lower-priority qualitative/operational/taxonomy claim -- not individually researched unless flagged during systematic entity review.","no","not_applicable",""
"ec-free-chlorine-0005","free-chlorine","https://waterbalancetools.com/entities/free-chlorine","Free chlorine must be maintained above the minimum level dictated by the cyanuric acid concentration.","qualitative_chemistry_claim","","","","","","REQUIRES_REVIEW","P3","Lower-priority qualitative/operational/taxonomy claim -- not individually researched unless flagged during systematic entity review.","no","not_applicable",""
"ec-combined-chlorine-0006","combined-chlorine","https://waterbalancetools.com/entities/combined-chlorine","Combined chlorine (CC) is the difference between total chlorine and free chlorine.","qualitative_chemistry_claim","","","","","","REQUIRES_REVIEW","P3","Lower-priority qualitative/operational/taxonomy claim -- not individually researched unless flagged during systematic entity review.","no","not_applicable",""
"ec-combined-chlorine-0007","combined-chlorine","https://waterbalancetools.com/entities/combined-chlorine","It consists primarily of chloramines — compounds formed when chlorine reacts with ammonia, urea, and other nitrogen compounds from bathers.","qualitative_chemistry_claim","","","","","","REQUIRES_REVIEW","P3","Lower-priority qualitative/operational/taxonomy claim -- not individually researched unless flagged during systematic entity review.","no","not_applicable",""
"ec-total-chlorine-0010","total-chlorine","https://waterbalancetools.com/entities/total-chlorine","Total chlorine (TC) equals free chlorine plus combined chlorine.","qualitative_chemistry_claim","","","","","","REQUIRES_REVIEW","P3","Lower-priority qualitative/operational/taxonomy claim -- not individually researched unless flagged during systematic entity review.","no","not_applicable",""
"ec-total-chlorine-0011","total-chlorine","https://waterbalancetools.com/entities/total-chlorine","Most DPD-based test kits measure total chlorine directly, while free chlorine requires a separate reagent.","qualitative_chemistry_claim","","","","","","REQUIRES_REVIEW","P3","Lower-priority qualitative/operational/taxonomy claim -- not individually researched unless flagged during systematic entity review.","no","not_applicable",""
"ec-total-chlorine-0012","total-chlorine","https://waterbalancetools.com/entities/total-chlorine","Combined chlorine is calculated as TC minus FC.","qualitative_chemistry_claim","","","","","","REQUIRES_REVIEW","P3","Lower-priority qualitative/operational/taxonomy claim -- not individually researched unless flagged during systematic entity review.","no","not_applicable",""
"ec-bromine-0014","bromine","https://waterbalancetools.com/entities/bromine","Bromine is an alternative to chlorine as a pool and spa sanitizer.","qualitative_chemistry_claim","","","","","","REQUIRES_REVIEW","P3","Lower-priority qualitative/operational/taxonomy claim -- not individually researched unless flagged during systematic entity review.","no","not_applicable",""
"ec-bromine-0015","bromine","https://waterbalancetools.com/entities/bromine","It is more stable than chlorine at high temperatures and high pH, making it popular for hot tubs.","qualitative_chemistry_claim","","","","","","REQUIRES_REVIEW","P3","Lower-priority qualitative/operational/taxonomy claim -- not individually researched unless flagged during systematic entity review.","no","not_applicable",""
"ec-bromine-0016","bromine","https://waterbalancetools.com/entities/bromine","Unlike chlorine, bromine can be regenerated by adding an oxidizer — the bromamines formed are still effective sanitizers.","qualitative_chemistry_claim","","","","","","REQUIRES_REVIEW","P3","Lower-priority qualitative/operational/taxonomy claim -- not individually researched unless flagged during systematic entity review.","no","not_applicable",""
"ec-bromine-0017","bromine","https://waterbalancetools.com/entities/bromine","Bromine cannot be stabilized with cyanuric acid, making it unsuitable for outdoor pools exposed to direct sunlight.","qualitative_chemistry_claim","","","","","","REQUIRES_REVIEW","P3","Lower-priority qualitative/operational/taxonomy claim -- not individually researched unless flagged during systematic entity review.","no","not_applicable",""
"ec-cyanuric-acid-0018","cyanuric-acid","https://waterbalancetools.com/entities/cyanuric-acid","Cyanuric acid (CYA) — also called stabilizer or conditioner — binds to free chlorine to protect it from UV photolysis.","qualitative_chemistry_claim","","","","","","REQUIRES_REVIEW","P3","Lower-priority qualitative/operational/taxonomy claim -- not individually researched unless flagged during systematic entity review.","no","not_applicable",""
"ec-cyanuric-acid-0019","cyanuric-acid","https://waterbalancetools.com/entities/cyanuric-acid","Without CYA, outdoor pool chlorine can degrade to near-zero within 30–60 minutes in direct sunlight.","qualitative_chemistry_claim","","","","","","REQUIRES_REVIEW","P3","Lower-priority qualitative/operational/taxonomy claim -- not individually researched unless flagged during systematic entity review.","no","not_applicable",""
"ec-cyanuric-acid-0020","cyanuric-acid","https://waterbalancetools.com/entities/cyanuric-acid","However, CYA also reduces chlorine's activity.","qualitative_chemistry_claim","","","","","","REQUIRES_REVIEW","P3","Lower-priority qualitative/operational/taxonomy claim -- not individually researched unless flagged during systematic entity review.","no","not_applicable",""
"ec-cyanuric-acid-0021","cyanuric-acid","https://waterbalancetools.com/entities/cyanuric-acid","As CYA increases, the minimum effective free chlorine level must increase proportionally.","qualitative_chemistry_claim","","","","","","REQUIRES_REVIEW","P3","Lower-priority qualitative/operational/taxonomy claim -- not individually researched unless flagged during systematic entity review.","no","not_applicable",""
"ec-cyanuric-acid-0023","cyanuric-acid","https://waterbalancetools.com/entities/cyanuric-acid","CYA cannot be reduced chemically — only dilution by partial drain and refill removes it.","qualitative_chemistry_claim","","","","","","REQUIRES_REVIEW","P3","Lower-priority qualitative/operational/taxonomy claim -- not individually researched unless flagged during systematic entity review.","no","not_applicable",""
"ec-calcium-hardness-0024","calcium-hardness","https://waterbalancetools.com/entities/calcium-hardness","Calcium hardness (CH) is the measure of dissolved calcium ions in pool water.","qualitative_chemistry_claim","","","","","","REQUIRES_REVIEW","P3","Lower-priority qualitative/operational/taxonomy claim -- not individually researched unless flagged during systematic entity review.","no","not_applicable",""
"ec-calcium-hardness-0025","calcium-hardness","https://waterbalancetools.com/entities/calcium-hardness","It is one of the five variables in the Langelier Saturation Index.","qualitative_chemistry_claim","","","","","","REQUIRES_REVIEW","P3","Lower-priority qualitative/operational/taxonomy claim -- not individually researched unless flagged during systematic entity review.","no","not_applicable",""
"ec-calcium-hardness-0029","calcium-hardness","https://waterbalancetools.com/entities/calcium-hardness","Calcium hardness can only be lowered through partial drain and refill.","qualitative_chemistry_claim","","","","","","REQUIRES_REVIEW","P3","Lower-priority qualitative/operational/taxonomy claim -- not individually researched unless flagged during systematic entity review.","no","not_applicable",""
"ec-salt-0030","salt","https://waterbalancetools.com/entities/salt","Pool salt is pure sodium chloride (NaCl) added to pool water for use with a salt chlorinator (also called a saltwater generator or SWCG).","qualitative_chemistry_claim","","","","","","REQUIRES_REVIEW","P3","Lower-priority qualitative/operational/taxonomy claim -- not individually researched unless flagged during systematic entity review.","no","not_applicable",""
"ec-salt-0031","salt","https://waterbalancetools.com/entities/salt","The system electrolytically converts dissolved salt into hypochlorous acid — the same active disinfectant as manually added chlorine.","qualitative_chemistry_claim","","","","","","REQUIRES_REVIEW","P3","Lower-priority qualitative/operational/taxonomy claim -- not individually researched unless flagged during systematic entity review.","no","not_applicable",""
"ec-salt-0033","salt","https://waterbalancetools.com/entities/salt","Salt does not evaporate; the level only drops through dilution from rain or water replacement.","qualitative_chemistry_claim","","","","","","REQUIRES_REVIEW","P3","Lower-priority qualitative/operational/taxonomy claim -- not individually researched unless flagged during systematic entity review.","no","not_applicable",""
"ec-salt-0034","salt","https://waterbalancetools.com/entities/salt","Human sweat is saltier than a properly maintained salt pool.","qualitative_chemistry_claim","","","","","","REQUIRES_REVIEW","P3","Lower-priority qualitative/operational/taxonomy claim -- not individually researched unless flagged during systematic entity review.","no","not_applicable",""
"ec-total-dissolved-solids-0035","total-dissolved-solids","https://waterbalancetools.com/entities/total-dissolved-solids","Total dissolved solids (TDS) is the sum of all inorganic and organic substances dissolved in pool water — minerals, chemicals, byproducts of sanitization, bather waste, and more.","qualitative_chemistry_claim","","","","","","REQUIRES_REVIEW","P3","Lower-priority qualitative/operational/taxonomy claim -- not individually researched unless flagged during systematic entity review.","no","not_applicable",""
"ec-total-dissolved-solids-0036","total-dissolved-solids","https://waterbalancetools.com/entities/total-dissolved-solids","TDS increases over time as chemicals are added and water evaporates.","operational_claim","","","","","","REQUIRES_REVIEW","P3","Lower-priority qualitative/operational/taxonomy claim -- not individually researched unless flagged during systematic entity review.","no","not_applicable",""
"ec-total-dissolved-solids-0037","total-dissolved-solids","https://waterbalancetools.com/entities/total-dissolved-solids","The only remedy is partial or full water replacement.","operational_claim","","","","","","REQUIRES_REVIEW","P3","Lower-priority qualitative/operational/taxonomy claim -- not individually researched unless flagged during systematic entity review.","no","not_applicable",""
"ec-total-dissolved-solids-0038","total-dissolved-solids","https://waterbalancetools.com/entities/total-dissolved-solids","In hot tubs, TDS above 1,500 ppm over the baseline is a standard trigger for water change.","qualitative_chemistry_claim","","","","","","REQUIRES_REVIEW","P3","Lower-priority qualitative/operational/taxonomy claim -- not individually researched unless flagged during systematic entity review.","no","not_applicable",""
"ec-phosphate-0039","phosphate","https://waterbalancetools.com/entities/phosphate","Phosphates are compounds containing phosphorus (PO4³⁻) that enter pool water from bather waste, lawn fertilizer runoff, fill water, and certain pool chemicals.","qualitative_chemistry_claim","","","","","","REQUIRES_REVIEW","P3","Lower-priority qualitative/operational/taxonomy claim -- not individually researched unless flagged during systematic entity review.","no","not_applicable",""
"ec-phosphate-0040","phosphate","https://waterbalancetools.com/entities/phosphate","Phosphates are a primary nutrient for algae.","qualitative_chemistry_claim","","","","","","REQUIRES_REVIEW","P3","Lower-priority qualitative/operational/taxonomy claim -- not individually researched unless flagged during systematic entity review.","no","not_applicable",""
"ec-phosphate-0042","phosphate","https://waterbalancetools.com/entities/phosphate","Phosphate removers are available but their necessity is debated — good chlorine management prevents algae regardless of phosphate level.","qualitative_chemistry_claim","","","","","","REQUIRES_REVIEW","P3","Lower-priority qualitative/operational/taxonomy claim -- not individually researched unless flagged during systematic entity review.","no","not_applicable",""
"ec-copper-0044","copper","https://waterbalancetools.com/entities/copper","This is often confused with algae but is actually copper oxidation.","qualitative_chemistry_claim","","","","","","REQUIRES_REVIEW","P3","Lower-priority qualitative/operational/taxonomy claim -- not individually researched unless flagged during systematic entity review.","no","not_applicable",""
"ec-iron-0046","iron","https://waterbalancetools.com/entities/iron","Iron in pool water typically comes from well water used to fill the pool or from corroded steel equipment.","operational_claim","","","","","","REQUIRES_REVIEW","P3","Lower-priority qualitative/operational/taxonomy claim -- not individually researched unless flagged during systematic entity review.","no","not_applicable",""
"ec-iron-0047","iron","https://waterbalancetools.com/entities/iron","When chlorine is added, dissolved ferrous iron (Fe²⁺) is oxidized to ferric iron (Fe³⁺), which is insoluble and precipitates as rust-brown staining on pool walls, floors, and equipment.","qualitative_chemistry_claim","","","","","","REQUIRES_REVIEW","P3","Lower-priority qualitative/operational/taxonomy claim -- not individually researched unless flagged during systematic entity review.","no","not_applicable",""
"ec-hydrogen-peroxide-0053","hydrogen-peroxide","https://waterbalancetools.com/entities/hydrogen-peroxide","Hydrogen peroxide (H₂O₂) is used as an oxidizer in biguanide (polyhexamethylene biguanide, or PHMB) pool systems, which use hydrogen peroxide rather than chlorine for sanitization.","qualitative_chemistry_claim","","","","","","REQUIRES_REVIEW","P3","Lower-priority qualitative/operational/taxonomy claim -- not individually researched unless flagged during systematic entity review.","no","not_applicable",""
"ec-hydrogen-peroxide-0054","hydrogen-peroxide","https://waterbalancetools.com/entities/hydrogen-peroxide","In chlorine pools, hydrogen peroxide can be used to rapidly reduce excess chlorine in emergencies, but the two chemicals react violently if mixed in concentrated form — always add to pool water separately, never mix directly.","qualitative_chemistry_claim","","","","","","REQUIRES_REVIEW","P3","Lower-priority qualitative/operational/taxonomy claim -- not individually researched unless flagged during systematic entity review.","no","not_applicable",""
"ec-hydrogen-peroxide-0055","hydrogen-peroxide","https://waterbalancetools.com/entities/hydrogen-peroxide","Hydrogen peroxide-based systems require dedicated equipment and are incompatible with chlorine.","qualitative_chemistry_claim","","","","","","REQUIRES_REVIEW","P3","Lower-priority qualitative/operational/taxonomy claim -- not individually researched unless flagged during systematic entity review.","no","not_applicable",""
"ec-ozone-0057","ozone","https://waterbalancetools.com/entities/ozone","Because ozone dissipates quickly (it does not accumulate in pool water), it must always be used alongside a residual sanitizer — typically free chlorine at reduced levels.","qualitative_chemistry_claim","","","","","","REQUIRES_REVIEW","P3","Lower-priority qualitative/operational/taxonomy claim -- not individually researched unless flagged during systematic entity review.","no","not_applicable",""
"ec-ozone-0058","ozone","https://waterbalancetools.com/entities/ozone","Ozone does not replace chlorine; it reduces the chlorine demand and helps maintain water clarity and quality with less total chemical use.","qualitative_chemistry_claim","","","","","","REQUIRES_REVIEW","P3","Lower-priority qualitative/operational/taxonomy claim -- not individually researched unless flagged during systematic entity review.","no","not_applicable",""
"ec-biguanide-0059","biguanide","https://waterbalancetools.com/entities/biguanide","Biguanide (sold as Baquacil, SoftSwim, and similar brands) is a chlorine-free pool sanitization system using polyhexamethylene biguanide (PHMB) as the sanitizer and hydrogen peroxide as the oxidizer.","qualitative_chemistry_claim","","","","","","REQUIRES_REVIEW","P3","Lower-priority qualitative/operational/taxonomy claim -- not individually researched unless flagged during systematic entity review.","no","not_applicable",""
"ec-biguanide-0061","biguanide","https://waterbalancetools.com/entities/biguanide","However, biguanide is incompatible with chlorine — switching between systems requires a complete water change.","qualitative_chemistry_claim","","","","","","REQUIRES_REVIEW","P3","Lower-priority qualitative/operational/taxonomy claim -- not individually researched unless flagged during systematic entity review.","no","not_applicable",""
"ec-biguanide-0062","biguanide","https://waterbalancetools.com/entities/biguanide","It is more expensive than chlorine and some users experience algae resistance issues.","qualitative_chemistry_claim","","","","","","REQUIRES_REVIEW","P3","Lower-priority qualitative/operational/taxonomy claim -- not individually researched unless flagged during systematic entity review.","no","not_applicable",""
"ec-ph-0067","ph","https://waterbalancetools.com/entities/ph","Pool water should be maintained between 7.2 and 7.6.","operational_claim","","","","","","REQUIRES_REVIEW","P3","Lower-priority qualitative/operational/taxonomy claim -- not individually researched unless flagged during systematic entity review.","no","not_applicable",""
"ec-ph-0073","ph","https://waterbalancetools.com/entities/ph","pH is affected by every chemical addition and by CO₂ off-gassing.","qualitative_chemistry_claim","","","","","","REQUIRES_REVIEW","P3","Lower-priority qualitative/operational/taxonomy claim -- not individually researched unless flagged during systematic entity review.","no","not_applicable",""
"ec-orp-0074","orp","https://waterbalancetools.com/entities/orp","Oxidation-Reduction Potential (ORP) measures the water's ability to oxidize or sanitize — expressed in millivolts (mV).","qualitative_chemistry_claim","","","","","","REQUIRES_REVIEW","P3","Lower-priority qualitative/operational/taxonomy claim -- not individually researched unless flagged during systematic entity review.","no","not_applicable",""
"ec-orp-0075","orp","https://waterbalancetools.com/entities/orp","A higher ORP indicates greater sanitizing capacity.","qualitative_chemistry_claim","","","","","","REQUIRES_REVIEW","P3","Lower-priority qualitative/operational/taxonomy claim -- not individually researched unless flagged during systematic entity review.","no","not_applicable",""
"ec-orp-0076","orp","https://waterbalancetools.com/entities/orp","Unlike ppm-based chlorine testing, ORP directly measures chlorine's effectiveness considering both concentration and pH.","qualitative_chemistry_claim","","","","","","REQUIRES_REVIEW","P3","Lower-priority qualitative/operational/taxonomy claim -- not individually researched unless flagged during systematic entity review.","no","not_applicable",""
"ec-orp-0077","orp","https://waterbalancetools.com/entities/orp","ORP sensors are used in automated chemical control systems to maintain consistent sanitizing capacity regardless of bather load variations.","qualitative_chemistry_claim","","","","","","REQUIRES_REVIEW","P3","Lower-priority qualitative/operational/taxonomy claim -- not individually researched unless flagged during systematic entity review.","no","not_applicable",""
"ec-temperature-0081","temperature","https://waterbalancetools.com/entities/temperature","For the LSI calculation, water temperature is a required input since calcium carbonate solubility decreases with rising temperature.","qualitative_chemistry_claim","","","","","","REQUIRES_REVIEW","P3","Lower-priority qualitative/operational/taxonomy claim -- not individually researched unless flagged during systematic entity review.","no","not_applicable",""
"ec-alkalinity-0082","alkalinity","https://waterbalancetools.com/entities/alkalinity","Total alkalinity (TA) measures the concentration of alkaline compounds — primarily bicarbonates, carbonates, and hydroxides — dissolved in pool water.","qualitative_chemistry_claim","","","","","","REQUIRES_REVIEW","P3","Lower-priority qualitative/operational/taxonomy claim -- not individually researched unless flagged during systematic entity review.","no","not_applicable",""
"ec-alkalinity-0083","alkalinity","https://waterbalancetools.com/entities/alkalinity","It acts as a pH buffer, resisting pH swings caused by additions of acid, base, or CO₂.","qualitative_chemistry_claim","","","","","","REQUIRES_REVIEW","P3","Lower-priority qualitative/operational/taxonomy claim -- not individually researched unless flagged during systematic entity review.","no","not_applicable",""
"ec-alkalinity-0084","alkalinity","https://waterbalancetools.com/entities/alkalinity","Low TA causes pH to swing wildly with minor chemical additions (pH bounce).","qualitative_chemistry_claim","","","","","","REQUIRES_REVIEW","P3","Lower-priority qualitative/operational/taxonomy claim -- not individually researched unless flagged during systematic entity review.","no","not_applicable",""
"ec-alkalinity-0085","alkalinity","https://waterbalancetools.com/entities/alkalinity","High TA makes pH very difficult to lower and increases scaling tendency.","qualitative_chemistry_claim","","","","","","REQUIRES_REVIEW","P3","Lower-priority qualitative/operational/taxonomy claim -- not individually researched unless flagged during systematic entity review.","no","not_applicable",""
"ec-alkalinity-0086","alkalinity","https://waterbalancetools.com/entities/alkalinity","Total alkalinity must be adjusted before pH — it determines how much chemical is needed for a given pH change.","qualitative_chemistry_claim","","","","","","REQUIRES_REVIEW","P3","Lower-priority qualitative/operational/taxonomy claim -- not individually researched unless flagged during systematic entity review.","no","not_applicable",""
"ec-lsi-0087","lsi","https://waterbalancetools.com/entities/lsi","The Langelier Saturation Index (LSI) is a mathematical model that combines pH, temperature, calcium hardness, total alkalinity, and TDS into a single balance score.","qualitative_chemistry_claim","","","","","","REQUIRES_REVIEW","P3","Lower-priority qualitative/operational/taxonomy claim -- not individually researched unless flagged during systematic entity review.","no","not_applicable",""
"ec-lsi-0088","lsi","https://waterbalancetools.com/entities/lsi","A score of 0 means water is perfectly balanced for calcium carbonate.","qualitative_chemistry_claim","","","","","","REQUIRES_REVIEW","P3","Lower-priority qualitative/operational/taxonomy claim -- not individually researched unless flagged during systematic entity review.","no","not_applicable",""
"ec-lsi-0090","lsi","https://waterbalancetools.com/entities/lsi","The LSI is the final quality check in the water balancing process — if all individual parameters are in range but the LSI is out of range, the combination still needs adjustment.","qualitative_chemistry_claim","","","","","","REQUIRES_REVIEW","P3","Lower-priority qualitative/operational/taxonomy claim -- not individually researched unless flagged during systematic entity review.","no","not_applicable",""
"ec-gallons-0092","gallons","https://waterbalancetools.com/entities/gallons","All chemical dose calculations for pools require an accurate volume in gallons.","operational_claim","","","","","","REQUIRES_REVIEW","P3","Lower-priority qualitative/operational/taxonomy claim -- not individually researched unless flagged during systematic entity review.","no","not_applicable",""
"ec-liters-0096","liters","https://waterbalancetools.com/entities/liters","The liter is the SI unit of volume used in metric countries for pool measurements.","operational_claim","","","","","","REQUIRES_REVIEW","P3","Lower-priority qualitative/operational/taxonomy claim -- not individually researched unless flagged during systematic entity review.","no","not_applicable",""
"ec-liters-0097","liters","https://waterbalancetools.com/entities/liters","While calculators on this site use US gallons as the primary unit, all conversions to and from liters are supported.","operational_claim","","","","","","REQUIRES_REVIEW","P3","Lower-priority qualitative/operational/taxonomy claim -- not individually researched unless flagged during systematic entity review.","no","not_applicable",""
"ec-liters-0098","liters","https://waterbalancetools.com/entities/liters","Chemical doses calculated in metric units (grams per liter, or mg/L for ppm equivalents) are consistent with the same chemistry but expressed in metric terms.","qualitative_chemistry_claim","","","","","","REQUIRES_REVIEW","P3","Lower-priority qualitative/operational/taxonomy claim -- not individually researched unless flagged during systematic entity review.","no","not_applicable",""
"ec-ppm-0099","ppm","https://waterbalancetools.com/entities/ppm","Parts per million (ppm) is the standard unit of concentration for pool chemistry parameters including free chlorine, alkalinity, calcium hardness, cyanuric acid, and TDS.","qualitative_chemistry_claim","","","","","","REQUIRES_REVIEW","P3","Lower-priority qualitative/operational/taxonomy claim -- not individually researched unless flagged during systematic entity review.","no","not_applicable",""
"ec-ppm-0100","ppm","https://waterbalancetools.com/entities/ppm","1 ppm equals 1 milligram per liter (mg/L) in aqueous solution.","qualitative_chemistry_claim","","","","","","REQUIRES_REVIEW","P3","Lower-priority qualitative/operational/taxonomy claim -- not individually researched unless flagged during systematic entity review.","no","not_applicable",""
"ec-ppm-0101","ppm","https://waterbalancetools.com/entities/ppm","Most pool test kits and digital testers report results in ppm.","qualitative_chemistry_claim","","","","","","REQUIRES_REVIEW","P3","Lower-priority qualitative/operational/taxonomy claim -- not individually researched unless flagged during systematic entity review.","no","not_applicable",""
"ec-ppm-0102","ppm","https://waterbalancetools.com/entities/ppm","The relationship between ppm and actual chemical dose is direct: 1 ppm in a 10,000-gallon pool corresponds to 8.34 mg of the substance dissolved in the water.","qualitative_chemistry_claim","","","","","","REQUIRES_REVIEW","P3","Lower-priority qualitative/operational/taxonomy claim -- not individually researched unless flagged during systematic entity review.","no","not_applicable",""
"ec-flow-rate-0103","flow-rate","https://waterbalancetools.com/entities/flow-rate","Flow rate is measured in gallons per minute (GPM) and represents how much water the pump circulates through the filtration system.","operational_claim","","","","","","REQUIRES_REVIEW","P3","Lower-priority qualitative/operational/taxonomy claim -- not individually researched unless flagged during systematic entity review.","no","not_applicable",""
"ec-flow-rate-0104","flow-rate","https://waterbalancetools.com/entities/flow-rate","Variable speed pumps can be programmed to run at different flow rates at different times of day, reducing energy consumption while maintaining adequate filtration.","operational_claim","","","","","","REQUIRES_REVIEW","P3","Lower-priority qualitative/operational/taxonomy claim -- not individually researched unless flagged during systematic entity review.","no","not_applicable",""
"ec-turnover-time-0106","turnover-time","https://waterbalancetools.com/entities/turnover-time","PHTA recommends a maximum turnover time of 8 hours for residential pools (one complete turnover in 8 hours or less).","qualitative_chemistry_claim","","","","","","REQUIRES_REVIEW","P3","Lower-priority qualitative/operational/taxonomy claim -- not individually researched unless flagged during systematic entity review.","no","not_applicable",""
"ec-pump-0107","pump","https://waterbalancetools.com/entities/pump","The pool pump is the heart of the pool circulation system.","operational_claim","","","","","","REQUIRES_REVIEW","P3","Lower-priority qualitative/operational/taxonomy claim -- not individually researched unless flagged during systematic entity review.","no","not_applicable",""
"ec-pump-0108","pump","https://waterbalancetools.com/entities/pump","It draws water from skimmers and main drains, forces it through the filter, heater, and chemical feeders, then returns it through jets.","operational_claim","","","","","","REQUIRES_REVIEW","P3","Lower-priority qualitative/operational/taxonomy claim -- not individually researched unless flagged during systematic entity review.","no","not_applicable",""
"ec-pump-0109","pump","https://waterbalancetools.com/entities/pump","Single-speed pumps run at one fixed RPM; variable-speed pumps (VSP) can be programmed to run at different speeds, reducing energy consumption by up to 80% compared to single-speed models.","operational_claim","","","","","","REQUIRES_REVIEW","P3","Lower-priority qualitative/operational/taxonomy claim -- not individually researched unless flagged during systematic entity review.","no","not_applicable",""
"ec-sand-filter-0110","sand-filter","https://waterbalancetools.com/entities/sand-filter","Sand filters use a bed of specially graded silica sand (#20 grade) to capture suspended particles.","operational_claim","","","","","","REQUIRES_REVIEW","P3","Lower-priority qualitative/operational/taxonomy claim -- not individually researched unless flagged during systematic entity review.","no","not_applicable",""
"ec-sand-filter-0111","sand-filter","https://waterbalancetools.com/entities/sand-filter","When the filter pressure increases 8–10 psi above the clean baseline, the filter needs backwashing — reversing the flow to flush trapped material to waste.","operational_claim","","","","","","REQUIRES_REVIEW","P3","Lower-priority qualitative/operational/taxonomy claim -- not individually researched unless flagged during systematic entity review.","no","not_applicable",""
"ec-sand-filter-0112","sand-filter","https://waterbalancetools.com/entities/sand-filter","Sand should be replaced every 5–7 years.","operational_claim","","","","","","REQUIRES_REVIEW","P3","Lower-priority qualitative/operational/taxonomy claim -- not individually researched unless flagged during systematic entity review.","no","not_applicable",""
"ec-cartridge-filter-0113","cartridge-filter","https://waterbalancetools.com/entities/cartridge-filter","Cartridge filters use pleated polyester fabric cartridges to filter pool water.","operational_claim","","","","","","REQUIRES_REVIEW","P3","Lower-priority qualitative/operational/taxonomy claim -- not individually researched unless flagged during systematic entity review.","no","not_applicable",""
"ec-cartridge-filter-0114","cartridge-filter","https://waterbalancetools.com/entities/cartridge-filter","They provide finer filtration than sand (10–15 microns) without requiring backwashing — only periodic cartridge removal, rinsing with a hose, and occasional overnight soaking in cartridge cleaning solution.","operational_claim","","","","","","REQUIRES_REVIEW","P3","Lower-priority qualitative/operational/taxonomy claim -- not individually researched unless flagged during systematic entity review.","no","not_applicable",""
"ec-cartridge-filter-0115","cartridge-filter","https://waterbalancetools.com/entities/cartridge-filter","Cartridges should be replaced every 12–18 months.","operational_claim","","","","","","REQUIRES_REVIEW","P3","Lower-priority qualitative/operational/taxonomy claim -- not individually researched unless flagged during systematic entity review.","no","not_applicable",""
"ec-de-filter-0116","de-filter","https://waterbalancetools.com/entities/de-filter","Diatomaceous earth (DE) filters use a fine powder made from fossilized diatoms (microscopic algae) as the filter media.","operational_claim","","","","","","REQUIRES_REVIEW","P3","Lower-priority qualitative/operational/taxonomy claim -- not individually researched unless flagged during systematic entity review.","no","not_applicable",""
"ec-de-filter-0117","de-filter","https://waterbalancetools.com/entities/de-filter","Maintenance involves backwashing (which removes the used DE) followed by adding fresh DE through the skimmer.","operational_claim","","","","","","REQUIRES_REVIEW","P3","Lower-priority qualitative/operational/taxonomy claim -- not individually researched unless flagged during systematic entity review.","no","not_applicable",""
"ec-de-filter-0119","de-filter","https://waterbalancetools.com/entities/de-filter","Internal grids require annual cleaning and periodic inspection.","operational_claim","","","","","","REQUIRES_REVIEW","P3","Lower-priority qualitative/operational/taxonomy claim -- not individually researched unless flagged during systematic entity review.","no","not_applicable",""
"ec-skimmer-0121","skimmer","https://waterbalancetools.com/entities/skimmer","The skimmer basket should be checked and emptied regularly — a clogged basket restricts pump flow.","operational_claim","","","","","","REQUIRES_REVIEW","P3","Lower-priority qualitative/operational/taxonomy claim -- not individually researched unless flagged during systematic entity review.","no","not_applicable",""
"ec-skimmer-0123","skimmer","https://waterbalancetools.com/entities/skimmer","Skimmers also contain a suction port used during pool vacuuming.","operational_claim","","","","","","REQUIRES_REVIEW","P3","Lower-priority qualitative/operational/taxonomy claim -- not individually researched unless flagged during systematic entity review.","no","not_applicable",""
"ec-heater-0124","heater","https://waterbalancetools.com/entities/heater","Solar systems have no operating cost but depend on sun availability and add time to the system.","operational_claim","","","","","","REQUIRES_REVIEW","P3","Lower-priority qualitative/operational/taxonomy claim -- not individually researched unless flagged during systematic entity review.","no","not_applicable",""
"ec-heater-0125","heater","https://waterbalancetools.com/entities/heater","All heater types affect pool chemistry: higher water temperatures increase chlorine demand, pH rise, and LSI scaling tendency.","qualitative_chemistry_claim","","","","","","REQUIRES_REVIEW","P3","Lower-priority qualitative/operational/taxonomy claim -- not individually researched unless flagged during systematic entity review.","no","not_applicable",""
"ec-heater-0126","heater","https://waterbalancetools.com/entities/heater","Heater bypasses allow chemistry adjustment at lower temperatures to extend equipment life.","operational_claim","","","","","","REQUIRES_REVIEW","P3","Lower-priority qualitative/operational/taxonomy claim -- not individually researched unless flagged during systematic entity review.","no","not_applicable",""
"ec-salt-chlorinator-0127","salt-chlorinator","https://waterbalancetools.com/entities/salt-chlorinator","A salt chlorinator (also called a saltwater generator or SWCG) uses electrolysis to convert sodium chloride dissolved in pool water into hypochlorous acid — the same active disinfectant as manually added chlorine.","qualitative_chemistry_claim","","","","","","REQUIRES_REVIEW","P3","Lower-priority qualitative/operational/taxonomy claim -- not individually researched unless flagged during systematic entity review.","no","not_applicable",""
"ec-salt-chlorinator-0129","salt-chlorinator","https://waterbalancetools.com/entities/salt-chlorinator","The pool still uses chlorine — it is simply generated on-site from salt rather than added directly.","qualitative_chemistry_claim","","","","","","REQUIRES_REVIEW","P3","Lower-priority qualitative/operational/taxonomy claim -- not individually researched unless flagged during systematic entity review.","no","not_applicable",""
"ec-automatic-chlorinator-0132","automatic-chlorinator","https://waterbalancetools.com/entities/automatic-chlorinator","They automate baseline chlorine maintenance between manual chemical additions.","qualitative_chemistry_claim","","","","","","REQUIRES_REVIEW","P3","Lower-priority qualitative/operational/taxonomy claim -- not individually researched unless flagged during systematic entity review.","no","not_applicable",""
"ec-chemical-feeder-0135","chemical-feeder","https://waterbalancetools.com/entities/chemical-feeder","Chemical feeders include erosion feeders (for solid products), peristaltic pump systems (for liquid chemicals), and ORP/pH automated controllers.","qualitative_chemistry_claim","","","","","","REQUIRES_REVIEW","P3","Lower-priority qualitative/operational/taxonomy claim -- not individually researched unless flagged during systematic entity review.","no","not_applicable",""
"ec-chemical-feeder-0136","chemical-feeder","https://waterbalancetools.com/entities/chemical-feeder","Automated chemical feed systems monitor ORP and pH in real time and inject the appropriate chemicals to maintain setpoints.","qualitative_chemistry_claim","","","","","","REQUIRES_REVIEW","P3","Lower-priority qualitative/operational/taxonomy claim -- not individually researched unless flagged during systematic entity review.","no","not_applicable",""
"ec-chemical-feeder-0137","chemical-feeder","https://waterbalancetools.com/entities/chemical-feeder","They reduce manual chemical handling and maintain more consistent water chemistry than periodic manual addition.","operational_claim","","","","","","REQUIRES_REVIEW","P3","Lower-priority qualitative/operational/taxonomy claim -- not individually researched unless flagged during systematic entity review.","no","not_applicable",""
"ec-shock-treatment-0144","shock-treatment","https://waterbalancetools.com/entities/shock-treatment","Non-chlorine shock (potassium monopersulfate) oxidizes contaminants without adding chlorine — useful when swimming must resume quickly.","qualitative_chemistry_claim","","","","","","REQUIRES_REVIEW","P3","Lower-priority qualitative/operational/taxonomy claim -- not individually researched unless flagged during systematic entity review.","no","not_applicable",""
"ec-shock-treatment-0145","shock-treatment","https://waterbalancetools.com/entities/shock-treatment","Always shock after dark to prevent UV degradation of the added chlorine.","qualitative_chemistry_claim","","","","","","REQUIRES_REVIEW","P3","Lower-priority qualitative/operational/taxonomy claim -- not individually researched unless flagged during systematic entity review.","no","not_applicable",""
"ec-breakpoint-chlorination-0146","breakpoint-chlorination","https://waterbalancetools.com/entities/breakpoint-chlorination","Breakpoint chlorination is the process of adding enough chlorine to destroy all combined chlorine (chloramines) in pool water.","qualitative_chemistry_claim","","","","","","REQUIRES_REVIEW","P3","Lower-priority qualitative/operational/taxonomy claim -- not individually researched unless flagged during systematic entity review.","no","not_applicable",""
"ec-breakpoint-chlorination-0148","breakpoint-chlorination","https://waterbalancetools.com/entities/breakpoint-chlorination","Below this threshold, adding chlorine merely adds to combined chlorine; above it, all combined chlorine is oxidized and destroyed.","qualitative_chemistry_claim","","","","","","REQUIRES_REVIEW","P3","Lower-priority qualitative/operational/taxonomy claim -- not individually researched unless flagged during systematic entity review.","no","not_applicable",""
"ec-breakpoint-chlorination-0149","breakpoint-chlorination","https://waterbalancetools.com/entities/breakpoint-chlorination","The term ""breakpoint"" describes the inflection point on the chlorine demand curve where adding more chlorine actually increases free chlorine rather than increasing combined chlorine.","qualitative_chemistry_claim","","","","","","REQUIRES_REVIEW","P3","Lower-priority qualitative/operational/taxonomy claim -- not individually researched unless flagged during systematic entity review.","no","not_applicable",""
"ec-backwashing-0152","backwashing","https://waterbalancetools.com/entities/backwashing","It is initiated when the filter pressure gauge reads 8–10 psi above the clean baseline.","operational_claim","","","","","","REQUIRES_REVIEW","P3","Lower-priority qualitative/operational/taxonomy claim -- not individually researched unless flagged during systematic entity review.","no","not_applicable",""
"ec-backwashing-0153","backwashing","https://waterbalancetools.com/entities/backwashing","The multiport valve is turned to ""Backwash,"" the pump is run until water runs clear (typically 2–5 minutes), then switched to ""Rinse"" for 30–60 seconds to reseat the sand before returning to ""Filter."" Backwashing removes water from the pool — factor this into water level management.","operational_claim","","","","","","REQUIRES_REVIEW","P3","Lower-priority qualitative/operational/taxonomy claim -- not individually researched unless flagged during systematic entity review.","no","not_applicable",""
"ec-backwashing-0154","backwashing","https://waterbalancetools.com/entities/backwashing","DE filters require adding fresh DE powder after backwashing to recharged the filter grids.","operational_claim","","","","","","REQUIRES_REVIEW","P3","Lower-priority qualitative/operational/taxonomy claim -- not individually researched unless flagged during systematic entity review.","no","not_applicable",""
"ec-winterization-0156","winterization","https://waterbalancetools.com/entities/winterization","Hot tub winterization involves either proper insulation and continuous low-level heating, or full draining.","operational_claim","","","","","","REQUIRES_REVIEW","P3","Lower-priority qualitative/operational/taxonomy claim -- not individually researched unless flagged during systematic entity review.","no","not_applicable",""
"ec-pool-opening-0157","pool-opening","https://waterbalancetools.com/entities/pool-opening","Pool opening (spring start-up) is the systematic process of bringing a winterized pool back into service: removing the cover and cleaning it, removing winter plugs and reinstalling equipment, reconnecting the pump and filter, filling to proper water level, starting the pump and checking for leaks, then testing and balancing all water chemistry parameters before the first swim.","operational_claim","","","","","","REQUIRES_REVIEW","P3","Lower-priority qualitative/operational/taxonomy claim -- not individually researched unless flagged during systematic entity review.","no","not_applicable",""
"ec-pool-opening-0158","pool-opening","https://waterbalancetools.com/entities/pool-opening","Pool opening chemistry typically requires more adjustment than weekly maintenance because water chemistry changes significantly during winter shutdown.","operational_claim","","","","","","REQUIRES_REVIEW","P3","Lower-priority qualitative/operational/taxonomy claim -- not individually researched unless flagged during systematic entity review.","no","not_applicable",""
"ec-pool-opening-0159","pool-opening","https://waterbalancetools.com/entities/pool-opening","A complete water balance is the final step before opening for swimming.","operational_claim","","","","","","REQUIRES_REVIEW","P3","Lower-priority qualitative/operational/taxonomy claim -- not individually researched unless flagged during systematic entity review.","no","not_applicable",""
"ec-water-replacement-0160","water-replacement","https://waterbalancetools.com/entities/water-replacement","Water replacement (partial or full drain and refill) is the only way to reduce CYA, calcium hardness, TDS, and salt when they exceed maximum levels.","qualitative_chemistry_claim","","","","","","REQUIRES_REVIEW","P3","Lower-priority qualitative/operational/taxonomy claim -- not individually researched unless flagged during systematic entity review.","no","not_applicable",""
"ec-water-replacement-0161","water-replacement","https://waterbalancetools.com/entities/water-replacement","A partial drain replaces a percentage of the water — a 50% drain reduces all dissolved compounds by 50%.","operational_claim","","","","","","REQUIRES_REVIEW","P3","Lower-priority qualitative/operational/taxonomy claim -- not individually researched unless flagged during systematic entity review.","no","not_applicable",""
"ec-water-replacement-0162","water-replacement","https://waterbalancetools.com/entities/water-replacement","Hot tubs require complete water changes every 3–4 months due to high bather-to-water ratios that accelerate TDS and combined chlorine accumulation.","qualitative_chemistry_claim","","","","","","REQUIRES_REVIEW","P3","Lower-priority qualitative/operational/taxonomy claim -- not individually researched unless flagged during systematic entity review.","no","not_applicable",""
"ec-filtration-0166","filtration","https://waterbalancetools.com/entities/filtration","Filtration is the continuous process of circulating pool water through a filter to remove suspended particles — algae, dust, debris, dead skin cells, and other particulate matter.","operational_claim","","","","","","REQUIRES_REVIEW","P3","Lower-priority qualitative/operational/taxonomy claim -- not individually researched unless flagged during systematic entity review.","no","not_applicable",""
"ec-filtration-0167","filtration","https://waterbalancetools.com/entities/filtration","Effective filtration requires adequate pump flow rate, properly sized filter, regular cleaning, and sufficient daily pump run time.","operational_claim","","","","","","REQUIRES_REVIEW","P3","Lower-priority qualitative/operational/taxonomy claim -- not individually researched unless flagged during systematic entity review.","no","not_applicable",""
"ec-filtration-0168","filtration","https://waterbalancetools.com/entities/filtration","Filtration does not replace chemical sanitization but works synergistically — the filter removes the physical matter that would otherwise increase chemical demand.","qualitative_chemistry_claim","","","","","","REQUIRES_REVIEW","P3","Lower-priority qualitative/operational/taxonomy claim -- not individually researched unless flagged during systematic entity review.","no","not_applicable",""
"ec-testing-0169","testing","https://waterbalancetools.com/entities/testing","Water testing is the foundation of pool maintenance.","operational_claim","","","","","","REQUIRES_REVIEW","P3","Lower-priority qualitative/operational/taxonomy claim -- not individually researched unless flagged during systematic entity review.","no","not_applicable",""
"ec-testing-0170","testing","https://waterbalancetools.com/entities/testing","Accurate, regular testing of free chlorine, combined chlorine, pH, alkalinity, calcium hardness, and CYA enables correct chemical dosing.","qualitative_chemistry_claim","","","","","","REQUIRES_REVIEW","P3","Lower-priority qualitative/operational/taxonomy claim -- not individually researched unless flagged during systematic entity review.","no","not_applicable",""
"ec-testing-0171","testing","https://waterbalancetools.com/entities/testing","Test methods include: test strips (fast but less precise), DPD liquid test kits (more accurate, color-based), digital photometric testers (highest accuracy), and professional testing by a pool store.","qualitative_chemistry_claim","","","","","","REQUIRES_REVIEW","P3","Lower-priority qualitative/operational/taxonomy claim -- not individually researched unless flagged during systematic entity review.","no","not_applicable",""
"ec-testing-0172","testing","https://waterbalancetools.com/entities/testing","Testing frequency varies by parameter: FC and pH should be tested twice weekly; alkalinity and calcium monthly.","qualitative_chemistry_claim","","","","","","REQUIRES_REVIEW","P3","Lower-priority qualitative/operational/taxonomy claim -- not individually researched unless flagged during systematic entity review.","no","not_applicable",""
"ec-testing-0173","testing","https://waterbalancetools.com/entities/testing","Test before every soak in a hot tub.","operational_claim","","","","","","REQUIRES_REVIEW","P3","Lower-priority qualitative/operational/taxonomy claim -- not individually researched unless flagged during systematic entity review.","no","not_applicable",""
"ec-sanitizing-0174","sanitizing","https://waterbalancetools.com/entities/sanitizing","Sanitizing is the ongoing process of maintaining sufficient disinfectant (free chlorine, bromine, or alternative) to kill bacteria, viruses, and other pathogens in pool water.","qualitative_chemistry_claim","","","","","","REQUIRES_REVIEW","P3","Lower-priority qualitative/operational/taxonomy claim -- not individually researched unless flagged during systematic entity review.","no","not_applicable",""
"ec-oxidation-0177","oxidation","https://waterbalancetools.com/entities/oxidation","Oxidation is the chemical reaction that destroys organic matter, combined chlorine (chloramines), swimmer waste, and other contaminants in pool water.","qualitative_chemistry_claim","","","","","","REQUIRES_REVIEW","P3","Lower-priority qualitative/operational/taxonomy claim -- not individually researched unless flagged during systematic entity review.","no","not_applicable",""
"ec-oxidation-0178","oxidation","https://waterbalancetools.com/entities/oxidation","While free chlorine both sanitizes (kills pathogens) and oxidizes (destroys organic matter), pools with high bather loads may have more oxidation demand than chlorine sanitization demand.","qualitative_chemistry_claim","","","","","","REQUIRES_REVIEW","P3","Lower-priority qualitative/operational/taxonomy claim -- not individually researched unless flagged during systematic entity review.","no","not_applicable",""
"ec-oxidation-0179","oxidation","https://waterbalancetools.com/entities/oxidation","Non-chlorine oxidizers (potassium monopersulfate, hydrogen peroxide) can handle the oxidation load while preserving free chlorine for sanitization.","qualitative_chemistry_claim","","","","","","REQUIRES_REVIEW","P3","Lower-priority qualitative/operational/taxonomy claim -- not individually researched unless flagged during systematic entity review.","no","not_applicable",""
"ec-oxidation-0180","oxidation","https://waterbalancetools.com/entities/oxidation","Regular oxidation keeps combined chlorine low, prevents chlorine odor, and maintains water clarity.","qualitative_chemistry_claim","","","","","","REQUIRES_REVIEW","P3","Lower-priority qualitative/operational/taxonomy claim -- not individually researched unless flagged during systematic entity review.","no","not_applicable",""
"ec-balancing-0182","balancing","https://waterbalancetools.com/entities/balancing","The correct order matters: adjust alkalinity first (it determines how much acid/base is needed for pH), then pH, then calcium hardness, then CYA, then chlorine.","qualitative_chemistry_claim","","","","","","REQUIRES_REVIEW","P3","Lower-priority qualitative/operational/taxonomy claim -- not individually researched unless flagged during systematic entity review.","no","not_applicable",""
"ec-balancing-0183","balancing","https://waterbalancetools.com/entities/balancing","The final check is the LSI — if all individual parameters are in range, the LSI confirms the combination is balanced.","qualitative_chemistry_claim","","","","","","REQUIRES_REVIEW","P3","Lower-priority qualitative/operational/taxonomy claim -- not individually researched unless flagged during systematic entity review.","no","not_applicable",""
"ec-maintenance-checklist-0185","maintenance-checklist","https://waterbalancetools.com/entities/maintenance-checklist","The Pool Maintenance Checklist is a free printable resource that guides residential pool owners through weekly pool care: testing water chemistry, adding chemicals, cleaning skimmer baskets, brushing walls, checking filter pressure, and verifying equipment operation.","operational_claim","","","","","","REQUIRES_REVIEW","P3","Lower-priority qualitative/operational/taxonomy claim -- not individually researched unless flagged during systematic entity review.","no","not_applicable",""
"ec-maintenance-checklist-0186","maintenance-checklist","https://waterbalancetools.com/entities/maintenance-checklist","Following a consistent checklist prevents the buildup of problems that lead to expensive treatments.","operational_claim","","","","","","REQUIRES_REVIEW","P3","Lower-priority qualitative/operational/taxonomy claim -- not individually researched unless flagged during systematic entity review.","no","not_applicable",""
"ec-maintenance-log-0187","maintenance-log","https://waterbalancetools.com/entities/maintenance-log","The Hot Tub Maintenance Log tracks daily and weekly spa chemistry readings, chemical doses, filter cleaning, and water change dates.","operational_claim","","","","","","REQUIRES_REVIEW","P3","Lower-priority qualitative/operational/taxonomy claim -- not individually researched unless flagged during systematic entity review.","no","not_applicable",""
"ec-chemical-log-0188","chemical-log","https://waterbalancetools.com/entities/chemical-log","It is especially useful for vacation rental operators who must demonstrate chemical compliance and for multi-property managers tracking chemical costs.","operational_claim","","","","","","REQUIRES_REVIEW","P3","Lower-priority qualitative/operational/taxonomy claim -- not individually researched unless flagged during systematic entity review.","no","not_applicable",""
"ec-vacation-rental-checklist-0189","vacation-rental-checklist","https://waterbalancetools.com/entities/vacation-rental-checklist","The Vacation Rental Pool Turnover Checklist provides a structured protocol for testing, adjusting, and documenting pool chemistry at the start of each guest stay.","operational_claim","","","","","","REQUIRES_REVIEW","P3","Lower-priority qualitative/operational/taxonomy claim -- not individually researched unless flagged during systematic entity review.","no","not_applicable",""
"ec-water-test-sheet-0192","water-test-sheet","https://waterbalancetools.com/entities/water-test-sheet","The Water Test Log provides a structured format for recording all pool or hot tub chemistry test results over time: free chlorine, pH, alkalinity, calcium hardness, CYA, salt, and any notes on chemical additions or pool events.","qualitative_chemistry_claim","","","","","","REQUIRES_REVIEW","P3","Lower-priority qualitative/operational/taxonomy claim -- not individually researched unless flagged during systematic entity review.","no","not_applicable",""
"ec-water-test-sheet-0193","water-test-sheet","https://waterbalancetools.com/entities/water-test-sheet","Tracking readings over time reveals chemistry trends, helps diagnose recurring problems, and supports informed decisions about when water replacement is needed.","operational_claim","","","","","","REQUIRES_REVIEW","P3","Lower-priority qualitative/operational/taxonomy claim -- not individually researched unless flagged during systematic entity review.","no","not_applicable",""
"ec-opening-checklist-0194","opening-checklist","https://waterbalancetools.com/entities/opening-checklist","The Pool Opening Checklist guides pool owners through the spring startup process: removing the cover, reinstalling equipment, filling to proper level, starting the pump, and completing a full water balance before the first swim.","operational_claim","","","","","","REQUIRES_REVIEW","P3","Lower-priority qualitative/operational/taxonomy claim -- not individually researched unless flagged during systematic entity review.","no","not_applicable",""
"ec-opening-checklist-0195","opening-checklist","https://waterbalancetools.com/entities/opening-checklist","It provides space for recording test results and chemical additions during the opening process.","operational_claim","","","","","","REQUIRES_REVIEW","P3","Lower-priority qualitative/operational/taxonomy claim -- not individually researched unless flagged during systematic entity review.","no","not_applicable",""
"ec-closing-checklist-0196","closing-checklist","https://waterbalancetools.com/entities/closing-checklist","The Pool Closing Checklist provides a structured process for winterizing a pool: balancing chemistry, adding winter chemicals, lowering water level, blowing out plumbing, installing freeze plugs, removing equipment, and covering the pool.","operational_claim","","","","","","REQUIRES_REVIEW","P3","Lower-priority qualitative/operational/taxonomy claim -- not individually researched unless flagged during systematic entity review.","no","not_applicable",""
"ec-emergency-reference-0198","emergency-reference","https://waterbalancetools.com/entities/emergency-reference","The Emergency Recovery Reference provides concise protocols for the most urgent pool chemistry situations: green pool recovery, zero chlorine restoration, chemical overdose response, and equipment failure response.","qualitative_chemistry_claim","","","","","","REQUIRES_REVIEW","P3","Lower-priority qualitative/operational/taxonomy claim -- not individually researched unless flagged during systematic entity review.","no","not_applicable",""
"ec-cloudy-water-0200","cloudy-water","https://waterbalancetools.com/entities/cloudy-water","Start by testing all parameters, correcting chemistry, and running the filter continuously until clarity returns.","operational_claim","","","","","","REQUIRES_REVIEW","P3","Lower-priority qualitative/operational/taxonomy claim -- not individually researched unless flagged during systematic entity review.","no","not_applicable",""
"ec-green-water-0201","green-water","https://waterbalancetools.com/entities/green-water","Green pool water is almost always caused by an algae bloom — typically green algae — resulting from insufficient free chlorine.","qualitative_chemistry_claim","","","","","","REQUIRES_REVIEW","P3","Lower-priority qualitative/operational/taxonomy claim -- not individually researched unless flagged during systematic entity review.","no","not_applicable",""
"ec-green-water-0202","green-water","https://waterbalancetools.com/entities/green-water","Contributing factors include CYA too high (reducing chlorine effectiveness), missed shock treatments, heavy rain (diluting chlorine), extended periods without service, or pump failure.","qualitative_chemistry_claim","","","","","","REQUIRES_REVIEW","P3","Lower-priority qualitative/operational/taxonomy claim -- not individually researched unless flagged during systematic entity review.","no","not_applicable",""
"ec-foaming-0207","foaming","https://waterbalancetools.com/entities/foaming","Mild foaming can be treated with an anti-foam agent as a temporary fix, but the underlying cause must be addressed: rinsing swimwear without soap, showering before entering, reducing algaecide dose, or changing the water if TDS is very high.","operational_claim","","","","","","REQUIRES_REVIEW","P3","Lower-priority qualitative/operational/taxonomy claim -- not individually researched unless flagged during systematic entity review.","no","not_applicable",""
"ec-scaling-0209","scaling","https://waterbalancetools.com/entities/scaling","It is caused by over-saturated water (positive LSI), which occurs when pH, calcium hardness, alkalinity, or temperature is too high.","qualitative_chemistry_claim","","","","","","REQUIRES_REVIEW","P3","Lower-priority qualitative/operational/taxonomy claim -- not individually researched unless flagged during systematic entity review.","no","not_applicable",""
"ec-scaling-0210","scaling","https://waterbalancetools.com/entities/scaling","Treatment requires lowering the LSI by adjusting pH, alkalinity, and calcium hardness.","qualitative_chemistry_claim","","","","","","REQUIRES_REVIEW","P3","Lower-priority qualitative/operational/taxonomy claim -- not individually researched unless flagged during systematic entity review.","no","not_applicable",""
"ec-corrosion-0214","corrosion","https://waterbalancetools.com/entities/corrosion","Contributing factors include low pH, low alkalinity, low calcium hardness, and high water temperature.","qualitative_chemistry_claim","","","","","","REQUIRES_REVIEW","P3","Lower-priority qualitative/operational/taxonomy claim -- not individually researched unless flagged during systematic entity review.","no","not_applicable",""
"ec-corrosion-0215","corrosion","https://waterbalancetools.com/entities/corrosion","Treatment involves raising the LSI by adjusting the relevant parameters.","qualitative_chemistry_claim","","","","","","REQUIRES_REVIEW","P3","Lower-priority qualitative/operational/taxonomy claim -- not individually researched unless flagged during systematic entity review.","no","not_applicable",""
"ec-algae-0217","algae","https://waterbalancetools.com/entities/algae","Algae are plant-like microorganisms that grow in pool water when free chlorine drops below effective levels.","qualitative_chemistry_claim","","","","","","REQUIRES_REVIEW","P3","Lower-priority qualitative/operational/taxonomy claim -- not individually researched unless flagged during systematic entity review.","no","not_applicable",""
"ec-algae-0220","algae","https://waterbalancetools.com/entities/algae","Algae growth is fueled by nutrients (especially phosphates), warm water, sunlight, and insufficient chlorine.","qualitative_chemistry_claim","","","","","","REQUIRES_REVIEW","P3","Lower-priority qualitative/operational/taxonomy claim -- not individually researched unless flagged during systematic entity review.","no","not_applicable",""
"ec-algae-0221","algae","https://waterbalancetools.com/entities/algae","Prevention requires maintaining adequate free chlorine relative to CYA level at all times.","qualitative_chemistry_claim","","","","","","REQUIRES_REVIEW","P3","Lower-priority qualitative/operational/taxonomy claim -- not individually researched unless flagged during systematic entity review.","no","not_applicable",""
"ec-strong-chlorine-smell-0222","strong-chlorine-smell","https://waterbalancetools.com/entities/strong-chlorine-smell","The ""strong chlorine smell"" associated with pools is not caused by too much free chlorine — it is caused by combined chlorine (chloramines).","qualitative_chemistry_claim","","","","","","REQUIRES_REVIEW","P3","Lower-priority qualitative/operational/taxonomy claim -- not individually researched unless flagged during systematic entity review.","no","not_applicable",""
"ec-strong-chlorine-smell-0224","strong-chlorine-smell","https://waterbalancetools.com/entities/strong-chlorine-smell","Paradoxically, the solution is to add MORE chlorine (breakpoint chlorination) to destroy the chloramines, not less.","qualitative_chemistry_claim","","","","","","REQUIRES_REVIEW","P3","Lower-priority qualitative/operational/taxonomy claim -- not individually researched unless flagged during systematic entity review.","no","not_applicable",""
"ec-strong-chlorine-smell-0225","strong-chlorine-smell","https://waterbalancetools.com/entities/strong-chlorine-smell","A well-maintained pool with low combined chlorine should have little to no chlorine smell.","qualitative_chemistry_claim","","","","","","REQUIRES_REVIEW","P3","Lower-priority qualitative/operational/taxonomy claim -- not individually researched unless flagged during systematic entity review.","no","not_applicable",""
"ec-low-chlorine-0237","low-chlorine","https://waterbalancetools.com/entities/low-chlorine","When FC drops below the minimum for the current CYA level, the pool loses its primary protection against pathogens and algae.","qualitative_chemistry_claim","","","","","","REQUIRES_REVIEW","P3","Lower-priority qualitative/operational/taxonomy claim -- not individually researched unless flagged during systematic entity review.","no","not_applicable",""
"ec-low-chlorine-0238","low-chlorine","https://waterbalancetools.com/entities/low-chlorine","Causes include: heavy bather loads, hot sunny weather (UV degradation), CYA too high (reducing chlorine activity), insufficient dosing frequency, or empty chlorinator.","qualitative_chemistry_claim","","","","","","REQUIRES_REVIEW","P3","Lower-priority qualitative/operational/taxonomy claim -- not individually researched unless flagged during systematic entity review.","no","not_applicable",""
"ec-low-chlorine-0239","low-chlorine","https://waterbalancetools.com/entities/low-chlorine","The remedy is immediate addition of chlorine to restore FC to the target range.","qualitative_chemistry_claim","","","","","","REQUIRES_REVIEW","P3","Lower-priority qualitative/operational/taxonomy claim -- not individually researched unless flagged during systematic entity review.","no","not_applicable",""
"ec-high-chlorine-0242","high-chlorine","https://waterbalancetools.com/entities/high-chlorine","It occurs after an accidental over-dose, feeder malfunction, or over-shocking.","operational_claim","","","","","","REQUIRES_REVIEW","P3","Lower-priority qualitative/operational/taxonomy claim -- not individually researched unless flagged during systematic entity review.","no","not_applicable",""
"ec-high-chlorine-0246","high-chlorine","https://waterbalancetools.com/entities/high-chlorine","Sodium thiosulfate can neutralize chlorine in emergencies but should be used sparingly — reducing FC too quickly can cause a rebound.","qualitative_chemistry_claim","","","","","","REQUIRES_REVIEW","P3","Lower-priority qualitative/operational/taxonomy claim -- not individually researched unless flagged during systematic entity review.","no","not_applicable",""
"ec-high-chlorine-0247","high-chlorine","https://waterbalancetools.com/entities/high-chlorine","Running the pump without cover during daylight hours accelerates UV degradation of excess chlorine.","qualitative_chemistry_claim","","","","","","REQUIRES_REVIEW","P3","Lower-priority qualitative/operational/taxonomy claim -- not individually researched unless flagged during systematic entity review.","no","not_applicable",""
"ec-low-ph-0250","low-ph","https://waterbalancetools.com/entities/low-ph","Low pH is commonly caused by adding too much acid, CO₂ from bather respiration, heavy rain (which is naturally acidic), and naturally acidic fill water.","qualitative_chemistry_claim","","","","","","REQUIRES_REVIEW","P3","Lower-priority qualitative/operational/taxonomy claim -- not individually researched unless flagged during systematic entity review.","no","not_applicable",""
"ec-low-ph-0251","low-ph","https://waterbalancetools.com/entities/low-ph","Treatment involves adding soda ash (sodium carbonate) to raise pH, after first verifying alkalinity is in range.","qualitative_chemistry_claim","","","","","","REQUIRES_REVIEW","P3","Lower-priority qualitative/operational/taxonomy claim -- not individually researched unless flagged during systematic entity review.","no","not_applicable",""
"ec-high-ph-0258","high-ph","https://waterbalancetools.com/entities/high-ph","High pH commonly results from adding too much soda ash, sodium bicarbonate increasing pH as a side effect, CO₂ off-gassing from aeration (waterfalls, jets), and some source water.","qualitative_chemistry_claim","","","","","","REQUIRES_REVIEW","P3","Lower-priority qualitative/operational/taxonomy claim -- not individually researched unless flagged during systematic entity review.","no","not_applicable",""
"ec-high-ph-0259","high-ph","https://waterbalancetools.com/entities/high-ph","Treatment involves adding muriatic acid (hydrochloric acid) or dry acid (sodium bisulfate).","operational_claim","","","","","","REQUIRES_REVIEW","P3","Lower-priority qualitative/operational/taxonomy claim -- not individually researched unless flagged during systematic entity review.","no","not_applicable",""
"ec-saltwater-pool-0262","saltwater-pool","https://waterbalancetools.com/entities/saltwater-pool","A saltwater pool is a chlorine pool that generates its own chlorine using a salt chlorinator (SWCG).","qualitative_chemistry_claim","","","","","","REQUIRES_REVIEW","P3","Lower-priority qualitative/operational/taxonomy claim -- not individually researched unless flagged during systematic entity review.","no","not_applicable",""
"ec-saltwater-pool-0265","saltwater-pool","https://waterbalancetools.com/entities/saltwater-pool","Salt pools still require the same chemistry balancing (pH, alkalinity, calcium, CYA) as traditionally chlorinated pools.","qualitative_chemistry_claim","","","","","","REQUIRES_REVIEW","P3","Lower-priority qualitative/operational/taxonomy claim -- not individually researched unless flagged during systematic entity review.","no","not_applicable",""
"ec-indoor-pool-0267","indoor-pool","https://waterbalancetools.com/entities/indoor-pool","Indoor pools present unique challenges: without UV light, chlorine is not degraded and CYA is not needed (and is actually counterproductive in indoor settings).","qualitative_chemistry_claim","","","","","","REQUIRES_REVIEW","P3","Lower-priority qualitative/operational/taxonomy claim -- not individually researched unless flagged during systematic entity review.","no","not_applicable",""
"ec-indoor-pool-0269","indoor-pool","https://waterbalancetools.com/entities/indoor-pool","pH tends to rise in indoor pools due to CO₂ off-gassing into enclosed air.","qualitative_chemistry_claim","","","","","","REQUIRES_REVIEW","P3","Lower-priority qualitative/operational/taxonomy claim -- not individually researched unless flagged during systematic entity review.","no","not_applicable",""
"ec-indoor-pool-0270","indoor-pool","https://waterbalancetools.com/entities/indoor-pool","Cyanuric acid should not be used in indoor pools.","qualitative_chemistry_claim","","","","","","REQUIRES_REVIEW","P3","Lower-priority qualitative/operational/taxonomy claim -- not individually researched unless flagged during systematic entity review.","no","not_applicable",""
"ec-outdoor-pool-0271","outdoor-pool","https://waterbalancetools.com/entities/outdoor-pool","Outdoor pools are exposed to UV light that rapidly degrades free chlorine.","qualitative_chemistry_claim","","","","","","REQUIRES_REVIEW","P3","Lower-priority qualitative/operational/taxonomy claim -- not individually researched unless flagged during systematic entity review.","no","not_applicable",""
"ec-outdoor-pool-0272","outdoor-pool","https://waterbalancetools.com/entities/outdoor-pool","Cyanuric acid (CYA) is essential for stabilizing chlorine in outdoor pools — without it, sunlight can destroy the chlorine within 30–60 minutes.","qualitative_chemistry_claim","","","","","","REQUIRES_REVIEW","P3","Lower-priority qualitative/operational/taxonomy claim -- not individually researched unless flagged during systematic entity review.","no","not_applicable",""
"ec-outdoor-pool-0273","outdoor-pool","https://waterbalancetools.com/entities/outdoor-pool","Summer requires more frequent chlorine dosing due to both UV degradation and higher bather loads.","qualitative_chemistry_claim","","","","","","REQUIRES_REVIEW","P3","Lower-priority qualitative/operational/taxonomy claim -- not individually researched unless flagged during systematic entity review.","no","not_applicable",""
"ec-hot-tub-0275","hot-tub","https://waterbalancetools.com/entities/hot-tub","The chemistry challenges are significant: high water temperature accelerates chemical reactions and chlorine demand; small volume means even one bather produces a significant bather load relative to total water; the high bather-to-water ratio causes rapid chemistry changes.","qualitative_chemistry_claim","","","","","","REQUIRES_REVIEW","P3","Lower-priority qualitative/operational/taxonomy claim -- not individually researched unless flagged during systematic entity review.","no","not_applicable",""
"ec-hot-tub-0276","hot-tub","https://waterbalancetools.com/entities/hot-tub","Hot tub water should be tested before every soak session and changed every 3–4 months under typical use.","operational_claim","","","","","","REQUIRES_REVIEW","P3","Lower-priority qualitative/operational/taxonomy claim -- not individually researched unless flagged during systematic entity review.","no","not_applicable",""
"ec-commercial-pool-0278","commercial-pool","https://waterbalancetools.com/entities/commercial-pool","Commercial pools (public pools, hotel pools, club pools) are subject to state and local health department regulations that typically require stricter chemistry standards than residential pools — often a maximum 6-hour or even 4-hour turnover rate, specific free chlorine and pH ranges, mandatory ORP monitoring, and documented chemical logs.","qualitative_chemistry_claim","","","","","","REQUIRES_REVIEW","P3","Lower-priority qualitative/operational/taxonomy claim -- not individually researched unless flagged during systematic entity review.","no","not_applicable",""
"ec-liquid-chlorine-0293","liquid-chlorine","https://waterbalancetools.com/entities/liquid-chlorine","Liquid chlorine is sodium hypochlorite (NaOCl) solution, typically sold at 10–12.5% available chlorine for pool use (compared to 5–8.25% for household bleach).","qualitative_chemistry_claim","","","","","","REQUIRES_REVIEW","P3","Lower-priority qualitative/operational/taxonomy claim -- not individually researched unless flagged during systematic entity review.","no","not_applicable",""
"ec-liquid-chlorine-0294","liquid-chlorine","https://waterbalancetools.com/entities/liquid-chlorine","It is the most widely used chlorine product for pool maintenance: fast-dissolving, no residue, does not raise calcium or CYA, and relatively inexpensive.","qualitative_chemistry_claim","","","","","","REQUIRES_REVIEW","P3","Lower-priority qualitative/operational/taxonomy claim -- not individually researched unless flagged during systematic entity review.","no","not_applicable",""
"ec-liquid-chlorine-0297","liquid-chlorine","https://waterbalancetools.com/entities/liquid-chlorine","Always buy fresh product and check the manufacture date.","operational_claim","","","","","","REQUIRES_REVIEW","P3","Lower-priority qualitative/operational/taxonomy claim -- not individually researched unless flagged during systematic entity review.","no","not_applicable",""
"ec-calcium-hypochlorite-0298","calcium-hypochlorite","https://waterbalancetools.com/entities/calcium-hypochlorite","Calcium hypochlorite (cal-hypo) is a dry granular or tablet chlorine compound available at 65% and 73% available chlorine — the most concentrated of common pool shock products.","qualitative_chemistry_claim","","","","","","REQUIRES_REVIEW","P3","Lower-priority qualitative/operational/taxonomy claim -- not individually researched unless flagged during systematic entity review.","no","not_applicable",""
"ec-calcium-hypochlorite-0299","calcium-hypochlorite","https://waterbalancetools.com/entities/calcium-hypochlorite","It raises free chlorine rapidly and is the preferred product for breakpoint chlorination and algae recovery.","qualitative_chemistry_claim","","","","","","REQUIRES_REVIEW","P3","Lower-priority qualitative/operational/taxonomy claim -- not individually researched unless flagged during systematic entity review.","no","not_applicable",""
"ec-calcium-hypochlorite-0300","calcium-hypochlorite","https://waterbalancetools.com/entities/calcium-hypochlorite","Unlike trichlor and dichlor, it does not add CYA.","qualitative_chemistry_claim","","","","","","REQUIRES_REVIEW","P3","Lower-priority qualitative/operational/taxonomy claim -- not individually researched unless flagged during systematic entity review.","no","not_applicable",""
"ec-calcium-hypochlorite-0301","calcium-hypochlorite","https://waterbalancetools.com/entities/calcium-hypochlorite","However, it does add calcium — relevant in pools with already high calcium hardness.","qualitative_chemistry_claim","","","","","","REQUIRES_REVIEW","P3","Lower-priority qualitative/operational/taxonomy claim -- not individually researched unless flagged during systematic entity review.","no","not_applicable",""
"ec-sodium-dichlor-0306","sodium-dichlor","https://waterbalancetools.com/entities/sodium-dichlor","Regular use as a shock product will accumulate CYA rapidly.","qualitative_chemistry_claim","","","","","","REQUIRES_REVIEW","P3","Lower-priority qualitative/operational/taxonomy claim -- not individually researched unless flagged during systematic entity review.","no","not_applicable",""
"ec-sodium-dichlor-0307","sodium-dichlor","https://waterbalancetools.com/entities/sodium-dichlor","Best used sparingly when CYA needs to be raised simultaneously with chlorine at season opening or after a significant drain.","qualitative_chemistry_claim","","","","","","REQUIRES_REVIEW","P3","Lower-priority qualitative/operational/taxonomy claim -- not individually researched unless flagged during systematic entity review.","no","not_applicable",""
"ec-sodium-dichlor-0308","sodium-dichlor","https://waterbalancetools.com/entities/sodium-dichlor","Not recommended for routine shocking because of CYA accumulation.","qualitative_chemistry_claim","","","","","","REQUIRES_REVIEW","P3","Lower-priority qualitative/operational/taxonomy claim -- not individually researched unless flagged during systematic entity review.","no","not_applicable",""
"ec-trichlor-tablets-0310","trichlor-tablets","https://waterbalancetools.com/entities/trichlor-tablets","They dissolve slowly and are used in automatic chlorinators, floaters, and skimmer baskets for consistent baseline chlorination.","operational_claim","","","","","","REQUIRES_REVIEW","P3","Lower-priority qualitative/operational/taxonomy claim -- not individually researched unless flagged during systematic entity review.","no","not_applicable",""
"ec-trichlor-tablets-0312","trichlor-tablets","https://waterbalancetools.com/entities/trichlor-tablets","CYA accumulation from trichlor is the most common cause of high CYA in residential pools.","qualitative_chemistry_claim","","","","","","REQUIRES_REVIEW","P3","Lower-priority qualitative/operational/taxonomy claim -- not individually researched unless flagged during systematic entity review.","no","not_applicable",""
"ec-muriatic-acid-0316","muriatic-acid","https://waterbalancetools.com/entities/muriatic-acid","Always add acid to water (not water to acid), pre-dilute in a bucket of pool water, and add near return jets with pump running.","operational_claim","","","","","","REQUIRES_REVIEW","P3","Lower-priority qualitative/operational/taxonomy claim -- not individually researched unless flagged during systematic entity review.","no","not_applicable",""
"ec-muriatic-acid-0318","muriatic-acid","https://waterbalancetools.com/entities/muriatic-acid","Store in original container away from chlorine products.","qualitative_chemistry_claim","","","","","","REQUIRES_REVIEW","P3","Lower-priority qualitative/operational/taxonomy claim -- not individually researched unless flagged during systematic entity review.","no","not_applicable",""
"ec-soda-ash-0319","soda-ash","https://waterbalancetools.com/entities/soda-ash","Soda ash (sodium carbonate, Na₂CO₃) is the standard product for raising pH in pool water.","qualitative_chemistry_claim","","","","","","REQUIRES_REVIEW","P3","Lower-priority qualitative/operational/taxonomy claim -- not individually researched unless flagged during systematic entity review.","no","not_applicable",""
"ec-soda-ash-0320","soda-ash","https://waterbalancetools.com/entities/soda-ash","Unlike sodium bicarbonate, soda ash primarily raises pH with a modest effect on alkalinity.","qualitative_chemistry_claim","","","","","","REQUIRES_REVIEW","P3","Lower-priority qualitative/operational/taxonomy claim -- not individually researched unless flagged during systematic entity review.","no","not_applicable",""
"ec-soda-ash-0321","soda-ash","https://waterbalancetools.com/entities/soda-ash","Pre-dissolve in a bucket of water before adding to prevent white cloudiness in the pool.","operational_claim","","","","","","REQUIRES_REVIEW","P3","Lower-priority qualitative/operational/taxonomy claim -- not individually researched unless flagged during systematic entity review.","no","not_applicable",""
"ec-soda-ash-0325","soda-ash","https://waterbalancetools.com/entities/soda-ash","Too much soda ash can cause temporary cloudiness from calcium carbonate precipitation.","qualitative_chemistry_claim","","","","","","REQUIRES_REVIEW","P3","Lower-priority qualitative/operational/taxonomy claim -- not individually researched unless flagged during systematic entity review.","no","not_applicable",""
"ec-baking-soda-0326","baking-soda","https://waterbalancetools.com/entities/baking-soda","Sodium bicarbonate (NaHCO₃), commonly called baking soda, is the standard product for raising total alkalinity in pool water.","qualitative_chemistry_claim","","","","","","REQUIRES_REVIEW","P3","Lower-priority qualitative/operational/taxonomy claim -- not individually researched unless flagged during systematic entity review.","no","not_applicable",""
"ec-calcium-chloride-0331","calcium-chloride","https://waterbalancetools.com/entities/calcium-chloride","Calcium chloride (CaCl₂) is the chemical used to raise calcium hardness in pool water.","qualitative_chemistry_claim","","","","","","REQUIRES_REVIEW","P3","Lower-priority qualitative/operational/taxonomy claim -- not individually researched unless flagged during systematic entity review.","no","not_applicable",""
"ec-calcium-chloride-0332","calcium-chloride","https://waterbalancetools.com/entities/calcium-chloride","It dissolves exothermically (generates heat) — always pre-dissolve in a large bucket of water before adding to the pool, or add very slowly near a return jet.","operational_claim","","","","","","REQUIRES_REVIEW","P3","Lower-priority qualitative/operational/taxonomy claim -- not individually researched unless flagged during systematic entity review.","no","not_applicable",""
"ec-calcium-chloride-0336","calcium-chloride","https://waterbalancetools.com/entities/calcium-chloride","Calcium hardness can only be lowered by partial drain and refill — there is no chemical that removes calcium from pool water.","qualitative_chemistry_claim","","","","","","REQUIRES_REVIEW","P3","Lower-priority qualitative/operational/taxonomy claim -- not individually researched unless flagged during systematic entity review.","no","not_applicable",""
"ec-stabilizer-0339","stabilizer","https://waterbalancetools.com/entities/stabilizer","Never add to an indoor pool or covered spa.","operational_claim","","","","","","REQUIRES_REVIEW","P3","Lower-priority qualitative/operational/taxonomy claim -- not individually researched unless flagged during systematic entity review.","no","not_applicable",""
"ec-stabilizer-0340","stabilizer","https://waterbalancetools.com/entities/stabilizer","Stabilizer is also added gradually by routine use of trichlor tablets.","operational_claim","","","","","","REQUIRES_REVIEW","P3","Lower-priority qualitative/operational/taxonomy claim -- not individually researched unless flagged during systematic entity review.","no","not_applicable",""
"ec-pool-salt-0343","pool-salt","https://waterbalancetools.com/entities/pool-salt","Sold in 40-lb bags; a typical 20,000-gallon pool requires 350–400 lbs to reach the target 3,200 ppm from zero.","qualitative_chemistry_claim","","","","","","REQUIRES_REVIEW","P3","Lower-priority qualitative/operational/taxonomy claim -- not individually researched unless flagged during systematic entity review.","no","not_applicable",""
"ec-pool-salt-0344","pool-salt","https://waterbalancetools.com/entities/pool-salt","Salt does not evaporate and only needs replacement after significant water loss.","qualitative_chemistry_claim","","","","","","REQUIRES_REVIEW","P3","Lower-priority qualitative/operational/taxonomy claim -- not individually researched unless flagged during systematic entity review.","no","not_applicable",""
"ec-cdc-0345","cdc","https://waterbalancetools.com/entities/cdc","The CDC provides guidelines on healthy swimming, recreational water illness prevention, disinfection standards for public pools and water parks, and outbreak reporting.","qualitative_chemistry_claim","","","","","","REQUIRES_REVIEW","P3","Lower-priority qualitative/operational/taxonomy claim -- not individually researched unless flagged during systematic entity review.","no","not_applicable",""
"ec-cdc-0346","cdc","https://waterbalancetools.com/entities/cdc","Their Model Aquatic Health Code (MAHC) provides science-based guidance used as the basis for many state pool health codes.","operational_claim","","","","","","REQUIRES_REVIEW","P3","Lower-priority qualitative/operational/taxonomy claim -- not individually researched unless flagged during systematic entity review.","no","not_applicable",""
"ec-epa-0347","epa","https://waterbalancetools.com/entities/epa","The EPA regulates the registration, labeling, and use of pesticides and disinfectants in the United States under FIFRA (Federal Insecticide, Fungicide, and Rodenticide Act).","qualitative_chemistry_claim","","","","","","REQUIRES_REVIEW","P3","Lower-priority qualitative/operational/taxonomy claim -- not individually researched unless flagged during systematic entity review.","no","not_applicable",""
"ec-epa-0348","epa","https://waterbalancetools.com/entities/epa","Pool disinfectants — including chlorine products, bromine products, and algaecides — are regulated as pesticides by the EPA.","qualitative_chemistry_claim","","","","","","REQUIRES_REVIEW","P3","Lower-priority qualitative/operational/taxonomy claim -- not individually researched unless flagged during systematic entity review.","no","not_applicable",""
"ec-phta-0351","phta","https://waterbalancetools.com/entities/phta","PHTA certifications (CPO, ATP) are the recognized professional credentials in the pool industry.","qualitative_chemistry_claim","","","","","","REQUIRES_REVIEW","P3","Lower-priority qualitative/operational/taxonomy claim -- not individually researched unless flagged during systematic entity review.","no","not_applicable",""
"ec-taylor-technologies-0353","taylor-technologies","https://waterbalancetools.com/entities/taylor-technologies","Taylor Technologies is the leading manufacturer of professional pool and spa water test kits (the Taylor K-2006 is the gold-standard residential test kit) and the publisher of the Pool/Spa Water Chemistry book, which is the definitive technical reference for pool chemistry calculations, LSI factors, and treatment formulas.","qualitative_chemistry_claim","","","","","","REQUIRES_REVIEW","P3","Lower-priority qualitative/operational/taxonomy claim -- not individually researched unless flagged during systematic entity review.","no","not_applicable",""
"ec-taylor-technologies-0354","taylor-technologies","https://waterbalancetools.com/entities/taylor-technologies","Taylor LSI factor tables and formulas are used as the basis for LSI calculations throughout the industry.","qualitative_chemistry_claim","","","","","","REQUIRES_REVIEW","P3","Lower-priority qualitative/operational/taxonomy claim -- not individually researched unless flagged during systematic entity review.","no","not_applicable",""
"ec-lamotte-0355","lamotte","https://waterbalancetools.com/entities/lamotte","LaMotte Company manufactures professional-grade water testing equipment including DPD colorimetric test kits, digital photometers, and test strips for pool and spa use.","qualitative_chemistry_claim","","","","","","REQUIRES_REVIEW","P3","Lower-priority qualitative/operational/taxonomy claim -- not individually researched unless flagged during systematic entity review.","no","not_applicable",""
"ec-lamotte-0356","lamotte","https://waterbalancetools.com/entities/lamotte","LaMotte products are widely used by commercial pool operators and certified pool operators for their higher accuracy compared to consumer test strips.","operational_claim","","","","","","REQUIRES_REVIEW","P3","Lower-priority qualitative/operational/taxonomy claim -- not individually researched unless flagged during systematic entity review.","no","not_applicable",""
"ec-unit-ppm-0357","unit-ppm","https://waterbalancetools.com/entities/unit-ppm","1 ppm = 1 mg/L = 1 part chemical per 1,000,000 parts water.","qualitative_chemistry_claim","","","","","","REQUIRES_REVIEW","P3","Lower-priority qualitative/operational/taxonomy claim -- not individually researched unless flagged during systematic entity review.","no","not_applicable",""
"ec-unit-mg-l-0359","unit-mg-l","https://waterbalancetools.com/entities/unit-mg-l","In dilute aqueous solutions (including pool water), mg/L and ppm are numerically equal: 1 mg/L = 1 ppm.","qualitative_chemistry_claim","","","","","","REQUIRES_REVIEW","P3","Lower-priority qualitative/operational/taxonomy claim -- not individually researched unless flagged during systematic entity review.","no","not_applicable",""
"ec-unit-mg-l-0360","unit-mg-l","https://waterbalancetools.com/entities/unit-mg-l","mg/L is the SI unit preferred in scientific contexts, while ppm is the practical shorthand used in pool industry applications.","qualitative_chemistry_claim","","","","","","REQUIRES_REVIEW","P3","Lower-priority qualitative/operational/taxonomy claim -- not individually researched unless flagged during systematic entity review.","no","not_applicable",""
"ec-unit-gallons-0361","unit-gallons","https://waterbalancetools.com/entities/unit-gallons","Pool volume in gallons is used in every chemical dose calculation.","operational_claim","","","","","","REQUIRES_REVIEW","P3","Lower-priority qualitative/operational/taxonomy claim -- not individually researched unless flagged during systematic entity review.","no","not_applicable",""
"ec-unit-liters-0366","unit-liters","https://waterbalancetools.com/entities/unit-liters","Used in metric countries for pool volume measurement.","operational_claim","","","","","","REQUIRES_REVIEW","P3","Lower-priority qualitative/operational/taxonomy claim -- not individually researched unless flagged during systematic entity review.","no","not_applicable",""
"ec-unit-liters-0367","unit-liters","https://waterbalancetools.com/entities/unit-liters","Chemical concentrations in mg/L are equivalent to ppm.","qualitative_chemistry_claim","","","","","","REQUIRES_REVIEW","P3","Lower-priority qualitative/operational/taxonomy claim -- not individually researched unless flagged during systematic entity review.","no","not_applicable",""
"ec-unit-fahrenheit-0371","unit-fahrenheit","https://waterbalancetools.com/entities/unit-fahrenheit","LSI temperature factor tables use °F.","qualitative_chemistry_claim","","","","","","REQUIRES_REVIEW","P3","Lower-priority qualitative/operational/taxonomy claim -- not individually researched unless flagged during systematic entity review.","no","not_applicable",""
"ec-unit-minutes-0373","unit-minutes","https://waterbalancetools.com/entities/unit-minutes","Minutes are used in pool chemistry for: turnover rate calculations (Volume in gallons / GPM = turnover time in minutes), wait times after chemical additions, and filtration cycle timing.","operational_claim","","","","","","REQUIRES_REVIEW","P3","Lower-priority qualitative/operational/taxonomy claim -- not individually researched unless flagged during systematic entity review.","no","not_applicable",""
"ec-unit-hours-0374","unit-hours","https://waterbalancetools.com/entities/unit-hours","Hours are the standard unit for expressing pool turnover time, pump daily run time, and wait times for chemical balancing.","operational_claim","","","","","","REQUIRES_REVIEW","P3","Lower-priority qualitative/operational/taxonomy claim -- not individually researched unless flagged during systematic entity review.","no","not_applicable",""
"ec-unit-hours-0375","unit-hours","https://waterbalancetools.com/entities/unit-hours","PHTA recommends a maximum 8-hour turnover time for residential pools.","qualitative_chemistry_claim","","","","","","REQUIRES_REVIEW","P3","Lower-priority qualitative/operational/taxonomy claim -- not individually researched unless flagged during systematic entity review.","no","not_applicable",""
"ec-unit-weeks-0377","unit-weeks","https://waterbalancetools.com/entities/unit-weeks","Weeks are the standard interval for pool maintenance activities: weekly water testing, weekly shock treatment (optional), weekly brushing and vacuuming, and weekly filter checks.","operational_claim","","","","","","REQUIRES_REVIEW","P3","Lower-priority qualitative/operational/taxonomy claim -- not individually researched unless flagged during systematic entity review.","no","not_applicable",""
"ec-unit-months-0378","unit-months","https://waterbalancetools.com/entities/unit-months","Monthly intervals are used for: calcium hardness and CYA testing (monthly), hot tub water changes (every 3–4 months), filter inspection, and salt level verification.","qualitative_chemistry_claim","","","","","","REQUIRES_REVIEW","P3","Lower-priority qualitative/operational/taxonomy claim -- not individually researched unless flagged during systematic entity review.","no","not_applicable",""
"ec-ozone-0056","ozone","https://waterbalancetools.com/entities/ozone","Ozone (O₃) is a powerful oxidizing agent generated on-site by UV lamps or corona discharge generators and injected into pool return water.","taxonomy_definition_claim","","","","","","REQUIRES_REVIEW","P4","Lower-priority qualitative/operational/taxonomy claim -- not individually researched unless flagged during systematic entity review.","no","not_applicable",""
"ec-ph-0065","ph","https://waterbalancetools.com/entities/ph","A pH of 7.0 is neutral; below 7.0 is acidic; above 7.0 is alkaline.","numeric_chemistry_claim","ph","7","ph_units","unspecified","unspecified","AMBIGUOUS","P4","Numeric chemistry claim with no matching registry range or requiring re-verification.","no","government_or_professional_standard",""
"ec-ph-0066","ph","https://waterbalancetools.com/entities/ph","A pH of 7.0 is neutral; below 7.0 is acidic; above 7.0 is alkaline.","numeric_chemistry_claim","ph","7","ph_units","unspecified","unspecified","AMBIGUOUS","P4","Numeric chemistry claim with no matching registry range or requiring re-verification.","no","government_or_professional_standard",""
"ec-ph-0070","ph","https://waterbalancetools.com/entities/ph","Above 7.8, chlorine effectiveness drops dramatically (at pH 8.0 only 22% of chlorine is active vs.","numeric_chemistry_claim","ph","22","%","unspecified","unspecified","AMBIGUOUS","P4","Numeric chemistry claim with no matching registry range or requiring re-verification.","no","government_or_professional_standard",""
"ec-ph-0071","ph","https://waterbalancetools.com/entities/ph","67% at pH 7.2) and scale forms.","numeric_chemistry_claim","ph","67","%","unspecified","unspecified","AMBIGUOUS","P4","Numeric chemistry claim with no matching registry range or requiring re-verification.","no","government_or_professional_standard",""
"ec-temperature-0078","temperature","https://waterbalancetools.com/entities/temperature","Higher temperatures accelerate chlorine demand (halving with every 10°C/18°F drop), shift pH upward, increase scaling tendency (higher LSI), and increase CO₂ off-gassing.","numeric_chemistry_claim","chlorine_demand","10","°c","unspecified","unspecified","AMBIGUOUS","P4","Numeric chemistry claim with no matching registry range or requiring re-verification.","no","government_or_professional_standard",""
"ec-temperature-0079","temperature","https://waterbalancetools.com/entities/temperature","Higher temperatures accelerate chlorine demand (halving with every 10°C/18°F drop), shift pH upward, increase scaling tendency (higher LSI), and increase CO₂ off-gassing.","numeric_chemistry_claim","chlorine_demand","18","°f","unspecified","unspecified","AMBIGUOUS","P4","Numeric chemistry claim with no matching registry range or requiring re-verification.","no","government_or_professional_standard",""
"ec-gallons-0091","gallons","https://waterbalancetools.com/entities/gallons","The US gallon (approximately 3.785 liters) is the standard unit for measuring pool volume in North America.","numeric_chemistry_claim","pool_volume","3.785","ph_units","pool","unspecified","AMBIGUOUS","P4","Numeric chemistry claim with no matching registry range or requiring re-verification.","no","government_or_professional_standard",""
"ec-gallons-0093","gallons","https://waterbalancetools.com/entities/gallons","Volume is calculated using length × width × average depth × 7.48 (gallons per cubic foot) for rectangular pools, with shape correction factors for other pool shapes.","numeric_chemistry_claim","pool_volume","7.48","ph_units","pool","unspecified","AMBIGUOUS","P4","Numeric chemistry claim with no matching registry range or requiring re-verification.","no","government_or_professional_standard",""
"ec-gallons-0094","gallons","https://waterbalancetools.com/entities/gallons","A 10% error in pool volume produces a 10% error in every chemical dose calculated.","numeric_chemistry_claim","pool_volume","10","%","pool","unspecified","AMBIGUOUS","P4","Numeric chemistry claim with no matching registry range or requiring re-verification.","no","government_or_professional_standard",""
"ec-gallons-0095","gallons","https://waterbalancetools.com/entities/gallons","A 10% error in pool volume produces a 10% error in every chemical dose calculated.","numeric_chemistry_claim","pool_volume","10","%","pool","unspecified","AMBIGUOUS","P4","Numeric chemistry claim with no matching registry range or requiring re-verification.","no","government_or_professional_standard",""
"ec-turnover-time-0105","turnover-time","https://waterbalancetools.com/entities/turnover-time","Turnover time is the number of hours required for the pump to move the full pool volume through the filtration system.","taxonomy_definition_claim","","","","","","REQUIRES_REVIEW","P4","Lower-priority qualitative/operational/taxonomy claim -- not individually researched unless flagged during systematic entity review.","no","not_applicable",""
"ec-salt-chlorinator-0130","salt-chlorinator","https://waterbalancetools.com/entities/salt-chlorinator","Salt cells have a lifespan of 3–7 years depending on water chemistry and maintenance.","numeric_chemistry_claim","salt","3-7","","unspecified","unspecified","AMBIGUOUS","P4","Numeric chemistry claim with no matching registry range or requiring re-verification.","no","government_or_professional_standard",""
"ec-shock-treatment-0141","shock-treatment","https://waterbalancetools.com/entities/shock-treatment","Shock treatment (superchlorination) involves raising free chlorine to a high level — typically 10 ppm for maintenance, 10× the combined chlorine level for breakpoint chlorination, or 30 ppm for algae recovery — to eliminate combined chlorine, algae, bacteria, and other contaminants.","numeric_chemistry_claim","combined_chlorine","10","","unspecified","unspecified","AMBIGUOUS","P4","Numeric chemistry claim with no matching registry range or requiring re-verification.","no","government_or_professional_standard",""
"ec-shock-treatment-0142","shock-treatment","https://waterbalancetools.com/entities/shock-treatment","Shock treatment (superchlorination) involves raising free chlorine to a high level — typically 10 ppm for maintenance, 10× the combined chlorine level for breakpoint chlorination, or 30 ppm for algae recovery — to eliminate combined chlorine, algae, bacteria, and other contaminants.","numeric_chemistry_claim","algae","30","ppm","unspecified","unspecified","AMBIGUOUS","P4","Numeric chemistry claim with no matching registry range or requiring re-verification.","no","government_or_professional_standard",""
"ec-breakpoint-chlorination-0147","breakpoint-chlorination","https://waterbalancetools.com/entities/breakpoint-chlorination","The breakpoint dose is approximately 10 times the current combined chlorine level.","numeric_chemistry_claim","combined_chlorine","10","","unspecified","unspecified","AMBIGUOUS","P4","Numeric chemistry claim with no matching registry range or requiring re-verification.","no","government_or_professional_standard",""
"ec-backwashing-0151","backwashing","https://waterbalancetools.com/entities/backwashing","Backwashing is the process of reversing water flow through a sand or DE filter to dislodge and flush accumulated debris.","taxonomy_definition_claim","","","","","","REQUIRES_REVIEW","P4","Lower-priority qualitative/operational/taxonomy claim -- not individually researched unless flagged during systematic entity review.","no","not_applicable",""
"ec-water-replacement-0164","water-replacement","https://waterbalancetools.com/entities/water-replacement","Pool partial drains are typically 25–50% and are triggered by CYA above 80 ppm, calcium above 500 ppm, or TDS above 3,000 ppm.","numeric_chemistry_claim","cyanuric_acid","500","ppm","pool","unspecified","AMBIGUOUS","P4","Numeric chemistry claim with no matching registry range or requiring re-verification.","no","government_or_professional_standard",""
"ec-water-replacement-0165","water-replacement","https://waterbalancetools.com/entities/water-replacement","Pool partial drains are typically 25–50% and are triggered by CYA above 80 ppm, calcium above 500 ppm, or TDS above 3,000 ppm.","numeric_chemistry_claim","cyanuric_acid","3000","ppm","pool","unspecified","AMBIGUOUS","P4","Numeric chemistry claim with no matching registry range or requiring re-verification.","no","government_or_professional_standard",""
"ec-green-water-0205","green-water","https://waterbalancetools.com/entities/green-water","The water may turn grey as algae dies, then clear over 24–72 hours as the dead algae is filtered out.","numeric_chemistry_claim","algae","24-72","hours","unspecified","unspecified","AMBIGUOUS","P4","Numeric chemistry claim with no matching registry range or requiring re-verification.","no","government_or_professional_standard",""
"ec-algae-0218","algae","https://waterbalancetools.com/entities/algae","Green algae is the most common and easiest to treat.","taxonomy_definition_claim","","","","","","REQUIRES_REVIEW","P4","Lower-priority qualitative/operational/taxonomy claim -- not individually researched unless flagged during systematic entity review.","no","not_applicable",""
"ec-high-ph-0255","high-ph","https://waterbalancetools.com/entities/high-ph","High pH (above 7.8) significantly reduces free chlorine effectiveness — at pH 8.0, only 22% of FC is in the active HOCl form (compared to 67% at pH 7.2).","numeric_chemistry_claim","ph","67","%","unspecified","unspecified","AMBIGUOUS","P4","Numeric chemistry claim with no matching registry range or requiring re-verification.","no","government_or_professional_standard",""
"ec-liquid-chlorine-0295","liquid-chlorine","https://waterbalancetools.com/entities/liquid-chlorine","Degradation: liquid chlorine loses approximately 20–30% potency within 60 days at room temperature and significantly faster in heat.","numeric_chemistry_claim","water_temperature","20-30","%","unspecified","unspecified","AMBIGUOUS","P4","Numeric chemistry claim with no matching registry range or requiring re-verification.","no","government_or_professional_standard",""
"ec-liquid-chlorine-0296","liquid-chlorine","https://waterbalancetools.com/entities/liquid-chlorine","Degradation: liquid chlorine loses approximately 20–30% potency within 60 days at room temperature and significantly faster in heat.","numeric_chemistry_claim","water_temperature","60","days","unspecified","unspecified","AMBIGUOUS","P4","Numeric chemistry claim with no matching registry range or requiring re-verification.","no","government_or_professional_standard",""
"ec-sodium-dichlor-0304","sodium-dichlor","https://waterbalancetools.com/entities/sodium-dichlor","It dissolves quickly and is convenient for pool shocking, but each pound added raises CYA by approximately 6–7 ppm per 10,000 gallons.","numeric_chemistry_claim","pool_volume","6-7","ppm","pool","unspecified","AMBIGUOUS","P4","Numeric chemistry claim with no matching registry range or requiring re-verification.","no","government_or_professional_standard",""
"ec-muriatic-acid-0314","muriatic-acid","https://waterbalancetools.com/entities/muriatic-acid","Muriatic acid (hydrochloric acid, HCl) at 31.45% concentration is the standard product for lowering pH and total alkalinity in pools.","numeric_chemistry_claim","ph","31.45","%","unspecified","unspecified","AMBIGUOUS","P4","Numeric chemistry claim with no matching registry range or requiring re-verification.","no","government_or_professional_standard",""
"ec-soda-ash-0322","soda-ash","https://waterbalancetools.com/entities/soda-ash","Typical dose: 6 oz raises pH by 0.2 in a 10,000-gallon pool.","numeric_chemistry_claim","ph","6","oz","pool","unspecified","AMBIGUOUS","P4","Numeric chemistry claim with no matching registry range or requiring re-verification.","no","government_or_professional_standard",""
"ec-soda-ash-0324","soda-ash","https://waterbalancetools.com/entities/soda-ash","Typical dose: 6 oz raises pH by 0.2 in a 10,000-gallon pool.","numeric_chemistry_claim","ph","10000","","pool","unspecified","AMBIGUOUS","P4","Numeric chemistry claim with no matching registry range or requiring re-verification.","no","government_or_professional_standard",""
"ec-baking-soda-0328","baking-soda","https://waterbalancetools.com/entities/baking-soda","1.5 lbs per 10,000 gallons raises TA by approximately 10 ppm.","numeric_chemistry_claim","pool_volume","1.5","lbs","unspecified","unspecified","AMBIGUOUS","P4","Numeric chemistry claim with no matching registry range or requiring re-verification.","no","government_or_professional_standard",""
"ec-calcium-chloride-0333","calcium-chloride","https://waterbalancetools.com/entities/calcium-chloride","12 oz raises calcium hardness by approximately 10 ppm in a 10,000-gallon pool.","numeric_chemistry_claim","calcium_hardness","12","oz","pool","unspecified","AMBIGUOUS","P4","Numeric chemistry claim with no matching registry range or requiring re-verification.","no","government_or_professional_standard",""
"ec-calcium-chloride-0335","calcium-chloride","https://waterbalancetools.com/entities/calcium-chloride","12 oz raises calcium hardness by approximately 10 ppm in a 10,000-gallon pool.","numeric_chemistry_claim","calcium_hardness","10000","","pool","unspecified","AMBIGUOUS","P4","Numeric chemistry claim with no matching registry range or requiring re-verification.","no","government_or_professional_standard",""
"ec-phta-0349","phta","https://waterbalancetools.com/entities/phta","The Pool & Hot Tub Alliance (formerly APSP) is the primary trade association for pool and spa manufacturers, builders, service technicians, and retailers.","taxonomy_definition_claim","","","","","","REQUIRES_REVIEW","P4","Lower-priority qualitative/operational/taxonomy claim -- not individually researched unless flagged during systematic entity review.","no","not_applicable",""
"ec-unit-liters-0363","unit-liters","https://waterbalancetools.com/entities/unit-liters","1 liter = 0.2642 US gallons = 1,000 milliliters.","numeric_chemistry_claim","pool_volume","1","","unspecified","unspecified","AMBIGUOUS","P4","Numeric chemistry claim with no matching registry range or requiring re-verification.","no","government_or_professional_standard",""
"ec-unit-liters-0364","unit-liters","https://waterbalancetools.com/entities/unit-liters","1 liter = 0.2642 US gallons = 1,000 milliliters.","numeric_chemistry_claim","pool_volume","0.2642","ph_units","unspecified","unspecified","AMBIGUOUS","P4","Numeric chemistry claim with no matching registry range or requiring re-verification.","no","government_or_professional_standard",""
"ec-unit-liters-0365","unit-liters","https://waterbalancetools.com/entities/unit-liters","1 liter = 0.2642 US gallons = 1,000 milliliters.","numeric_chemistry_claim","pool_volume","1000","","unspecified","unspecified","AMBIGUOUS","P4","Numeric chemistry claim with no matching registry range or requiring re-verification.","no","government_or_professional_standard",""
"ec-unit-fahrenheit-0368","unit-fahrenheit","https://waterbalancetools.com/entities/unit-fahrenheit","Fahrenheit is the US standard for temperature measurement.","taxonomy_definition_claim","","","","","","REQUIRES_REVIEW","P4","Lower-priority qualitative/operational/taxonomy claim -- not individually researched unless flagged during systematic entity review.","no","not_applicable",""
"ec-unit-fahrenheit-0370","unit-fahrenheit","https://waterbalancetools.com/entities/unit-fahrenheit","Pool temperature targets: 78–84°F (residential pools), 100–104°F maximum (hot tubs).","numeric_chemistry_claim","water_temperature","100-104","°f","hot_tub","unspecified","AMBIGUOUS","P4","Numeric chemistry claim with no matching registry range or requiring re-verification.","no","government_or_professional_standard",""
"ec-unit-celsius-0372","unit-celsius","https://waterbalancetools.com/entities/unit-celsius","Celsius is the SI standard for temperature.","taxonomy_definition_claim","","","","","","REQUIRES_REVIEW","P4","Lower-priority qualitative/operational/taxonomy claim -- not individually researched unless flagged during systematic entity review.","no","not_applicable",""
"ec-unit-days-0376","unit-days","https://waterbalancetools.com/entities/unit-days","Days are used for maintenance scheduling (test twice per week, shock weekly), CYA dissolution time (24–48 days), water change intervals for hot tubs (every 90 days), and chemical activity timelines.","numeric_chemistry_claim","cyanuric_acid","24-48","days","unspecified","unspecified","AMBIGUOUS","P4","Numeric chemistry claim with no matching registry range or requiring re-verification.","no","government_or_professional_standard",""
