url,page_type,visible_content_type,schema_types_present,schema_types_expected,schema_status,questionable_reason,missing_reason,source_of_schema,generator,template
"https://waterbalancetools.com/404","ROOT_CHART_OR_UTILITY","has_h1","BreadcrumbList;ListItem","BreadcrumbList","NOT_APPLICABLE","","Internal tooling / non-production directory per url-policy.js.","generator","see PRODUCTION-CHANGES.md","ROOT_CHART_OR_UTILITY"
"https://waterbalancetools.com/about/","STATIC","has_h1","BreadcrumbList;ListItem","BreadcrumbList","COMPLETE","","","generator","see PRODUCTION-CHANGES.md","STATIC"
"https://waterbalancetools.com/academy/equipment/automatic-chlorinators","GUIDE","has_h1","Article;Organization;BreadcrumbList;ListItem","BreadcrumbList","COMPLETE","","","generator","see PRODUCTION-CHANGES.md","GUIDE"
"https://waterbalancetools.com/academy/equipment/","GUIDE","has_h1","BreadcrumbList;ListItem","BreadcrumbList","COMPLETE","","","generator","see PRODUCTION-CHANGES.md","GUIDE"
"https://waterbalancetools.com/academy/equipment/pool-filters","GUIDE","has_h1","Article;Organization;BreadcrumbList;ListItem","BreadcrumbList","COMPLETE","","","generator","see PRODUCTION-CHANGES.md","GUIDE"
"https://waterbalancetools.com/academy/equipment/pool-pumps","GUIDE","has_h1","Article;Organization;BreadcrumbList;ListItem","BreadcrumbList","COMPLETE","","","generator","see PRODUCTION-CHANGES.md","GUIDE"
"https://waterbalancetools.com/academy/equipment/pool-skimmers","GUIDE","has_h1","Article;Organization;BreadcrumbList;ListItem","BreadcrumbList","COMPLETE","","","generator","see PRODUCTION-CHANGES.md","GUIDE"
"https://waterbalancetools.com/academy/equipment/salt-systems","GUIDE","has_h1","Article;Organization;BreadcrumbList;ListItem","BreadcrumbList","COMPLETE","","","generator","see PRODUCTION-CHANGES.md","GUIDE"
"https://waterbalancetools.com/academy/equipment/sand-vs-cartridge-filters","GUIDE","has_h1","Article;Organization;BreadcrumbList;ListItem","BreadcrumbList","COMPLETE","","","generator","see PRODUCTION-CHANGES.md","GUIDE"
"https://waterbalancetools.com/academy/fundamentals/how-temperature-changes-water-chemistry","GUIDE","has_h1","Article;Organization;BreadcrumbList;ListItem","BreadcrumbList","COMPLETE","","","generator","see PRODUCTION-CHANGES.md","GUIDE"
"https://waterbalancetools.com/academy/fundamentals/how-water-balance-works","GUIDE","has_h1","Article;Organization;BreadcrumbList;ListItem","BreadcrumbList","COMPLETE","","","generator","see PRODUCTION-CHANGES.md","GUIDE"
"https://waterbalancetools.com/academy/fundamentals/","GUIDE","has_h1","BreadcrumbList;ListItem","BreadcrumbList","COMPLETE","","","generator","see PRODUCTION-CHANGES.md","GUIDE"
"https://waterbalancetools.com/academy/fundamentals/pool-vs-hot-tub-chemistry","GUIDE","has_h1","Article;Organization;BreadcrumbList;ListItem","BreadcrumbList","COMPLETE","","","generator","see PRODUCTION-CHANGES.md","GUIDE"
"https://waterbalancetools.com/academy/fundamentals/the-four-core-water-tests","GUIDE","has_h1","Article;Organization;BreadcrumbList;ListItem","BreadcrumbList","COMPLETE","","","generator","see PRODUCTION-CHANGES.md","GUIDE"
"https://waterbalancetools.com/academy/fundamentals/understanding-pool-water-chemistry","GUIDE","has_h1","Article;Organization;BreadcrumbList;ListItem","BreadcrumbList","COMPLETE","","","generator","see PRODUCTION-CHANGES.md","GUIDE"
"https://waterbalancetools.com/academy/fundamentals/why-water-testing-matters","GUIDE","has_h1","Article;Organization;BreadcrumbList;ListItem","BreadcrumbList","COMPLETE","","","generator","see PRODUCTION-CHANGES.md","GUIDE"
"https://waterbalancetools.com/academy/hot-tubs/daily-spa-maintenance","GUIDE","has_h1","Article;Organization;BreadcrumbList;ListItem","BreadcrumbList","COMPLETE","","","generator","see PRODUCTION-CHANGES.md","GUIDE"
"https://waterbalancetools.com/academy/hot-tubs/","GUIDE","has_h1","BreadcrumbList;ListItem","BreadcrumbList","COMPLETE","","","generator","see PRODUCTION-CHANGES.md","GUIDE"
"https://waterbalancetools.com/academy/hot-tubs/monthly-spa-maintenance","GUIDE","has_h1","Article;Organization;BreadcrumbList;ListItem","BreadcrumbList","COMPLETE","","","generator","see PRODUCTION-CHANGES.md","GUIDE"
"https://waterbalancetools.com/academy/hot-tubs/refilling-your-hot-tub","GUIDE","has_h1","Article;Organization;BreadcrumbList;ListItem","BreadcrumbList","COMPLETE","","","generator","see PRODUCTION-CHANGES.md","GUIDE"
"https://waterbalancetools.com/academy/hot-tubs/shock-after-heavy-use","GUIDE","has_h1","Article;Organization;BreadcrumbList;ListItem","BreadcrumbList","COMPLETE","","","generator","see PRODUCTION-CHANGES.md","GUIDE"
"https://waterbalancetools.com/academy/hot-tubs/weekly-spa-maintenance","GUIDE","has_h1","Article;Organization;BreadcrumbList;ListItem","BreadcrumbList","COMPLETE","","","generator","see PRODUCTION-CHANGES.md","GUIDE"
"https://waterbalancetools.com/academy/hot-tubs/winter-spa-care","GUIDE","has_h1","Article;Organization;BreadcrumbList;ListItem","BreadcrumbList","COMPLETE","","","generator","see PRODUCTION-CHANGES.md","GUIDE"
"https://waterbalancetools.com/academy/","GUIDE","has_h1","BreadcrumbList;ListItem","BreadcrumbList","COMPLETE","","","generator","see PRODUCTION-CHANGES.md","GUIDE"
"https://waterbalancetools.com/academy/sanitizers/breakpoint-chlorination","GUIDE","has_h1","Article;Organization;BreadcrumbList;ListItem","BreadcrumbList","COMPLETE","","","generator","see PRODUCTION-CHANGES.md","GUIDE"
"https://waterbalancetools.com/academy/sanitizers/bromine-vs-chlorine","GUIDE","has_h1","Article;Organization;BreadcrumbList;ListItem","BreadcrumbList","COMPLETE","","","generator","see PRODUCTION-CHANGES.md","GUIDE"
"https://waterbalancetools.com/academy/sanitizers/combined-chlorine-explained","GUIDE","has_h1","Article;Organization;BreadcrumbList;ListItem","BreadcrumbList","COMPLETE","","","generator","see PRODUCTION-CHANGES.md","GUIDE"
"https://waterbalancetools.com/academy/sanitizers/","GUIDE","has_h1","BreadcrumbList;ListItem","BreadcrumbList","COMPLETE","","","generator","see PRODUCTION-CHANGES.md","GUIDE"
"https://waterbalancetools.com/academy/sanitizers/liquid-chlorine-vs-tablets","GUIDE","has_h1","Article;Organization;BreadcrumbList;ListItem","BreadcrumbList","COMPLETE","","","generator","see PRODUCTION-CHANGES.md","GUIDE"
"https://waterbalancetools.com/academy/sanitizers/shock-treatments-explained","GUIDE","has_h1","Article;Organization;BreadcrumbList;ListItem","BreadcrumbList","COMPLETE","","","generator","see PRODUCTION-CHANGES.md","GUIDE"
"https://waterbalancetools.com/academy/sanitizers/understanding-free-chlorine","GUIDE","has_h1","Article;Organization;BreadcrumbList;ListItem","BreadcrumbList","COMPLETE","","","generator","see PRODUCTION-CHANGES.md","GUIDE"
"https://waterbalancetools.com/academy/testing/common-testing-mistakes","GUIDE","has_h1","Article;Organization;BreadcrumbList;ListItem","BreadcrumbList","COMPLETE","","","generator","see PRODUCTION-CHANGES.md","GUIDE"
"https://waterbalancetools.com/academy/testing/digital-pool-testers","GUIDE","has_h1","Article;Organization;BreadcrumbList;ListItem","BreadcrumbList","COMPLETE","","","generator","see PRODUCTION-CHANGES.md","GUIDE"
"https://waterbalancetools.com/academy/testing/how-often-to-test-water","GUIDE","has_h1","Article;Organization;BreadcrumbList;ListItem","BreadcrumbList","COMPLETE","","","generator","see PRODUCTION-CHANGES.md","GUIDE"
"https://waterbalancetools.com/academy/testing/","GUIDE","has_h1","BreadcrumbList;ListItem","BreadcrumbList","COMPLETE","","","generator","see PRODUCTION-CHANGES.md","GUIDE"
"https://waterbalancetools.com/academy/testing/understanding-test-results","GUIDE","has_h1","Article;Organization;BreadcrumbList;ListItem","BreadcrumbList","COMPLETE","","","generator","see PRODUCTION-CHANGES.md","GUIDE"
"https://waterbalancetools.com/academy/testing/using-liquid-test-kits","GUIDE","has_h1","Article;Organization;BreadcrumbList;ListItem","BreadcrumbList","COMPLETE","","","generator","see PRODUCTION-CHANGES.md","GUIDE"
"https://waterbalancetools.com/academy/testing/using-test-strips","GUIDE","has_h1","Article;Organization;BreadcrumbList;ListItem","BreadcrumbList","COMPLETE","","","generator","see PRODUCTION-CHANGES.md","GUIDE"
"https://waterbalancetools.com/academy/troubleshooting/cloudy-water","GUIDE","has_h1","Article;Organization;BreadcrumbList;ListItem","BreadcrumbList","COMPLETE","","","generator","see PRODUCTION-CHANGES.md","GUIDE"
"https://waterbalancetools.com/academy/troubleshooting/corrosion","GUIDE","has_h1","Article;Organization;BreadcrumbList;ListItem","BreadcrumbList","COMPLETE","","","generator","see PRODUCTION-CHANGES.md","GUIDE"
"https://waterbalancetools.com/academy/troubleshooting/foaming-hot-tubs","GUIDE","has_h1","Article;Organization;BreadcrumbList;ListItem","BreadcrumbList","COMPLETE","","","generator","see PRODUCTION-CHANGES.md","GUIDE"
"https://waterbalancetools.com/academy/troubleshooting/green-water","GUIDE","has_h1","Article;Organization;BreadcrumbList;ListItem","BreadcrumbList","COMPLETE","","","generator","see PRODUCTION-CHANGES.md","GUIDE"
"https://waterbalancetools.com/academy/troubleshooting/","GUIDE","has_h1","BreadcrumbList;ListItem","BreadcrumbList","COMPLETE","","","generator","see PRODUCTION-CHANGES.md","GUIDE"
"https://waterbalancetools.com/academy/troubleshooting/scaling","GUIDE","has_h1","Article;Organization;BreadcrumbList;ListItem","BreadcrumbList","COMPLETE","","","generator","see PRODUCTION-CHANGES.md","GUIDE"
"https://waterbalancetools.com/academy/troubleshooting/strong-chlorine-smell","GUIDE","has_h1","Article;Organization;BreadcrumbList;ListItem","BreadcrumbList","COMPLETE","","","generator","see PRODUCTION-CHANGES.md","GUIDE"
"https://waterbalancetools.com/academy/vacation-rentals/chemical-log-sheets","GUIDE","has_h1","Article;Organization;BreadcrumbList;ListItem","BreadcrumbList","COMPLETE","","","generator","see PRODUCTION-CHANGES.md","GUIDE"
"https://waterbalancetools.com/academy/vacation-rentals/emergency-water-recovery","GUIDE","has_h1","Article;Organization;BreadcrumbList;ListItem","BreadcrumbList","COMPLETE","","","generator","see PRODUCTION-CHANGES.md","GUIDE"
"https://waterbalancetools.com/academy/vacation-rentals/guest-safety","GUIDE","has_h1","Article;Organization;BreadcrumbList;ListItem","BreadcrumbList","COMPLETE","","","generator","see PRODUCTION-CHANGES.md","GUIDE"
"https://waterbalancetools.com/academy/vacation-rentals/","GUIDE","has_h1","BreadcrumbList;ListItem","BreadcrumbList","COMPLETE","","","generator","see PRODUCTION-CHANGES.md","GUIDE"
"https://waterbalancetools.com/academy/vacation-rentals/maintenance-schedule","GUIDE","has_h1","Article;Organization;BreadcrumbList;ListItem","BreadcrumbList","COMPLETE","","","generator","see PRODUCTION-CHANGES.md","GUIDE"
"https://waterbalancetools.com/academy/vacation-rentals/turnover-checklist","GUIDE","has_h1","Article;Organization;BreadcrumbList;ListItem","BreadcrumbList","COMPLETE","","","generator","see PRODUCTION-CHANGES.md","GUIDE"
"https://waterbalancetools.com/academy/vacation-rentals/weekly-inspection","GUIDE","has_h1","Article;Organization;BreadcrumbList;ListItem","BreadcrumbList","COMPLETE","","","generator","see PRODUCTION-CHANGES.md","GUIDE"
"https://waterbalancetools.com/academy/water-balance/","GUIDE","has_h1","BreadcrumbList;ListItem","BreadcrumbList","COMPLETE","","","generator","see PRODUCTION-CHANGES.md","GUIDE"
"https://waterbalancetools.com/academy/water-balance/understanding-calcium-hardness","GUIDE","has_h1","Article;Organization;BreadcrumbList;ListItem","BreadcrumbList","COMPLETE","","","generator","see PRODUCTION-CHANGES.md","GUIDE"
"https://waterbalancetools.com/academy/water-balance/understanding-cyanuric-acid","GUIDE","has_h1","Article;Organization;BreadcrumbList;ListItem","BreadcrumbList","COMPLETE","","","generator","see PRODUCTION-CHANGES.md","GUIDE"
"https://waterbalancetools.com/academy/water-balance/understanding-lsi","GUIDE","has_h1","Article;Organization;BreadcrumbList;ListItem","BreadcrumbList","COMPLETE","","","generator","see PRODUCTION-CHANGES.md","GUIDE"
"https://waterbalancetools.com/academy/water-balance/understanding-ph","GUIDE","has_h1","Article;Organization;BreadcrumbList;ListItem","BreadcrumbList","COMPLETE","","","generator","see PRODUCTION-CHANGES.md","GUIDE"
"https://waterbalancetools.com/academy/water-balance/understanding-total-alkalinity","GUIDE","has_h1","Article;Organization;BreadcrumbList;ListItem","BreadcrumbList","COMPLETE","","","generator","see PRODUCTION-CHANGES.md","GUIDE"
"https://waterbalancetools.com/academy/water-balance/water-balance-order","GUIDE","has_h1","Article;Organization;BreadcrumbList;ListItem","BreadcrumbList","COMPLETE","","","generator","see PRODUCTION-CHANGES.md","GUIDE"
"https://waterbalancetools.com/all-pages","ROOT_CHART_OR_UTILITY","has_h1","BreadcrumbList;ListItem","BreadcrumbList","COMPLETE","","","generator","see PRODUCTION-CHANGES.md","ROOT_CHART_OR_UTILITY"
"https://waterbalancetools.com/audit/google/authority-flow","INTERNAL_TOOLING","has_h1","","","NOT_APPLICABLE","","Internal tooling / non-production directory per url-policy.js.","generator","see PRODUCTION-CHANGES.md","INTERNAL_TOOLING"
"https://waterbalancetools.com/audit/google/crawl-depth","INTERNAL_TOOLING","has_h1","","","NOT_APPLICABLE","","Internal tooling / non-production directory per url-policy.js.","generator","see PRODUCTION-CHANGES.md","INTERNAL_TOOLING"
"https://waterbalancetools.com/audit/google/freshness","INTERNAL_TOOLING","has_h1","","","NOT_APPLICABLE","","Internal tooling / non-production directory per url-policy.js.","generator","see PRODUCTION-CHANGES.md","INTERNAL_TOOLING"
"https://waterbalancetools.com/audit/google/","INTERNAL_TOOLING","has_h1","","","NOT_APPLICABLE","","Internal tooling / non-production directory per url-policy.js.","generator","see PRODUCTION-CHANGES.md","INTERNAL_TOOLING"
"https://waterbalancetools.com/audit/google/priority-report","INTERNAL_TOOLING","has_h1","","","NOT_APPLICABLE","","Internal tooling / non-production directory per url-policy.js.","generator","see PRODUCTION-CHANGES.md","INTERNAL_TOOLING"
"https://waterbalancetools.com/audit/google/search-console-helper","INTERNAL_TOOLING","has_h1","","","NOT_APPLICABLE","","Internal tooling / non-production directory per url-policy.js.","generator","see PRODUCTION-CHANGES.md","INTERNAL_TOOLING"
"https://waterbalancetools.com/audit/google/weak-pages","INTERNAL_TOOLING","has_h1","","","NOT_APPLICABLE","","Internal tooling / non-production directory per url-policy.js.","generator","see PRODUCTION-CHANGES.md","INTERNAL_TOOLING"
"https://waterbalancetools.com/calculators/chemical-calculator","CALCULATOR","has_h1","WebApplication;Offer;BreadcrumbList;ListItem","WebApplication;BreadcrumbList","COMPLETE","","","static_hand_authored","see PRODUCTION-CHANGES.md","CALCULATOR"
"https://waterbalancetools.com/calculators/hot-tub-chlorine-calculator","CALCULATOR","has_h1","WebApplication;Offer;BreadcrumbList;ListItem","WebApplication;BreadcrumbList","COMPLETE","","","static_hand_authored","see PRODUCTION-CHANGES.md","CALCULATOR"
"https://waterbalancetools.com/calculators/hot-tub-ph-calculator","CALCULATOR","has_h1","WebApplication;Offer;BreadcrumbList;ListItem","WebApplication;BreadcrumbList","COMPLETE","","","static_hand_authored","see PRODUCTION-CHANGES.md","CALCULATOR"
"https://waterbalancetools.com/calculators/hot-tub-shock-calculator","CALCULATOR","has_h1","WebApplication;Offer;BreadcrumbList;ListItem","WebApplication;BreadcrumbList","COMPLETE","","","static_hand_authored","see PRODUCTION-CHANGES.md","CALCULATOR"
"https://waterbalancetools.com/calculators/","HUB_INDEX","has_h1","BreadcrumbList;ListItem;CollectionPage;ItemList;WebSite","BreadcrumbList","COMPLETE","","","static_hand_authored","see PRODUCTION-CHANGES.md","HUB_INDEX"
"https://waterbalancetools.com/calculators/pool-alkalinity-calculator","CALCULATOR","has_h1","WebApplication;Offer;BreadcrumbList;ListItem","WebApplication;BreadcrumbList","COMPLETE","","","static_hand_authored","see PRODUCTION-CHANGES.md","CALCULATOR"
"https://waterbalancetools.com/calculators/pool-chlorine-calculator","CALCULATOR","has_h1","WebApplication;Offer;FAQPage;Question;Answer;BreadcrumbList;ListItem","WebApplication;BreadcrumbList","COMPLETE","","","static_hand_authored","see PRODUCTION-CHANGES.md","CALCULATOR"
"https://waterbalancetools.com/calculators/pool-cyanuric-acid-calculator","CALCULATOR","has_h1","WebApplication;Offer;BreadcrumbList;ListItem","WebApplication;BreadcrumbList","COMPLETE","","","static_hand_authored","see PRODUCTION-CHANGES.md","CALCULATOR"
"https://waterbalancetools.com/calculators/pool-ph-calculator","CALCULATOR","has_h1","WebApplication;Offer;BreadcrumbList;ListItem","WebApplication;BreadcrumbList","COMPLETE","","","static_hand_authored","see PRODUCTION-CHANGES.md","CALCULATOR"
"https://waterbalancetools.com/calculators/pool-shock-calculator","CALCULATOR","has_h1","WebApplication;Offer;BreadcrumbList;ListItem","WebApplication;BreadcrumbList","COMPLETE","","","static_hand_authored","see PRODUCTION-CHANGES.md","CALCULATOR"
"https://waterbalancetools.com/calculators/pool-turnover-rate-calculator","CALCULATOR","has_h1","WebApplication;Offer;BreadcrumbList;ListItem","WebApplication;BreadcrumbList","COMPLETE","","","static_hand_authored","see PRODUCTION-CHANGES.md","CALCULATOR"
"https://waterbalancetools.com/calculators/pool-volume-calculator","CALCULATOR","has_h1","WebApplication;Offer;BreadcrumbList;ListItem","WebApplication;BreadcrumbList","COMPLETE","","","static_hand_authored","see PRODUCTION-CHANGES.md","CALCULATOR"
"https://waterbalancetools.com/calculators/saltwater-pool-salt-calculator","CALCULATOR","has_h1","WebApplication;Offer;BreadcrumbList;ListItem","WebApplication;BreadcrumbList","COMPLETE","","","static_hand_authored","see PRODUCTION-CHANGES.md","CALCULATOR"
"https://waterbalancetools.com/calculators/spa-volume-calculator","CALCULATOR","has_h1","WebApplication;Offer;BreadcrumbList;ListItem","WebApplication;BreadcrumbList","COMPLETE","","","static_hand_authored","see PRODUCTION-CHANGES.md","CALCULATOR"
"https://waterbalancetools.com/calculators/volume-calculator","CALCULATOR","has_h1","BreadcrumbList;ListItem","WebApplication;BreadcrumbList","NOT_APPLICABLE","","Retired REDIRECT_SOURCES URL -- non-production regardless of physical file presence.","static_hand_authored","see PRODUCTION-CHANGES.md","CALCULATOR"
"https://waterbalancetools.com/charts/hot-tub-chemical-levels-chart","AUTHORITY_CHART","has_h1","FAQPage;Question;Answer;BreadcrumbList;ListItem","BreadcrumbList","NOT_APPLICABLE","","Retired REDIRECT_SOURCES URL -- non-production regardless of physical file presence.","generator","see PRODUCTION-CHANGES.md","AUTHORITY_CHART"
"https://waterbalancetools.com/charts/","AUTHORITY_CHART","has_h1","BreadcrumbList;ListItem;CollectionPage;ItemList;WebSite","BreadcrumbList","COMPLETE","","","generator","see PRODUCTION-CHANGES.md","AUTHORITY_CHART"
"https://waterbalancetools.com/charts/pool-chemical-levels-chart","AUTHORITY_CHART","has_h1","WebPage;FAQPage;Question;Answer;BreadcrumbList;ListItem","BreadcrumbList","NOT_APPLICABLE","","Retired REDIRECT_SOURCES URL -- non-production regardless of physical file presence.","generator","see PRODUCTION-CHANGES.md","AUTHORITY_CHART"
"https://waterbalancetools.com/charts/pool-water-balance-chart","AUTHORITY_CHART","has_h1","BreadcrumbList;ListItem","BreadcrumbList","COMPLETE","","","generator","see PRODUCTION-CHANGES.md","AUTHORITY_CHART"
"https://waterbalancetools.com/comparisons/chlorine-vs-bromine-hot-tub","COMPARISON","has_h1","BreadcrumbList;ListItem","BreadcrumbList","COMPLETE","","","generator","see PRODUCTION-CHANGES.md","COMPARISON"
"https://waterbalancetools.com/comparisons/chlorine-vs-bromine","COMPARISON","has_h1","BreadcrumbList;ListItem","BreadcrumbList","COMPLETE","","","generator","see PRODUCTION-CHANGES.md","COMPARISON"
"https://waterbalancetools.com/comparisons/free-chlorine-vs-total-chlorine","COMPARISON","has_h1","BreadcrumbList;ListItem","BreadcrumbList","COMPLETE","","","generator","see PRODUCTION-CHANGES.md","COMPARISON"
"https://waterbalancetools.com/comparisons/","COMPARISON","has_h1","BreadcrumbList;ListItem;CollectionPage;ItemList;WebSite","BreadcrumbList","COMPLETE","","","generator","see PRODUCTION-CHANGES.md","COMPARISON"
"https://waterbalancetools.com/comparisons/liquid-chlorine-vs-tablets","COMPARISON","has_h1","BreadcrumbList;ListItem","BreadcrumbList","COMPLETE","","","generator","see PRODUCTION-CHANGES.md","COMPARISON"
"https://waterbalancetools.com/comparisons/pool-shock-vs-chlorine","COMPARISON","has_h1","BreadcrumbList;ListItem","BreadcrumbList","COMPLETE","","","generator","see PRODUCTION-CHANGES.md","COMPARISON"
"https://waterbalancetools.com/comparisons/salt-water-pool-vs-chlorine-pool","COMPARISON","has_h1","BreadcrumbList;ListItem","BreadcrumbList","COMPLETE","","","generator","see PRODUCTION-CHANGES.md","COMPARISON"
"https://waterbalancetools.com/comparisons/saltwater-pool-vs-chlorine","COMPARISON","has_h1","BreadcrumbList;ListItem","BreadcrumbList","COMPLETE","","","generator","see PRODUCTION-CHANGES.md","COMPARISON"
"https://waterbalancetools.com/editorial/content-standards/","POLICY_PAGE","has_h1","BreadcrumbList;ListItem;WebPage","WebPage;BreadcrumbList","COMPLETE","","","generator","see PRODUCTION-CHANGES.md","POLICY_PAGE"
"https://waterbalancetools.com/editorial/correction-policy/","POLICY_PAGE","has_h1","BreadcrumbList;ListItem;WebPage","WebPage;BreadcrumbList","COMPLETE","","","generator","see PRODUCTION-CHANGES.md","POLICY_PAGE"
"https://waterbalancetools.com/editorial/editorial-policy/","POLICY_PAGE","has_h1","BreadcrumbList;ListItem;WebPage","WebPage;BreadcrumbList","COMPLETE","","","generator","see PRODUCTION-CHANGES.md","POLICY_PAGE"
"https://waterbalancetools.com/editorial/","POLICY_PAGE","has_h1","BreadcrumbList;ListItem;WebPage","WebPage;BreadcrumbList","COMPLETE","","","generator","see PRODUCTION-CHANGES.md","POLICY_PAGE"
"https://waterbalancetools.com/editorial/review-process/","POLICY_PAGE","has_h1","BreadcrumbList;ListItem;WebPage","WebPage;BreadcrumbList","COMPLETE","","","generator","see PRODUCTION-CHANGES.md","POLICY_PAGE"
"https://waterbalancetools.com/editorial/update-policy/","POLICY_PAGE","has_h1","BreadcrumbList;ListItem;WebPage","WebPage;BreadcrumbList","COMPLETE","","","generator","see PRODUCTION-CHANGES.md","POLICY_PAGE"
"https://waterbalancetools.com/entities/algae","ENTITY","has_h1","DefinedTerm;DefinedTermSet;BreadcrumbList;ListItem","DefinedTerm;BreadcrumbList","COMPLETE","","","generator","see PRODUCTION-CHANGES.md","ENTITY"
"https://waterbalancetools.com/entities/alkalinity","ENTITY","has_h1","DefinedTerm;DefinedTermSet;BreadcrumbList;ListItem","DefinedTerm;BreadcrumbList","COMPLETE","","","generator","see PRODUCTION-CHANGES.md","ENTITY"
"https://waterbalancetools.com/entities/automatic-chlorinator","ENTITY","has_h1","DefinedTerm;DefinedTermSet;BreadcrumbList;ListItem","DefinedTerm;BreadcrumbList","COMPLETE","","","generator","see PRODUCTION-CHANGES.md","ENTITY"
"https://waterbalancetools.com/entities/backwashing","ENTITY","has_h1","DefinedTerm;DefinedTermSet;BreadcrumbList;ListItem","DefinedTerm;BreadcrumbList","COMPLETE","","","generator","see PRODUCTION-CHANGES.md","ENTITY"
"https://waterbalancetools.com/entities/baking-soda","ENTITY","has_h1","DefinedTerm;DefinedTermSet;BreadcrumbList;ListItem","DefinedTerm;BreadcrumbList","COMPLETE","","","generator","see PRODUCTION-CHANGES.md","ENTITY"
"https://waterbalancetools.com/entities/balancing","ENTITY","has_h1","DefinedTerm;DefinedTermSet;BreadcrumbList;ListItem","DefinedTerm;BreadcrumbList","COMPLETE","","","generator","see PRODUCTION-CHANGES.md","ENTITY"
"https://waterbalancetools.com/entities/biguanide","ENTITY","has_h1","DefinedTerm;DefinedTermSet;BreadcrumbList;ListItem","DefinedTerm;BreadcrumbList","COMPLETE","","","generator","see PRODUCTION-CHANGES.md","ENTITY"
"https://waterbalancetools.com/entities/breakpoint-chlorination","ENTITY","has_h1","DefinedTerm;DefinedTermSet;BreadcrumbList;ListItem","DefinedTerm;BreadcrumbList","COMPLETE","","","generator","see PRODUCTION-CHANGES.md","ENTITY"
"https://waterbalancetools.com/entities/bromine","ENTITY","has_h1","DefinedTerm;DefinedTermSet;BreadcrumbList;ListItem","DefinedTerm;BreadcrumbList","COMPLETE","","","generator","see PRODUCTION-CHANGES.md","ENTITY"
"https://waterbalancetools.com/entities/calcium-chloride","ENTITY","has_h1","DefinedTerm;DefinedTermSet;BreadcrumbList;ListItem","DefinedTerm;BreadcrumbList","COMPLETE","","","generator","see PRODUCTION-CHANGES.md","ENTITY"
"https://waterbalancetools.com/entities/calcium-hardness","ENTITY","has_h1","DefinedTerm;DefinedTermSet;BreadcrumbList;ListItem","DefinedTerm;BreadcrumbList","COMPLETE","","","generator","see PRODUCTION-CHANGES.md","ENTITY"
"https://waterbalancetools.com/entities/calcium-hypochlorite","ENTITY","has_h1","DefinedTerm;DefinedTermSet;BreadcrumbList;ListItem","DefinedTerm;BreadcrumbList","COMPLETE","","","generator","see PRODUCTION-CHANGES.md","ENTITY"
"https://waterbalancetools.com/entities/cartridge-filter","ENTITY","has_h1","DefinedTerm;DefinedTermSet;BreadcrumbList;ListItem","DefinedTerm;BreadcrumbList","COMPLETE","","","generator","see PRODUCTION-CHANGES.md","ENTITY"
"https://waterbalancetools.com/entities/cdc","ENTITY","has_h1","DefinedTerm;DefinedTermSet;BreadcrumbList;ListItem","DefinedTerm;BreadcrumbList","COMPLETE","","","generator","see PRODUCTION-CHANGES.md","ENTITY"
"https://waterbalancetools.com/entities/chemical-feeder","ENTITY","has_h1","DefinedTerm;DefinedTermSet;BreadcrumbList;ListItem","DefinedTerm;BreadcrumbList","COMPLETE","","","generator","see PRODUCTION-CHANGES.md","ENTITY"
"https://waterbalancetools.com/entities/chemical-log","ENTITY","has_h1","DefinedTerm;DefinedTermSet;BreadcrumbList;ListItem","DefinedTerm;BreadcrumbList","COMPLETE","","","generator","see PRODUCTION-CHANGES.md","ENTITY"
"https://waterbalancetools.com/entities/closing-checklist","ENTITY","has_h1","DefinedTerm;DefinedTermSet;BreadcrumbList;ListItem","DefinedTerm;BreadcrumbList","COMPLETE","","","generator","see PRODUCTION-CHANGES.md","ENTITY"
"https://waterbalancetools.com/entities/cloudy-water","ENTITY","has_h1","DefinedTerm;DefinedTermSet;BreadcrumbList;ListItem","DefinedTerm;BreadcrumbList","COMPLETE","","","generator","see PRODUCTION-CHANGES.md","ENTITY"
"https://waterbalancetools.com/entities/combined-chlorine","ENTITY","has_h1","DefinedTerm;DefinedTermSet;BreadcrumbList;ListItem","DefinedTerm;BreadcrumbList","COMPLETE","","","generator","see PRODUCTION-CHANGES.md","ENTITY"
"https://waterbalancetools.com/entities/commercial-pool","ENTITY","has_h1","DefinedTerm;DefinedTermSet;BreadcrumbList;ListItem","DefinedTerm;BreadcrumbList","COMPLETE","","","generator","see PRODUCTION-CHANGES.md","ENTITY"
"https://waterbalancetools.com/entities/concrete-pool","ENTITY","has_h1","DefinedTerm;DefinedTermSet;BreadcrumbList;ListItem","DefinedTerm;BreadcrumbList","COMPLETE","","","generator","see PRODUCTION-CHANGES.md","ENTITY"
"https://waterbalancetools.com/entities/copper","ENTITY","has_h1","DefinedTerm;DefinedTermSet;BreadcrumbList;ListItem","DefinedTerm;BreadcrumbList","COMPLETE","","","generator","see PRODUCTION-CHANGES.md","ENTITY"
"https://waterbalancetools.com/entities/corrosion","ENTITY","has_h1","DefinedTerm;DefinedTermSet;BreadcrumbList;ListItem","DefinedTerm;BreadcrumbList","COMPLETE","","","generator","see PRODUCTION-CHANGES.md","ENTITY"
"https://waterbalancetools.com/entities/cover","ENTITY","has_h1","DefinedTerm;DefinedTermSet;BreadcrumbList;ListItem","DefinedTerm;BreadcrumbList","COMPLETE","","","generator","see PRODUCTION-CHANGES.md","ENTITY"
"https://waterbalancetools.com/entities/cyanuric-acid","ENTITY","has_h1","DefinedTerm;DefinedTermSet;BreadcrumbList;ListItem","DefinedTerm;BreadcrumbList","COMPLETE","","","generator","see PRODUCTION-CHANGES.md","ENTITY"
"https://waterbalancetools.com/entities/de-filter","ENTITY","has_h1","DefinedTerm;DefinedTermSet;BreadcrumbList;ListItem","DefinedTerm;BreadcrumbList","COMPLETE","","","generator","see PRODUCTION-CHANGES.md","ENTITY"
"https://waterbalancetools.com/entities/emergency-reference","ENTITY","has_h1","DefinedTerm;DefinedTermSet;BreadcrumbList;ListItem","DefinedTerm;BreadcrumbList","COMPLETE","","","generator","see PRODUCTION-CHANGES.md","ENTITY"
"https://waterbalancetools.com/entities/epa","ENTITY","has_h1","DefinedTerm;DefinedTermSet;BreadcrumbList;ListItem","DefinedTerm;BreadcrumbList","COMPLETE","","","generator","see PRODUCTION-CHANGES.md","ENTITY"
"https://waterbalancetools.com/entities/eye-irritation","ENTITY","has_h1","DefinedTerm;DefinedTermSet;BreadcrumbList;ListItem","DefinedTerm;BreadcrumbList","COMPLETE","","","generator","see PRODUCTION-CHANGES.md","ENTITY"
"https://waterbalancetools.com/entities/fiberglass-pool","ENTITY","has_h1","DefinedTerm;DefinedTermSet;BreadcrumbList;ListItem","DefinedTerm;BreadcrumbList","COMPLETE","","","generator","see PRODUCTION-CHANGES.md","ENTITY"
"https://waterbalancetools.com/entities/filtration","ENTITY","has_h1","DefinedTerm;DefinedTermSet;BreadcrumbList;ListItem","DefinedTerm;BreadcrumbList","COMPLETE","","","generator","see PRODUCTION-CHANGES.md","ENTITY"
"https://waterbalancetools.com/entities/flow-rate","ENTITY","has_h1","DefinedTerm;DefinedTermSet;BreadcrumbList;ListItem","DefinedTerm;BreadcrumbList","COMPLETE","","","generator","see PRODUCTION-CHANGES.md","ENTITY"
"https://waterbalancetools.com/entities/foaming","ENTITY","has_h1","DefinedTerm;DefinedTermSet;BreadcrumbList;ListItem","DefinedTerm;BreadcrumbList","COMPLETE","","","generator","see PRODUCTION-CHANGES.md","ENTITY"
"https://waterbalancetools.com/entities/free-chlorine","ENTITY","has_h1","DefinedTerm;DefinedTermSet;BreadcrumbList;ListItem","DefinedTerm;BreadcrumbList","COMPLETE","","","generator","see PRODUCTION-CHANGES.md","ENTITY"
"https://waterbalancetools.com/entities/gallons","ENTITY","has_h1","DefinedTerm;DefinedTermSet;BreadcrumbList;ListItem","DefinedTerm;BreadcrumbList","COMPLETE","","","generator","see PRODUCTION-CHANGES.md","ENTITY"
"https://waterbalancetools.com/entities/green-water","ENTITY","has_h1","DefinedTerm;DefinedTermSet;BreadcrumbList;ListItem","DefinedTerm;BreadcrumbList","COMPLETE","","","generator","see PRODUCTION-CHANGES.md","ENTITY"
"https://waterbalancetools.com/entities/heater","ENTITY","has_h1","DefinedTerm;DefinedTermSet;BreadcrumbList;ListItem","DefinedTerm;BreadcrumbList","COMPLETE","","","generator","see PRODUCTION-CHANGES.md","ENTITY"
"https://waterbalancetools.com/entities/high-chlorine","ENTITY","has_h1","DefinedTerm;DefinedTermSet;BreadcrumbList;ListItem","DefinedTerm;BreadcrumbList","COMPLETE","","","generator","see PRODUCTION-CHANGES.md","ENTITY"
"https://waterbalancetools.com/entities/high-ph","ENTITY","has_h1","DefinedTerm;DefinedTermSet;BreadcrumbList;ListItem","DefinedTerm;BreadcrumbList","COMPLETE","","","generator","see PRODUCTION-CHANGES.md","ENTITY"
"https://waterbalancetools.com/entities/hot-tub","ENTITY","has_h1","DefinedTerm;DefinedTermSet;BreadcrumbList;ListItem","DefinedTerm;BreadcrumbList","COMPLETE","","","generator","see PRODUCTION-CHANGES.md","ENTITY"
"https://waterbalancetools.com/entities/hydrogen-peroxide","ENTITY","has_h1","DefinedTerm;DefinedTermSet;BreadcrumbList;ListItem","DefinedTerm;BreadcrumbList","COMPLETE","","","generator","see PRODUCTION-CHANGES.md","ENTITY"
"https://waterbalancetools.com/entities/","HUB_INDEX","has_h1","CollectionPage;DefinedTerm;BreadcrumbList;ListItem","BreadcrumbList","COMPLETE","","","generator","see PRODUCTION-CHANGES.md","HUB_INDEX"
"https://waterbalancetools.com/entities/indoor-pool","ENTITY","has_h1","DefinedTerm;DefinedTermSet;BreadcrumbList;ListItem","DefinedTerm;BreadcrumbList","COMPLETE","","","generator","see PRODUCTION-CHANGES.md","ENTITY"
"https://waterbalancetools.com/entities/iron","ENTITY","has_h1","DefinedTerm;DefinedTermSet;BreadcrumbList;ListItem","DefinedTerm;BreadcrumbList","COMPLETE","","","generator","see PRODUCTION-CHANGES.md","ENTITY"
"https://waterbalancetools.com/entities/lamotte","ENTITY","has_h1","DefinedTerm;DefinedTermSet;BreadcrumbList;ListItem","DefinedTerm;BreadcrumbList","COMPLETE","","","generator","see PRODUCTION-CHANGES.md","ENTITY"
"https://waterbalancetools.com/entities/liquid-chlorine","ENTITY","has_h1","DefinedTerm;DefinedTermSet;BreadcrumbList;ListItem","DefinedTerm;BreadcrumbList","COMPLETE","","","generator","see PRODUCTION-CHANGES.md","ENTITY"
"https://waterbalancetools.com/entities/liters","ENTITY","has_h1","DefinedTerm;DefinedTermSet;BreadcrumbList;ListItem","DefinedTerm;BreadcrumbList","COMPLETE","","","generator","see PRODUCTION-CHANGES.md","ENTITY"
"https://waterbalancetools.com/entities/low-chlorine","ENTITY","has_h1","DefinedTerm;DefinedTermSet;BreadcrumbList;ListItem","DefinedTerm;BreadcrumbList","COMPLETE","","","generator","see PRODUCTION-CHANGES.md","ENTITY"
"https://waterbalancetools.com/entities/low-ph","ENTITY","has_h1","DefinedTerm;DefinedTermSet;BreadcrumbList;ListItem","DefinedTerm;BreadcrumbList","COMPLETE","","","generator","see PRODUCTION-CHANGES.md","ENTITY"
"https://waterbalancetools.com/entities/lsi","ENTITY","has_h1","DefinedTerm;DefinedTermSet;BreadcrumbList;ListItem","DefinedTerm;BreadcrumbList","COMPLETE","","","generator","see PRODUCTION-CHANGES.md","ENTITY"
"https://waterbalancetools.com/entities/maintenance-checklist","ENTITY","has_h1","DefinedTerm;DefinedTermSet;BreadcrumbList;ListItem","DefinedTerm;BreadcrumbList","COMPLETE","","","generator","see PRODUCTION-CHANGES.md","ENTITY"
"https://waterbalancetools.com/entities/maintenance-log","ENTITY","has_h1","DefinedTerm;DefinedTermSet;BreadcrumbList;ListItem","DefinedTerm;BreadcrumbList","COMPLETE","","","generator","see PRODUCTION-CHANGES.md","ENTITY"
"https://waterbalancetools.com/entities/manganese","ENTITY","has_h1","DefinedTerm;DefinedTermSet;BreadcrumbList;ListItem","DefinedTerm;BreadcrumbList","COMPLETE","","","generator","see PRODUCTION-CHANGES.md","ENTITY"
"https://waterbalancetools.com/entities/muriatic-acid","ENTITY","has_h1","DefinedTerm;DefinedTermSet;BreadcrumbList;ListItem","DefinedTerm;BreadcrumbList","COMPLETE","","","generator","see PRODUCTION-CHANGES.md","ENTITY"
"https://waterbalancetools.com/entities/nsf","ENTITY","has_h1","DefinedTerm;DefinedTermSet;BreadcrumbList;ListItem","DefinedTerm;BreadcrumbList","COMPLETE","","","generator","see PRODUCTION-CHANGES.md","ENTITY"
"https://waterbalancetools.com/entities/opening-checklist","ENTITY","has_h1","DefinedTerm;DefinedTermSet;BreadcrumbList;ListItem","DefinedTerm;BreadcrumbList","COMPLETE","","","generator","see PRODUCTION-CHANGES.md","ENTITY"
"https://waterbalancetools.com/entities/orp","ENTITY","has_h1","DefinedTerm;DefinedTermSet;BreadcrumbList;ListItem","DefinedTerm;BreadcrumbList","COMPLETE","","","generator","see PRODUCTION-CHANGES.md","ENTITY"
"https://waterbalancetools.com/entities/outdoor-pool","ENTITY","has_h1","DefinedTerm;DefinedTermSet;BreadcrumbList;ListItem","DefinedTerm;BreadcrumbList","COMPLETE","","","generator","see PRODUCTION-CHANGES.md","ENTITY"
"https://waterbalancetools.com/entities/oxidation","ENTITY","has_h1","DefinedTerm;DefinedTermSet;BreadcrumbList;ListItem","DefinedTerm;BreadcrumbList","COMPLETE","","","generator","see PRODUCTION-CHANGES.md","ENTITY"
"https://waterbalancetools.com/entities/ozone","ENTITY","has_h1","DefinedTerm;DefinedTermSet;BreadcrumbList;ListItem","DefinedTerm;BreadcrumbList","COMPLETE","","","generator","see PRODUCTION-CHANGES.md","ENTITY"
"https://waterbalancetools.com/entities/ph","ENTITY","has_h1","DefinedTerm;DefinedTermSet;BreadcrumbList;ListItem","DefinedTerm;BreadcrumbList","COMPLETE","","","generator","see PRODUCTION-CHANGES.md","ENTITY"
"https://waterbalancetools.com/entities/phosphate","ENTITY","has_h1","DefinedTerm;DefinedTermSet;BreadcrumbList;ListItem","DefinedTerm;BreadcrumbList","COMPLETE","","","generator","see PRODUCTION-CHANGES.md","ENTITY"
"https://waterbalancetools.com/entities/phta","ENTITY","has_h1","DefinedTerm;DefinedTermSet;BreadcrumbList;ListItem","DefinedTerm;BreadcrumbList","COMPLETE","","","generator","see PRODUCTION-CHANGES.md","ENTITY"
"https://waterbalancetools.com/entities/pool-opening","ENTITY","has_h1","DefinedTerm;DefinedTermSet;BreadcrumbList;ListItem","DefinedTerm;BreadcrumbList","COMPLETE","","","generator","see PRODUCTION-CHANGES.md","ENTITY"
"https://waterbalancetools.com/entities/pool-salt","ENTITY","has_h1","DefinedTerm;DefinedTermSet;BreadcrumbList;ListItem","DefinedTerm;BreadcrumbList","COMPLETE","","","generator","see PRODUCTION-CHANGES.md","ENTITY"
"https://waterbalancetools.com/entities/ppm","ENTITY","has_h1","DefinedTerm;DefinedTermSet;BreadcrumbList;ListItem","DefinedTerm;BreadcrumbList","COMPLETE","","","generator","see PRODUCTION-CHANGES.md","ENTITY"
"https://waterbalancetools.com/entities/pump","ENTITY","has_h1","DefinedTerm;DefinedTermSet;BreadcrumbList;ListItem","DefinedTerm;BreadcrumbList","COMPLETE","","","generator","see PRODUCTION-CHANGES.md","ENTITY"
"https://waterbalancetools.com/entities/salt-chlorinator","ENTITY","has_h1","DefinedTerm;DefinedTermSet;BreadcrumbList;ListItem","DefinedTerm;BreadcrumbList","COMPLETE","","","generator","see PRODUCTION-CHANGES.md","ENTITY"
"https://waterbalancetools.com/entities/salt","ENTITY","has_h1","DefinedTerm;DefinedTermSet;BreadcrumbList;ListItem","DefinedTerm;BreadcrumbList","COMPLETE","","","generator","see PRODUCTION-CHANGES.md","ENTITY"
"https://waterbalancetools.com/entities/saltwater-pool","ENTITY","has_h1","DefinedTerm;DefinedTermSet;BreadcrumbList;ListItem","DefinedTerm;BreadcrumbList","COMPLETE","","","generator","see PRODUCTION-CHANGES.md","ENTITY"
"https://waterbalancetools.com/entities/sand-filter","ENTITY","has_h1","DefinedTerm;DefinedTermSet;BreadcrumbList;ListItem","DefinedTerm;BreadcrumbList","COMPLETE","","","generator","see PRODUCTION-CHANGES.md","ENTITY"
"https://waterbalancetools.com/entities/sanitizing","ENTITY","has_h1","DefinedTerm;DefinedTermSet;BreadcrumbList;ListItem","DefinedTerm;BreadcrumbList","COMPLETE","","","generator","see PRODUCTION-CHANGES.md","ENTITY"
"https://waterbalancetools.com/entities/scaling","ENTITY","has_h1","DefinedTerm;DefinedTermSet;BreadcrumbList;ListItem","DefinedTerm;BreadcrumbList","COMPLETE","","","generator","see PRODUCTION-CHANGES.md","ENTITY"
"https://waterbalancetools.com/entities/shock-treatment","ENTITY","has_h1","DefinedTerm;DefinedTermSet;BreadcrumbList;ListItem","DefinedTerm;BreadcrumbList","COMPLETE","","","generator","see PRODUCTION-CHANGES.md","ENTITY"
"https://waterbalancetools.com/entities/skimmer","ENTITY","has_h1","DefinedTerm;DefinedTermSet;BreadcrumbList;ListItem","DefinedTerm;BreadcrumbList","COMPLETE","","","generator","see PRODUCTION-CHANGES.md","ENTITY"
"https://waterbalancetools.com/entities/skin-irritation","ENTITY","has_h1","DefinedTerm;DefinedTermSet;BreadcrumbList;ListItem","DefinedTerm;BreadcrumbList","COMPLETE","","","generator","see PRODUCTION-CHANGES.md","ENTITY"
"https://waterbalancetools.com/entities/soda-ash","ENTITY","has_h1","DefinedTerm;DefinedTermSet;BreadcrumbList;ListItem","DefinedTerm;BreadcrumbList","COMPLETE","","","generator","see PRODUCTION-CHANGES.md","ENTITY"
"https://waterbalancetools.com/entities/sodium-dichlor","ENTITY","has_h1","DefinedTerm;DefinedTermSet;BreadcrumbList;ListItem","DefinedTerm;BreadcrumbList","COMPLETE","","","generator","see PRODUCTION-CHANGES.md","ENTITY"
"https://waterbalancetools.com/entities/stabilizer","ENTITY","has_h1","DefinedTerm;DefinedTermSet;BreadcrumbList;ListItem","DefinedTerm;BreadcrumbList","COMPLETE","","","generator","see PRODUCTION-CHANGES.md","ENTITY"
"https://waterbalancetools.com/entities/strong-chlorine-smell","ENTITY","has_h1","DefinedTerm;DefinedTermSet;BreadcrumbList;ListItem","DefinedTerm;BreadcrumbList","COMPLETE","","","generator","see PRODUCTION-CHANGES.md","ENTITY"
"https://waterbalancetools.com/entities/swim-spa","ENTITY","has_h1","DefinedTerm;DefinedTermSet;BreadcrumbList;ListItem","DefinedTerm;BreadcrumbList","COMPLETE","","","generator","see PRODUCTION-CHANGES.md","ENTITY"
"https://waterbalancetools.com/entities/swimming-pool","ENTITY","has_h1","DefinedTerm;DefinedTermSet;BreadcrumbList;ListItem","DefinedTerm;BreadcrumbList","COMPLETE","","","generator","see PRODUCTION-CHANGES.md","ENTITY"
"https://waterbalancetools.com/entities/taylor-technologies","ENTITY","has_h1","DefinedTerm;DefinedTermSet;BreadcrumbList;ListItem","DefinedTerm;BreadcrumbList","COMPLETE","","","generator","see PRODUCTION-CHANGES.md","ENTITY"
"https://waterbalancetools.com/entities/temperature","ENTITY","has_h1","DefinedTerm;DefinedTermSet;BreadcrumbList;ListItem","DefinedTerm;BreadcrumbList","COMPLETE","","","generator","see PRODUCTION-CHANGES.md","ENTITY"
"https://waterbalancetools.com/entities/testing","ENTITY","has_h1","DefinedTerm;DefinedTermSet;BreadcrumbList;ListItem","DefinedTerm;BreadcrumbList","COMPLETE","","","generator","see PRODUCTION-CHANGES.md","ENTITY"
"https://waterbalancetools.com/entities/total-chlorine","ENTITY","has_h1","DefinedTerm;DefinedTermSet;BreadcrumbList;ListItem","DefinedTerm;BreadcrumbList","COMPLETE","","","generator","see PRODUCTION-CHANGES.md","ENTITY"
"https://waterbalancetools.com/entities/total-dissolved-solids","ENTITY","has_h1","DefinedTerm;DefinedTermSet;BreadcrumbList;ListItem","DefinedTerm;BreadcrumbList","COMPLETE","","","generator","see PRODUCTION-CHANGES.md","ENTITY"
"https://waterbalancetools.com/entities/trichlor-tablets","ENTITY","has_h1","DefinedTerm;DefinedTermSet;BreadcrumbList;ListItem","DefinedTerm;BreadcrumbList","COMPLETE","","","generator","see PRODUCTION-CHANGES.md","ENTITY"
"https://waterbalancetools.com/entities/turnover-time","ENTITY","has_h1","DefinedTerm;DefinedTermSet;BreadcrumbList;ListItem","DefinedTerm;BreadcrumbList","COMPLETE","","","generator","see PRODUCTION-CHANGES.md","ENTITY"
"https://waterbalancetools.com/entities/unit-celsius","ENTITY","has_h1","DefinedTerm;DefinedTermSet;BreadcrumbList;ListItem","DefinedTerm;BreadcrumbList","COMPLETE","","","generator","see PRODUCTION-CHANGES.md","ENTITY"
"https://waterbalancetools.com/entities/unit-days","ENTITY","has_h1","DefinedTerm;DefinedTermSet;BreadcrumbList;ListItem","DefinedTerm;BreadcrumbList","COMPLETE","","","generator","see PRODUCTION-CHANGES.md","ENTITY"
"https://waterbalancetools.com/entities/unit-fahrenheit","ENTITY","has_h1","DefinedTerm;DefinedTermSet;BreadcrumbList;ListItem","DefinedTerm;BreadcrumbList","COMPLETE","","","generator","see PRODUCTION-CHANGES.md","ENTITY"
"https://waterbalancetools.com/entities/unit-gallons","ENTITY","has_h1","DefinedTerm;DefinedTermSet;BreadcrumbList;ListItem","DefinedTerm;BreadcrumbList","COMPLETE","","","generator","see PRODUCTION-CHANGES.md","ENTITY"
"https://waterbalancetools.com/entities/unit-hours","ENTITY","has_h1","DefinedTerm;DefinedTermSet;BreadcrumbList;ListItem","DefinedTerm;BreadcrumbList","COMPLETE","","","generator","see PRODUCTION-CHANGES.md","ENTITY"
"https://waterbalancetools.com/entities/unit-liters","ENTITY","has_h1","DefinedTerm;DefinedTermSet;BreadcrumbList;ListItem","DefinedTerm;BreadcrumbList","COMPLETE","","","generator","see PRODUCTION-CHANGES.md","ENTITY"
"https://waterbalancetools.com/entities/unit-mg-l","ENTITY","has_h1","DefinedTerm;DefinedTermSet;BreadcrumbList;ListItem","DefinedTerm;BreadcrumbList","COMPLETE","","","generator","see PRODUCTION-CHANGES.md","ENTITY"
"https://waterbalancetools.com/entities/unit-minutes","ENTITY","has_h1","DefinedTerm;DefinedTermSet;BreadcrumbList;ListItem","DefinedTerm;BreadcrumbList","COMPLETE","","","generator","see PRODUCTION-CHANGES.md","ENTITY"
"https://waterbalancetools.com/entities/unit-months","ENTITY","has_h1","DefinedTerm;DefinedTermSet;BreadcrumbList;ListItem","DefinedTerm;BreadcrumbList","COMPLETE","","","generator","see PRODUCTION-CHANGES.md","ENTITY"
"https://waterbalancetools.com/entities/unit-ppm","ENTITY","has_h1","DefinedTerm;DefinedTermSet;BreadcrumbList;ListItem","DefinedTerm;BreadcrumbList","COMPLETE","","","generator","see PRODUCTION-CHANGES.md","ENTITY"
"https://waterbalancetools.com/entities/unit-weeks","ENTITY","has_h1","DefinedTerm;DefinedTermSet;BreadcrumbList;ListItem","DefinedTerm;BreadcrumbList","COMPLETE","","","generator","see PRODUCTION-CHANGES.md","ENTITY"
"https://waterbalancetools.com/entities/vacation-rental-checklist","ENTITY","has_h1","DefinedTerm;DefinedTermSet;BreadcrumbList;ListItem","DefinedTerm;BreadcrumbList","COMPLETE","","","generator","see PRODUCTION-CHANGES.md","ENTITY"
"https://waterbalancetools.com/entities/vinyl-pool","ENTITY","has_h1","DefinedTerm;DefinedTermSet;BreadcrumbList;ListItem","DefinedTerm;BreadcrumbList","COMPLETE","","","generator","see PRODUCTION-CHANGES.md","ENTITY"
"https://waterbalancetools.com/entities/water-replacement","ENTITY","has_h1","DefinedTerm;DefinedTermSet;BreadcrumbList;ListItem","DefinedTerm;BreadcrumbList","COMPLETE","","","generator","see PRODUCTION-CHANGES.md","ENTITY"
"https://waterbalancetools.com/entities/water-test-sheet","ENTITY","has_h1","DefinedTerm;DefinedTermSet;BreadcrumbList;ListItem","DefinedTerm;BreadcrumbList","COMPLETE","","","generator","see PRODUCTION-CHANGES.md","ENTITY"
"https://waterbalancetools.com/entities/winterization","ENTITY","has_h1","DefinedTerm;DefinedTermSet;BreadcrumbList;ListItem","DefinedTerm;BreadcrumbList","COMPLETE","","","generator","see PRODUCTION-CHANGES.md","ENTITY"
"https://waterbalancetools.com/formulas/alkalinity-formula","FORMULA","has_h1","HowTo;BreadcrumbList;ListItem","BreadcrumbList","COMPLETE","","","generator","see PRODUCTION-CHANGES.md","FORMULA"
"https://waterbalancetools.com/formulas/cya-formula","FORMULA","has_h1","HowTo;BreadcrumbList;ListItem","BreadcrumbList","COMPLETE","","","generator","see PRODUCTION-CHANGES.md","FORMULA"
"https://waterbalancetools.com/formulas/","FORMULA","has_h1","BreadcrumbList;ListItem","BreadcrumbList","COMPLETE","","","generator","see PRODUCTION-CHANGES.md","FORMULA"
"https://waterbalancetools.com/formulas/liquid-chlorine-formula","FORMULA","has_h1","HowTo;BreadcrumbList;ListItem","BreadcrumbList","COMPLETE","","","generator","see PRODUCTION-CHANGES.md","FORMULA"
"https://waterbalancetools.com/formulas/lsi-formula","FORMULA","has_h1","HowTo;BreadcrumbList;ListItem","BreadcrumbList","COMPLETE","","","generator","see PRODUCTION-CHANGES.md","FORMULA"
"https://waterbalancetools.com/formulas/ph-adjustment-formula","FORMULA","has_h1","HowTo;BreadcrumbList;ListItem","BreadcrumbList","COMPLETE","","","generator","see PRODUCTION-CHANGES.md","FORMULA"
"https://waterbalancetools.com/formulas/pool-volume-formula","FORMULA","has_h1","HowTo;BreadcrumbList;ListItem","BreadcrumbList","COMPLETE","","","generator","see PRODUCTION-CHANGES.md","FORMULA"
"https://waterbalancetools.com/formulas/salt-formula","FORMULA","has_h1","HowTo;BreadcrumbList;ListItem","BreadcrumbList","COMPLETE","","","generator","see PRODUCTION-CHANGES.md","FORMULA"
"https://waterbalancetools.com/formulas/shock-formula","FORMULA","has_h1","HowTo;BreadcrumbList;ListItem","BreadcrumbList","COMPLETE","","","generator","see PRODUCTION-CHANGES.md","FORMULA"
"https://waterbalancetools.com/formulas/turnover-formula","FORMULA","has_h1","HowTo;BreadcrumbList;ListItem","BreadcrumbList","COMPLETE","","","generator","see PRODUCTION-CHANGES.md","FORMULA"
"https://waterbalancetools.com/glossary/aggressive-water","GLOSSARY","has_h1","DefinedTerm;BreadcrumbList;ListItem","DefinedTerm;BreadcrumbList","COMPLETE","","","generator","see PRODUCTION-CHANGES.md","GLOSSARY"
"https://waterbalancetools.com/glossary/algae-bloom","GLOSSARY","has_h1","DefinedTerm;BreadcrumbList;ListItem","DefinedTerm;BreadcrumbList","COMPLETE","","","generator","see PRODUCTION-CHANGES.md","GLOSSARY"
"https://waterbalancetools.com/glossary/algaecide","GLOSSARY","has_h1","DefinedTerm;BreadcrumbList;ListItem","DefinedTerm;BreadcrumbList","COMPLETE","","","generator","see PRODUCTION-CHANGES.md","GLOSSARY"
"https://waterbalancetools.com/glossary/ammonia","GLOSSARY","has_h1","DefinedTerm;BreadcrumbList;ListItem","DefinedTerm;BreadcrumbList","COMPLETE","","","generator","see PRODUCTION-CHANGES.md","GLOSSARY"
"https://waterbalancetools.com/glossary/backwashing","GLOSSARY","has_h1","DefinedTerm;BreadcrumbList;ListItem","DefinedTerm;BreadcrumbList","COMPLETE","","","generator","see PRODUCTION-CHANGES.md","GLOSSARY"
"https://waterbalancetools.com/glossary/bather-load","GLOSSARY","has_h1","DefinedTerm;BreadcrumbList;ListItem","DefinedTerm;BreadcrumbList","COMPLETE","","","generator","see PRODUCTION-CHANGES.md","GLOSSARY"
"https://waterbalancetools.com/glossary/bcdmh","GLOSSARY","has_h1","DefinedTerm;BreadcrumbList;ListItem","DefinedTerm;BreadcrumbList","COMPLETE","","","generator","see PRODUCTION-CHANGES.md","GLOSSARY"
"https://waterbalancetools.com/glossary/bicarbonate-alkalinity","GLOSSARY","has_h1","DefinedTerm;BreadcrumbList;ListItem","DefinedTerm;BreadcrumbList","COMPLETE","","","generator","see PRODUCTION-CHANGES.md","GLOSSARY"
"https://waterbalancetools.com/glossary/biofilm","GLOSSARY","has_h1","DefinedTerm;BreadcrumbList;ListItem","DefinedTerm;BreadcrumbList","COMPLETE","","","generator","see PRODUCTION-CHANGES.md","GLOSSARY"
"https://waterbalancetools.com/glossary/black-algae","GLOSSARY","has_h1","DefinedTerm;BreadcrumbList;ListItem","DefinedTerm;BreadcrumbList","COMPLETE","","","generator","see PRODUCTION-CHANGES.md","GLOSSARY"
"https://waterbalancetools.com/glossary/breakpoint-chlorination","GLOSSARY","has_h1","DefinedTerm;BreadcrumbList;ListItem","DefinedTerm;BreadcrumbList","COMPLETE","","","generator","see PRODUCTION-CHANGES.md","GLOSSARY"
"https://waterbalancetools.com/glossary/breakpoint-dose","GLOSSARY","has_h1","DefinedTerm;BreadcrumbList;ListItem","DefinedTerm;BreadcrumbList","COMPLETE","","","generator","see PRODUCTION-CHANGES.md","GLOSSARY"
"https://waterbalancetools.com/glossary/bromine","GLOSSARY","has_h1","DefinedTerm;BreadcrumbList;ListItem","DefinedTerm;BreadcrumbList","COMPLETE","","","generator","see PRODUCTION-CHANGES.md","GLOSSARY"
"https://waterbalancetools.com/glossary/calcium-hardness","GLOSSARY","has_h1","DefinedTerm;BreadcrumbList;ListItem","DefinedTerm;BreadcrumbList","COMPLETE","","","generator","see PRODUCTION-CHANGES.md","GLOSSARY"
"https://waterbalancetools.com/glossary/calcium-hypochlorite","GLOSSARY","has_h1","DefinedTerm;BreadcrumbList;ListItem","DefinedTerm;BreadcrumbList","COMPLETE","","","generator","see PRODUCTION-CHANGES.md","GLOSSARY"
"https://waterbalancetools.com/glossary/carbon-dioxide","GLOSSARY","has_h1","DefinedTerm;BreadcrumbList;ListItem","DefinedTerm;BreadcrumbList","COMPLETE","","","generator","see PRODUCTION-CHANGES.md","GLOSSARY"
"https://waterbalancetools.com/glossary/cartridge-filter","GLOSSARY","has_h1","DefinedTerm;BreadcrumbList;ListItem","DefinedTerm;BreadcrumbList","COMPLETE","","","generator","see PRODUCTION-CHANGES.md","GLOSSARY"
"https://waterbalancetools.com/glossary/chemical-compatibility","GLOSSARY","has_h1","DefinedTerm;BreadcrumbList;ListItem","DefinedTerm;BreadcrumbList","COMPLETE","","","generator","see PRODUCTION-CHANGES.md","GLOSSARY"
"https://waterbalancetools.com/glossary/chemical-log","GLOSSARY","has_h1","DefinedTerm;BreadcrumbList;ListItem","DefinedTerm;BreadcrumbList","COMPLETE","","","generator","see PRODUCTION-CHANGES.md","GLOSSARY"
"https://waterbalancetools.com/glossary/chemical-storage","GLOSSARY","has_h1","DefinedTerm;BreadcrumbList;ListItem","DefinedTerm;BreadcrumbList","COMPLETE","","","generator","see PRODUCTION-CHANGES.md","GLOSSARY"
"https://waterbalancetools.com/glossary/chloramine","GLOSSARY","has_h1","DefinedTerm;BreadcrumbList;ListItem","DefinedTerm;BreadcrumbList","COMPLETE","","","generator","see PRODUCTION-CHANGES.md","GLOSSARY"
"https://waterbalancetools.com/glossary/chlorine-demand","GLOSSARY","has_h1","DefinedTerm;BreadcrumbList;ListItem","DefinedTerm;BreadcrumbList","COMPLETE","","","generator","see PRODUCTION-CHANGES.md","GLOSSARY"
"https://waterbalancetools.com/glossary/chlorine-stabilizer","GLOSSARY","has_h1","DefinedTerm;BreadcrumbList;ListItem","DefinedTerm;BreadcrumbList","COMPLETE","","","generator","see PRODUCTION-CHANGES.md","GLOSSARY"
"https://waterbalancetools.com/glossary/clarifier","GLOSSARY","has_h1","DefinedTerm;BreadcrumbList;ListItem","DefinedTerm;BreadcrumbList","COMPLETE","","","generator","see PRODUCTION-CHANGES.md","GLOSSARY"
"https://waterbalancetools.com/glossary/closing-chemical-kit","GLOSSARY","has_h1","DefinedTerm;BreadcrumbList;ListItem","DefinedTerm;BreadcrumbList","COMPLETE","","","generator","see PRODUCTION-CHANGES.md","GLOSSARY"
"https://waterbalancetools.com/glossary/colorimetric-test","GLOSSARY","has_h1","DefinedTerm;BreadcrumbList;ListItem","DefinedTerm;BreadcrumbList","COMPLETE","","","generator","see PRODUCTION-CHANGES.md","GLOSSARY"
"https://waterbalancetools.com/glossary/combined-chlorine","GLOSSARY","has_h1","DefinedTerm;BreadcrumbList;ListItem","DefinedTerm;BreadcrumbList","COMPLETE","","","generator","see PRODUCTION-CHANGES.md","GLOSSARY"
"https://waterbalancetools.com/glossary/conductivity","GLOSSARY","has_h1","DefinedTerm;BreadcrumbList;ListItem","DefinedTerm;BreadcrumbList","COMPLETE","","","generator","see PRODUCTION-CHANGES.md","GLOSSARY"
"https://waterbalancetools.com/glossary/copper","GLOSSARY","has_h1","DefinedTerm;BreadcrumbList;ListItem","DefinedTerm;BreadcrumbList","COMPLETE","","","generator","see PRODUCTION-CHANGES.md","GLOSSARY"
"https://waterbalancetools.com/glossary/cyanuric-acid","GLOSSARY","has_h1","DefinedTerm;BreadcrumbList;ListItem","DefinedTerm;BreadcrumbList","COMPLETE","","","generator","see PRODUCTION-CHANGES.md","GLOSSARY"
"https://waterbalancetools.com/glossary/de-filter","GLOSSARY","has_h1","DefinedTerm;BreadcrumbList;ListItem","DefinedTerm;BreadcrumbList","COMPLETE","","","generator","see PRODUCTION-CHANGES.md","GLOSSARY"
"https://waterbalancetools.com/glossary/dead-algae","GLOSSARY","has_h1","DefinedTerm;BreadcrumbList;ListItem","DefinedTerm;BreadcrumbList","COMPLETE","","","generator","see PRODUCTION-CHANGES.md","GLOSSARY"
"https://waterbalancetools.com/glossary/dichlor","GLOSSARY","has_h1","DefinedTerm;BreadcrumbList;ListItem","DefinedTerm;BreadcrumbList","COMPLETE","","","generator","see PRODUCTION-CHANGES.md","GLOSSARY"
"https://waterbalancetools.com/glossary/dilution","GLOSSARY","has_h1","DefinedTerm;BreadcrumbList;ListItem","DefinedTerm;BreadcrumbList","COMPLETE","","","generator","see PRODUCTION-CHANGES.md","GLOSSARY"
"https://waterbalancetools.com/glossary/dpd-test","GLOSSARY","has_h1","DefinedTerm;BreadcrumbList;ListItem","DefinedTerm;BreadcrumbList","COMPLETE","","","generator","see PRODUCTION-CHANGES.md","GLOSSARY"
"https://waterbalancetools.com/glossary/evaporation","GLOSSARY","has_h1","DefinedTerm;BreadcrumbList;ListItem","DefinedTerm;BreadcrumbList","COMPLETE","","","generator","see PRODUCTION-CHANGES.md","GLOSSARY"
"https://waterbalancetools.com/glossary/filter-pressure","GLOSSARY","has_h1","DefinedTerm;BreadcrumbList;ListItem","DefinedTerm;BreadcrumbList","COMPLETE","","","generator","see PRODUCTION-CHANGES.md","GLOSSARY"
"https://waterbalancetools.com/glossary/flocculant","GLOSSARY","has_h1","DefinedTerm;BreadcrumbList;ListItem","DefinedTerm;BreadcrumbList","COMPLETE","","","generator","see PRODUCTION-CHANGES.md","GLOSSARY"
"https://waterbalancetools.com/glossary/free-chlorine","GLOSSARY","has_h1","DefinedTerm;BreadcrumbList;ListItem","DefinedTerm;BreadcrumbList","COMPLETE","","","generator","see PRODUCTION-CHANGES.md","GLOSSARY"
"https://waterbalancetools.com/glossary/gpm","GLOSSARY","has_h1","DefinedTerm;BreadcrumbList;ListItem","DefinedTerm;BreadcrumbList","COMPLETE","","","generator","see PRODUCTION-CHANGES.md","GLOSSARY"
"https://waterbalancetools.com/glossary/green-algae","GLOSSARY","has_h1","DefinedTerm;BreadcrumbList;ListItem","DefinedTerm;BreadcrumbList","COMPLETE","","","generator","see PRODUCTION-CHANGES.md","GLOSSARY"
"https://waterbalancetools.com/glossary/hypochlorous-acid","GLOSSARY","has_h1","DefinedTerm;BreadcrumbList;ListItem","DefinedTerm;BreadcrumbList","COMPLETE","","","generator","see PRODUCTION-CHANGES.md","GLOSSARY"
"https://waterbalancetools.com/glossary/","HUB_INDEX","has_h1","BreadcrumbList;ListItem","BreadcrumbList","COMPLETE","","","generator","see PRODUCTION-CHANGES.md","HUB_INDEX"
"https://waterbalancetools.com/glossary/iron","GLOSSARY","has_h1","DefinedTerm;BreadcrumbList;ListItem","DefinedTerm;BreadcrumbList","COMPLETE","","","generator","see PRODUCTION-CHANGES.md","GLOSSARY"
"https://waterbalancetools.com/glossary/langelier-saturation-","GLOSSARY","has_h1","DefinedTerm;BreadcrumbList;ListItem","DefinedTerm;BreadcrumbList","COMPLETE","","","generator","see PRODUCTION-CHANGES.md","GLOSSARY"
"https://waterbalancetools.com/glossary/main-drain","GLOSSARY","has_h1","DefinedTerm;BreadcrumbList;ListItem","DefinedTerm;BreadcrumbList","COMPLETE","","","generator","see PRODUCTION-CHANGES.md","GLOSSARY"
"https://waterbalancetools.com/glossary/metal-sequestrant","GLOSSARY","has_h1","DefinedTerm;BreadcrumbList;ListItem","DefinedTerm;BreadcrumbList","COMPLETE","","","generator","see PRODUCTION-CHANGES.md","GLOSSARY"
"https://waterbalancetools.com/glossary/multiport-valve","GLOSSARY","has_h1","DefinedTerm;BreadcrumbList;ListItem","DefinedTerm;BreadcrumbList","COMPLETE","","","generator","see PRODUCTION-CHANGES.md","GLOSSARY"
"https://waterbalancetools.com/glossary/muriatic-acid","GLOSSARY","has_h1","DefinedTerm;BreadcrumbList;ListItem","DefinedTerm;BreadcrumbList","COMPLETE","","","generator","see PRODUCTION-CHANGES.md","GLOSSARY"
"https://waterbalancetools.com/glossary/mustard-algae","GLOSSARY","has_h1","DefinedTerm;BreadcrumbList;ListItem","DefinedTerm;BreadcrumbList","COMPLETE","","","generator","see PRODUCTION-CHANGES.md","GLOSSARY"
"https://waterbalancetools.com/glossary/opening-chemical-kit","GLOSSARY","has_h1","DefinedTerm;BreadcrumbList;ListItem","DefinedTerm;BreadcrumbList","COMPLETE","","","generator","see PRODUCTION-CHANGES.md","GLOSSARY"
"https://waterbalancetools.com/glossary/orp","GLOSSARY","has_h1","DefinedTerm;BreadcrumbList;ListItem","DefinedTerm;BreadcrumbList","COMPLETE","","","generator","see PRODUCTION-CHANGES.md","GLOSSARY"
"https://waterbalancetools.com/glossary/oto-test","GLOSSARY","has_h1","DefinedTerm;BreadcrumbList;ListItem","DefinedTerm;BreadcrumbList","COMPLETE","","","generator","see PRODUCTION-CHANGES.md","GLOSSARY"
"https://waterbalancetools.com/glossary/oxidizer","GLOSSARY","has_h1","DefinedTerm;BreadcrumbList;ListItem","DefinedTerm;BreadcrumbList","COMPLETE","","","generator","see PRODUCTION-CHANGES.md","GLOSSARY"
"https://waterbalancetools.com/glossary/ozone","GLOSSARY","has_h1","DefinedTerm;BreadcrumbList;ListItem","DefinedTerm;BreadcrumbList","COMPLETE","","","generator","see PRODUCTION-CHANGES.md","GLOSSARY"
"https://waterbalancetools.com/glossary/partial-drain","GLOSSARY","has_h1","DefinedTerm;BreadcrumbList;ListItem","DefinedTerm;BreadcrumbList","COMPLETE","","","generator","see PRODUCTION-CHANGES.md","GLOSSARY"
"https://waterbalancetools.com/glossary/parts-per-million","GLOSSARY","has_h1","DefinedTerm;BreadcrumbList;ListItem","DefinedTerm;BreadcrumbList","COMPLETE","","","generator","see PRODUCTION-CHANGES.md","GLOSSARY"
"https://waterbalancetools.com/glossary/ph-bounce","GLOSSARY","has_h1","DefinedTerm;BreadcrumbList;ListItem","DefinedTerm;BreadcrumbList","COMPLETE","","","generator","see PRODUCTION-CHANGES.md","GLOSSARY"
"https://waterbalancetools.com/glossary/ph-increaser","GLOSSARY","has_h1","DefinedTerm;BreadcrumbList;ListItem","DefinedTerm;BreadcrumbList","COMPLETE","","","generator","see PRODUCTION-CHANGES.md","GLOSSARY"
"https://waterbalancetools.com/glossary/ph","GLOSSARY","has_h1","DefinedTerm;BreadcrumbList;ListItem","DefinedTerm;BreadcrumbList","COMPLETE","","","generator","see PRODUCTION-CHANGES.md","GLOSSARY"
"https://waterbalancetools.com/glossary/phosphates","GLOSSARY","has_h1","DefinedTerm;BreadcrumbList;ListItem","DefinedTerm;BreadcrumbList","COMPLETE","","","generator","see PRODUCTION-CHANGES.md","GLOSSARY"
"https://waterbalancetools.com/glossary/pink-slime","GLOSSARY","has_h1","DefinedTerm;BreadcrumbList;ListItem","DefinedTerm;BreadcrumbList","COMPLETE","","","generator","see PRODUCTION-CHANGES.md","GLOSSARY"
"https://waterbalancetools.com/glossary/pool-chemistry-reference","GLOSSARY","has_h1","DefinedTerm;BreadcrumbList;ListItem","DefinedTerm;BreadcrumbList","COMPLETE","","","generator","see PRODUCTION-CHANGES.md","GLOSSARY"
"https://waterbalancetools.com/glossary/pool-maintenance-schedule","GLOSSARY","has_h1","DefinedTerm;BreadcrumbList;ListItem","DefinedTerm;BreadcrumbList","COMPLETE","","","generator","see PRODUCTION-CHANGES.md","GLOSSARY"
"https://waterbalancetools.com/glossary/pool-pump","GLOSSARY","has_h1","DefinedTerm;BreadcrumbList;ListItem","DefinedTerm;BreadcrumbList","COMPLETE","","","generator","see PRODUCTION-CHANGES.md","GLOSSARY"
"https://waterbalancetools.com/glossary/pool-safety-equipment","GLOSSARY","has_h1","DefinedTerm;BreadcrumbList;ListItem","DefinedTerm;BreadcrumbList","COMPLETE","","","generator","see PRODUCTION-CHANGES.md","GLOSSARY"
"https://waterbalancetools.com/glossary/pool-shock-schedule","GLOSSARY","has_h1","DefinedTerm;BreadcrumbList;ListItem","DefinedTerm;BreadcrumbList","COMPLETE","","","generator","see PRODUCTION-CHANGES.md","GLOSSARY"
"https://waterbalancetools.com/glossary/pool-turnover-rate","GLOSSARY","has_h1","DefinedTerm;BreadcrumbList;ListItem","DefinedTerm;BreadcrumbList","COMPLETE","","","generator","see PRODUCTION-CHANGES.md","GLOSSARY"
"https://waterbalancetools.com/glossary/pool-volume-reference","GLOSSARY","has_h1","DefinedTerm;BreadcrumbList;ListItem","DefinedTerm;BreadcrumbList","COMPLETE","","","generator","see PRODUCTION-CHANGES.md","GLOSSARY"
"https://waterbalancetools.com/glossary/pool-volume","GLOSSARY","has_h1","DefinedTerm;BreadcrumbList;ListItem","DefinedTerm;BreadcrumbList","COMPLETE","","","generator","see PRODUCTION-CHANGES.md","GLOSSARY"
"https://waterbalancetools.com/glossary/pressure-gauge","GLOSSARY","has_h1","DefinedTerm;BreadcrumbList;ListItem","DefinedTerm;BreadcrumbList","COMPLETE","","","generator","see PRODUCTION-CHANGES.md","GLOSSARY"
"https://waterbalancetools.com/glossary/pump-turnover","GLOSSARY","has_h1","DefinedTerm;BreadcrumbList;ListItem","DefinedTerm;BreadcrumbList","COMPLETE","","","generator","see PRODUCTION-CHANGES.md","GLOSSARY"
"https://waterbalancetools.com/glossary/reagent","GLOSSARY","has_h1","DefinedTerm;BreadcrumbList;ListItem","DefinedTerm;BreadcrumbList","COMPLETE","","","generator","see PRODUCTION-CHANGES.md","GLOSSARY"
"https://waterbalancetools.com/glossary/return-jet","GLOSSARY","has_h1","DefinedTerm;BreadcrumbList;ListItem","DefinedTerm;BreadcrumbList","COMPLETE","","","generator","see PRODUCTION-CHANGES.md","GLOSSARY"
"https://waterbalancetools.com/glossary/salt-chlorination","GLOSSARY","has_h1","DefinedTerm;BreadcrumbList;ListItem","DefinedTerm;BreadcrumbList","COMPLETE","","","generator","see PRODUCTION-CHANGES.md","GLOSSARY"
"https://waterbalancetools.com/glossary/sand-filter","GLOSSARY","has_h1","DefinedTerm;BreadcrumbList;ListItem","DefinedTerm;BreadcrumbList","COMPLETE","","","generator","see PRODUCTION-CHANGES.md","GLOSSARY"
"https://waterbalancetools.com/glossary/sanitizer","GLOSSARY","has_h1","DefinedTerm;BreadcrumbList;ListItem","DefinedTerm;BreadcrumbList","COMPLETE","","","generator","see PRODUCTION-CHANGES.md","GLOSSARY"
"https://waterbalancetools.com/glossary/saturated-ph","GLOSSARY","has_h1","DefinedTerm;BreadcrumbList;ListItem","DefinedTerm;BreadcrumbList","COMPLETE","","","generator","see PRODUCTION-CHANGES.md","GLOSSARY"
"https://waterbalancetools.com/glossary/saturation-","GLOSSARY","has_h1","DefinedTerm;BreadcrumbList;ListItem","DefinedTerm;BreadcrumbList","COMPLETE","","","generator","see PRODUCTION-CHANGES.md","GLOSSARY"
"https://waterbalancetools.com/glossary/scale-inhibitor","GLOSSARY","has_h1","DefinedTerm;BreadcrumbList;ListItem","DefinedTerm;BreadcrumbList","COMPLETE","","","generator","see PRODUCTION-CHANGES.md","GLOSSARY"
"https://waterbalancetools.com/glossary/scaling-water","GLOSSARY","has_h1","DefinedTerm;BreadcrumbList;ListItem","DefinedTerm;BreadcrumbList","COMPLETE","","","generator","see PRODUCTION-CHANGES.md","GLOSSARY"
"https://waterbalancetools.com/glossary/shock-dosage","GLOSSARY","has_h1","DefinedTerm;BreadcrumbList;ListItem","DefinedTerm;BreadcrumbList","COMPLETE","","","generator","see PRODUCTION-CHANGES.md","GLOSSARY"
"https://waterbalancetools.com/glossary/shock","GLOSSARY","has_h1","DefinedTerm;BreadcrumbList;ListItem","DefinedTerm;BreadcrumbList","COMPLETE","","","generator","see PRODUCTION-CHANGES.md","GLOSSARY"
"https://waterbalancetools.com/glossary/skimmer","GLOSSARY","has_h1","DefinedTerm;BreadcrumbList;ListItem","DefinedTerm;BreadcrumbList","COMPLETE","","","generator","see PRODUCTION-CHANGES.md","GLOSSARY"
"https://waterbalancetools.com/glossary/sodium-bicarbonate","GLOSSARY","has_h1","DefinedTerm;BreadcrumbList;ListItem","DefinedTerm;BreadcrumbList","COMPLETE","","","generator","see PRODUCTION-CHANGES.md","GLOSSARY"
"https://waterbalancetools.com/glossary/sodium-bisulfate","GLOSSARY","has_h1","DefinedTerm;BreadcrumbList;ListItem","DefinedTerm;BreadcrumbList","COMPLETE","","","generator","see PRODUCTION-CHANGES.md","GLOSSARY"
"https://waterbalancetools.com/glossary/sodium-carbonate","GLOSSARY","has_h1","DefinedTerm;BreadcrumbList;ListItem","DefinedTerm;BreadcrumbList","COMPLETE","","","generator","see PRODUCTION-CHANGES.md","GLOSSARY"
"https://waterbalancetools.com/glossary/sodium-hypochlorite","GLOSSARY","has_h1","DefinedTerm;BreadcrumbList;ListItem","DefinedTerm;BreadcrumbList","COMPLETE","","","generator","see PRODUCTION-CHANGES.md","GLOSSARY"
"https://waterbalancetools.com/glossary/superchlorination","GLOSSARY","has_h1","DefinedTerm;BreadcrumbList;ListItem","DefinedTerm;BreadcrumbList","COMPLETE","","","generator","see PRODUCTION-CHANGES.md","GLOSSARY"
"https://waterbalancetools.com/glossary/test-strip","GLOSSARY","has_h1","DefinedTerm;BreadcrumbList;ListItem","DefinedTerm;BreadcrumbList","COMPLETE","","","generator","see PRODUCTION-CHANGES.md","GLOSSARY"
"https://waterbalancetools.com/glossary/total-alkalinity","GLOSSARY","has_h1","DefinedTerm;BreadcrumbList;ListItem","DefinedTerm;BreadcrumbList","COMPLETE","","","generator","see PRODUCTION-CHANGES.md","GLOSSARY"
"https://waterbalancetools.com/glossary/total-chlorine","GLOSSARY","has_h1","DefinedTerm;BreadcrumbList;ListItem","DefinedTerm;BreadcrumbList","COMPLETE","","","generator","see PRODUCTION-CHANGES.md","GLOSSARY"
"https://waterbalancetools.com/glossary/total-dissolved-solids","GLOSSARY","has_h1","DefinedTerm;BreadcrumbList;ListItem","DefinedTerm;BreadcrumbList","COMPLETE","","","generator","see PRODUCTION-CHANGES.md","GLOSSARY"
"https://waterbalancetools.com/glossary/total-hardness","GLOSSARY","has_h1","DefinedTerm;BreadcrumbList;ListItem","DefinedTerm;BreadcrumbList","COMPLETE","","","generator","see PRODUCTION-CHANGES.md","GLOSSARY"
"https://waterbalancetools.com/glossary/trichlor","GLOSSARY","has_h1","DefinedTerm;BreadcrumbList;ListItem","DefinedTerm;BreadcrumbList","COMPLETE","","","generator","see PRODUCTION-CHANGES.md","GLOSSARY"
"https://waterbalancetools.com/glossary/turbidity","GLOSSARY","has_h1","DefinedTerm;BreadcrumbList;ListItem","DefinedTerm;BreadcrumbList","COMPLETE","","","generator","see PRODUCTION-CHANGES.md","GLOSSARY"
"https://waterbalancetools.com/glossary/uv-sanitization","GLOSSARY","has_h1","DefinedTerm;BreadcrumbList;ListItem","DefinedTerm;BreadcrumbList","COMPLETE","","","generator","see PRODUCTION-CHANGES.md","GLOSSARY"
"https://waterbalancetools.com/glossary/water-balance-checklist","GLOSSARY","has_h1","DefinedTerm;BreadcrumbList;ListItem","DefinedTerm;BreadcrumbList","COMPLETE","","","generator","see PRODUCTION-CHANGES.md","GLOSSARY"
"https://waterbalancetools.com/glossary/water-temperature","GLOSSARY","has_h1","DefinedTerm;BreadcrumbList;ListItem","DefinedTerm;BreadcrumbList","COMPLETE","","","generator","see PRODUCTION-CHANGES.md","GLOSSARY"
"https://waterbalancetools.com/glossary/water-test-log","GLOSSARY","has_h1","DefinedTerm;BreadcrumbList;ListItem","DefinedTerm;BreadcrumbList","COMPLETE","","","generator","see PRODUCTION-CHANGES.md","GLOSSARY"
"https://waterbalancetools.com/glossary/winterization","GLOSSARY","has_h1","DefinedTerm;BreadcrumbList;ListItem","DefinedTerm;BreadcrumbList","COMPLETE","","","generator","see PRODUCTION-CHANGES.md","GLOSSARY"
"https://waterbalancetools.com/guides/advanced/chlorine-breakdown-sunlight","GUIDE","has_h1","FAQPage;Question;Answer;BreadcrumbList;ListItem","BreadcrumbList","COMPLETE","","","generator","see PRODUCTION-CHANGES.md","GUIDE"
"https://waterbalancetools.com/guides/advanced/chlorine-vs-saltwater","GUIDE","has_h1","FAQPage;Question;Answer;BreadcrumbList;ListItem","BreadcrumbList","COMPLETE","","","generator","see PRODUCTION-CHANGES.md","GUIDE"
"https://waterbalancetools.com/guides/advanced/cya-stabilizer-explained","GUIDE","has_h1","FAQPage;Question;Answer;BreadcrumbList;ListItem","BreadcrumbList","COMPLETE","","","generator","see PRODUCTION-CHANGES.md","GUIDE"
"https://waterbalancetools.com/guides/advanced/","GUIDE","has_h1","BreadcrumbList;ListItem;CollectionPage;ItemList;WebSite","BreadcrumbList","COMPLETE","","","generator","see PRODUCTION-CHANGES.md","GUIDE"
"https://waterbalancetools.com/guides/advanced/pool-chemistry-balance-explained","GUIDE","has_h1","FAQPage;Question;Answer;BreadcrumbList;ListItem","BreadcrumbList","COMPLETE","","","generator","see PRODUCTION-CHANGES.md","GUIDE"
"https://waterbalancetools.com/guides/alkalinity-guide","GUIDE","has_h1","BreadcrumbList;ListItem","BreadcrumbList","COMPLETE","","","generator","see PRODUCTION-CHANGES.md","GUIDE"
"https://waterbalancetools.com/guides/chlorine/chlorine-too-high-after-shocking","GUIDE","has_h1","BreadcrumbList;ListItem","BreadcrumbList","COMPLETE","","","generator","see PRODUCTION-CHANGES.md","GUIDE"
"https://waterbalancetools.com/guides/chlorine/free-chlorine-vs-total-chlorine","GUIDE","has_h1","BreadcrumbList;ListItem","BreadcrumbList","COMPLETE","","","generator","see PRODUCTION-CHANGES.md","GUIDE"
"https://waterbalancetools.com/guides/chlorine/how-often-should-i-shock-my-pool","GUIDE","has_h1","BreadcrumbList;ListItem","BreadcrumbList","COMPLETE","","","generator","see PRODUCTION-CHANGES.md","GUIDE"
"https://waterbalancetools.com/guides/chlorine/","GUIDE","has_h1","BreadcrumbList;ListItem;CollectionPage;ItemList;WebSite","BreadcrumbList","COMPLETE","","","generator","see PRODUCTION-CHANGES.md","GUIDE"
"https://waterbalancetools.com/guides/chlorine/why-pool-chlorine-disappears-overnight","GUIDE","has_h1","BreadcrumbList;ListItem","BreadcrumbList","COMPLETE","","","generator","see PRODUCTION-CHANGES.md","GUIDE"
"https://waterbalancetools.com/guides/chlorine/why-pool-wont-hold-chlorine","GUIDE","has_h1","BreadcrumbList;ListItem","BreadcrumbList","COMPLETE","","","generator","see PRODUCTION-CHANGES.md","GUIDE"
"https://waterbalancetools.com/guides/chlorine-guide","GUIDE","has_h1","BreadcrumbList;ListItem","BreadcrumbList","COMPLETE","","","generator","see PRODUCTION-CHANGES.md","GUIDE"
"https://waterbalancetools.com/guides/edge-cases/high-cya-chlorine-lock","GUIDE","has_h1","BreadcrumbList;ListItem","BreadcrumbList","COMPLETE","","","generator","see PRODUCTION-CHANGES.md","GUIDE"
"https://waterbalancetools.com/guides/edge-cases/","GUIDE","has_h1","BreadcrumbList;ListItem;CollectionPage;ItemList;WebSite","BreadcrumbList","COMPLETE","","","generator","see PRODUCTION-CHANGES.md","GUIDE"
"https://waterbalancetools.com/guides/edge-cases/over-shocking-pool-effects","GUIDE","has_h1","BreadcrumbList;ListItem","BreadcrumbList","COMPLETE","","","generator","see PRODUCTION-CHANGES.md","GUIDE"
"https://waterbalancetools.com/guides/edge-cases/pool-temperature-effect-chlorine","GUIDE","has_h1","BreadcrumbList;ListItem","BreadcrumbList","COMPLETE","","","generator","see PRODUCTION-CHANGES.md","GUIDE"
"https://waterbalancetools.com/guides/edge-cases/rain-effect-on-pool-chemistry","GUIDE","has_h1","BreadcrumbList;ListItem","BreadcrumbList","COMPLETE","","","generator","see PRODUCTION-CHANGES.md","GUIDE"
"https://waterbalancetools.com/guides/edge-cases/swimming-after-shocking-pool","GUIDE","has_h1","BreadcrumbList;ListItem","BreadcrumbList","COMPLETE","","","generator","see PRODUCTION-CHANGES.md","GUIDE"
"https://waterbalancetools.com/guides/hot-tub/hot-tub-alkalinity-too-high","GUIDE","has_h1","BreadcrumbList;ListItem","BreadcrumbList","COMPLETE","","","generator","see PRODUCTION-CHANGES.md","GUIDE"
"https://waterbalancetools.com/guides/hot-tub/hot-tub-chlorine-too-high","GUIDE","has_h1","BreadcrumbList;ListItem","BreadcrumbList","COMPLETE","","","generator","see PRODUCTION-CHANGES.md","GUIDE"
"https://waterbalancetools.com/guides/hot-tub/hot-tub-chlorine-too-low","GUIDE","has_h1","BreadcrumbList;ListItem","BreadcrumbList","COMPLETE","","","generator","see PRODUCTION-CHANGES.md","GUIDE"
"https://waterbalancetools.com/guides/hot-tub/hot-tub-ph-too-low","GUIDE","has_h1","BreadcrumbList;ListItem","BreadcrumbList","COMPLETE","","","generator","see PRODUCTION-CHANGES.md","GUIDE"
"https://waterbalancetools.com/guides/hot-tub/how-often-to-shock-a-hot-tub","GUIDE","has_h1","BreadcrumbList;ListItem","BreadcrumbList","COMPLETE","","","generator","see PRODUCTION-CHANGES.md","GUIDE"
"https://waterbalancetools.com/guides/hot-tub/","GUIDE","has_h1","BreadcrumbList;ListItem;CollectionPage;ItemList;WebSite","BreadcrumbList","COMPLETE","","","generator","see PRODUCTION-CHANGES.md","GUIDE"
"https://waterbalancetools.com/guides/hot-tub-chemistry","GUIDE","has_h1","BreadcrumbList;ListItem","BreadcrumbList","COMPLETE","","","generator","see PRODUCTION-CHANGES.md","GUIDE"
"https://waterbalancetools.com/guides/hot-tub-maintenance","GUIDE","has_h1","BreadcrumbList;ListItem","BreadcrumbList","COMPLETE","","","generator","see PRODUCTION-CHANGES.md","GUIDE"
"https://waterbalancetools.com/guides/","GUIDE","has_h1","BreadcrumbList;ListItem;CollectionPage;ItemList;WebSite","BreadcrumbList","COMPLETE","","","generator","see PRODUCTION-CHANGES.md","GUIDE"
"https://waterbalancetools.com/guides/ph/can-you-swim-in-high-ph-water","GUIDE","has_h1","BreadcrumbList;ListItem","BreadcrumbList","COMPLETE","","","generator","see PRODUCTION-CHANGES.md","GUIDE"
"https://waterbalancetools.com/guides/ph/does-rain-lower-pool-ph","GUIDE","has_h1","BreadcrumbList;ListItem","BreadcrumbList","COMPLETE","","","generator","see PRODUCTION-CHANGES.md","GUIDE"
"https://waterbalancetools.com/guides/ph/how-to-lower-pool-ph","GUIDE","has_h1","BreadcrumbList;ListItem","BreadcrumbList","COMPLETE","","","generator","see PRODUCTION-CHANGES.md","GUIDE"
"https://waterbalancetools.com/guides/ph/","GUIDE","has_h1","BreadcrumbList;ListItem;CollectionPage;ItemList;WebSite","BreadcrumbList","COMPLETE","","","generator","see PRODUCTION-CHANGES.md","GUIDE"
"https://waterbalancetools.com/guides/ph/what-causes-high-pool-ph","GUIDE","has_h1","BreadcrumbList;ListItem","BreadcrumbList","COMPLETE","","","generator","see PRODUCTION-CHANGES.md","GUIDE"
"https://waterbalancetools.com/guides/ph/why-pool-ph-keeps-rising","GUIDE","has_h1","BreadcrumbList;ListItem","BreadcrumbList","COMPLETE","","","generator","see PRODUCTION-CHANGES.md","GUIDE"
"https://waterbalancetools.com/guides/ph-guide","GUIDE","has_h1","BreadcrumbList;ListItem","BreadcrumbList","COMPLETE","","","generator","see PRODUCTION-CHANGES.md","GUIDE"
"https://waterbalancetools.com/guides/pool-chemistry-basics","GUIDE","has_h1","BreadcrumbList;ListItem","BreadcrumbList","COMPLETE","","","generator","see PRODUCTION-CHANGES.md","GUIDE"
"https://waterbalancetools.com/guides/questions/can-rain-affect-pool-chemistry","GUIDE","has_h1","BreadcrumbList;ListItem;FAQPage;Question;Answer","BreadcrumbList","COMPLETE","","","generator","see PRODUCTION-CHANGES.md","GUIDE"
"https://waterbalancetools.com/guides/questions/can-you-swim-after-shocking-a-pool","GUIDE","has_h1","BreadcrumbList;ListItem;FAQPage;Question;Answer","BreadcrumbList","COMPLETE","","","generator","see PRODUCTION-CHANGES.md","GUIDE"
"https://waterbalancetools.com/guides/questions/","GUIDE","has_h1","BreadcrumbList;ListItem;CollectionPage;ItemList;WebSite","BreadcrumbList","COMPLETE","","","generator","see PRODUCTION-CHANGES.md","GUIDE"
"https://waterbalancetools.com/guides/questions/why-does-hot-tub-water-smell","GUIDE","has_h1","BreadcrumbList;ListItem;FAQPage;Question;Answer","BreadcrumbList","COMPLETE","","","generator","see PRODUCTION-CHANGES.md","GUIDE"
"https://waterbalancetools.com/guides/questions/why-does-pool-water-turn-cloudy","GUIDE","has_h1","BreadcrumbList;ListItem;FAQPage;Question;Answer","BreadcrumbList","COMPLETE","","","generator","see PRODUCTION-CHANGES.md","GUIDE"
"https://waterbalancetools.com/guides/questions/why-is-my-hot-tub-foamy","GUIDE","has_h1","BreadcrumbList;ListItem;FAQPage;Question;Answer","BreadcrumbList","COMPLETE","","","generator","see PRODUCTION-CHANGES.md","GUIDE"
"https://waterbalancetools.com/guides/questions/why-is-my-pool-green-but-chlorine-is-high","GUIDE","has_h1","BreadcrumbList;ListItem;FAQPage;Question;Answer","BreadcrumbList","COMPLETE","","","generator","see PRODUCTION-CHANGES.md","GUIDE"
"https://waterbalancetools.com/guides/seasonal/closing-pool-chemistry-winter","GUIDE","has_h1","BreadcrumbList;ListItem","BreadcrumbList","COMPLETE","","","generator","see PRODUCTION-CHANGES.md","GUIDE"
"https://waterbalancetools.com/guides/seasonal/","GUIDE","has_h1","BreadcrumbList;ListItem;CollectionPage;ItemList;WebSite","BreadcrumbList","COMPLETE","","","generator","see PRODUCTION-CHANGES.md","GUIDE"
"https://waterbalancetools.com/guides/seasonal/opening-pool-chemistry-checklist","GUIDE","has_h1","BreadcrumbList;ListItem","BreadcrumbList","COMPLETE","","","generator","see PRODUCTION-CHANGES.md","GUIDE"
"https://waterbalancetools.com/guides/seasonal/summer-high-chlorine-demand","GUIDE","has_h1","BreadcrumbList;ListItem","BreadcrumbList","COMPLETE","","","generator","see PRODUCTION-CHANGES.md","GUIDE"
"https://waterbalancetools.com/guides/seasonal/winter-pool-maintenance-chemistry","GUIDE","has_h1","BreadcrumbList;ListItem","BreadcrumbList","COMPLETE","","","generator","see PRODUCTION-CHANGES.md","GUIDE"
"https://waterbalancetools.com/hot-tub-chemical-levels-chart","ROOT_CHART_OR_UTILITY","has_h1","FAQPage;Question;Answer;BreadcrumbList;ListItem","BreadcrumbList","COMPLETE","","","generator","see PRODUCTION-CHANGES.md","ROOT_CHART_OR_UTILITY"
"https://waterbalancetools.com/hot-tub-chlorine-levels-chart","ROOT_CHART_OR_UTILITY","has_h1","FAQPage;Question;Answer;BreadcrumbList;ListItem","BreadcrumbList","COMPLETE","","","generator","see PRODUCTION-CHANGES.md","ROOT_CHART_OR_UTILITY"
"https://waterbalancetools.com/","HOME","has_h1","Organization;Place;WebSite;SearchAction;FAQPage;Question;Answer","Organization","COMPLETE","","","generator","see PRODUCTION-CHANGES.md","HOME"
"https://waterbalancetools.com/legal/","LEGAL","has_h1","BreadcrumbList;ListItem;CollectionPage;ItemList;WebSite","BreadcrumbList","COMPLETE","","","generator","see PRODUCTION-CHANGES.md","LEGAL"
"https://waterbalancetools.com/legal/legal","LEGAL","has_h1","BreadcrumbList;ListItem","BreadcrumbList","COMPLETE","","","generator","see PRODUCTION-CHANGES.md","LEGAL"
"https://waterbalancetools.com/legal/ownership","LEGAL","has_h1","BreadcrumbList;ListItem","BreadcrumbList","COMPLETE","","","generator","see PRODUCTION-CHANGES.md","LEGAL"
"https://waterbalancetools.com/maintenance/how-often-add-chlorine-pool","GUIDE","has_h1","FAQPage;Question;Answer;BreadcrumbList;ListItem","BreadcrumbList","COMPLETE","","","generator","see PRODUCTION-CHANGES.md","GUIDE"
"https://waterbalancetools.com/maintenance/how-to-balance-pool-water","GUIDE","has_h1","HowTo;HowToStep;BreadcrumbList;ListItem","BreadcrumbList","COMPLETE","","","generator","see PRODUCTION-CHANGES.md","GUIDE"
"https://waterbalancetools.com/maintenance/how-to-fix-cloudy-hot-tub","GUIDE","has_h1","BreadcrumbList;ListItem","BreadcrumbList","COMPLETE","","","generator","see PRODUCTION-CHANGES.md","GUIDE"
"https://waterbalancetools.com/maintenance/","GUIDE","has_h1","BreadcrumbList;ListItem;CollectionPage;ItemList;WebSite","BreadcrumbList","COMPLETE","","","generator","see PRODUCTION-CHANGES.md","GUIDE"
"https://waterbalancetools.com/methodology/calculation-assumptions/","POLICY_PAGE","has_h1","BreadcrumbList;ListItem;WebPage","WebPage;BreadcrumbList","COMPLETE","","","generator","see PRODUCTION-CHANGES.md","POLICY_PAGE"
"https://waterbalancetools.com/methodology/calculation-methodology/","POLICY_PAGE","has_h1","BreadcrumbList;ListItem;WebPage","WebPage;BreadcrumbList","COMPLETE","","","generator","see PRODUCTION-CHANGES.md","POLICY_PAGE"
"https://waterbalancetools.com/methodology/confidence-system/","POLICY_PAGE","has_h1","BreadcrumbList;ListItem;WebPage","WebPage;BreadcrumbList","COMPLETE","","","generator","see PRODUCTION-CHANGES.md","POLICY_PAGE"
"https://waterbalancetools.com/methodology/formula-selection/","POLICY_PAGE","has_h1","BreadcrumbList;ListItem;WebPage","WebPage;BreadcrumbList","COMPLETE","","","generator","see PRODUCTION-CHANGES.md","POLICY_PAGE"
"https://waterbalancetools.com/methodology/","POLICY_PAGE","has_h1","BreadcrumbList;ListItem;WebPage","WebPage;BreadcrumbList","COMPLETE","","","generator","see PRODUCTION-CHANGES.md","POLICY_PAGE"
"https://waterbalancetools.com/methodology/known-limitations/","POLICY_PAGE","has_h1","BreadcrumbList;ListItem;WebPage","WebPage;BreadcrumbList","COMPLETE","","","generator","see PRODUCTION-CHANGES.md","POLICY_PAGE"
"https://waterbalancetools.com/methodology/precision-policy/","POLICY_PAGE","has_h1","BreadcrumbList;ListItem;WebPage","WebPage;BreadcrumbList","COMPLETE","","","generator","see PRODUCTION-CHANGES.md","POLICY_PAGE"
"https://waterbalancetools.com/methodology/rounding-policy/","POLICY_PAGE","has_h1","BreadcrumbList;ListItem;WebPage","WebPage;BreadcrumbList","COMPLETE","","","generator","see PRODUCTION-CHANGES.md","POLICY_PAGE"
"https://waterbalancetools.com/pool-alkalinity-levels-chart","ROOT_CHART_OR_UTILITY","has_h1","FAQPage;Question;Answer;BreadcrumbList;ListItem","BreadcrumbList","COMPLETE","","","generator","see PRODUCTION-CHANGES.md","ROOT_CHART_OR_UTILITY"
"https://waterbalancetools.com/pool-chemical-levels-chart","ROOT_CHART_OR_UTILITY","has_h1","FAQPage;Question;Answer;BreadcrumbList;ListItem","BreadcrumbList","COMPLETE","","","generator","see PRODUCTION-CHANGES.md","ROOT_CHART_OR_UTILITY"
"https://waterbalancetools.com/pool-chemistry-system","ROOT_CHART_OR_UTILITY","has_h1","BreadcrumbList;ListItem","BreadcrumbList","COMPLETE","","","generator","see PRODUCTION-CHANGES.md","ROOT_CHART_OR_UTILITY"
"https://waterbalancetools.com/pool-chlorine-levels-chart","ROOT_CHART_OR_UTILITY","has_h1","FAQPage;Question;Answer;BreadcrumbList;ListItem","BreadcrumbList","COMPLETE","","","generator","see PRODUCTION-CHANGES.md","ROOT_CHART_OR_UTILITY"
"https://waterbalancetools.com/pool-cya-levels-chart","ROOT_CHART_OR_UTILITY","has_h1","FAQPage;Question;Answer;BreadcrumbList;ListItem","BreadcrumbList","COMPLETE","","","generator","see PRODUCTION-CHANGES.md","ROOT_CHART_OR_UTILITY"
"https://waterbalancetools.com/pool-ph-levels-chart","ROOT_CHART_OR_UTILITY","has_h1","FAQPage;Question;Answer;BreadcrumbList;ListItem","BreadcrumbList","COMPLETE","","","generator","see PRODUCTION-CHANGES.md","ROOT_CHART_OR_UTILITY"
"https://waterbalancetools.com/printable/maintenance-checklist","PRINTABLE","has_h1","WebPage;BreadcrumbList;ListItem","WebPage;BreadcrumbList","COMPLETE","","","static_hand_authored","see PRODUCTION-CHANGES.md","PRINTABLE"
"https://waterbalancetools.com/printables/airbnb-pool-turnover-checklist","PRINTABLE","has_h1","WebPage;BreadcrumbList;ListItem","WebPage;BreadcrumbList","COMPLETE","","","static_hand_authored","see PRODUCTION-CHANGES.md","PRINTABLE"
"https://waterbalancetools.com/printables/hot-tub-maintenance-log","PRINTABLE","has_h1","WebPage;BreadcrumbList;ListItem","WebPage;BreadcrumbList","COMPLETE","","","static_hand_authored","see PRODUCTION-CHANGES.md","PRINTABLE"
"https://waterbalancetools.com/printables/pool-maintenance-checklist","PRINTABLE","has_h1","WebPage;BreadcrumbList;ListItem","WebPage;BreadcrumbList","COMPLETE","","","static_hand_authored","see PRODUCTION-CHANGES.md","PRINTABLE"
"https://waterbalancetools.com/programmatic/behavior/how-often-to-shock-pool","PROGRAMMATIC_LONGTAIL","has_h1","WebApplication;Offer;FAQPage;Question;Answer;BreadcrumbList;ListItem","BreadcrumbList","COMPLETE","","","generator","see PRODUCTION-CHANGES.md","PROGRAMMATIC_LONGTAIL"
"https://waterbalancetools.com/programmatic/behavior/how-often-to-test-pool-water","PROGRAMMATIC_LONGTAIL","has_h1","WebApplication;Offer;FAQPage;Question;Answer;BreadcrumbList;ListItem","BreadcrumbList","COMPLETE","","","generator","see PRODUCTION-CHANGES.md","PROGRAMMATIC_LONGTAIL"
"https://waterbalancetools.com/programmatic/behavior/","PROGRAMMATIC_LONGTAIL","has_h1","BreadcrumbList;ListItem;CollectionPage;ItemList;WebSite","BreadcrumbList","COMPLETE","","","generator","see PRODUCTION-CHANGES.md","PROGRAMMATIC_LONGTAIL"
"https://waterbalancetools.com/programmatic/behavior/when-to-add-chlorine","PROGRAMMATIC_LONGTAIL","has_h1","WebApplication;Offer;FAQPage;Question;Answer;BreadcrumbList;ListItem","BreadcrumbList","COMPLETE","","","generator","see PRODUCTION-CHANGES.md","PROGRAMMATIC_LONGTAIL"
"https://waterbalancetools.com/programmatic/chlorine/how-much-chlorine-for-10000-gallon-pool","PROGRAMMATIC_LONGTAIL","has_h1","WebApplication;Offer;FAQPage;Question;Answer;BreadcrumbList;ListItem;HowTo;HowToStep","BreadcrumbList","COMPLETE","","","generator","see PRODUCTION-CHANGES.md","PROGRAMMATIC_LONGTAIL"
"https://waterbalancetools.com/programmatic/chlorine/how-much-chlorine-for-12000-gallon-pool","PROGRAMMATIC_LONGTAIL","has_h1","WebApplication;Offer;FAQPage;Question;Answer;BreadcrumbList;ListItem;HowTo;HowToStep","BreadcrumbList","COMPLETE","","","generator","see PRODUCTION-CHANGES.md","PROGRAMMATIC_LONGTAIL"
"https://waterbalancetools.com/programmatic/chlorine/how-much-chlorine-for-15000-gallon-pool","PROGRAMMATIC_LONGTAIL","has_h1","WebApplication;Offer;FAQPage;Question;Answer;BreadcrumbList;ListItem;HowTo;HowToStep","BreadcrumbList","COMPLETE","","","generator","see PRODUCTION-CHANGES.md","PROGRAMMATIC_LONGTAIL"
"https://waterbalancetools.com/programmatic/chlorine/how-much-chlorine-for-18000-gallon-pool","PROGRAMMATIC_LONGTAIL","has_h1","WebApplication;Offer;FAQPage;Question;Answer;BreadcrumbList;ListItem;HowTo;HowToStep","BreadcrumbList","COMPLETE","","","generator","see PRODUCTION-CHANGES.md","PROGRAMMATIC_LONGTAIL"
"https://waterbalancetools.com/programmatic/chlorine/how-much-chlorine-for-20000-gallon-pool","PROGRAMMATIC_LONGTAIL","has_h1","WebApplication;Offer;FAQPage;Question;Answer;BreadcrumbList;ListItem;HowTo;HowToStep","BreadcrumbList","COMPLETE","","","generator","see PRODUCTION-CHANGES.md","PROGRAMMATIC_LONGTAIL"
"https://waterbalancetools.com/programmatic/chlorine/how-much-chlorine-for-25000-gallon-pool","PROGRAMMATIC_LONGTAIL","has_h1","WebApplication;Offer;FAQPage;Question;Answer;BreadcrumbList;ListItem;HowTo;HowToStep","BreadcrumbList","COMPLETE","","","generator","see PRODUCTION-CHANGES.md","PROGRAMMATIC_LONGTAIL"
"https://waterbalancetools.com/programmatic/chlorine/how-much-chlorine-for-30000-gallon-pool","PROGRAMMATIC_LONGTAIL","has_h1","WebApplication;Offer;FAQPage;Question;Answer;BreadcrumbList;ListItem;HowTo;HowToStep","BreadcrumbList","COMPLETE","","","generator","see PRODUCTION-CHANGES.md","PROGRAMMATIC_LONGTAIL"
"https://waterbalancetools.com/programmatic/chlorine/how-much-chlorine-for-5000-gallon-pool","PROGRAMMATIC_LONGTAIL","has_h1","WebApplication;Offer;FAQPage;Question;Answer;BreadcrumbList;ListItem;HowTo;HowToStep","BreadcrumbList","COMPLETE","","","generator","see PRODUCTION-CHANGES.md","PROGRAMMATIC_LONGTAIL"
"https://waterbalancetools.com/programmatic/chlorine/how-much-chlorine-for-7000-gallon-pool","PROGRAMMATIC_LONGTAIL","has_h1","WebApplication;Offer;FAQPage;Question;Answer;BreadcrumbList;ListItem;HowTo;HowToStep","BreadcrumbList","COMPLETE","","","generator","see PRODUCTION-CHANGES.md","PROGRAMMATIC_LONGTAIL"
"https://waterbalancetools.com/programmatic/chlorine/how-much-chlorine-for-8000-gallon-pool","PROGRAMMATIC_LONGTAIL","has_h1","WebApplication;Offer;FAQPage;Question;Answer;BreadcrumbList;ListItem;HowTo;HowToStep","BreadcrumbList","COMPLETE","","","generator","see PRODUCTION-CHANGES.md","PROGRAMMATIC_LONGTAIL"
"https://waterbalancetools.com/programmatic/chlorine/how-much-chlorine-for-9000-gallon-pool","PROGRAMMATIC_LONGTAIL","has_h1","WebApplication;Offer;FAQPage;Question;Answer;BreadcrumbList;ListItem;HowTo;HowToStep","BreadcrumbList","COMPLETE","","","generator","see PRODUCTION-CHANGES.md","PROGRAMMATIC_LONGTAIL"
"https://waterbalancetools.com/programmatic/chlorine/","PROGRAMMATIC_LONGTAIL","has_h1","BreadcrumbList;ListItem;CollectionPage;ItemList;WebSite","BreadcrumbList","COMPLETE","","","generator","see PRODUCTION-CHANGES.md","PROGRAMMATIC_LONGTAIL"
"https://waterbalancetools.com/programmatic/explanations/","PROGRAMMATIC_LONGTAIL","has_h1","BreadcrumbList;ListItem;CollectionPage;ItemList;WebSite","BreadcrumbList","COMPLETE","","","generator","see PRODUCTION-CHANGES.md","PROGRAMMATIC_LONGTAIL"
"https://waterbalancetools.com/programmatic/explanations/what-is-pool-alkalinity","PROGRAMMATIC_LONGTAIL","has_h1","FAQPage;Question;Answer;BreadcrumbList;ListItem","BreadcrumbList","COMPLETE","","","generator","see PRODUCTION-CHANGES.md","PROGRAMMATIC_LONGTAIL"
"https://waterbalancetools.com/programmatic/explanations/why-ph-affects-chlorine","PROGRAMMATIC_LONGTAIL","has_h1","FAQPage;Question;Answer;BreadcrumbList;ListItem","BreadcrumbList","COMPLETE","","","generator","see PRODUCTION-CHANGES.md","PROGRAMMATIC_LONGTAIL"
"https://waterbalancetools.com/programmatic/explanations/why-shower-before-pool","PROGRAMMATIC_LONGTAIL","has_h1","FAQPage;Question;Answer;BreadcrumbList;ListItem","BreadcrumbList","COMPLETE","","","generator","see PRODUCTION-CHANGES.md","PROGRAMMATIC_LONGTAIL"
"https://waterbalancetools.com/programmatic/hot-tubs/hot-tub-chemicals-for-200-gallons","PROGRAMMATIC_LONGTAIL","has_h1","WebApplication;Offer;FAQPage;Question;Answer;BreadcrumbList;ListItem;HowTo;HowToStep","BreadcrumbList","COMPLETE","","","generator","see PRODUCTION-CHANGES.md","PROGRAMMATIC_LONGTAIL"
"https://waterbalancetools.com/programmatic/hot-tubs/hot-tub-chemicals-for-300-gallons","PROGRAMMATIC_LONGTAIL","has_h1","WebApplication;Offer;FAQPage;Question;Answer;BreadcrumbList;ListItem;HowTo;HowToStep","BreadcrumbList","COMPLETE","","","generator","see PRODUCTION-CHANGES.md","PROGRAMMATIC_LONGTAIL"
"https://waterbalancetools.com/programmatic/hot-tubs/hot-tub-chemicals-for-400-gallons","PROGRAMMATIC_LONGTAIL","has_h1","WebApplication;Offer;FAQPage;Question;Answer;BreadcrumbList;ListItem;HowTo;HowToStep","BreadcrumbList","COMPLETE","","","generator","see PRODUCTION-CHANGES.md","PROGRAMMATIC_LONGTAIL"
"https://waterbalancetools.com/programmatic/hot-tubs/hot-tub-chemicals-for-500-gallons","PROGRAMMATIC_LONGTAIL","has_h1","WebApplication;Offer;FAQPage;Question;Answer;BreadcrumbList;ListItem;HowTo;HowToStep","BreadcrumbList","COMPLETE","","","generator","see PRODUCTION-CHANGES.md","PROGRAMMATIC_LONGTAIL"
"https://waterbalancetools.com/programmatic/hot-tubs/hot-tub-chemicals-for-600-gallons","PROGRAMMATIC_LONGTAIL","has_h1","WebApplication;Offer;FAQPage;Question;Answer;BreadcrumbList;ListItem;HowTo;HowToStep","BreadcrumbList","COMPLETE","","","generator","see PRODUCTION-CHANGES.md","PROGRAMMATIC_LONGTAIL"
"https://waterbalancetools.com/programmatic/hot-tubs/","PROGRAMMATIC_LONGTAIL","has_h1","BreadcrumbList;ListItem;CollectionPage;ItemList;WebSite","BreadcrumbList","COMPLETE","","","generator","see PRODUCTION-CHANGES.md","PROGRAMMATIC_LONGTAIL"
"https://waterbalancetools.com/programmatic/","PROGRAMMATIC_LONGTAIL","has_h1","BreadcrumbList;ListItem;CollectionPage;ItemList;WebSite","BreadcrumbList","COMPLETE","","","generator","see PRODUCTION-CHANGES.md","PROGRAMMATIC_LONGTAIL"
"https://waterbalancetools.com/programmatic/ph/how-to-adjust-ph-from-6-8-to-7-2","PROGRAMMATIC_LONGTAIL","has_h1","WebApplication;Offer;FAQPage;Question;Answer;BreadcrumbList;ListItem;HowTo;HowToStep","BreadcrumbList","COMPLETE","","","generator","see PRODUCTION-CHANGES.md","PROGRAMMATIC_LONGTAIL"
"https://waterbalancetools.com/programmatic/ph/how-to-adjust-ph-from-7-8-to-7-4","PROGRAMMATIC_LONGTAIL","has_h1","WebApplication;Offer;FAQPage;Question;Answer;BreadcrumbList;ListItem;HowTo;HowToStep","BreadcrumbList","COMPLETE","","","generator","see PRODUCTION-CHANGES.md","PROGRAMMATIC_LONGTAIL"
"https://waterbalancetools.com/programmatic/ph/how-to-adjust-ph-from-7-to-7-4","PROGRAMMATIC_LONGTAIL","has_h1","WebApplication;Offer;FAQPage;Question;Answer;BreadcrumbList;ListItem;HowTo;HowToStep","BreadcrumbList","COMPLETE","","","generator","see PRODUCTION-CHANGES.md","PROGRAMMATIC_LONGTAIL"
"https://waterbalancetools.com/programmatic/ph/how-to-adjust-ph-from-8-to-7-5","PROGRAMMATIC_LONGTAIL","has_h1","WebApplication;Offer;FAQPage;Question;Answer;BreadcrumbList;ListItem;HowTo;HowToStep","BreadcrumbList","COMPLETE","","","generator","see PRODUCTION-CHANGES.md","PROGRAMMATIC_LONGTAIL"
"https://waterbalancetools.com/programmatic/ph/","PROGRAMMATIC_LONGTAIL","has_h1","BreadcrumbList;ListItem;CollectionPage;ItemList;WebSite","BreadcrumbList","COMPLETE","","","generator","see PRODUCTION-CHANGES.md","PROGRAMMATIC_LONGTAIL"
"https://waterbalancetools.com/programmatic/problems/cloudy-pool-fix","PROGRAMMATIC_LONGTAIL","has_h1","WebApplication;Offer;FAQPage;Question;Answer;HowTo;HowToStep;BreadcrumbList;ListItem","BreadcrumbList","COMPLETE","","","generator","see PRODUCTION-CHANGES.md","PROGRAMMATIC_LONGTAIL"
"https://waterbalancetools.com/programmatic/problems/green-pool-how-much-chlorine","PROGRAMMATIC_LONGTAIL","has_h1","WebApplication;Offer;FAQPage;Question;Answer;HowTo;HowToStep;BreadcrumbList;ListItem","BreadcrumbList","COMPLETE","","","generator","see PRODUCTION-CHANGES.md","PROGRAMMATIC_LONGTAIL"
"https://waterbalancetools.com/programmatic/problems/high-chlorine-how-to-lower","PROGRAMMATIC_LONGTAIL","has_h1","WebApplication;Offer;FAQPage;Question;Answer;HowTo;HowToStep;BreadcrumbList;ListItem","BreadcrumbList","COMPLETE","","","generator","see PRODUCTION-CHANGES.md","PROGRAMMATIC_LONGTAIL"
"https://waterbalancetools.com/programmatic/problems/","PROGRAMMATIC_LONGTAIL","has_h1","BreadcrumbList;ListItem;CollectionPage;ItemList;WebSite","BreadcrumbList","COMPLETE","","","generator","see PRODUCTION-CHANGES.md","PROGRAMMATIC_LONGTAIL"
"https://waterbalancetools.com/programmatic/problems/low-alkalinity-symptoms","PROGRAMMATIC_LONGTAIL","has_h1","WebApplication;Offer;FAQPage;Question;Answer;HowTo;HowToStep;BreadcrumbList;ListItem","BreadcrumbList","COMPLETE","","","generator","see PRODUCTION-CHANGES.md","PROGRAMMATIC_LONGTAIL"
"https://waterbalancetools.com/programmatic/shock/how-much-shock-for-10000-gallon-pool","PROGRAMMATIC_LONGTAIL","has_h1","WebApplication;Offer;FAQPage;Question;Answer;BreadcrumbList;ListItem;HowTo;HowToStep","BreadcrumbList","COMPLETE","","","generator","see PRODUCTION-CHANGES.md","PROGRAMMATIC_LONGTAIL"
"https://waterbalancetools.com/programmatic/shock/how-much-shock-for-15000-gallon-pool","PROGRAMMATIC_LONGTAIL","has_h1","WebApplication;Offer;FAQPage;Question;Answer;BreadcrumbList;ListItem;HowTo;HowToStep","BreadcrumbList","COMPLETE","","","generator","see PRODUCTION-CHANGES.md","PROGRAMMATIC_LONGTAIL"
"https://waterbalancetools.com/programmatic/shock/how-much-shock-for-20000-gallon-pool","PROGRAMMATIC_LONGTAIL","has_h1","WebApplication;Offer;FAQPage;Question;Answer;BreadcrumbList;ListItem;HowTo;HowToStep","BreadcrumbList","COMPLETE","","","generator","see PRODUCTION-CHANGES.md","PROGRAMMATIC_LONGTAIL"
"https://waterbalancetools.com/programmatic/shock/how-much-shock-for-25000-gallon-pool","PROGRAMMATIC_LONGTAIL","has_h1","WebApplication;Offer;FAQPage;Question;Answer;BreadcrumbList;ListItem;HowTo;HowToStep","BreadcrumbList","COMPLETE","","","generator","see PRODUCTION-CHANGES.md","PROGRAMMATIC_LONGTAIL"
"https://waterbalancetools.com/programmatic/shock/how-much-shock-for-30000-gallon-pool","PROGRAMMATIC_LONGTAIL","has_h1","WebApplication;Offer;FAQPage;Question;Answer;BreadcrumbList;ListItem;HowTo;HowToStep","BreadcrumbList","COMPLETE","","","generator","see PRODUCTION-CHANGES.md","PROGRAMMATIC_LONGTAIL"
"https://waterbalancetools.com/programmatic/shock/how-much-shock-for-5000-gallon-pool","PROGRAMMATIC_LONGTAIL","has_h1","WebApplication;Offer;FAQPage;Question;Answer;BreadcrumbList;ListItem;HowTo;HowToStep","BreadcrumbList","COMPLETE","","","generator","see PRODUCTION-CHANGES.md","PROGRAMMATIC_LONGTAIL"
"https://waterbalancetools.com/programmatic/shock/","PROGRAMMATIC_LONGTAIL","has_h1","BreadcrumbList;ListItem;CollectionPage;ItemList;WebSite","BreadcrumbList","COMPLETE","","","generator","see PRODUCTION-CHANGES.md","PROGRAMMATIC_LONGTAIL"
"https://waterbalancetools.com/provenance/","POLICY_PAGE","has_h1","BreadcrumbList;ListItem;WebPage","WebPage;BreadcrumbList","COMPLETE","","","generator","see PRODUCTION-CHANGES.md","POLICY_PAGE"
"https://waterbalancetools.com/qa/certification","INTERNAL_TOOLING","has_h1","","","NOT_APPLICABLE","","Internal tooling / non-production directory per url-policy.js.","generator","see PRODUCTION-CHANGES.md","INTERNAL_TOOLING"
"https://waterbalancetools.com/qa/","INTERNAL_TOOLING","has_h1","","","NOT_APPLICABLE","","Internal tooling / non-production directory per url-policy.js.","generator","see PRODUCTION-CHANGES.md","INTERNAL_TOOLING"
"https://waterbalancetools.com/reference/alkalinity-table","REFERENCE","has_h1","BreadcrumbList;ListItem","BreadcrumbList","COMPLETE","","","generator","see PRODUCTION-CHANGES.md","REFERENCE"
"https://waterbalancetools.com/reference/calcium-hardness-explained","REFERENCE","has_h1","BreadcrumbList;ListItem;DefinedTerm;DefinedTermSet;FAQPage;Question;Answer","BreadcrumbList","COMPLETE","","","generator","see PRODUCTION-CHANGES.md","REFERENCE"
"https://waterbalancetools.com/reference/calculator-directory","REFERENCE","has_h1","BreadcrumbList;ListItem","BreadcrumbList","COMPLETE","","","generator","see PRODUCTION-CHANGES.md","REFERENCE"
"https://waterbalancetools.com/reference/chemical-compatibility","REFERENCE","has_h1","BreadcrumbList;ListItem","BreadcrumbList","COMPLETE","","","generator","see PRODUCTION-CHANGES.md","REFERENCE"
"https://waterbalancetools.com/reference/chemical-conversion-tables","REFERENCE","has_h1","BreadcrumbList;ListItem","BreadcrumbList","COMPLETE","","","generator","see PRODUCTION-CHANGES.md","REFERENCE"
"https://waterbalancetools.com/reference/chemical-safety","REFERENCE","has_h1","BreadcrumbList;ListItem","BreadcrumbList","COMPLETE","","","generator","see PRODUCTION-CHANGES.md","REFERENCE"
"https://waterbalancetools.com/reference/chemical-storage-guide","REFERENCE","has_h1","BreadcrumbList;ListItem","BreadcrumbList","COMPLETE","","","generator","see PRODUCTION-CHANGES.md","REFERENCE"
"https://waterbalancetools.com/reference/chlorine-effectiveness-chart","REFERENCE","has_h1","BreadcrumbList;ListItem","BreadcrumbList","COMPLETE","","","generator","see PRODUCTION-CHANGES.md","REFERENCE"
"https://waterbalancetools.com/reference/chlorine-explained","REFERENCE","has_h1","BreadcrumbList;ListItem;DefinedTerm;DefinedTermSet;FAQPage;Question;Answer","BreadcrumbList","COMPLETE","","","generator","see PRODUCTION-CHANGES.md","REFERENCE"
"https://waterbalancetools.com/reference/combined-chlorine-explained","REFERENCE","has_h1","BreadcrumbList;ListItem;DefinedTerm;DefinedTermSet;FAQPage;Question;Answer","BreadcrumbList","COMPLETE","","","generator","see PRODUCTION-CHANGES.md","REFERENCE"
"https://waterbalancetools.com/reference/common-pool-chemistry-mistakes","REFERENCE","has_h1","BreadcrumbList;ListItem","BreadcrumbList","COMPLETE","","","generator","see PRODUCTION-CHANGES.md","REFERENCE"
"https://waterbalancetools.com/reference/cya-matrix","REFERENCE","has_h1","BreadcrumbList;ListItem","BreadcrumbList","COMPLETE","","","generator","see PRODUCTION-CHANGES.md","REFERENCE"
"https://waterbalancetools.com/reference/cyanuric-acid-explained","REFERENCE","has_h1","BreadcrumbList;ListItem;DefinedTerm;DefinedTermSet;FAQPage;Question;Answer","BreadcrumbList","COMPLETE","","","generator","see PRODUCTION-CHANGES.md","REFERENCE"
"https://waterbalancetools.com/reference/datasets/chemical-properties/","REFERENCE","has_h1","","BreadcrumbList","NOT_REQUIRED_NOINDEX","","Page is noindex; schema optional.","generator","see PRODUCTION-CHANGES.md","REFERENCE"
"https://waterbalancetools.com/reference/datasets/chemical-ranges/","REFERENCE","has_h1","","BreadcrumbList","NOT_REQUIRED_NOINDEX","","Page is noindex; schema optional.","generator","see PRODUCTION-CHANGES.md","REFERENCE"
"https://waterbalancetools.com/reference/datasets/compatibility/","REFERENCE","has_h1","","BreadcrumbList","NOT_REQUIRED_NOINDEX","","Page is noindex; schema optional.","generator","see PRODUCTION-CHANGES.md","REFERENCE"
"https://waterbalancetools.com/reference/datasets/confidence-levels/","REFERENCE","has_h1","","BreadcrumbList","NOT_REQUIRED_NOINDEX","","Page is noindex; schema optional.","generator","see PRODUCTION-CHANGES.md","REFERENCE"
"https://waterbalancetools.com/reference/datasets/conversion-factors/","REFERENCE","has_h1","","BreadcrumbList","NOT_REQUIRED_NOINDEX","","Page is noindex; schema optional.","generator","see PRODUCTION-CHANGES.md","REFERENCE"
"https://waterbalancetools.com/reference/datasets/dosage-matrices/","REFERENCE","has_h1","","BreadcrumbList","NOT_REQUIRED_NOINDEX","","Page is noindex; schema optional.","generator","see PRODUCTION-CHANGES.md","REFERENCE"
"https://waterbalancetools.com/reference/datasets/hot-tub-ranges/","REFERENCE","has_h1","","BreadcrumbList","NOT_REQUIRED_NOINDEX","","Page is noindex; schema optional.","generator","see PRODUCTION-CHANGES.md","REFERENCE"
"https://waterbalancetools.com/reference/datasets/","REFERENCE","has_h1","","BreadcrumbList","NOT_REQUIRED_NOINDEX","","Page is noindex; schema optional.","generator","see PRODUCTION-CHANGES.md","REFERENCE"
"https://waterbalancetools.com/reference/datasets/maintenance-schedules/","REFERENCE","has_h1","","BreadcrumbList","NOT_REQUIRED_NOINDEX","","Page is noindex; schema optional.","generator","see PRODUCTION-CHANGES.md","REFERENCE"
"https://waterbalancetools.com/reference/datasets/pool-types/","REFERENCE","has_h1","","BreadcrumbList","NOT_REQUIRED_NOINDEX","","Page is noindex; schema optional.","generator","see PRODUCTION-CHANGES.md","REFERENCE"
"https://waterbalancetools.com/reference/datasets/temperature-guidelines/","REFERENCE","has_h1","","BreadcrumbList","NOT_REQUIRED_NOINDEX","","Page is noindex; schema optional.","generator","see PRODUCTION-CHANGES.md","REFERENCE"
"https://waterbalancetools.com/reference/datasets/testing-frequency/","REFERENCE","has_h1","","BreadcrumbList","NOT_REQUIRED_NOINDEX","","Page is noindex; schema optional.","generator","see PRODUCTION-CHANGES.md","REFERENCE"
"https://waterbalancetools.com/reference/datasets/units/","REFERENCE","has_h1","","BreadcrumbList","NOT_REQUIRED_NOINDEX","","Page is noindex; schema optional.","generator","see PRODUCTION-CHANGES.md","REFERENCE"
"https://waterbalancetools.com/reference/datasets/version/","REFERENCE","has_h1","","BreadcrumbList","NOT_REQUIRED_NOINDEX","","Page is noindex; schema optional.","generator","see PRODUCTION-CHANGES.md","REFERENCE"
"https://waterbalancetools.com/reference/datasets/water-balance/","REFERENCE","has_h1","","BreadcrumbList","NOT_REQUIRED_NOINDEX","","Page is noindex; schema optional.","generator","see PRODUCTION-CHANGES.md","REFERENCE"
"https://waterbalancetools.com/reference/datasets/water-problems/","REFERENCE","has_h1","","BreadcrumbList","NOT_REQUIRED_NOINDEX","","Page is noindex; schema optional.","generator","see PRODUCTION-CHANGES.md","REFERENCE"
"https://waterbalancetools.com/reference/emergency-recovery","REFERENCE","has_h1","BreadcrumbList;ListItem","BreadcrumbList","COMPLETE","","","generator","see PRODUCTION-CHANGES.md","REFERENCE"
"https://waterbalancetools.com/reference/filter-comparison","REFERENCE","has_h1","BreadcrumbList;ListItem","BreadcrumbList","COMPLETE","","","generator","see PRODUCTION-CHANGES.md","REFERENCE"
"https://waterbalancetools.com/reference/free-chlorine-explained","REFERENCE","has_h1","BreadcrumbList;ListItem;DefinedTerm;DefinedTermSet;FAQPage;Question;Answer","BreadcrumbList","COMPLETE","","","generator","see PRODUCTION-CHANGES.md","REFERENCE"
"https://waterbalancetools.com/reference/ideal-pool-levels","REFERENCE","has_h1","BreadcrumbList;ListItem","BreadcrumbList","COMPLETE","","","generator","see PRODUCTION-CHANGES.md","REFERENCE"
"https://waterbalancetools.com/reference/ideal-spa-levels","REFERENCE","has_h1","BreadcrumbList;ListItem","BreadcrumbList","COMPLETE","","","generator","see PRODUCTION-CHANGES.md","REFERENCE"
"https://waterbalancetools.com/reference/","REFERENCE","has_h1","BreadcrumbList;ListItem","BreadcrumbList","COMPLETE","","","generator","see PRODUCTION-CHANGES.md","REFERENCE"
"https://waterbalancetools.com/reference/ph-table","REFERENCE","has_h1","BreadcrumbList;ListItem","BreadcrumbList","COMPLETE","","","generator","see PRODUCTION-CHANGES.md","REFERENCE"
"https://waterbalancetools.com/reference/pool-chemical-timeline","REFERENCE","has_h1","BreadcrumbList;ListItem","BreadcrumbList","COMPLETE","","","generator","see PRODUCTION-CHANGES.md","REFERENCE"
"https://waterbalancetools.com/reference/pool-chemicals-explained","REFERENCE","has_h1","BreadcrumbList;ListItem","BreadcrumbList","COMPLETE","","","generator","see PRODUCTION-CHANGES.md","REFERENCE"
"https://waterbalancetools.com/reference/pool-chemistry-reference","REFERENCE","has_h1","BreadcrumbList;ListItem","BreadcrumbList","COMPLETE","","","generator","see PRODUCTION-CHANGES.md","REFERENCE"
"https://waterbalancetools.com/reference/pool-shape-guide","REFERENCE","has_h1","BreadcrumbList;ListItem","BreadcrumbList","COMPLETE","","","generator","see PRODUCTION-CHANGES.md","REFERENCE"
"https://waterbalancetools.com/reference/pool-volume-reference","REFERENCE","has_h1","BreadcrumbList;ListItem","BreadcrumbList","COMPLETE","","","generator","see PRODUCTION-CHANGES.md","REFERENCE"
"https://waterbalancetools.com/reference/printable-resources-","REFERENCE","has_h1","BreadcrumbList;ListItem","BreadcrumbList","COMPLETE","","","generator","see PRODUCTION-CHANGES.md","REFERENCE"
"https://waterbalancetools.com/reference/pump-sizing","REFERENCE","has_h1","BreadcrumbList;ListItem","BreadcrumbList","COMPLETE","","","generator","see PRODUCTION-CHANGES.md","REFERENCE"
"https://waterbalancetools.com/reference/recommended-water-temperature","REFERENCE","has_h1","BreadcrumbList;ListItem","BreadcrumbList","COMPLETE","","","generator","see PRODUCTION-CHANGES.md","REFERENCE"
"https://waterbalancetools.com/reference/salt-matrix","REFERENCE","has_h1","BreadcrumbList;ListItem","BreadcrumbList","COMPLETE","","","generator","see PRODUCTION-CHANGES.md","REFERENCE"
"https://waterbalancetools.com/reference/salt-water-generator-explained","REFERENCE","has_h1","BreadcrumbList;ListItem;DefinedTerm;DefinedTermSet;FAQPage;Question;Answer","BreadcrumbList","COMPLETE","","","generator","see PRODUCTION-CHANGES.md","REFERENCE"
"https://waterbalancetools.com/reference/shock-dosage-matrix","REFERENCE","has_h1","BreadcrumbList;ListItem","BreadcrumbList","COMPLETE","","","generator","see PRODUCTION-CHANGES.md","REFERENCE"
"https://waterbalancetools.com/reference/shock-treatment-explained","REFERENCE","has_h1","BreadcrumbList;ListItem;DefinedTerm;DefinedTermSet;FAQPage;Question;Answer","BreadcrumbList","COMPLETE","","","generator","see PRODUCTION-CHANGES.md","REFERENCE"
"https://waterbalancetools.com/reference/testing-frequency","REFERENCE","has_h1","BreadcrumbList;ListItem","BreadcrumbList","COMPLETE","","","generator","see PRODUCTION-CHANGES.md","REFERENCE"
"https://waterbalancetools.com/reference/total-alkalinity-explained","REFERENCE","has_h1","BreadcrumbList;ListItem;DefinedTerm;DefinedTermSet;FAQPage;Question;Answer","BreadcrumbList","COMPLETE","","","generator","see PRODUCTION-CHANGES.md","REFERENCE"
"https://waterbalancetools.com/reference/vacation-rental-maintenance-schedule","REFERENCE","has_h1","BreadcrumbList;ListItem","BreadcrumbList","COMPLETE","","","generator","see PRODUCTION-CHANGES.md","REFERENCE"
"https://waterbalancetools.com/reference/water-balance-checklist","REFERENCE","has_h1","BreadcrumbList;ListItem","BreadcrumbList","COMPLETE","","","generator","see PRODUCTION-CHANGES.md","REFERENCE"
"https://waterbalancetools.com/reference/water-replacement-guidelines","REFERENCE","has_h1","BreadcrumbList;ListItem","BreadcrumbList","COMPLETE","","","generator","see PRODUCTION-CHANGES.md","REFERENCE"
"https://waterbalancetools.com/releases/1.0.0","RELEASE_NOTES","has_h1","BreadcrumbList;ListItem;WebPage","WebPage;BreadcrumbList","COMPLETE","","","generator","see PRODUCTION-CHANGES.md","RELEASE_NOTES"
"https://waterbalancetools.com/releases/1.1.0","RELEASE_NOTES","has_h1","BreadcrumbList;ListItem;WebPage","WebPage;BreadcrumbList","COMPLETE","","","generator","see PRODUCTION-CHANGES.md","RELEASE_NOTES"
"https://waterbalancetools.com/releases/compatibility","RELEASE_NOTES","has_h1","BreadcrumbList;ListItem;WebPage","WebPage;BreadcrumbList","COMPLETE","","","generator","see PRODUCTION-CHANGES.md","RELEASE_NOTES"
"https://waterbalancetools.com/releases/","RELEASE_NOTES","has_h1","BreadcrumbList;ListItem;WebPage","WebPage;BreadcrumbList","COMPLETE","","","generator","see PRODUCTION-CHANGES.md","RELEASE_NOTES"
"https://waterbalancetools.com/resources/airbnb-pool-turnover-checklist","RESOURCE","has_h1","HowTo;BreadcrumbList;ListItem","BreadcrumbList","COMPLETE","","","generator","see PRODUCTION-CHANGES.md","RESOURCE"
"https://waterbalancetools.com/resources/hot-tub-maintenance-log","RESOURCE","has_h1","HowTo;BreadcrumbList;ListItem","BreadcrumbList","COMPLETE","","","generator","see PRODUCTION-CHANGES.md","RESOURCE"
"https://waterbalancetools.com/resources/","RESOURCE","has_h1","CollectionPage;BreadcrumbList;ListItem","BreadcrumbList","COMPLETE","","","static_hand_authored","see PRODUCTION-CHANGES.md","RESOURCE"
"https://waterbalancetools.com/resources/pool-chemical-log-sheet","RESOURCE","has_h1","HowTo;BreadcrumbList;ListItem","BreadcrumbList","COMPLETE","","","generator","see PRODUCTION-CHANGES.md","RESOURCE"
"https://waterbalancetools.com/resources/pool-closing-checklist","RESOURCE","has_h1","HowTo;BreadcrumbList;ListItem","BreadcrumbList","COMPLETE","","","generator","see PRODUCTION-CHANGES.md","RESOURCE"
"https://waterbalancetools.com/resources/pool-maintenance-checklist","RESOURCE","has_h1","HowTo;BreadcrumbList;ListItem","BreadcrumbList","COMPLETE","","","generator","see PRODUCTION-CHANGES.md","RESOURCE"
"https://waterbalancetools.com/resources/pool-opening-checklist","RESOURCE","has_h1","HowTo;BreadcrumbList;ListItem","BreadcrumbList","COMPLETE","","","generator","see PRODUCTION-CHANGES.md","RESOURCE"
"https://waterbalancetools.com/resources/pool-shock-log","RESOURCE","has_h1","HowTo;BreadcrumbList;ListItem","BreadcrumbList","COMPLETE","","","generator","see PRODUCTION-CHANGES.md","RESOURCE"
"https://waterbalancetools.com/resources/water-test-log","RESOURCE","has_h1","HowTo;BreadcrumbList;ListItem","BreadcrumbList","COMPLETE","","","generator","see PRODUCTION-CHANGES.md","RESOURCE"
"https://waterbalancetools.com/revisions/","POLICY_PAGE","has_h1","BreadcrumbList;ListItem;WebPage","WebPage;BreadcrumbList","COMPLETE","","","generator","see PRODUCTION-CHANGES.md","POLICY_PAGE"
"https://waterbalancetools.com/salt-water-pool-chemical-levels-chart","ROOT_CHART_OR_UTILITY","has_h1","FAQPage;Question;Answer;BreadcrumbList;ListItem","BreadcrumbList","COMPLETE","","","generator","see PRODUCTION-CHANGES.md","ROOT_CHART_OR_UTILITY"
"https://waterbalancetools.com/search/","INTERNAL_TOOLING","has_h1","BreadcrumbList;ListItem","","NOT_APPLICABLE","","Internal tooling / non-production directory per url-policy.js.","generator","see PRODUCTION-CHANGES.md","INTERNAL_TOOLING"
"https://waterbalancetools.com/tools/","INTERNAL_TOOLING","has_h1","","","NOT_APPLICABLE","","Internal tooling / non-production directory per url-policy.js.","generator","see PRODUCTION-CHANGES.md","INTERNAL_TOOLING"
