source_file,source_type,parameter,value,unit,context,pool_or_spa,sanitizer,scenario,source_of_value,generator_dependency,claim_or_calculation,review_status
scripts/data/academy-equipment.js,data_module,salt,400,ppm,"'Target salt level for most systems: 2,700–3,400 ppm — far lower than ocean water (35,000 ppm).',",unspecified,saltwater_chlorine_generator,target_range,scripts/data/academy-equipment.js:176,"(data file, no direct generator)",claim,REQUIRES_REVIEW
scripts/data/academy-equipment.js,data_module,salt,0,ppm,"'Target salt level for most systems: 2,700–3,400 ppm — far lower than ocean water (35,000 ppm).',",unspecified,saltwater_chlorine_generator,target_range,scripts/data/academy-equipment.js:176,"(data file, no direct generator)",claim,REQUIRES_REVIEW
scripts/data/academy-equipment.js,data_module,cyanuric_acid,80,ppm,'CYA of 60–80 ppm is needed for salt pool outdoor use to protect the generated chlorine from UV.',pool,saltwater_chlorine_generator,target_range,scripts/data/academy-equipment.js:179,"(data file, no direct generator)",claim,REQUIRES_REVIEW
scripts/data/academy-equipment.js,data_module,ph,120,ppm,body: 'Salt pools require the same core chemistry management as chlorine pools with one difference: the salt chlorinator generates chlorine ,pool,saltwater_chlorine_generator,target_range,scripts/data/academy-equipment.js:190,"(data file, no direct generator)",claim,REQUIRES_REVIEW
scripts/data/academy-equipment.js,data_module,ph,400,ppm,body: 'Salt pools require the same core chemistry management as chlorine pools with one difference: the salt chlorinator generates chlorine ,pool,saltwater_chlorine_generator,target_range,scripts/data/academy-equipment.js:190,"(data file, no direct generator)",claim,REQUIRES_REVIEW
scripts/data/academy-equipment.js,data_module,ph,80,ppm,body: 'Salt pools require the same core chemistry management as chlorine pools with one difference: the salt chlorinator generates chlorine ,pool,saltwater_chlorine_generator,target_range,scripts/data/academy-equipment.js:190,"(data file, no direct generator)",claim,REQUIRES_REVIEW
scripts/data/academy-equipment.js,data_module,ph,400,ppm,"body: 'Opening a salt pool in spring: test salt level using the handheld salt test strip or the controller reading. Salt reads 2,400 ppm — s",pool,saltwater_chlorine_generator,target_range,scripts/data/academy-equipment.js:201,"(data file, no direct generator)",claim,REQUIRES_REVIEW
scripts/data/academy-equipment.js,data_module,ph,700,ppm,"body: 'Opening a salt pool in spring: test salt level using the handheld salt test strip or the controller reading. Salt reads 2,400 ppm — s",pool,saltwater_chlorine_generator,target_range,scripts/data/academy-equipment.js:201,"(data file, no direct generator)",claim,REQUIRES_REVIEW
scripts/data/academy-equipment.js,data_module,ph,40,lbs,"body: 'Opening a salt pool in spring: test salt level using the handheld salt test strip or the controller reading. Salt reads 2,400 ppm — s",pool,saltwater_chlorine_generator,target_range,scripts/data/academy-equipment.js:201,"(data file, no direct generator)",claim,REQUIRES_REVIEW
scripts/data/academy-equipment.js,data_module,ph,300,ppm,"body: 'Opening a salt pool in spring: test salt level using the handheld salt test strip or the controller reading. Salt reads 2,400 ppm — s",pool,saltwater_chlorine_generator,target_range,scripts/data/academy-equipment.js:201,"(data file, no direct generator)",claim,REQUIRES_REVIEW
scripts/data/academy-equipment.js,data_module,ph,750,ppm,"body: 'Opening a salt pool in spring: test salt level using the handheld salt test strip or the controller reading. Salt reads 2,400 ppm — s",pool,saltwater_chlorine_generator,target_range,scripts/data/academy-equipment.js:201,"(data file, no direct generator)",claim,REQUIRES_REVIEW
scripts/data/academy-equipment.js,data_module,ph,90,ppm,"body: 'Opening a salt pool in spring: test salt level using the handheld salt test strip or the controller reading. Salt reads 2,400 ppm — s",pool,saltwater_chlorine_generator,target_range,scripts/data/academy-equipment.js:201,"(data file, no direct generator)",claim,REQUIRES_REVIEW
scripts/data/academy-equipment.js,data_module,ph,200,ppm,"body: 'Opening a salt pool in spring: test salt level using the handheld salt test strip or the controller reading. Salt reads 2,400 ppm — s",pool,saltwater_chlorine_generator,target_range,scripts/data/academy-equipment.js:201,"(data file, no direct generator)",claim,REQUIRES_REVIEW
scripts/data/academy-equipment.js,data_module,free_chlorine,1,ppm,"body: 'The correct feed rate depends on pool volume, sun exposure, bather load, and current CYA level. Start at the mid-range setting, run t",pool,chlorine,target_range,scripts/data/academy-equipment.js:242,"(data file, no direct generator)",claim,CONTEXTUAL
scripts/data/academy-equipment.js,data_module,free_chlorine,3,ppm,"body: 'The correct feed rate depends on pool volume, sun exposure, bather load, and current CYA level. Start at the mid-range setting, run t",pool,chlorine,target_range,scripts/data/academy-equipment.js:242,"(data file, no direct generator)",claim,CONTEXTUAL
scripts/data/academy-equipment.js,data_module,ph,100,ppm,"body: 'Trichlor tablets are strongly acidic (pH approximately 2.8) and contain cyanuric acid. Every time a tablet dissolves, it lowers pH an",pool,chlorine,safety_guidance,scripts/data/academy-equipment.js:247,"(data file, no direct generator)",claim,REQUIRES_REVIEW
scripts/data/academy-equipment.js,data_module,cyanuric_acid,85,ppm,"body: 'As the season winds down, a pool owner discovers their CYA is at 85 ppm — above the 80 ppm upper limit. Review of maintenance records",pool,chlorine,troubleshooting,scripts/data/academy-equipment.js:253,"(data file, no direct generator)",claim,REQUIRES_REVIEW
scripts/data/academy-equipment.js,data_module,cyanuric_acid,80,ppm,"body: 'As the season winds down, a pool owner discovers their CYA is at 85 ppm — above the 80 ppm upper limit. Review of maintenance records",pool,chlorine,troubleshooting,scripts/data/academy-equipment.js:253,"(data file, no direct generator)",claim,REQUIRES_REVIEW
scripts/data/academy-fundamentals.js,data_module,free_chlorine,3,ppm,"'Free chlorine should be 1–3 ppm for pools and 3–5 ppm for hot tubs.',",hot_tub,chlorine,target_range,scripts/data/academy-fundamentals.js:21,"(data file, no direct generator)",claim,CONTEXTUAL
scripts/data/academy-fundamentals.js,data_module,free_chlorine,5,ppm,"'Free chlorine should be 1–3 ppm for pools and 3–5 ppm for hot tubs.',",hot_tub,chlorine,target_range,scripts/data/academy-fundamentals.js:21,"(data file, no direct generator)",claim,CONTEXTUAL
scripts/data/academy-fundamentals.js,data_module,ph,120,ppm,"'Total alkalinity between 80 and 120 ppm stabilises pH and prevents rapid swings.',",unspecified,unspecified,target_range,scripts/data/academy-fundamentals.js:23,"(data file, no direct generator)",claim,REQUIRES_REVIEW
scripts/data/academy-fundamentals.js,data_module,cyanuric_acid,80,ppm,'Cyanuric acid above 80 ppm significantly reduces chlorine effectiveness even when the reading looks correct.',unspecified,chlorine,target_range,scripts/data/academy-fundamentals.js:24,"(data file, no direct generator)",claim,REQUIRES_REVIEW
scripts/data/academy-fundamentals.js,data_module,ph,1,ppm,"body: 'Free chlorine (FC) is the active disinfectant in pool water. It kills bacteria, viruses, and algae by oxidising their cell walls on c",pool,chlorine,safety_guidance,scripts/data/academy-fundamentals.js:30,"(data file, no direct generator)",claim,REQUIRES_REVIEW
scripts/data/academy-fundamentals.js,data_module,ph,3,ppm,"body: 'Free chlorine (FC) is the active disinfectant in pool water. It kills bacteria, viruses, and algae by oxidising their cell walls on c",pool,chlorine,safety_guidance,scripts/data/academy-fundamentals.js:30,"(data file, no direct generator)",claim,REQUIRES_REVIEW
scripts/data/academy-fundamentals.js,data_module,ph,120,ppm,"body: 'Total alkalinity (TA) acts as a pH buffer. Without adequate alkalinity (target 80–120 ppm), pH swings wildly with every chemical addi",unspecified,chlorine,target_range,scripts/data/academy-fundamentals.js:40,"(data file, no direct generator)",claim,REQUIRES_REVIEW
scripts/data/academy-fundamentals.js,data_module,ph,50,ppm,"body: 'Total alkalinity (TA) acts as a pH buffer. Without adequate alkalinity (target 80–120 ppm), pH swings wildly with every chemical addi",unspecified,chlorine,target_range,scripts/data/academy-fundamentals.js:40,"(data file, no direct generator)",claim,REQUIRES_REVIEW
scripts/data/academy-fundamentals.js,data_module,ph,80,ppm,"body: 'Total alkalinity (TA) acts as a pH buffer. Without adequate alkalinity (target 80–120 ppm), pH swings wildly with every chemical addi",unspecified,chlorine,target_range,scripts/data/academy-fundamentals.js:40,"(data file, no direct generator)",claim,REQUIRES_REVIEW
scripts/data/academy-fundamentals.js,data_module,ph,3,ppm,"body: 'Total alkalinity (TA) acts as a pH buffer. Without adequate alkalinity (target 80–120 ppm), pH swings wildly with every chemical addi",unspecified,chlorine,target_range,scripts/data/academy-fundamentals.js:40,"(data file, no direct generator)",claim,REQUIRES_REVIEW
scripts/data/academy-fundamentals.js,data_module,ph,0.5,ppm,"body: 'Test shows FC 0.5 ppm, pH 7.8, TA 140 ppm, CYA 60 ppm. Low FC is the immediate problem, but the high pH explains why it depleted so q",unspecified,chlorine,troubleshooting,scripts/data/academy-fundamentals.js:46,"(data file, no direct generator)",claim,REQUIRES_REVIEW
scripts/data/academy-fundamentals.js,data_module,ph,140,ppm,"body: 'Test shows FC 0.5 ppm, pH 7.8, TA 140 ppm, CYA 60 ppm. Low FC is the immediate problem, but the high pH explains why it depleted so q",unspecified,chlorine,troubleshooting,scripts/data/academy-fundamentals.js:46,"(data file, no direct generator)",claim,REQUIRES_REVIEW
scripts/data/academy-fundamentals.js,data_module,ph,60,ppm,"body: 'Test shows FC 0.5 ppm, pH 7.8, TA 140 ppm, CYA 60 ppm. Low FC is the immediate problem, but the high pH explains why it depleted so q",unspecified,chlorine,troubleshooting,scripts/data/academy-fundamentals.js:46,"(data file, no direct generator)",claim,REQUIRES_REVIEW
scripts/data/academy-fundamentals.js,data_module,water_temperature,70,°f,'Temperature is a major LSI factor — the same water chemistry at 70°F is less likely to scale than at 100°F.',unspecified,unspecified,target_range,scripts/data/academy-fundamentals.js:77,"(data file, no direct generator)",claim,REQUIRES_REVIEW
scripts/data/academy-fundamentals.js,data_module,water_temperature,100,°f,'Temperature is a major LSI factor — the same water chemistry at 70°F is less likely to scale than at 100°F.',unspecified,unspecified,target_range,scripts/data/academy-fundamentals.js:77,"(data file, no direct generator)",claim,REQUIRES_REVIEW
scripts/data/academy-fundamentals.js,data_module,ph,120,ppm,"body: 'Start by adjusting total alkalinity to 80–120 ppm, which supports stable pH. Then bring pH into the 7.2–7.6 range. Finally, verify ca",pool,unspecified,target_range,scripts/data/academy-fundamentals.js:93,"(data file, no direct generator)",calculation,REQUIRES_REVIEW
scripts/data/academy-fundamentals.js,data_module,ph,400,ppm,"body: 'Start by adjusting total alkalinity to 80–120 ppm, which supports stable pH. Then bring pH into the 7.2–7.6 range. Finally, verify ca",pool,unspecified,target_range,scripts/data/academy-fundamentals.js:93,"(data file, no direct generator)",calculation,REQUIRES_REVIEW
scripts/data/academy-fundamentals.js,data_module,ph,250,ppm,"body: 'Start by adjusting total alkalinity to 80–120 ppm, which supports stable pH. Then bring pH into the 7.2–7.6 range. Finally, verify ca",pool,unspecified,target_range,scripts/data/academy-fundamentals.js:93,"(data file, no direct generator)",calculation,REQUIRES_REVIEW
scripts/data/academy-fundamentals.js,data_module,ph,80,ppm,"body: 'A new plaster pool filled with soft municipal water shows calcium hardness 80 ppm, pH 7.0, TA 60 ppm at 75°F — an LSI of approximatel",pool,unspecified,troubleshooting,scripts/data/academy-fundamentals.js:99,"(data file, no direct generator)",claim,REQUIRES_REVIEW
scripts/data/academy-fundamentals.js,data_module,ph,60,ppm,"body: 'A new plaster pool filled with soft municipal water shows calcium hardness 80 ppm, pH 7.0, TA 60 ppm at 75°F — an LSI of approximatel",pool,unspecified,troubleshooting,scripts/data/academy-fundamentals.js:99,"(data file, no direct generator)",claim,REQUIRES_REVIEW
scripts/data/academy-fundamentals.js,data_module,ph,75,°f,"body: 'A new plaster pool filled with soft municipal water shows calcium hardness 80 ppm, pH 7.0, TA 60 ppm at 75°F — an LSI of approximatel",pool,unspecified,troubleshooting,scripts/data/academy-fundamentals.js:99,"(data file, no direct generator)",claim,REQUIRES_REVIEW
scripts/data/academy-fundamentals.js,data_module,ph,90,ppm,"body: 'A new plaster pool filled with soft municipal water shows calcium hardness 80 ppm, pH 7.0, TA 60 ppm at 75°F — an LSI of approximatel",pool,unspecified,troubleshooting,scripts/data/academy-fundamentals.js:99,"(data file, no direct generator)",claim,REQUIRES_REVIEW
scripts/data/academy-fundamentals.js,data_module,ph,250,ppm,"body: 'A new plaster pool filled with soft municipal water shows calcium hardness 80 ppm, pH 7.0, TA 60 ppm at 75°F — an LSI of approximatel",pool,unspecified,troubleshooting,scripts/data/academy-fundamentals.js:99,"(data file, no direct generator)",claim,REQUIRES_REVIEW
scripts/data/academy-fundamentals.js,data_module,water_temperature,100,°f,'Ignoring water temperature when using the LSI — a heated spa at 100°F has a significantly higher scaling risk than a pool at 70°F with iden,both,unspecified,target_range,scripts/data/academy-fundamentals.js:104,"(data file, no direct generator)",claim,REQUIRES_REVIEW
scripts/data/academy-fundamentals.js,data_module,water_temperature,70,°f,'Ignoring water temperature when using the LSI — a heated spa at 100°F has a significantly higher scaling risk than a pool at 70°F with iden,both,unspecified,target_range,scripts/data/academy-fundamentals.js:104,"(data file, no direct generator)",claim,REQUIRES_REVIEW
scripts/data/academy-fundamentals.js,data_module,free_chlorine,3,ppm,"'Free chlorine (1–3 ppm) is the test most directly linked to swimmer health.',",unspecified,chlorine,target_range,scripts/data/academy-fundamentals.js:127,"(data file, no direct generator)",claim,CONTEXTUAL
scripts/data/academy-fundamentals.js,data_module,ph,120,ppm,"'Total alkalinity (80–120 ppm) buffers pH against sudden changes.',",unspecified,unspecified,target_range,scripts/data/academy-fundamentals.js:129,"(data file, no direct generator)",claim,REQUIRES_REVIEW
scripts/data/academy-fundamentals.js,data_module,calcium_hardness,400,ppm,'Calcium hardness (200–400 ppm for plaster pools) protects pool surfaces and equipment.',pool,unspecified,target_range,scripts/data/academy-fundamentals.js:130,"(data file, no direct generator)",claim,CONTEXTUAL
scripts/data/academy-fundamentals.js,data_module,free_chlorine,3,ppm,body: 'Free chlorine (FC) is the most critical safety test. It measures the chlorine that is actively available to sanitise water. Target ra,hot_tub,chlorine,safety_guidance,scripts/data/academy-fundamentals.js:136,"(data file, no direct generator)",claim,CONTEXTUAL
scripts/data/academy-fundamentals.js,data_module,free_chlorine,5,ppm,body: 'Free chlorine (FC) is the most critical safety test. It measures the chlorine that is actively available to sanitise water. Target ra,hot_tub,chlorine,safety_guidance,scripts/data/academy-fundamentals.js:136,"(data file, no direct generator)",claim,CONTEXTUAL
scripts/data/academy-fundamentals.js,data_module,free_chlorine,1,ppm,body: 'Free chlorine (FC) is the most critical safety test. It measures the chlorine that is actively available to sanitise water. Target ra,hot_tub,chlorine,safety_guidance,scripts/data/academy-fundamentals.js:136,"(data file, no direct generator)",claim,CONTEXTUAL
scripts/data/academy-fundamentals.js,data_module,free_chlorine,5,ppm,body: 'Free chlorine (FC) is the most critical safety test. It measures the chlorine that is actively available to sanitise water. Target ra,hot_tub,chlorine,safety_guidance,scripts/data/academy-fundamentals.js:136,"(data file, no direct generator)",claim,CONTEXTUAL
scripts/data/academy-fundamentals.js,data_module,ph,120,ppm,body: 'Total alkalinity (80–120 ppm) is tested weekly in new pools or monthly once stable. Alkalinity adjustment is the foundation of pH sta,pool,unspecified,troubleshooting,scripts/data/academy-fundamentals.js:146,"(data file, no direct generator)",claim,REQUIRES_REVIEW
scripts/data/academy-fundamentals.js,data_module,ph,400,ppm,body: 'Total alkalinity (80–120 ppm) is tested weekly in new pools or monthly once stable. Alkalinity adjustment is the foundation of pH sta,pool,unspecified,troubleshooting,scripts/data/academy-fundamentals.js:146,"(data file, no direct generator)",claim,REQUIRES_REVIEW
scripts/data/academy-fundamentals.js,data_module,ph,250,ppm,body: 'Total alkalinity (80–120 ppm) is tested weekly in new pools or monthly once stable. Alkalinity adjustment is the foundation of pH sta,pool,unspecified,troubleshooting,scripts/data/academy-fundamentals.js:146,"(data file, no direct generator)",claim,REQUIRES_REVIEW
scripts/data/academy-fundamentals.js,data_module,ph,1,ppm,"body: 'A pool owner runs a full test in July: FC 1.0 ppm, pH 7.7, TA 90 ppm, hardness 280 ppm, CYA 45 ppm. The pH at 7.7 is borderline high ",pool,chlorine,target_range,scripts/data/academy-fundamentals.js:152,"(data file, no direct generator)",claim,REQUIRES_REVIEW
scripts/data/academy-fundamentals.js,data_module,ph,90,ppm,"body: 'A pool owner runs a full test in July: FC 1.0 ppm, pH 7.7, TA 90 ppm, hardness 280 ppm, CYA 45 ppm. The pH at 7.7 is borderline high ",pool,chlorine,target_range,scripts/data/academy-fundamentals.js:152,"(data file, no direct generator)",claim,REQUIRES_REVIEW
scripts/data/academy-fundamentals.js,data_module,ph,280,ppm,"body: 'A pool owner runs a full test in July: FC 1.0 ppm, pH 7.7, TA 90 ppm, hardness 280 ppm, CYA 45 ppm. The pH at 7.7 is borderline high ",pool,chlorine,target_range,scripts/data/academy-fundamentals.js:152,"(data file, no direct generator)",claim,REQUIRES_REVIEW
scripts/data/academy-fundamentals.js,data_module,ph,45,ppm,"body: 'A pool owner runs a full test in July: FC 1.0 ppm, pH 7.7, TA 90 ppm, hardness 280 ppm, CYA 45 ppm. The pH at 7.7 is borderline high ",pool,chlorine,target_range,scripts/data/academy-fundamentals.js:152,"(data file, no direct generator)",claim,REQUIRES_REVIEW
scripts/data/academy-fundamentals.js,data_module,(unmatched),5,ppm,"'Hot tub chlorine target is 3–5 ppm vs 1–3 ppm for pools, because heat and bather concentration are higher.',",hot_tub,chlorine,target_range,scripts/data/academy-fundamentals.js:180,"(data file, no direct generator)",claim,REQUIRES_REVIEW
scripts/data/academy-fundamentals.js,data_module,(unmatched),3,ppm,"'Hot tub chlorine target is 3–5 ppm vs 1–3 ppm for pools, because heat and bather concentration are higher.',",hot_tub,chlorine,target_range,scripts/data/academy-fundamentals.js:180,"(data file, no direct generator)",claim,REQUIRES_REVIEW
scripts/data/academy-fundamentals.js,data_module,(unmatched),0,gallons,"body: 'A small pool holds 10,000–25,000 gallons. A hot tub holds 300–500 gallons. When a single bather enters a hot tub, the effective bathe",both,chlorine,target_range,scripts/data/academy-fundamentals.js:188,"(data file, no direct generator)",claim,REQUIRES_REVIEW
scripts/data/academy-fundamentals.js,data_module,(unmatched),500,gallons,"body: 'A small pool holds 10,000–25,000 gallons. A hot tub holds 300–500 gallons. When a single bather enters a hot tub, the effective bathe",both,chlorine,target_range,scripts/data/academy-fundamentals.js:188,"(data file, no direct generator)",claim,REQUIRES_REVIEW
scripts/data/academy-fundamentals.js,data_module,ph,104,°f,"body: 'Hot tub water typically operates at 98–104°F. Higher temperatures speed up all chemical reactions, including chlorine consumption, sc",both,chlorine,target_range,scripts/data/academy-fundamentals.js:193,"(data file, no direct generator)",claim,REQUIRES_REVIEW
scripts/data/academy-fundamentals.js,data_module,ph,80,°f,"body: 'Hot tub water typically operates at 98–104°F. Higher temperatures speed up all chemical reactions, including chlorine consumption, sc",both,chlorine,target_range,scripts/data/academy-fundamentals.js:193,"(data file, no direct generator)",claim,REQUIRES_REVIEW
scripts/data/academy-fundamentals.js,data_module,ph,100,°f,"body: 'Hot tub water typically operates at 98–104°F. Higher temperatures speed up all chemical reactions, including chlorine consumption, sc",both,chlorine,target_range,scripts/data/academy-fundamentals.js:193,"(data file, no direct generator)",claim,REQUIRES_REVIEW
scripts/data/academy-fundamentals.js,data_module,ph,5,ppm,body: 'Hot tub target ranges are narrower than pool ranges because less margin for error exists in a small volume. Free chlorine: 3–5 ppm (v,both,chlorine,target_range,scripts/data/academy-fundamentals.js:198,"(data file, no direct generator)",claim,REQUIRES_REVIEW
scripts/data/academy-fundamentals.js,data_module,ph,120,ppm,body: 'Hot tub target ranges are narrower than pool ranges because less margin for error exists in a small volume. Free chlorine: 3–5 ppm (v,both,chlorine,target_range,scripts/data/academy-fundamentals.js:198,"(data file, no direct generator)",claim,REQUIRES_REVIEW
scripts/data/academy-fundamentals.js,data_module,ph,250,ppm,body: 'Hot tub target ranges are narrower than pool ranges because less margin for error exists in a small volume. Free chlorine: 3–5 ppm (v,both,chlorine,target_range,scripts/data/academy-fundamentals.js:198,"(data file, no direct generator)",claim,REQUIRES_REVIEW
scripts/data/academy-fundamentals.js,data_module,free_chlorine,10,oz,"body: 'If a calculator says to add 10 oz of liquid chlorine to a 10,000-gallon pool to raise FC by 1 ppm, how much does a 400-gallon hot tub",both,chlorine,target_range,scripts/data/academy-fundamentals.js:204,"(data file, no direct generator)",claim,REQUIRES_REVIEW
scripts/data/academy-fundamentals.js,data_module,free_chlorine,1,ppm,"body: 'If a calculator says to add 10 oz of liquid chlorine to a 10,000-gallon pool to raise FC by 1 ppm, how much does a 400-gallon hot tub",both,chlorine,target_range,scripts/data/academy-fundamentals.js:204,"(data file, no direct generator)",claim,CONTEXTUAL
scripts/data/academy-fundamentals.js,data_module,free_chlorine,10,oz,"body: 'If a calculator says to add 10 oz of liquid chlorine to a 10,000-gallon pool to raise FC by 1 ppm, how much does a 400-gallon hot tub",both,chlorine,target_range,scripts/data/academy-fundamentals.js:204,"(data file, no direct generator)",claim,REQUIRES_REVIEW
scripts/data/academy-fundamentals.js,data_module,free_chlorine,0.4,oz,"body: 'If a calculator says to add 10 oz of liquid chlorine to a 10,000-gallon pool to raise FC by 1 ppm, how much does a 400-gallon hot tub",both,chlorine,target_range,scripts/data/academy-fundamentals.js:204,"(data file, no direct generator)",claim,REQUIRES_REVIEW
scripts/data/academy-fundamentals.js,data_module,water_temperature,10,°f,"'Chlorine demand roughly doubles for every 10°F rise in water temperature above 80°F.',",unspecified,chlorine,target_range,scripts/data/academy-fundamentals.js:231,"(data file, no direct generator)",claim,REQUIRES_REVIEW
scripts/data/academy-fundamentals.js,data_module,water_temperature,80,°f,"'Chlorine demand roughly doubles for every 10°F rise in water temperature above 80°F.',",unspecified,chlorine,target_range,scripts/data/academy-fundamentals.js:231,"(data file, no direct generator)",claim,REQUIRES_REVIEW
scripts/data/academy-fundamentals.js,data_module,water_temperature,70,°f,"'The LSI increases with temperature — water balanced at 70°F may begin scaling at 90°F.',",unspecified,unspecified,target_range,scripts/data/academy-fundamentals.js:233,"(data file, no direct generator)",claim,REQUIRES_REVIEW
scripts/data/academy-fundamentals.js,data_module,water_temperature,90,°f,"'The LSI increases with temperature — water balanced at 70°F may begin scaling at 90°F.',",unspecified,unspecified,target_range,scripts/data/academy-fundamentals.js:233,"(data file, no direct generator)",claim,REQUIRES_REVIEW
scripts/data/academy-fundamentals.js,data_module,free_chlorine,3,ppm,"body: 'Chlorine breaks down faster at higher temperatures. The rate of UV degradation increases, and the rate of reaction with organic conta",pool,chlorine,target_range,scripts/data/academy-fundamentals.js:240,"(data file, no direct generator)",claim,CONTEXTUAL
scripts/data/academy-fundamentals.js,data_module,free_chlorine,72,°f,"body: 'Chlorine breaks down faster at higher temperatures. The rate of UV degradation increases, and the rate of reaction with organic conta",pool,chlorine,target_range,scripts/data/academy-fundamentals.js:240,"(data file, no direct generator)",claim,REQUIRES_REVIEW
scripts/data/academy-fundamentals.js,data_module,free_chlorine,1.5,ppm,"body: 'Chlorine breaks down faster at higher temperatures. The rate of UV degradation increases, and the rate of reaction with organic conta",pool,chlorine,target_range,scripts/data/academy-fundamentals.js:240,"(data file, no direct generator)",claim,CONTEXTUAL
scripts/data/academy-fundamentals.js,data_module,free_chlorine,85,°f,"body: 'Chlorine breaks down faster at higher temperatures. The rate of UV degradation increases, and the rate of reaction with organic conta",pool,chlorine,target_range,scripts/data/academy-fundamentals.js:240,"(data file, no direct generator)",claim,REQUIRES_REVIEW
scripts/data/academy-fundamentals.js,data_module,ph,68,°f,body: 'Temperature is a significant variable in the Langelier Saturation Index formula. Water with an LSI of -0.1 at 68°F (well-balanced) ma,hot_tub,unspecified,target_range,scripts/data/academy-fundamentals.js:250,"(data file, no direct generator)",calculation,REQUIRES_REVIEW
scripts/data/academy-fundamentals.js,data_module,ph,90,°f,body: 'Temperature is a significant variable in the Langelier Saturation Index formula. Water with an LSI of -0.1 at 68°F (well-balanced) ma,hot_tub,unspecified,target_range,scripts/data/academy-fundamentals.js:250,"(data file, no direct generator)",calculation,REQUIRES_REVIEW
scripts/data/academy-fundamentals.js,data_module,ph,65,°f,"body: 'A pool is opened in April at 65°F water temperature with balanced chemistry (LSI -0.1). By July, the water is 88°F. Without any other",pool,chlorine,target_range,scripts/data/academy-fundamentals.js:256,"(data file, no direct generator)",claim,REQUIRES_REVIEW
scripts/data/academy-fundamentals.js,data_module,ph,88,°f,"body: 'A pool is opened in April at 65°F water temperature with balanced chemistry (LSI -0.1). By July, the water is 88°F. Without any other",pool,chlorine,target_range,scripts/data/academy-fundamentals.js:256,"(data file, no direct generator)",claim,REQUIRES_REVIEW
scripts/data/academy-fundamentals.js,data_module,ph,3,ppm,body: 'Crystal-clear water can still be unsafe. Bacterial contamination sufficient to cause illness is invisible. Combined chlorine (chloram,unspecified,chlorine,target_range,scripts/data/academy-fundamentals.js:297,"(data file, no direct generator)",claim,REQUIRES_REVIEW
scripts/data/academy-fundamentals.js,data_module,free_chlorine,0.8,ppm,"body: 'A pool owner tests on Monday and finds FC at 0.8 ppm — below the 1.0 ppm minimum. They add chlorine that evening. On Thursday, the te",pool,chlorine,target_range,scripts/data/academy-fundamentals.js:308,"(data file, no direct generator)",claim,REQUIRES_REVIEW
scripts/data/academy-fundamentals.js,data_module,free_chlorine,1,ppm,"body: 'A pool owner tests on Monday and finds FC at 0.8 ppm — below the 1.0 ppm minimum. They add chlorine that evening. On Thursday, the te",pool,chlorine,target_range,scripts/data/academy-fundamentals.js:308,"(data file, no direct generator)",claim,CONTEXTUAL
scripts/data/academy-fundamentals.js,data_module,free_chlorine,2.5,ppm,"body: 'A pool owner tests on Monday and finds FC at 0.8 ppm — below the 1.0 ppm minimum. They add chlorine that evening. On Thursday, the te",pool,chlorine,target_range,scripts/data/academy-fundamentals.js:308,"(data file, no direct generator)",claim,CONTEXTUAL
scripts/data/academy-fundamentals.js,data_module,free_chlorine,0.8,ppm,"body: 'A pool owner tests on Monday and finds FC at 0.8 ppm — below the 1.0 ppm minimum. They add chlorine that evening. On Thursday, the te",pool,chlorine,target_range,scripts/data/academy-fundamentals.js:308,"(data file, no direct generator)",claim,REQUIRES_REVIEW
scripts/data/academy-hot-tubs.js,data_module,ph,3,ppm,"body: 'Before entering the hot tub, spend 60 seconds testing free chlorine and pH. Free chlorine should be at least 3 ppm. pH should be betw",hot_tub,chlorine,target_range,scripts/data/academy-hot-tubs.js:29,"(data file, no direct generator)",claim,REQUIRES_REVIEW
scripts/data/academy-hot-tubs.js,data_module,ph,2,ppm,"body: 'Before entering the hot tub, spend 60 seconds testing free chlorine and pH. Free chlorine should be at least 3 ppm. pH should be betw",hot_tub,chlorine,target_range,scripts/data/academy-hot-tubs.js:29,"(data file, no direct generator)",claim,REQUIRES_REVIEW
scripts/data/academy-hot-tubs.js,data_module,ph,3,ppm,"body: 'Thursday evening, 7pm: open the cover and lift the test strips. FC reads 3 ppm (good). pH reads 7.5 (good). No adjustment needed. Ent",hot_tub,chlorine,target_range,scripts/data/academy-hot-tubs.js:45,"(data file, no direct generator)",claim,REQUIRES_REVIEW
scripts/data/academy-hot-tubs.js,data_module,ph,5,ppm,"body: 'Once per week, test all four core parameters: free chlorine, pH, total alkalinity, and calcium hardness. In hot tubs, alkalinity tend",hot_tub,chlorine,target_range,scripts/data/academy-hot-tubs.js:81,"(data file, no direct generator)",claim,REQUIRES_REVIEW
scripts/data/academy-hot-tubs.js,data_module,ph,120,ppm,"body: 'Once per week, test all four core parameters: free chlorine, pH, total alkalinity, and calcium hardness. In hot tubs, alkalinity tend",hot_tub,chlorine,target_range,scripts/data/academy-hot-tubs.js:81,"(data file, no direct generator)",claim,REQUIRES_REVIEW
scripts/data/academy-hot-tubs.js,data_module,ph,250,ppm,"body: 'Once per week, test all four core parameters: free chlorine, pH, total alkalinity, and calcium hardness. In hot tubs, alkalinity tend",hot_tub,chlorine,target_range,scripts/data/academy-hot-tubs.js:81,"(data file, no direct generator)",claim,REQUIRES_REVIEW
scripts/data/academy-hot-tubs.js,data_module,ph,2,ppm,"body: 'Saturday 9am: open cover, collect water sample. Run full test: FC 2 ppm (slightly low), pH 7.6 (fine), TA 95 ppm (fine), CH 200 ppm (",hot_tub,chlorine,shock,scripts/data/academy-hot-tubs.js:97,"(data file, no direct generator)",claim,REQUIRES_REVIEW
scripts/data/academy-hot-tubs.js,data_module,ph,95,ppm,"body: 'Saturday 9am: open cover, collect water sample. Run full test: FC 2 ppm (slightly low), pH 7.6 (fine), TA 95 ppm (fine), CH 200 ppm (",hot_tub,chlorine,shock,scripts/data/academy-hot-tubs.js:97,"(data file, no direct generator)",claim,REQUIRES_REVIEW
scripts/data/academy-hot-tubs.js,data_module,ph,200,ppm,"body: 'Saturday 9am: open cover, collect water sample. Run full test: FC 2 ppm (slightly low), pH 7.6 (fine), TA 95 ppm (fine), CH 200 ppm (",hot_tub,chlorine,shock,scripts/data/academy-hot-tubs.js:97,"(data file, no direct generator)",claim,REQUIRES_REVIEW
scripts/data/academy-hot-tubs.js,data_module,ph,5,ppm,"body: 'Saturday 9am: open cover, collect water sample. Run full test: FC 2 ppm (slightly low), pH 7.6 (fine), TA 95 ppm (fine), CH 200 ppm (",hot_tub,chlorine,shock,scripts/data/academy-hot-tubs.js:97,"(data file, no direct generator)",claim,REQUIRES_REVIEW
scripts/data/academy-hot-tubs.js,data_module,ph,4,ppm,"body: 'Saturday 9am: open cover, collect water sample. Run full test: FC 2 ppm (slightly low), pH 7.6 (fine), TA 95 ppm (fine), CH 200 ppm (",hot_tub,chlorine,shock,scripts/data/academy-hot-tubs.js:97,"(data file, no direct generator)",claim,REQUIRES_REVIEW
scripts/data/academy-hot-tubs.js,data_module,cyanuric_acid,500,ppm,"body: 'Run a complete water test including all four core parameters plus CYA. In hot tubs, TDS should also be checked monthly — TDS above 1,",hot_tub,unspecified,target_range,scripts/data/academy-hot-tubs.js:138,"(data file, no direct generator)",calculation,REQUIRES_REVIEW
scripts/data/academy-hot-tubs.js,data_module,ph,50,lbs,"body: 'Open the equipment cabinet and inspect for moisture on electrical components (indicating a leak), scale deposits on the heater elemen",hot_tub,unspecified,troubleshooting,scripts/data/academy-hot-tubs.js:143,"(data file, no direct generator)",claim,REQUIRES_REVIEW
scripts/data/academy-hot-tubs.js,data_module,ph,104,°f,body: 'Fill the spa using the hose inserted through the filter housing (not over the shell) to minimise air entrainment in the plumbing. Hea,hot_tub,chlorine,target_range,scripts/data/academy-hot-tubs.js:195,"(data file, no direct generator)",claim,REQUIRES_REVIEW
scripts/data/academy-hot-tubs.js,data_module,ph,100,ppm,body: 'Fill the spa using the hose inserted through the filter housing (not over the shell) to minimise air entrainment in the plumbing. Hea,hot_tub,chlorine,target_range,scripts/data/academy-hot-tubs.js:195,"(data file, no direct generator)",claim,REQUIRES_REVIEW
scripts/data/academy-hot-tubs.js,data_module,ph,150,ppm,body: 'Fill the spa using the hose inserted through the filter housing (not over the shell) to minimise air entrainment in the plumbing. Hea,hot_tub,chlorine,target_range,scripts/data/academy-hot-tubs.js:195,"(data file, no direct generator)",claim,REQUIRES_REVIEW
scripts/data/academy-hot-tubs.js,data_module,ph,5,ppm,body: 'Fill the spa using the hose inserted through the filter housing (not over the shell) to minimise air entrainment in the plumbing. Hea,hot_tub,chlorine,target_range,scripts/data/academy-hot-tubs.js:195,"(data file, no direct generator)",claim,REQUIRES_REVIEW
scripts/data/academy-hot-tubs.js,data_module,ph,102,°f,body: 'Thursday 6pm: add pipe flush to running spa. Thursday 8pm: drain spa. Thursday 9pm: clean shell and filter. Friday 7am: refill with h,hot_tub,chlorine,target_range,scripts/data/academy-hot-tubs.js:201,"(data file, no direct generator)",claim,REQUIRES_REVIEW
scripts/data/academy-hot-tubs.js,data_module,ph,60,ppm,body: 'Thursday 6pm: add pipe flush to running spa. Thursday 8pm: drain spa. Thursday 9pm: clean shell and filter. Friday 7am: refill with h,hot_tub,chlorine,target_range,scripts/data/academy-hot-tubs.js:201,"(data file, no direct generator)",claim,REQUIRES_REVIEW
scripts/data/academy-hot-tubs.js,data_module,ph,80,ppm,body: 'Thursday 6pm: add pipe flush to running spa. Thursday 8pm: drain spa. Thursday 9pm: clean shell and filter. Friday 7am: refill with h,hot_tub,chlorine,target_range,scripts/data/academy-hot-tubs.js:201,"(data file, no direct generator)",claim,REQUIRES_REVIEW
scripts/data/academy-hot-tubs.js,data_module,ph,90,ppm,body: 'Thursday 6pm: add pipe flush to running spa. Thursday 8pm: drain spa. Thursday 9pm: clean shell and filter. Friday 7am: refill with h,hot_tub,chlorine,target_range,scripts/data/academy-hot-tubs.js:201,"(data file, no direct generator)",claim,REQUIRES_REVIEW
scripts/data/academy-hot-tubs.js,data_module,ph,200,ppm,body: 'Thursday 6pm: add pipe flush to running spa. Thursday 8pm: drain spa. Thursday 9pm: clean shell and filter. Friday 7am: refill with h,hot_tub,chlorine,target_range,scripts/data/academy-hot-tubs.js:201,"(data file, no direct generator)",claim,REQUIRES_REVIEW
scripts/data/academy-hot-tubs.js,data_module,ph,5,ppm,body: 'Thursday 6pm: add pipe flush to running spa. Thursday 8pm: drain spa. Thursday 9pm: clean shell and filter. Friday 7am: refill with h,hot_tub,chlorine,target_range,scripts/data/academy-hot-tubs.js:201,"(data file, no direct generator)",claim,REQUIRES_REVIEW
scripts/data/academy-hot-tubs.js,data_module,combined_chlorine,0.5,ppm,"'Test combined chlorine after heavy use — if above 0.5 ppm, a shock treatment is required.',",hot_tub,chlorine,shock,scripts/data/academy-hot-tubs.js:228,"(data file, no direct generator)",claim,REQUIRES_REVIEW
scripts/data/academy-hot-tubs.js,data_module,free_chlorine,500,gallons,"body: 'Every bather introduces nitrogen-containing organic compounds into the water: sweat, body oils, hair products, and sunscreen. In a sm",hot_tub,chlorine,target_range,scripts/data/academy-hot-tubs.js:237,"(data file, no direct generator)",claim,REQUIRES_REVIEW
scripts/data/academy-hot-tubs.js,data_module,free_chlorine,5,ppm,"body: 'After adding any shock product, run the jets on high speed for 15–20 minutes to mix the chemical and accelerate off-gassing of chlora",hot_tub,chlorine,shock,scripts/data/academy-hot-tubs.js:247,"(data file, no direct generator)",claim,CONTEXTUAL
scripts/data/academy-hot-tubs.js,data_module,free_chlorine,0.5,ppm,"body: 'Six people used the spa for 90 minutes for a birthday party. After they exit: FC tests at 0.5 ppm (almost depleted), CC at 1.8 ppm (h",hot_tub,chlorine,target_range,scripts/data/academy-hot-tubs.js:253,"(data file, no direct generator)",claim,REQUIRES_REVIEW
scripts/data/academy-hot-tubs.js,data_module,free_chlorine,1.8,ppm,"body: 'Six people used the spa for 90 minutes for a birthday party. After they exit: FC tests at 0.5 ppm (almost depleted), CC at 1.8 ppm (h",hot_tub,chlorine,target_range,scripts/data/academy-hot-tubs.js:253,"(data file, no direct generator)",claim,CONTEXTUAL
scripts/data/academy-hot-tubs.js,data_module,free_chlorine,0.5,ppm,"body: 'Six people used the spa for 90 minutes for a birthday party. After they exit: FC tests at 0.5 ppm (almost depleted), CC at 1.8 ppm (h",hot_tub,chlorine,target_range,scripts/data/academy-hot-tubs.js:253,"(data file, no direct generator)",claim,REQUIRES_REVIEW
scripts/data/academy-hot-tubs.js,data_module,free_chlorine,0.3,ppm,"body: 'Six people used the spa for 90 minutes for a birthday party. After they exit: FC tests at 0.5 ppm (almost depleted), CC at 1.8 ppm (h",hot_tub,chlorine,target_range,scripts/data/academy-hot-tubs.js:253,"(data file, no direct generator)",claim,REQUIRES_REVIEW
scripts/data/academy-hot-tubs.js,data_module,free_chlorine,4,ppm,"body: 'Six people used the spa for 90 minutes for a birthday party. After they exit: FC tests at 0.5 ppm (almost depleted), CC at 1.8 ppm (h",hot_tub,chlorine,target_range,scripts/data/academy-hot-tubs.js:253,"(data file, no direct generator)",claim,CONTEXTUAL
scripts/data/academy-hot-tubs.js,data_module,water_temperature,104,°f,"body: 'Running a hot tub through winter requires the same routine as summer use — daily testing, weekly maintenance, monthly deep cleans — w",hot_tub,unspecified,target_range,scripts/data/academy-hot-tubs.js:289,"(data file, no direct generator)",claim,REQUIRES_REVIEW
scripts/data/academy-hot-tubs.js,data_module,water_temperature,80,°f,"body: 'Running a hot tub through winter requires the same routine as summer use — daily testing, weekly maintenance, monthly deep cleans — w",hot_tub,unspecified,target_range,scripts/data/academy-hot-tubs.js:289,"(data file, no direct generator)",claim,REQUIRES_REVIEW
scripts/data/academy-hot-tubs.js,data_module,water_temperature,15,°f,body: 'A spa owner in the mountains loses power for 36 hours in January. Outside temperature drops to 15°F. The spa water temperature has dr,hot_tub,unspecified,target_range,scripts/data/academy-hot-tubs.js:305,"(data file, no direct generator)",claim,REQUIRES_REVIEW
scripts/data/academy-hot-tubs.js,data_module,water_temperature,52,°f,body: 'A spa owner in the mountains loses power for 36 hours in January. Outside temperature drops to 15°F. The spa water temperature has dr,hot_tub,unspecified,target_range,scripts/data/academy-hot-tubs.js:305,"(data file, no direct generator)",claim,REQUIRES_REVIEW
scripts/data/academy-sanitizers.js,data_module,free_chlorine,3,ppm,"'Target 1–3 ppm free chlorine for pools; 3–5 ppm for hot tubs.',",hot_tub,chlorine,target_range,scripts/data/academy-sanitizers.js:21,"(data file, no direct generator)",claim,CONTEXTUAL
scripts/data/academy-sanitizers.js,data_module,free_chlorine,5,ppm,"'Target 1–3 ppm free chlorine for pools; 3–5 ppm for hot tubs.',",hot_tub,chlorine,target_range,scripts/data/academy-sanitizers.js:21,"(data file, no direct generator)",claim,CONTEXTUAL
scripts/data/academy-sanitizers.js,data_module,free_chlorine,3,ppm,"body: 'Pool free chlorine should stay between 1 and 3 ppm at all times. Below 1 ppm, sanitisation is inadequate and algae can begin to estab",pool,chlorine,safety_guidance,scripts/data/academy-sanitizers.js:35,"(data file, no direct generator)",claim,CONTEXTUAL
scripts/data/academy-sanitizers.js,data_module,free_chlorine,1,ppm,"body: 'Pool free chlorine should stay between 1 and 3 ppm at all times. Below 1 ppm, sanitisation is inadequate and algae can begin to estab",pool,chlorine,safety_guidance,scripts/data/academy-sanitizers.js:35,"(data file, no direct generator)",claim,CONTEXTUAL
scripts/data/academy-sanitizers.js,data_module,free_chlorine,5,ppm,"body: 'Pool free chlorine should stay between 1 and 3 ppm at all times. Below 1 ppm, sanitisation is inadequate and algae can begin to estab",pool,chlorine,safety_guidance,scripts/data/academy-sanitizers.js:35,"(data file, no direct generator)",claim,CONTEXTUAL
scripts/data/academy-sanitizers.js,data_module,free_chlorine,3,ppm,"body: 'Pool free chlorine should stay between 1 and 3 ppm at all times. Below 1 ppm, sanitisation is inadequate and algae can begin to estab",pool,chlorine,safety_guidance,scripts/data/academy-sanitizers.js:35,"(data file, no direct generator)",claim,CONTEXTUAL
scripts/data/academy-sanitizers.js,data_module,free_chlorine,0.5,ppm,body: 'Total chlorine equals free chlorine plus combined chlorine. Combined chlorine (chloramines) forms when free chlorine reacts with nitr,pool,chlorine,shock,scripts/data/academy-sanitizers.js:40,"(data file, no direct generator)",claim,REQUIRES_REVIEW
scripts/data/academy-sanitizers.js,data_module,ph,2,ppm,body: 'Two pools both read 2 ppm free chlorine. Pool A has pH 7.2; Pool B has pH 8.0. Pool A has approximately 1.34 ppm of active HOCl. Pool,pool,chlorine,target_range,scripts/data/academy-sanitizers.js:46,"(data file, no direct generator)",claim,REQUIRES_REVIEW
scripts/data/academy-sanitizers.js,data_module,ph,1.34,ppm,body: 'Two pools both read 2 ppm free chlorine. Pool A has pH 7.2; Pool B has pH 8.0. Pool A has approximately 1.34 ppm of active HOCl. Pool,pool,chlorine,target_range,scripts/data/academy-sanitizers.js:46,"(data file, no direct generator)",claim,REQUIRES_REVIEW
scripts/data/academy-sanitizers.js,data_module,ph,0.44,ppm,body: 'Two pools both read 2 ppm free chlorine. Pool A has pH 7.2; Pool B has pH 8.0. Pool A has approximately 1.34 ppm of active HOCl. Pool,pool,chlorine,target_range,scripts/data/academy-sanitizers.js:46,"(data file, no direct generator)",claim,REQUIRES_REVIEW
scripts/data/academy-sanitizers.js,data_module,combined_chlorine,0.5,ppm,"'Combined chlorine above 0.5 ppm is the action threshold — shock treatment is needed.',",unspecified,chlorine,shock,scripts/data/academy-sanitizers.js:73,"(data file, no direct generator)",claim,REQUIRES_REVIEW
scripts/data/academy-sanitizers.js,data_module,free_chlorine,2,ppm,body: 'Combined chlorine is not measured directly — it is calculated. A DPD-1 test measures free chlorine; a DPD-3 test (or using DPD-1 plus,unspecified,chlorine,shock,scripts/data/academy-sanitizers.js:87,"(data file, no direct generator)",calculation,CONTEXTUAL
scripts/data/academy-sanitizers.js,data_module,free_chlorine,2.7,ppm,body: 'Combined chlorine is not measured directly — it is calculated. A DPD-1 test measures free chlorine; a DPD-3 test (or using DPD-1 plus,unspecified,chlorine,shock,scripts/data/academy-sanitizers.js:87,"(data file, no direct generator)",calculation,CONTEXTUAL
scripts/data/academy-sanitizers.js,data_module,free_chlorine,0.7,ppm,body: 'Combined chlorine is not measured directly — it is calculated. A DPD-1 test measures free chlorine; a DPD-3 test (or using DPD-1 plus,unspecified,chlorine,shock,scripts/data/academy-sanitizers.js:87,"(data file, no direct generator)",calculation,REQUIRES_REVIEW
scripts/data/academy-sanitizers.js,data_module,free_chlorine,0.5,ppm,body: 'Combined chlorine is not measured directly — it is calculated. A DPD-1 test measures free chlorine; a DPD-3 test (or using DPD-1 plus,unspecified,chlorine,shock,scripts/data/academy-sanitizers.js:87,"(data file, no direct generator)",calculation,REQUIRES_REVIEW
scripts/data/academy-sanitizers.js,data_module,free_chlorine,2,ppm,"body: 'After a pool party, the water smells strongly and guests report eye irritation. A test shows FC 2.0 ppm and TC 3.2 ppm, giving CC of ",pool,chlorine,shock,scripts/data/academy-sanitizers.js:98,"(data file, no direct generator)",claim,CONTEXTUAL
scripts/data/academy-sanitizers.js,data_module,free_chlorine,3.2,ppm,"body: 'After a pool party, the water smells strongly and guests report eye irritation. A test shows FC 2.0 ppm and TC 3.2 ppm, giving CC of ",pool,chlorine,shock,scripts/data/academy-sanitizers.js:98,"(data file, no direct generator)",claim,CONTEXTUAL
scripts/data/academy-sanitizers.js,data_module,free_chlorine,1.2,ppm,"body: 'After a pool party, the water smells strongly and guests report eye irritation. A test shows FC 2.0 ppm and TC 3.2 ppm, giving CC of ",pool,chlorine,shock,scripts/data/academy-sanitizers.js:98,"(data file, no direct generator)",claim,CONTEXTUAL
scripts/data/academy-sanitizers.js,data_module,free_chlorine,0.5,ppm,"body: 'After a pool party, the water smells strongly and guests report eye irritation. A test shows FC 2.0 ppm and TC 3.2 ppm, giving CC of ",pool,chlorine,shock,scripts/data/academy-sanitizers.js:98,"(data file, no direct generator)",claim,REQUIRES_REVIEW
scripts/data/academy-sanitizers.js,data_module,free_chlorine,12,ppm,"body: 'After a pool party, the water smells strongly and guests report eye irritation. A test shows FC 2.0 ppm and TC 3.2 ppm, giving CC of ",pool,chlorine,shock,scripts/data/academy-sanitizers.js:98,"(data file, no direct generator)",claim,REQUIRES_REVIEW
scripts/data/academy-sanitizers.js,data_module,free_chlorine,6,lbs,"body: 'After a pool party, the water smells strongly and guests report eye irritation. A test shows FC 2.0 ppm and TC 3.2 ppm, giving CC of ",pool,chlorine,shock,scripts/data/academy-sanitizers.js:98,"(data file, no direct generator)",claim,REQUIRES_REVIEW
scripts/data/academy-sanitizers.js,data_module,free_chlorine,5,ppm,'Water should not be re-entered until free chlorine drops below 5 ppm after breakpoint treatment.',unspecified,chlorine,shock,scripts/data/academy-sanitizers.js:128,"(data file, no direct generator)",claim,CONTEXTUAL
scripts/data/academy-sanitizers.js,data_module,free_chlorine,5,ppm,body: 'Add the full calculated shock dose after sunset — this prevents UV from destroying the high chlorine concentration before it reaches ,pool,chlorine,shock,scripts/data/academy-sanitizers.js:144,"(data file, no direct generator)",calculation,CONTEXTUAL
scripts/data/academy-sanitizers.js,data_module,free_chlorine,5,ppm,body: 'Add the full calculated shock dose after sunset — this prevents UV from destroying the high chlorine concentration before it reaches ,pool,chlorine,shock,scripts/data/academy-sanitizers.js:144,"(data file, no direct generator)",calculation,CONTEXTUAL
scripts/data/academy-sanitizers.js,data_module,free_chlorine,2,ppm,"body: 'Pool test results: FC 2.0 ppm, TC 2.8 ppm. CC = 2.8 - 2.0 = 0.8 ppm. Breakpoint target = 0.8 x 10 = 8 ppm of FC to add. Target FC lev",pool,chlorine,shock,scripts/data/academy-sanitizers.js:150,"(data file, no direct generator)",claim,CONTEXTUAL
scripts/data/academy-sanitizers.js,data_module,free_chlorine,2.8,ppm,"body: 'Pool test results: FC 2.0 ppm, TC 2.8 ppm. CC = 2.8 - 2.0 = 0.8 ppm. Breakpoint target = 0.8 x 10 = 8 ppm of FC to add. Target FC lev",pool,chlorine,shock,scripts/data/academy-sanitizers.js:150,"(data file, no direct generator)",claim,CONTEXTUAL
scripts/data/academy-sanitizers.js,data_module,free_chlorine,0.8,ppm,"body: 'Pool test results: FC 2.0 ppm, TC 2.8 ppm. CC = 2.8 - 2.0 = 0.8 ppm. Breakpoint target = 0.8 x 10 = 8 ppm of FC to add. Target FC lev",pool,chlorine,shock,scripts/data/academy-sanitizers.js:150,"(data file, no direct generator)",claim,REQUIRES_REVIEW
scripts/data/academy-sanitizers.js,data_module,free_chlorine,8,ppm,"body: 'Pool test results: FC 2.0 ppm, TC 2.8 ppm. CC = 2.8 - 2.0 = 0.8 ppm. Breakpoint target = 0.8 x 10 = 8 ppm of FC to add. Target FC lev",pool,chlorine,shock,scripts/data/academy-sanitizers.js:150,"(data file, no direct generator)",claim,REQUIRES_REVIEW
scripts/data/academy-sanitizers.js,data_module,free_chlorine,10,ppm,"body: 'Pool test results: FC 2.0 ppm, TC 2.8 ppm. CC = 2.8 - 2.0 = 0.8 ppm. Breakpoint target = 0.8 x 10 = 8 ppm of FC to add. Target FC lev",pool,chlorine,shock,scripts/data/academy-sanitizers.js:150,"(data file, no direct generator)",claim,REQUIRES_REVIEW
scripts/data/academy-sanitizers.js,data_module,free_chlorine,4.5,lbs,"body: 'Pool test results: FC 2.0 ppm, TC 2.8 ppm. CC = 2.8 - 2.0 = 0.8 ppm. Breakpoint target = 0.8 x 10 = 8 ppm of FC to add. Target FC lev",pool,chlorine,shock,scripts/data/academy-sanitizers.js:150,"(data file, no direct generator)",claim,REQUIRES_REVIEW
scripts/data/academy-sanitizers.js,data_module,free_chlorine,8,ppm,"body: 'Pool test results: FC 2.0 ppm, TC 2.8 ppm. CC = 2.8 - 2.0 = 0.8 ppm. Breakpoint target = 0.8 x 10 = 8 ppm of FC to add. Target FC lev",pool,chlorine,shock,scripts/data/academy-sanitizers.js:150,"(data file, no direct generator)",claim,REQUIRES_REVIEW
scripts/data/academy-sanitizers.js,data_module,cyanuric_acid,100,ppm,"'CYA buildup from tablets can reach 80–100 ppm in a single season without a partial drain.',",unspecified,unspecified,target_range,scripts/data/academy-sanitizers.js:179,"(data file, no direct generator)",claim,REQUIRES_REVIEW
scripts/data/academy-sanitizers.js,data_module,ph,0.6,ppm,"body: 'Trichlor (trichloroisocyanuric acid) tablets are a convenient, slow-dissolving form of chlorine. Each tablet contains approximately 9",pool,chlorine,target_range,scripts/data/academy-sanitizers.js:191,"(data file, no direct generator)",claim,REQUIRES_REVIEW
scripts/data/academy-sanitizers.js,data_module,ph,0,gallons,"body: 'Trichlor (trichloroisocyanuric acid) tablets are a convenient, slow-dissolving form of chlorine. Each tablet contains approximately 9",pool,chlorine,target_range,scripts/data/academy-sanitizers.js:191,"(data file, no direct generator)",claim,REQUIRES_REVIEW
scripts/data/academy-sanitizers.js,data_module,ph,100,ppm,"body: 'Trichlor (trichloroisocyanuric acid) tablets are a convenient, slow-dissolving form of chlorine. Each tablet contains approximately 9",pool,chlorine,target_range,scripts/data/academy-sanitizers.js:191,"(data file, no direct generator)",claim,REQUIRES_REVIEW
scripts/data/academy-sanitizers.js,data_module,cyanuric_acid,50,ppm,"body: 'If your CYA is already at or above 50 ppm, switch to liquid chlorine for regular sanitisation. If your CYA is low or you are starting",unspecified,chlorine,shock,scripts/data/academy-sanitizers.js:196,"(data file, no direct generator)",claim,REQUIRES_REVIEW
scripts/data/academy-sanitizers.js,data_module,cyanuric_acid,0.9,lbs,"body: 'A 15,000-gallon pool using two 3-inch trichlor tablets per week adds approximately 0.9 lbs of product per week. Over a 20-week season",pool,chlorine,target_range,scripts/data/academy-sanitizers.js:202,"(data file, no direct generator)",claim,REQUIRES_REVIEW
scripts/data/academy-sanitizers.js,data_module,cyanuric_acid,18,lbs,"body: 'A 15,000-gallon pool using two 3-inch trichlor tablets per week adds approximately 0.9 lbs of product per week. Over a 20-week season",pool,chlorine,target_range,scripts/data/academy-sanitizers.js:202,"(data file, no direct generator)",claim,REQUIRES_REVIEW
scripts/data/academy-sanitizers.js,data_module,cyanuric_acid,0.6,ppm,"body: 'A 15,000-gallon pool using two 3-inch trichlor tablets per week adds approximately 0.9 lbs of product per week. Over a 20-week season",pool,chlorine,target_range,scripts/data/academy-sanitizers.js:202,"(data file, no direct generator)",claim,CONTEXTUAL
scripts/data/academy-sanitizers.js,data_module,cyanuric_acid,0,gallons,"body: 'A 15,000-gallon pool using two 3-inch trichlor tablets per week adds approximately 0.9 lbs of product per week. Over a 20-week season",pool,chlorine,target_range,scripts/data/academy-sanitizers.js:202,"(data file, no direct generator)",claim,REQUIRES_REVIEW
scripts/data/academy-sanitizers.js,data_module,cyanuric_acid,18,lbs,"body: 'A 15,000-gallon pool using two 3-inch trichlor tablets per week adds approximately 0.9 lbs of product per week. Over a 20-week season",pool,chlorine,target_range,scripts/data/academy-sanitizers.js:202,"(data file, no direct generator)",claim,REQUIRES_REVIEW
scripts/data/academy-sanitizers.js,data_module,cyanuric_acid,16,ppm,"body: 'A 15,000-gallon pool using two 3-inch trichlor tablets per week adds approximately 0.9 lbs of product per week. Over a 20-week season",pool,chlorine,target_range,scripts/data/academy-sanitizers.js:202,"(data file, no direct generator)",claim,REQUIRES_REVIEW
scripts/data/academy-sanitizers.js,data_module,cyanuric_acid,30,ppm,"body: 'A 15,000-gallon pool using two 3-inch trichlor tablets per week adds approximately 0.9 lbs of product per week. Over a 20-week season",pool,chlorine,target_range,scripts/data/academy-sanitizers.js:202,"(data file, no direct generator)",claim,REQUIRES_REVIEW
scripts/data/academy-sanitizers.js,data_module,cyanuric_acid,48,ppm,"body: 'A 15,000-gallon pool using two 3-inch trichlor tablets per week adds approximately 0.9 lbs of product per week. Over a 20-week season",pool,chlorine,target_range,scripts/data/academy-sanitizers.js:202,"(data file, no direct generator)",claim,REQUIRES_REVIEW
scripts/data/academy-sanitizers.js,data_module,cyanuric_acid,66,ppm,"body: 'A 15,000-gallon pool using two 3-inch trichlor tablets per week adds approximately 0.9 lbs of product per week. Over a 20-week season",pool,chlorine,target_range,scripts/data/academy-sanitizers.js:202,"(data file, no direct generator)",claim,REQUIRES_REVIEW
scripts/data/academy-sanitizers.js,data_module,cyanuric_acid,60,ppm,"body: 'A 15,000-gallon pool using two 3-inch trichlor tablets per week adds approximately 0.9 lbs of product per week. Over a 20-week season",pool,chlorine,target_range,scripts/data/academy-sanitizers.js:202,"(data file, no direct generator)",claim,REQUIRES_REVIEW
scripts/data/academy-sanitizers.js,data_module,free_chlorine,5,ppm,body: 'Test and record current chemistry before shocking. Calculate the dose needed based on pool volume and target ppm increase using the s,pool,chlorine,shock,scripts/data/academy-sanitizers.js:248,"(data file, no direct generator)",calculation,CONTEXTUAL
scripts/data/academy-sanitizers.js,data_module,free_chlorine,0.6,ppm,"body: 'Every Friday evening, a pool owner tests their 20,000-gallon pool (FC 2.5, TC 3.1, so CC 0.6 ppm). The CC is above 0.5 ppm. They calc",pool,unspecified,shock,scripts/data/academy-sanitizers.js:254,"(data file, no direct generator)",calculation,REQUIRES_REVIEW
scripts/data/academy-sanitizers.js,data_module,free_chlorine,0.5,ppm,"body: 'Every Friday evening, a pool owner tests their 20,000-gallon pool (FC 2.5, TC 3.1, so CC 0.6 ppm). The CC is above 0.5 ppm. They calc",pool,unspecified,shock,scripts/data/academy-sanitizers.js:254,"(data file, no direct generator)",calculation,REQUIRES_REVIEW
scripts/data/academy-sanitizers.js,data_module,free_chlorine,6,ppm,"body: 'Every Friday evening, a pool owner tests their 20,000-gallon pool (FC 2.5, TC 3.1, so CC 0.6 ppm). The CC is above 0.5 ppm. They calc",pool,unspecified,shock,scripts/data/academy-sanitizers.js:254,"(data file, no direct generator)",calculation,REQUIRES_REVIEW
scripts/data/academy-sanitizers.js,data_module,free_chlorine,3.5,lbs,"body: 'Every Friday evening, a pool owner tests their 20,000-gallon pool (FC 2.5, TC 3.1, so CC 0.6 ppm). The CC is above 0.5 ppm. They calc",pool,unspecified,shock,scripts/data/academy-sanitizers.js:254,"(data file, no direct generator)",calculation,REQUIRES_REVIEW
scripts/data/academy-sanitizers.js,data_module,free_chlorine,3,ppm,"body: 'Every Friday evening, a pool owner tests their 20,000-gallon pool (FC 2.5, TC 3.1, so CC 0.6 ppm). The CC is above 0.5 ppm. They calc",pool,unspecified,shock,scripts/data/academy-sanitizers.js:254,"(data file, no direct generator)",calculation,CONTEXTUAL
scripts/data/academy-sanitizers.js,data_module,bromine,86,°f,"'Bromine is more stable than chlorine at temperatures above 86°F, making it the preferred choice for hot tubs.',",hot_tub,bromine,target_range,scripts/data/academy-sanitizers.js:281,"(data file, no direct generator)",claim,REQUIRES_REVIEW
scripts/data/academy-sanitizers.js,data_module,bromine,4,ppm,"body: 'A homeowner installs a new hot tub and opts for bromine. They add sodium bromide (the bromide bank) to the freshly filled water, then",hot_tub,bromine,target_range,scripts/data/academy-sanitizers.js:306,"(data file, no direct generator)",claim,CONTEXTUAL
scripts/data/academy-sanitizers.js,data_module,bromine,6,ppm,'Confusing the different bromine target reading (3–6 ppm) with chlorine targets (1–3 ppm) — they use the same scale but have different ideal,unspecified,bromine,target_range,scripts/data/academy-sanitizers.js:312,"(data file, no direct generator)",claim,CONTEXTUAL
scripts/data/academy-sanitizers.js,data_module,bromine,3,ppm,'Confusing the different bromine target reading (3–6 ppm) with chlorine targets (1–3 ppm) — they use the same scale but have different ideal,unspecified,bromine,target_range,scripts/data/academy-sanitizers.js:312,"(data file, no direct generator)",claim,REQUIRES_REVIEW
scripts/data/academy-testing.js,data_module,free_chlorine,8,ppm,"body: 'A pool owner dips a strip for 10 seconds, then shakes off the water and reads it 2 minutes later under artificial light. The chlorine",pool,chlorine,shock,scripts/data/academy-testing.js:45,"(data file, no direct generator)",claim,REQUIRES_REVIEW
scripts/data/academy-testing.js,data_module,free_chlorine,2,ppm,body: 'The pool smells like a public pool after a weekend of heavy use. Test: DPD-1 (free chlorine) shows 2.0 ppm (pink). DPD-3 (total chlor,pool,chlorine,shock,scripts/data/academy-testing.js:97,"(data file, no direct generator)",claim,CONTEXTUAL
scripts/data/academy-testing.js,data_module,free_chlorine,3.5,ppm,body: 'The pool smells like a public pool after a weekend of heavy use. Test: DPD-1 (free chlorine) shows 2.0 ppm (pink). DPD-3 (total chlor,pool,chlorine,shock,scripts/data/academy-testing.js:97,"(data file, no direct generator)",claim,CONTEXTUAL
scripts/data/academy-testing.js,data_module,free_chlorine,1.5,ppm,body: 'The pool smells like a public pool after a weekend of heavy use. Test: DPD-1 (free chlorine) shows 2.0 ppm (pink). DPD-3 (total chlor,pool,chlorine,shock,scripts/data/academy-testing.js:97,"(data file, no direct generator)",claim,CONTEXTUAL
scripts/data/academy-testing.js,data_module,free_chlorine,0.5,ppm,body: 'The pool smells like a public pool after a weekend of heavy use. Test: DPD-1 (free chlorine) shows 2.0 ppm (pink). DPD-3 (total chlor,pool,chlorine,shock,scripts/data/academy-testing.js:97,"(data file, no direct generator)",claim,REQUIRES_REVIEW
scripts/data/academy-testing.js,data_module,ph,1,ppm,'Treating ORP readings as a direct substitute for chlorine testing — 650 mV does not always equal 1 ppm FC at every pH.',unspecified,chlorine,target_range,scripts/data/academy-testing.js:155,"(data file, no direct generator)",claim,REQUIRES_REVIEW
scripts/data/academy-testing.js,data_module,ph,0.5,ppm,"body: 'For a residential pool during the summer swimming season, the minimum recommended schedule is: free chlorine and pH twice per week; t",pool,chlorine,shock,scripts/data/academy-testing.js:185,"(data file, no direct generator)",claim,REQUIRES_REVIEW
scripts/data/academy-testing.js,data_module,ph,0.5,ppm,"body: 'Monday and Thursday evening: test FC and pH, adjust if needed. First Monday of each month: full test (FC, TC, CC, pH, TA, hardness, C",pool,unspecified,shock,scripts/data/academy-testing.js:201,"(data file, no direct generator)",claim,REQUIRES_REVIEW
scripts/data/academy-testing.js,data_module,free_chlorine,1,ppm,"'Free chlorine below 1.0 ppm is an immediate action item regardless of other readings.',",unspecified,chlorine,target_range,scripts/data/academy-testing.js:230,"(data file, no direct generator)",claim,CONTEXTUAL
scripts/data/academy-testing.js,data_module,ph,0.5,ppm,"body: 'Each test result should be compared to its target range. Note which parameters are in range, which are low, and which are high. A res",unspecified,chlorine,target_range,scripts/data/academy-testing.js:237,"(data file, no direct generator)",claim,REQUIRES_REVIEW
scripts/data/academy-testing.js,data_module,ph,3,ppm,"body: 'Each test result should be compared to its target range. Note which parameters are in range, which are low, and which are high. A res",unspecified,chlorine,target_range,scripts/data/academy-testing.js:237,"(data file, no direct generator)",claim,REQUIRES_REVIEW
scripts/data/academy-testing.js,data_module,ph,0.9,ppm,"body: 'Each test result should be compared to its target range. Note which parameters are in range, which are low, and which are high. A res",unspecified,chlorine,target_range,scripts/data/academy-testing.js:237,"(data file, no direct generator)",claim,REQUIRES_REVIEW
scripts/data/academy-testing.js,data_module,ph,0,ppm,"body: 'Each test result should be compared to its target range. Note which parameters are in range, which are low, and which are high. A res",unspecified,chlorine,target_range,scripts/data/academy-testing.js:237,"(data file, no direct generator)",claim,REQUIRES_REVIEW
scripts/data/academy-testing.js,data_module,ph,100,ppm,body: 'If a test result seems impossible — such as zero free chlorine the day after a full shock dose — consider a sampling or testing error,pool,chlorine,shock,scripts/data/academy-testing.js:247,"(data file, no direct generator)",claim,REQUIRES_REVIEW
scripts/data/academy-testing.js,data_module,ph,0.5,ppm,"body: 'Test shows: FC 0.5 ppm, pH 7.9, TA 60 ppm, hardness 120 ppm. Multiple issues are present. Start with alkalinity: raise TA to 90 ppm u",unspecified,chlorine,target_range,scripts/data/academy-testing.js:253,"(data file, no direct generator)",claim,REQUIRES_REVIEW
scripts/data/academy-testing.js,data_module,ph,60,ppm,"body: 'Test shows: FC 0.5 ppm, pH 7.9, TA 60 ppm, hardness 120 ppm. Multiple issues are present. Start with alkalinity: raise TA to 90 ppm u",unspecified,chlorine,target_range,scripts/data/academy-testing.js:253,"(data file, no direct generator)",claim,REQUIRES_REVIEW
scripts/data/academy-testing.js,data_module,ph,120,ppm,"body: 'Test shows: FC 0.5 ppm, pH 7.9, TA 60 ppm, hardness 120 ppm. Multiple issues are present. Start with alkalinity: raise TA to 90 ppm u",unspecified,chlorine,target_range,scripts/data/academy-testing.js:253,"(data file, no direct generator)",claim,REQUIRES_REVIEW
scripts/data/academy-testing.js,data_module,ph,90,ppm,"body: 'Test shows: FC 0.5 ppm, pH 7.9, TA 60 ppm, hardness 120 ppm. Multiple issues are present. Start with alkalinity: raise TA to 90 ppm u",unspecified,chlorine,target_range,scripts/data/academy-testing.js:253,"(data file, no direct generator)",claim,REQUIRES_REVIEW
scripts/data/academy-testing.js,data_module,ph,2,ppm,"body: 'Test shows: FC 0.5 ppm, pH 7.9, TA 60 ppm, hardness 120 ppm. Multiple issues are present. Start with alkalinity: raise TA to 90 ppm u",unspecified,chlorine,target_range,scripts/data/academy-testing.js:253,"(data file, no direct generator)",claim,REQUIRES_REVIEW
scripts/data/academy-testing.js,data_module,ph,120,ppm,"body: 'Test shows: FC 0.5 ppm, pH 7.9, TA 60 ppm, hardness 120 ppm. Multiple issues are present. Start with alkalinity: raise TA to 90 ppm u",unspecified,chlorine,target_range,scripts/data/academy-testing.js:253,"(data file, no direct generator)",claim,REQUIRES_REVIEW
scripts/data/academy-testing.js,data_module,free_chlorine,0.5,ppm,body: 'A pool owner has been adding extra chlorine every week because readings consistently show FC near 0.5 ppm — yet the pool stays clear.,pool,chlorine,target_range,scripts/data/academy-testing.js:305,"(data file, no direct generator)",claim,REQUIRES_REVIEW
scripts/data/academy-testing.js,data_module,free_chlorine,2.5,ppm,body: 'A pool owner has been adding extra chlorine every week because readings consistently show FC near 0.5 ppm — yet the pool stays clear.,pool,chlorine,target_range,scripts/data/academy-testing.js:305,"(data file, no direct generator)",claim,CONTEXTUAL
scripts/data/academy-troubleshooting.js,data_module,ph,1,ppm,"body: 'Step 1: Run a complete water test. Cloudy water from chemistry problems shows low free chlorine (below 1 ppm), high pH (above 7.8), o",pool,chlorine,troubleshooting,scripts/data/academy-troubleshooting.js:29,"(data file, no direct generator)",claim,REQUIRES_REVIEW
scripts/data/academy-troubleshooting.js,data_module,ph,10,ppm,"body: 'If cloudiness is from chemistry: first bring pH into the 7.2–7.6 range, then shock the pool to 10 ppm FC or higher. Run the filter 24",pool,unspecified,shock,scripts/data/academy-troubleshooting.js:34,"(data file, no direct generator)",claim,REQUIRES_REVIEW
scripts/data/academy-troubleshooting.js,data_module,ph,0.8,ppm,"body: 'Pool tests: FC 0.8 ppm, pH 7.9, TA 110 ppm. Cloudiness is chemistry-based. Day 1 morning: add muriatic acid to lower pH to 7.4. After",pool,chlorine,shock,scripts/data/academy-troubleshooting.js:45,"(data file, no direct generator)",claim,REQUIRES_REVIEW
scripts/data/academy-troubleshooting.js,data_module,ph,110,ppm,"body: 'Pool tests: FC 0.8 ppm, pH 7.9, TA 110 ppm. Cloudiness is chemistry-based. Day 1 morning: add muriatic acid to lower pH to 7.4. After",pool,chlorine,shock,scripts/data/academy-troubleshooting.js:45,"(data file, no direct generator)",claim,REQUIRES_REVIEW
scripts/data/academy-troubleshooting.js,data_module,ph,10,ppm,"body: 'Pool tests: FC 0.8 ppm, pH 7.9, TA 110 ppm. Cloudiness is chemistry-based. Day 1 morning: add muriatic acid to lower pH to 7.4. After",pool,chlorine,shock,scripts/data/academy-troubleshooting.js:45,"(data file, no direct generator)",claim,REQUIRES_REVIEW
scripts/data/academy-troubleshooting.js,data_module,ph,4,ppm,"body: 'Pool tests: FC 0.8 ppm, pH 7.9, TA 110 ppm. Cloudiness is chemistry-based. Day 1 morning: add muriatic acid to lower pH to 7.4. After",pool,chlorine,shock,scripts/data/academy-troubleshooting.js:45,"(data file, no direct generator)",claim,REQUIRES_REVIEW
scripts/data/academy-troubleshooting.js,data_module,algae,30,ppm,"overview: 'Green pool water is an algae bloom. Once algae is established, standard chlorine dosing is insufficient — a shock chlorination at",pool,chlorine,shock,scripts/data/academy-troubleshooting.js:70,"(data file, no direct generator)",claim,REQUIRES_REVIEW
scripts/data/academy-troubleshooting.js,data_module,free_chlorine,1,ppm,"'Green algae blooms typically start when FC drops below 1 ppm for 24 hours or more.',",unspecified,unspecified,target_range,scripts/data/academy-troubleshooting.js:72,"(data file, no direct generator)",claim,CONTEXTUAL
scripts/data/academy-troubleshooting.js,data_module,free_chlorine,30,ppm,"'The shock dose for an active green pool is 30 ppm FC — ten times the normal level.',",pool,unspecified,shock,scripts/data/academy-troubleshooting.js:73,"(data file, no direct generator)",claim,REQUIRES_REVIEW
scripts/data/academy-troubleshooting.js,data_module,ph,30,ppm,"body: 'Step 1: Test pH, alkalinity, and CYA. Adjust pH to 7.2 (lower end — maximises chlorine activity). Step 2: Brush all surfaces vigorous",pool,chlorine,shock,scripts/data/academy-troubleshooting.js:86,"(data file, no direct generator)",calculation,REQUIRES_REVIEW
scripts/data/academy-troubleshooting.js,data_module,ph,10,ppm,"body: 'Step 1: Test pH, alkalinity, and CYA. Adjust pH to 7.2 (lower end — maximises chlorine activity). Step 2: Brush all surfaces vigorous",pool,chlorine,shock,scripts/data/academy-troubleshooting.js:86,"(data file, no direct generator)",calculation,REQUIRES_REVIEW
scripts/data/academy-troubleshooting.js,data_module,free_chlorine,80,ppm,"body: 'Once water is clear, run a full water test and correct any out-of-range parameters. Dead algae that was not removed by filtration or ",unspecified,unspecified,target_range,scripts/data/academy-troubleshooting.js:91,"(data file, no direct generator)",claim,REQUIRES_REVIEW
scripts/data/academy-troubleshooting.js,data_module,ph,60,ppm,"body: 'A homeowner returns from a week away to find a 15,000-gallon pool turned bright green. FC is zero, pH 8.2, CYA 60 ppm. Friday evening",pool,chlorine,target_range,scripts/data/academy-troubleshooting.js:97,"(data file, no direct generator)",claim,REQUIRES_REVIEW
scripts/data/academy-troubleshooting.js,data_module,ph,6,gallons,"body: 'A homeowner returns from a week away to find a 15,000-gallon pool turned bright green. FC is zero, pH 8.2, CYA 60 ppm. Friday evening",pool,chlorine,target_range,scripts/data/academy-troubleshooting.js:97,"(data file, no direct generator)",claim,REQUIRES_REVIEW
scripts/data/academy-troubleshooting.js,data_module,ph,30,ppm,"body: 'A homeowner returns from a week away to find a 15,000-gallon pool turned bright green. FC is zero, pH 8.2, CYA 60 ppm. Friday evening",pool,chlorine,target_range,scripts/data/academy-troubleshooting.js:97,"(data file, no direct generator)",claim,REQUIRES_REVIEW
scripts/data/academy-troubleshooting.js,data_module,ph,12,ppm,"body: 'A homeowner returns from a week away to find a 15,000-gallon pool turned bright green. FC is zero, pH 8.2, CYA 60 ppm. Friday evening",pool,chlorine,target_range,scripts/data/academy-troubleshooting.js:97,"(data file, no direct generator)",claim,REQUIRES_REVIEW
scripts/data/academy-troubleshooting.js,data_module,ph,10,ppm,"body: 'A homeowner returns from a week away to find a 15,000-gallon pool turned bright green. FC is zero, pH 8.2, CYA 60 ppm. Friday evening",pool,chlorine,target_range,scripts/data/academy-troubleshooting.js:97,"(data file, no direct generator)",claim,REQUIRES_REVIEW
scripts/data/academy-troubleshooting.js,data_module,free_chlorine,500,ppm,body: 'To determine whether foam is from chemistry or organics: take a handful of water and try to create foam by rubbing your hands togethe,unspecified,chlorine,target_range,scripts/data/academy-troubleshooting.js:138,"(data file, no direct generator)",claim,REQUIRES_REVIEW
scripts/data/academy-troubleshooting.js,data_module,combined_chlorine,0.5,ppm,"'Combined chlorine above 0.5 ppm is the action threshold — breakpoint shock is needed.',",unspecified,chlorine,shock,scripts/data/academy-troubleshooting.js:178,"(data file, no direct generator)",claim,REQUIRES_REVIEW
scripts/data/academy-troubleshooting.js,data_module,free_chlorine,0.5,ppm,"body: 'To confirm a chloramine problem, test both free chlorine (DPD-1) and total chlorine (DPD-3). Combined chlorine = Total - Free. If the",pool,chlorine,troubleshooting,scripts/data/academy-troubleshooting.js:190,"(data file, no direct generator)",claim,REQUIRES_REVIEW
scripts/data/academy-troubleshooting.js,data_module,free_chlorine,1,ppm,"body: 'To confirm a chloramine problem, test both free chlorine (DPD-1) and total chlorine (DPD-3). Combined chlorine = Total - Free. If the",pool,chlorine,troubleshooting,scripts/data/academy-troubleshooting.js:190,"(data file, no direct generator)",claim,CONTEXTUAL
scripts/data/academy-troubleshooting.js,data_module,free_chlorine,0,ppm,"body: 'To confirm a chloramine problem, test both free chlorine (DPD-1) and total chlorine (DPD-3). Combined chlorine = Total - Free. If the",pool,chlorine,troubleshooting,scripts/data/academy-troubleshooting.js:190,"(data file, no direct generator)",claim,REQUIRES_REVIEW
scripts/data/academy-troubleshooting.js,data_module,free_chlorine,1.5,ppm,"body: 'After a pool party, the water smells strongly and guests are complaining of red eyes. Test: FC 1.5 ppm, TC 2.8 ppm, CC 1.3 ppm — well",pool,unspecified,shock,scripts/data/academy-troubleshooting.js:201,"(data file, no direct generator)",claim,CONTEXTUAL
scripts/data/academy-troubleshooting.js,data_module,free_chlorine,2.8,ppm,"body: 'After a pool party, the water smells strongly and guests are complaining of red eyes. Test: FC 1.5 ppm, TC 2.8 ppm, CC 1.3 ppm — well",pool,unspecified,shock,scripts/data/academy-troubleshooting.js:201,"(data file, no direct generator)",claim,CONTEXTUAL
scripts/data/academy-troubleshooting.js,data_module,free_chlorine,1.3,ppm,"body: 'After a pool party, the water smells strongly and guests are complaining of red eyes. Test: FC 1.5 ppm, TC 2.8 ppm, CC 1.3 ppm — well",pool,unspecified,shock,scripts/data/academy-troubleshooting.js:201,"(data file, no direct generator)",claim,CONTEXTUAL
scripts/data/academy-troubleshooting.js,data_module,free_chlorine,13,ppm,"body: 'After a pool party, the water smells strongly and guests are complaining of red eyes. Test: FC 1.5 ppm, TC 2.8 ppm, CC 1.3 ppm — well",pool,unspecified,shock,scripts/data/academy-troubleshooting.js:201,"(data file, no direct generator)",claim,REQUIRES_REVIEW
scripts/data/academy-troubleshooting.js,data_module,free_chlorine,0,gallons,"body: 'After a pool party, the water smells strongly and guests are complaining of red eyes. Test: FC 1.5 ppm, TC 2.8 ppm, CC 1.3 ppm — well",pool,unspecified,shock,scripts/data/academy-troubleshooting.js:201,"(data file, no direct generator)",claim,REQUIRES_REVIEW
scripts/data/academy-troubleshooting.js,data_module,free_chlorine,8,lbs,"body: 'After a pool party, the water smells strongly and guests are complaining of red eyes. Test: FC 1.5 ppm, TC 2.8 ppm, CC 1.3 ppm — well",pool,unspecified,shock,scripts/data/academy-troubleshooting.js:201,"(data file, no direct generator)",claim,REQUIRES_REVIEW
scripts/data/academy-troubleshooting.js,data_module,free_chlorine,4.5,ppm,"body: 'After a pool party, the water smells strongly and guests are complaining of red eyes. Test: FC 1.5 ppm, TC 2.8 ppm, CC 1.3 ppm — well",pool,unspecified,shock,scripts/data/academy-troubleshooting.js:201,"(data file, no direct generator)",claim,CONTEXTUAL
scripts/data/academy-troubleshooting.js,data_module,free_chlorine,0,ppm,"body: 'After a pool party, the water smells strongly and guests are complaining of red eyes. Test: FC 1.5 ppm, TC 2.8 ppm, CC 1.3 ppm — well",pool,unspecified,shock,scripts/data/academy-troubleshooting.js:201,"(data file, no direct generator)",claim,REQUIRES_REVIEW
scripts/data/academy-troubleshooting.js,data_module,ph,400,ppm,"body: 'Prevention: keep LSI between -0.3 and +0.3 by maintaining pH below 7.6, calcium hardness at or below 400 ppm, and alkalinity at 80–12",unspecified,unspecified,target_range,scripts/data/academy-troubleshooting.js:247,"(data file, no direct generator)",claim,REQUIRES_REVIEW
scripts/data/academy-troubleshooting.js,data_module,ph,120,ppm,"body: 'Prevention: keep LSI between -0.3 and +0.3 by maintaining pH below 7.6, calcium hardness at or below 400 ppm, and alkalinity at 80–12",unspecified,unspecified,target_range,scripts/data/academy-troubleshooting.js:247,"(data file, no direct generator)",claim,REQUIRES_REVIEW
scripts/data/academy-troubleshooting.js,data_module,ph,400,ppm,"body: 'A pool owner in an area with naturally hard tap water (400 ppm Ca hardness) fills a new pool. Within two months, heavy scale appears ",pool,unspecified,troubleshooting,scripts/data/academy-troubleshooting.js:253,"(data file, no direct generator)",claim,REQUIRES_REVIEW
scripts/data/academy-troubleshooting.js,data_module,ph,480,ppm,"body: 'A pool owner in an area with naturally hard tap water (400 ppm Ca hardness) fills a new pool. Within two months, heavy scale appears ",pool,unspecified,troubleshooting,scripts/data/academy-troubleshooting.js:253,"(data file, no direct generator)",claim,REQUIRES_REVIEW
scripts/data/academy-troubleshooting.js,data_module,ph,140,ppm,"body: 'A pool owner in an area with naturally hard tap water (400 ppm Ca hardness) fills a new pool. Within two months, heavy scale appears ",pool,unspecified,troubleshooting,scripts/data/academy-troubleshooting.js:253,"(data file, no direct generator)",claim,REQUIRES_REVIEW
scripts/data/academy-troubleshooting.js,data_module,ph,90,ppm,"body: 'A pool owner in an area with naturally hard tap water (400 ppm Ca hardness) fills a new pool. Within two months, heavy scale appears ",pool,unspecified,troubleshooting,scripts/data/academy-troubleshooting.js:253,"(data file, no direct generator)",claim,REQUIRES_REVIEW
scripts/data/academy-troubleshooting.js,data_module,ph,340,ppm,"body: 'A pool owner in an area with naturally hard tap water (400 ppm Ca hardness) fills a new pool. Within two months, heavy scale appears ",pool,unspecified,troubleshooting,scripts/data/academy-troubleshooting.js:253,"(data file, no direct generator)",claim,REQUIRES_REVIEW
scripts/data/academy-troubleshooting.js,data_module,calcium_hardness,150,ppm,"'Soft water (low calcium hardness, below 150 ppm) is inherently corrosive to pool surfaces.',",pool,unspecified,target_range,scripts/data/academy-troubleshooting.js:282,"(data file, no direct generator)",claim,CONTEXTUAL
scripts/data/academy-troubleshooting.js,data_module,ph,100,ppm,"body: 'The treatment for active corrosion is raising the LSI into the acceptable range: raise pH to 7.4–7.6 (largest single impact), raise c",pool,unspecified,shock,scripts/data/academy-troubleshooting.js:299,"(data file, no direct generator)",claim,REQUIRES_REVIEW
scripts/data/academy-troubleshooting.js,data_module,ph,100,ppm,body: 'A pool owner notices blue-green staining appearing along the waterline and on the pool floor after using a copper-based algaecide. Te,pool,unspecified,shock,scripts/data/academy-troubleshooting.js:305,"(data file, no direct generator)",claim,REQUIRES_REVIEW
scripts/data/academy-troubleshooting.js,data_module,ph,250,ppm,body: 'A pool owner notices blue-green staining appearing along the waterline and on the pool floor after using a copper-based algaecide. Te,pool,unspecified,shock,scripts/data/academy-troubleshooting.js:305,"(data file, no direct generator)",claim,REQUIRES_REVIEW
scripts/data/academy-troubleshooting.js,data_module,calcium_hardness,200,ppm,'Filling a plaster pool with soft municipal water without immediately raising calcium hardness to at least 200 ppm.',pool,unspecified,target_range,scripts/data/academy-troubleshooting.js:311,"(data file, no direct generator)",claim,CONTEXTUAL
scripts/data/academy-vacation-rentals.js,data_module,ph,1,ppm,"body: 'Test all water parameters (FC, pH, TA, hardness) within 24 hours of guest arrival. If FC is below 1 ppm (pool) or 3 ppm (hot tub), ad",both,chlorine,shock,scripts/data/academy-vacation-rentals.js:29,"(data file, no direct generator)",claim,REQUIRES_REVIEW
scripts/data/academy-vacation-rentals.js,data_module,ph,3,ppm,"body: 'Test all water parameters (FC, pH, TA, hardness) within 24 hours of guest arrival. If FC is below 1 ppm (pool) or 3 ppm (hot tub), ad",both,chlorine,shock,scripts/data/academy-vacation-rentals.js:29,"(data file, no direct generator)",claim,REQUIRES_REVIEW
scripts/data/academy-vacation-rentals.js,data_module,ph,0.5,ppm,"body: 'Test all water parameters (FC, pH, TA, hardness) within 24 hours of guest arrival. If FC is below 1 ppm (pool) or 3 ppm (hot tub), ad",both,chlorine,shock,scripts/data/academy-vacation-rentals.js:29,"(data file, no direct generator)",claim,REQUIRES_REVIEW
scripts/data/academy-vacation-rentals.js,data_module,ph,0.8,ppm,"body: 'Date: Saturday 10am. Pre-turnover test: FC 0.8 ppm (low), pH 7.9 (high), TA 100 ppm (ok), CH 220 ppm (ok), CC 0.4 ppm (borderline). A",unspecified,chlorine,safety_guidance,scripts/data/academy-vacation-rentals.js:45,"(data file, no direct generator)",claim,REQUIRES_REVIEW
scripts/data/academy-vacation-rentals.js,data_module,ph,100,ppm,"body: 'Date: Saturday 10am. Pre-turnover test: FC 0.8 ppm (low), pH 7.9 (high), TA 100 ppm (ok), CH 220 ppm (ok), CC 0.4 ppm (borderline). A",unspecified,chlorine,safety_guidance,scripts/data/academy-vacation-rentals.js:45,"(data file, no direct generator)",claim,REQUIRES_REVIEW
scripts/data/academy-vacation-rentals.js,data_module,ph,220,ppm,"body: 'Date: Saturday 10am. Pre-turnover test: FC 0.8 ppm (low), pH 7.9 (high), TA 100 ppm (ok), CH 220 ppm (ok), CC 0.4 ppm (borderline). A",unspecified,chlorine,safety_guidance,scripts/data/academy-vacation-rentals.js:45,"(data file, no direct generator)",claim,REQUIRES_REVIEW
scripts/data/academy-vacation-rentals.js,data_module,ph,0.4,ppm,"body: 'Date: Saturday 10am. Pre-turnover test: FC 0.8 ppm (low), pH 7.9 (high), TA 100 ppm (ok), CH 220 ppm (ok), CC 0.4 ppm (borderline). A",unspecified,chlorine,safety_guidance,scripts/data/academy-vacation-rentals.js:45,"(data file, no direct generator)",claim,REQUIRES_REVIEW
scripts/data/academy-vacation-rentals.js,data_module,ph,2,ppm,"body: 'Date: Saturday 10am. Pre-turnover test: FC 0.8 ppm (low), pH 7.9 (high), TA 100 ppm (ok), CH 220 ppm (ok), CC 0.4 ppm (borderline). A",unspecified,chlorine,safety_guidance,scripts/data/academy-vacation-rentals.js:45,"(data file, no direct generator)",claim,REQUIRES_REVIEW
scripts/data/academy-vacation-rentals.js,data_module,ph,8,oz,"body: 'Date: Saturday 10am. Pre-turnover test: FC 0.8 ppm (low), pH 7.9 (high), TA 100 ppm (ok), CH 220 ppm (ok), CC 0.4 ppm (borderline). A",unspecified,chlorine,safety_guidance,scripts/data/academy-vacation-rentals.js:45,"(data file, no direct generator)",claim,REQUIRES_REVIEW
scripts/data/academy-vacation-rentals.js,data_module,ph,2.5,ppm,"body: 'Date: Saturday 10am. Pre-turnover test: FC 0.8 ppm (low), pH 7.9 (high), TA 100 ppm (ok), CH 220 ppm (ok), CC 0.4 ppm (borderline). A",unspecified,chlorine,safety_guidance,scripts/data/academy-vacation-rentals.js:45,"(data file, no direct generator)",claim,REQUIRES_REVIEW
scripts/data/academy-vacation-rentals.js,data_module,ph,0.1,ppm,"body: 'Date: Saturday 10am. Pre-turnover test: FC 0.8 ppm (low), pH 7.9 (high), TA 100 ppm (ok), CH 220 ppm (ok), CC 0.4 ppm (borderline). A",unspecified,chlorine,safety_guidance,scripts/data/academy-vacation-rentals.js:45,"(data file, no direct generator)",claim,REQUIRES_REVIEW
scripts/data/academy-vacation-rentals.js,data_module,free_chlorine,1,ppm,"body: 'Reviewing six months of pool logs for a busy vacation rental, the owner notices that free chlorine consistently drops below 1 ppm in ",pool,chlorine,troubleshooting,scripts/data/academy-vacation-rentals.js:149,"(data file, no direct generator)",claim,CONTEXTUAL
scripts/data/academy-vacation-rentals.js,data_module,ph,3,ppm,"body: 'The chemistry portion of the weekly inspection covers: free chlorine (1–3 ppm), combined chlorine (below 0.5 ppm), pH (7.2–7.6), tota",pool,chlorine,target_range,scripts/data/academy-vacation-rentals.js:237,"(data file, no direct generator)",claim,REQUIRES_REVIEW
scripts/data/academy-vacation-rentals.js,data_module,ph,0.5,ppm,"body: 'The chemistry portion of the weekly inspection covers: free chlorine (1–3 ppm), combined chlorine (below 0.5 ppm), pH (7.2–7.6), tota",pool,chlorine,target_range,scripts/data/academy-vacation-rentals.js:237,"(data file, no direct generator)",claim,REQUIRES_REVIEW
scripts/data/academy-vacation-rentals.js,data_module,ph,120,ppm,"body: 'The chemistry portion of the weekly inspection covers: free chlorine (1–3 ppm), combined chlorine (below 0.5 ppm), pH (7.2–7.6), tota",pool,chlorine,target_range,scripts/data/academy-vacation-rentals.js:237,"(data file, no direct generator)",claim,REQUIRES_REVIEW
scripts/data/academy-vacation-rentals.js,data_module,free_chlorine,30,ppm,"'The shock dose for a green pool is 30 ppm FC — the pool volume calculator determines the exact chemical amount.',",pool,unspecified,shock,scripts/data/academy-vacation-rentals.js:282,"(data file, no direct generator)",claim,REQUIRES_REVIEW
scripts/data/academy-vacation-rentals.js,data_module,ph,30,ppm,"body: 'Step 1: Lower pH to 7.2 (maximises chlorine activity). Step 2: For green water, brush all surfaces vigorously to break up algae biofi",unspecified,chlorine,shock,scripts/data/academy-vacation-rentals.js:294,"(data file, no direct generator)",claim,REQUIRES_REVIEW
scripts/data/academy-vacation-rentals.js,data_module,ph,10,ppm,"body: 'Step 1: Lower pH to 7.2 (maximises chlorine activity). Step 2: For green water, brush all surfaces vigorously to break up algae biofi",unspecified,chlorine,shock,scripts/data/academy-vacation-rentals.js:294,"(data file, no direct generator)",claim,REQUIRES_REVIEW
scripts/data/academy-vacation-rentals.js,data_module,ph,10,ppm,"body: 'Step 1: Lower pH to 7.2 (maximises chlorine activity). Step 2: For green water, brush all surfaces vigorously to break up algae biofi",unspecified,chlorine,shock,scripts/data/academy-vacation-rentals.js:294,"(data file, no direct generator)",claim,REQUIRES_REVIEW
scripts/data/academy-vacation-rentals.js,data_module,ph,5,ppm,"body: 'Step 1: Lower pH to 7.2 (maximises chlorine activity). Step 2: For green water, brush all surfaces vigorously to break up algae biofi",unspecified,chlorine,shock,scripts/data/academy-vacation-rentals.js:294,"(data file, no direct generator)",claim,REQUIRES_REVIEW
scripts/data/academy-vacation-rentals.js,data_module,ph,10,gallons,"body: 'Friday afternoon, a property manager arrives for turnover and finds the 18,000-gallon pool bright green. Guests checked out this morn",pool,chlorine,target_range,scripts/data/academy-vacation-rentals.js:305,"(data file, no direct generator)",claim,REQUIRES_REVIEW
scripts/data/academy-vacation-rentals.js,data_module,ph,30,ppm,"body: 'Friday afternoon, a property manager arrives for turnover and finds the 18,000-gallon pool bright green. Guests checked out this morn",pool,chlorine,target_range,scripts/data/academy-vacation-rentals.js:305,"(data file, no direct generator)",claim,REQUIRES_REVIEW
scripts/data/academy-vacation-rentals.js,data_module,ph,12,ppm,"body: 'Friday afternoon, a property manager arrives for turnover and finds the 18,000-gallon pool bright green. Guests checked out this morn",pool,chlorine,target_range,scripts/data/academy-vacation-rentals.js:305,"(data file, no direct generator)",claim,REQUIRES_REVIEW
scripts/data/academy-vacation-rentals.js,data_module,ph,8,ppm,"body: 'Friday afternoon, a property manager arrives for turnover and finds the 18,000-gallon pool bright green. Guests checked out this morn",pool,chlorine,target_range,scripts/data/academy-vacation-rentals.js:305,"(data file, no direct generator)",claim,REQUIRES_REVIEW
scripts/data/academy-vacation-rentals.js,data_module,ph,5,ppm,"body: 'Friday afternoon, a property manager arrives for turnover and finds the 18,000-gallon pool bright green. Guests checked out this morn",pool,chlorine,target_range,scripts/data/academy-vacation-rentals.js:305,"(data file, no direct generator)",claim,REQUIRES_REVIEW
scripts/data/academy-water-balance.js,data_module,ph,2,ppm,body: 'Free chlorine exists in two forms in water: hypochlorous acid (HOCl) and hypochlorite ion (OCl-). HOCl is roughly 80 times more effec,pool,chlorine,troubleshooting,scripts/data/academy-water-balance.js:34,"(data file, no direct generator)",claim,REQUIRES_REVIEW
scripts/data/academy-water-balance.js,data_module,ph,6,ppm,body: 'Free chlorine exists in two forms in water: hypochlorous acid (HOCl) and hypochlorite ion (OCl-). HOCl is roughly 80 times more effec,pool,chlorine,troubleshooting,scripts/data/academy-water-balance.js:34,"(data file, no direct generator)",claim,REQUIRES_REVIEW
scripts/data/academy-water-balance.js,data_module,ph,3,ppm,"body: 'A pool maintains 3 ppm FC but keeps developing algae spots. pH testing shows 8.0. At pH 8.0, only 22% of FC is active HOCl — effectiv",pool,chlorine,troubleshooting,scripts/data/academy-water-balance.js:45,"(data file, no direct generator)",claim,REQUIRES_REVIEW
scripts/data/academy-water-balance.js,data_module,ph,0.66,ppm,"body: 'A pool maintains 3 ppm FC but keeps developing algae spots. pH testing shows 8.0. At pH 8.0, only 22% of FC is active HOCl — effectiv",pool,chlorine,troubleshooting,scripts/data/academy-water-balance.js:45,"(data file, no direct generator)",claim,REQUIRES_REVIEW
scripts/data/academy-water-balance.js,data_module,ph,3,ppm,"body: 'A pool maintains 3 ppm FC but keeps developing algae spots. pH testing shows 8.0. At pH 8.0, only 22% of FC is active HOCl — effectiv",pool,chlorine,troubleshooting,scripts/data/academy-water-balance.js:45,"(data file, no direct generator)",claim,REQUIRES_REVIEW
scripts/data/academy-water-balance.js,data_module,ph,1.65,ppm,"body: 'A pool maintains 3 ppm FC but keeps developing algae spots. pH testing shows 8.0. At pH 8.0, only 22% of FC is active HOCl — effectiv",pool,chlorine,troubleshooting,scripts/data/academy-water-balance.js:45,"(data file, no direct generator)",claim,REQUIRES_REVIEW
scripts/data/academy-water-balance.js,data_module,total_alkalinity,120,ppm,"'Target total alkalinity for pools is 80–120 ppm; for hot tubs, 80–120 ppm.',",hot_tub,unspecified,target_range,scripts/data/academy-water-balance.js:73,"(data file, no direct generator)",claim,CONTEXTUAL
scripts/data/academy-water-balance.js,data_module,total_alkalinity,120,ppm,"'Target total alkalinity for pools is 80–120 ppm; for hot tubs, 80–120 ppm.',",hot_tub,unspecified,target_range,scripts/data/academy-water-balance.js:73,"(data file, no direct generator)",claim,CONTEXTUAL
scripts/data/academy-water-balance.js,data_module,ph,120,ppm,"body: 'Total alkalinity measures the concentration of bicarbonate, carbonate, and hydroxide ions in pool water. These ions act as a chemical",pool,unspecified,troubleshooting,scripts/data/academy-water-balance.js:82,"(data file, no direct generator)",claim,REQUIRES_REVIEW
scripts/data/academy-water-balance.js,data_module,ph,60,ppm,"body: 'Total alkalinity measures the concentration of bicarbonate, carbonate, and hydroxide ions in pool water. These ions act as a chemical",pool,unspecified,troubleshooting,scripts/data/academy-water-balance.js:82,"(data file, no direct generator)",claim,REQUIRES_REVIEW
scripts/data/academy-water-balance.js,data_module,ph,80,ppm,"body: 'Low alkalinity (below 80 ppm) causes pH to swing unpredictably and makes the water mildly aggressive. Even after adding pH increaser,",unspecified,unspecified,target_range,scripts/data/academy-water-balance.js:87,"(data file, no direct generator)",claim,REQUIRES_REVIEW
scripts/data/academy-water-balance.js,data_module,ph,120,ppm,"body: 'Low alkalinity (below 80 ppm) causes pH to swing unpredictably and makes the water mildly aggressive. Even after adding pH increaser,",unspecified,unspecified,target_range,scripts/data/academy-water-balance.js:87,"(data file, no direct generator)",claim,REQUIRES_REVIEW
scripts/data/academy-water-balance.js,data_module,ph,200,ppm,"body: 'Low alkalinity (below 80 ppm) causes pH to swing unpredictably and makes the water mildly aggressive. Even after adding pH increaser,",unspecified,unspecified,target_range,scripts/data/academy-water-balance.js:87,"(data file, no direct generator)",claim,REQUIRES_REVIEW
scripts/data/academy-water-balance.js,data_module,ph,1.5,lbs,"body: 'To raise total alkalinity: add sodium bicarbonate (sold as ""alkalinity increaser"" or baking soda). Add in doses of 1–1.5 lbs per 10,0",pool,unspecified,target_range,scripts/data/academy-water-balance.js:92,"(data file, no direct generator)",claim,REQUIRES_REVIEW
scripts/data/academy-water-balance.js,data_module,ph,0,gallons,"body: 'To raise total alkalinity: add sodium bicarbonate (sold as ""alkalinity increaser"" or baking soda). Add in doses of 1–1.5 lbs per 10,0",pool,unspecified,target_range,scripts/data/academy-water-balance.js:92,"(data file, no direct generator)",claim,REQUIRES_REVIEW
scripts/data/academy-water-balance.js,data_module,ph,45,ppm,body: 'A pool owner adds soda ash Monday and pH jumps to 7.8. By Wednesday it is back to 7.0. They add more soda ash. By Friday it is 7.7. T,pool,unspecified,target_range,scripts/data/academy-water-balance.js:98,"(data file, no direct generator)",claim,REQUIRES_REVIEW
scripts/data/academy-water-balance.js,data_module,ph,90,ppm,body: 'A pool owner adds soda ash Monday and pH jumps to 7.8. By Wednesday it is back to 7.0. They add more soda ash. By Friday it is 7.7. T,pool,unspecified,target_range,scripts/data/academy-water-balance.js:98,"(data file, no direct generator)",claim,REQUIRES_REVIEW
scripts/data/academy-water-balance.js,data_module,ph,2.7,lbs,body: 'A pool owner adds soda ash Monday and pH jumps to 7.8. By Wednesday it is back to 7.0. They add more soda ash. By Friday it is 7.7. T,pool,unspecified,target_range,scripts/data/academy-water-balance.js:98,"(data file, no direct generator)",claim,REQUIRES_REVIEW
scripts/data/academy-water-balance.js,data_module,calcium_hardness,400,ppm,"'Target calcium hardness: 200–400 ppm for plaster and concrete pools; 150–250 ppm for vinyl and fibreglass.',",unspecified,unspecified,target_range,scripts/data/academy-water-balance.js:125,"(data file, no direct generator)",claim,CONTEXTUAL
scripts/data/academy-water-balance.js,data_module,calcium_hardness,250,ppm,"'Target calcium hardness: 200–400 ppm for plaster and concrete pools; 150–250 ppm for vinyl and fibreglass.',",unspecified,unspecified,target_range,scripts/data/academy-water-balance.js:125,"(data file, no direct generator)",claim,CONTEXTUAL
scripts/data/academy-water-balance.js,data_module,calcium_hardness,150,ppm,"body: 'Low calcium hardness (below 150 ppm in a plaster pool) causes etching and pitting of the pool surface, visible as rough patches. Meta",pool,unspecified,troubleshooting,scripts/data/academy-water-balance.js:139,"(data file, no direct generator)",claim,CONTEXTUAL
scripts/data/academy-water-balance.js,data_module,calcium_hardness,500,ppm,"body: 'Low calcium hardness (below 150 ppm in a plaster pool) causes etching and pitting of the pool surface, visible as rough patches. Meta",pool,unspecified,troubleshooting,scripts/data/academy-water-balance.js:139,"(data file, no direct generator)",claim,CONTEXTUAL
scripts/data/academy-water-balance.js,data_module,ph,10,ppm,"body: 'To raise calcium hardness: add calcium chloride (sold as ""hardness increaser""). It dissolves quickly and raises hardness without sign",pool,unspecified,target_range,scripts/data/academy-water-balance.js:144,"(data file, no direct generator)",claim,REQUIRES_REVIEW
scripts/data/academy-water-balance.js,data_module,ph,1.25,lbs,"body: 'To raise calcium hardness: add calcium chloride (sold as ""hardness increaser""). It dissolves quickly and raises hardness without sign",pool,unspecified,target_range,scripts/data/academy-water-balance.js:144,"(data file, no direct generator)",claim,REQUIRES_REVIEW
scripts/data/academy-water-balance.js,data_module,ph,80,ppm,"body: 'A plaster pool shows rough patches on the bottom near the main drain, visible as dull, pitted areas about 6 months after resurfacing.",pool,unspecified,target_range,scripts/data/academy-water-balance.js:150,"(data file, no direct generator)",claim,REQUIRES_REVIEW
scripts/data/academy-water-balance.js,data_module,ph,200,ppm,"body: 'A plaster pool shows rough patches on the bottom near the main drain, visible as dull, pitted areas about 6 months after resurfacing.",pool,unspecified,target_range,scripts/data/academy-water-balance.js:150,"(data file, no direct generator)",claim,REQUIRES_REVIEW
scripts/data/academy-water-balance.js,data_module,ph,250,ppm,"body: 'A plaster pool shows rough patches on the bottom near the main drain, visible as dull, pitted areas about 6 months after resurfacing.",pool,unspecified,target_range,scripts/data/academy-water-balance.js:150,"(data file, no direct generator)",claim,REQUIRES_REVIEW
scripts/data/academy-water-balance.js,data_module,cyanuric_acid,50,ppm,"'Target CYA for unstabilised pools: 30–50 ppm. Salt pools: 60–80 ppm.',",unspecified,saltwater_chlorine_generator,target_range,scripts/data/academy-water-balance.js:177,"(data file, no direct generator)",claim,REQUIRES_REVIEW
scripts/data/academy-water-balance.js,data_module,cyanuric_acid,80,ppm,"'Target CYA for unstabilised pools: 30–50 ppm. Salt pools: 60–80 ppm.',",unspecified,saltwater_chlorine_generator,target_range,scripts/data/academy-water-balance.js:177,"(data file, no direct generator)",claim,REQUIRES_REVIEW
scripts/data/academy-water-balance.js,data_module,cyanuric_acid,80,ppm,"'Above 80 ppm, CYA significantly reduces chlorine effectiveness — more chlorine is needed for the same sanitation.',",unspecified,chlorine,target_range,scripts/data/academy-water-balance.js:178,"(data file, no direct generator)",claim,REQUIRES_REVIEW
scripts/data/academy-water-balance.js,data_module,free_chlorine,50,ppm,body: 'Cyanuric acid forms a weak chemical bond with free chlorine in pool water. This bond protects chlorine molecules from being broken do,pool,chlorine,target_range,scripts/data/academy-water-balance.js:186,"(data file, no direct generator)",claim,REQUIRES_REVIEW
scripts/data/academy-water-balance.js,data_module,ph,30,ppm,"body: 'The percentage of free chlorine that is in its most active form (HOCl) decreases as CYA increases. At CYA 30 ppm and pH 7.4, approxim",unspecified,chlorine,target_range,scripts/data/academy-water-balance.js:191,"(data file, no direct generator)",claim,REQUIRES_REVIEW
scripts/data/academy-water-balance.js,data_module,ph,100,ppm,"body: 'The percentage of free chlorine that is in its most active form (HOCl) decreases as CYA increases. At CYA 30 ppm and pH 7.4, approxim",unspecified,chlorine,target_range,scripts/data/academy-water-balance.js:191,"(data file, no direct generator)",claim,REQUIRES_REVIEW
scripts/data/academy-water-balance.js,data_module,ph,80,ppm,"body: 'The percentage of free chlorine that is in its most active form (HOCl) decreases as CYA increases. At CYA 30 ppm and pH 7.4, approxim",unspecified,chlorine,target_range,scripts/data/academy-water-balance.js:191,"(data file, no direct generator)",claim,REQUIRES_REVIEW
scripts/data/academy-water-balance.js,data_module,ph,12,ppm,"body: 'The percentage of free chlorine that is in its most active form (HOCl) decreases as CYA increases. At CYA 30 ppm and pH 7.4, approxim",unspecified,chlorine,target_range,scripts/data/academy-water-balance.js:191,"(data file, no direct generator)",claim,REQUIRES_REVIEW
scripts/data/academy-water-balance.js,data_module,ph,3,ppm,"body: 'The percentage of free chlorine that is in its most active form (HOCl) decreases as CYA increases. At CYA 30 ppm and pH 7.4, approxim",unspecified,chlorine,target_range,scripts/data/academy-water-balance.js:191,"(data file, no direct generator)",claim,REQUIRES_REVIEW
scripts/data/academy-water-balance.js,data_module,ph,80,ppm,"body: 'CYA accumulates over time when stabilised chlorine products (trichlor tablets or dichlor shock) are used. Unlike pH, alkalinity, and ",pool,chlorine,shock,scripts/data/academy-water-balance.js:196,"(data file, no direct generator)",claim,REQUIRES_REVIEW
scripts/data/academy-water-balance.js,data_module,ph,100,ppm,"body: 'CYA accumulates over time when stabilised chlorine products (trichlor tablets or dichlor shock) are used. Unlike pH, alkalinity, and ",pool,chlorine,shock,scripts/data/academy-water-balance.js:196,"(data file, no direct generator)",claim,REQUIRES_REVIEW
scripts/data/academy-water-balance.js,data_module,free_chlorine,3,ppm,"body: 'A pool owner adds shock every week but algae keeps returning. FC tests fine at 3 ppm. A CYA test shows 120 ppm. At CYA 120 ppm, minim",pool,chlorine,shock,scripts/data/academy-water-balance.js:202,"(data file, no direct generator)",claim,CONTEXTUAL
scripts/data/academy-water-balance.js,data_module,free_chlorine,120,ppm,"body: 'A pool owner adds shock every week but algae keeps returning. FC tests fine at 3 ppm. A CYA test shows 120 ppm. At CYA 120 ppm, minim",pool,chlorine,shock,scripts/data/academy-water-balance.js:202,"(data file, no direct generator)",claim,REQUIRES_REVIEW
scripts/data/academy-water-balance.js,data_module,free_chlorine,120,ppm,"body: 'A pool owner adds shock every week but algae keeps returning. FC tests fine at 3 ppm. A CYA test shows 120 ppm. At CYA 120 ppm, minim",pool,chlorine,shock,scripts/data/academy-water-balance.js:202,"(data file, no direct generator)",claim,REQUIRES_REVIEW
scripts/data/academy-water-balance.js,data_module,free_chlorine,18,ppm,"body: 'A pool owner adds shock every week but algae keeps returning. FC tests fine at 3 ppm. A CYA test shows 120 ppm. At CYA 120 ppm, minim",pool,chlorine,shock,scripts/data/academy-water-balance.js:202,"(data file, no direct generator)",claim,REQUIRES_REVIEW
scripts/data/academy-water-balance.js,data_module,free_chlorine,3,ppm,"body: 'A pool owner adds shock every week but algae keeps returning. FC tests fine at 3 ppm. A CYA test shows 120 ppm. At CYA 120 ppm, minim",pool,chlorine,shock,scripts/data/academy-water-balance.js:202,"(data file, no direct generator)",claim,CONTEXTUAL
scripts/data/academy-water-balance.js,data_module,free_chlorine,60,ppm,"body: 'A pool owner adds shock every week but algae keeps returning. FC tests fine at 3 ppm. A CYA test shows 120 ppm. At CYA 120 ppm, minim",pool,chlorine,shock,scripts/data/academy-water-balance.js:202,"(data file, no direct generator)",claim,REQUIRES_REVIEW
scripts/data/academy-water-balance.js,data_module,free_chlorine,3,ppm,"body: 'A pool owner adds shock every week but algae keeps returning. FC tests fine at 3 ppm. A CYA test shows 120 ppm. At CYA 120 ppm, minim",pool,chlorine,shock,scripts/data/academy-water-balance.js:202,"(data file, no direct generator)",claim,CONTEXTUAL
scripts/data/academy-water-balance.js,data_module,water_temperature,90,°f,'Temperature has a large effect on LSI — the same chemistry at 90°F scores higher than at 70°F.',unspecified,unspecified,target_range,scripts/data/academy-water-balance.js:232,"(data file, no direct generator)",claim,REQUIRES_REVIEW
scripts/data/academy-water-balance.js,data_module,water_temperature,70,°f,'Temperature has a large effect on LSI — the same chemistry at 90°F scores higher than at 70°F.',unspecified,unspecified,target_range,scripts/data/academy-water-balance.js:232,"(data file, no direct generator)",claim,REQUIRES_REVIEW
scripts/data/academy-water-balance.js,data_module,ph,104,°f,"body: 'Hot tub water is typically maintained at 98–104°F. At these temperatures, the temperature factor in the LSI formula is significantly ",both,unspecified,target_range,scripts/data/academy-water-balance.js:248,"(data file, no direct generator)",calculation,REQUIRES_REVIEW
scripts/data/academy-water-balance.js,data_module,ph,78,°f,"body: 'Hot tub water is typically maintained at 98–104°F. At these temperatures, the temperature factor in the LSI formula is significantly ",both,unspecified,target_range,scripts/data/academy-water-balance.js:248,"(data file, no direct generator)",calculation,REQUIRES_REVIEW
scripts/data/academy-water-balance.js,data_module,ph,100,ppm,"body: 'Hot tub water is typically maintained at 98–104°F. At these temperatures, the temperature factor in the LSI formula is significantly ",both,unspecified,target_range,scripts/data/academy-water-balance.js:248,"(data file, no direct generator)",calculation,REQUIRES_REVIEW
scripts/data/academy-water-balance.js,data_module,ph,250,ppm,"body: 'Hot tub water is typically maintained at 98–104°F. At these temperatures, the temperature factor in the LSI formula is significantly ",both,unspecified,target_range,scripts/data/academy-water-balance.js:248,"(data file, no direct generator)",calculation,REQUIRES_REVIEW
scripts/data/academy-water-balance.js,data_module,ph,102,°f,"body: 'Hot tub water is typically maintained at 98–104°F. At these temperatures, the temperature factor in the LSI formula is significantly ",both,unspecified,target_range,scripts/data/academy-water-balance.js:248,"(data file, no direct generator)",calculation,REQUIRES_REVIEW
scripts/data/academy-water-balance.js,data_module,ph,78,°f,"body: 'Hot tub water is typically maintained at 98–104°F. At these temperatures, the temperature factor in the LSI formula is significantly ",both,unspecified,target_range,scripts/data/academy-water-balance.js:248,"(data file, no direct generator)",calculation,REQUIRES_REVIEW
scripts/data/academy-water-balance.js,data_module,ph,82,°f,"body: 'Pool test data: pH 7.4, temperature 82°F, calcium hardness 250 ppm, total alkalinity 100 ppm, TDS 1,500 ppm. Using the LSI calculator",pool,unspecified,target_range,scripts/data/academy-water-balance.js:254,"(data file, no direct generator)",calculation,REQUIRES_REVIEW
scripts/data/academy-water-balance.js,data_module,ph,250,ppm,"body: 'Pool test data: pH 7.4, temperature 82°F, calcium hardness 250 ppm, total alkalinity 100 ppm, TDS 1,500 ppm. Using the LSI calculator",pool,unspecified,target_range,scripts/data/academy-water-balance.js:254,"(data file, no direct generator)",calculation,REQUIRES_REVIEW
scripts/data/academy-water-balance.js,data_module,ph,100,ppm,"body: 'Pool test data: pH 7.4, temperature 82°F, calcium hardness 250 ppm, total alkalinity 100 ppm, TDS 1,500 ppm. Using the LSI calculator",pool,unspecified,target_range,scripts/data/academy-water-balance.js:254,"(data file, no direct generator)",calculation,REQUIRES_REVIEW
scripts/data/academy-water-balance.js,data_module,ph,500,ppm,"body: 'Pool test data: pH 7.4, temperature 82°F, calcium hardness 250 ppm, total alkalinity 100 ppm, TDS 1,500 ppm. Using the LSI calculator",pool,unspecified,target_range,scripts/data/academy-water-balance.js:254,"(data file, no direct generator)",calculation,REQUIRES_REVIEW
scripts/data/academy-water-balance.js,data_module,ph,82,°f,"body: 'Pool test data: pH 7.4, temperature 82°F, calcium hardness 250 ppm, total alkalinity 100 ppm, TDS 1,500 ppm. Using the LSI calculator",pool,unspecified,target_range,scripts/data/academy-water-balance.js:254,"(data file, no direct generator)",calculation,REQUIRES_REVIEW
scripts/data/academy-water-balance.js,data_module,ph,250,ppm,"body: 'Pool test data: pH 7.4, temperature 82°F, calcium hardness 250 ppm, total alkalinity 100 ppm, TDS 1,500 ppm. Using the LSI calculator",pool,unspecified,target_range,scripts/data/academy-water-balance.js:254,"(data file, no direct generator)",calculation,REQUIRES_REVIEW
scripts/data/academy-water-balance.js,data_module,ph,100,ppm,"body: 'Pool test data: pH 7.4, temperature 82°F, calcium hardness 250 ppm, total alkalinity 100 ppm, TDS 1,500 ppm. Using the LSI calculator",pool,unspecified,target_range,scripts/data/academy-water-balance.js:254,"(data file, no direct generator)",calculation,REQUIRES_REVIEW
scripts/data/academy-water-balance.js,data_module,ph,82,°f,"body: 'Pool test data: pH 7.4, temperature 82°F, calcium hardness 250 ppm, total alkalinity 100 ppm, TDS 1,500 ppm. Using the LSI calculator",pool,unspecified,target_range,scripts/data/academy-water-balance.js:254,"(data file, no direct generator)",calculation,REQUIRES_REVIEW
scripts/data/academy-water-balance.js,data_module,ph,250,ppm,"body: 'Pool test data: pH 7.4, temperature 82°F, calcium hardness 250 ppm, total alkalinity 100 ppm, TDS 1,500 ppm. Using the LSI calculator",pool,unspecified,target_range,scripts/data/academy-water-balance.js:254,"(data file, no direct generator)",calculation,REQUIRES_REVIEW
scripts/data/academy-water-balance.js,data_module,ph,100,ppm,"body: 'Pool test data: pH 7.4, temperature 82°F, calcium hardness 250 ppm, total alkalinity 100 ppm, TDS 1,500 ppm. Using the LSI calculator",pool,unspecified,target_range,scripts/data/academy-water-balance.js:254,"(data file, no direct generator)",calculation,REQUIRES_REVIEW
scripts/data/academy-water-balance.js,data_module,ph,120,ppm,body: 'Step 1: Adjust total alkalinity to 80–120 ppm using sodium bicarbonate (to raise) or muriatic acid (to lower). Wait 4–6 hours and ret,pool,chlorine,target_range,scripts/data/academy-water-balance.js:295,"(data file, no direct generator)",claim,REQUIRES_REVIEW
scripts/data/academy-water-balance.js,data_module,ph,50,ppm,"body: 'An opening test shows: TA 50 ppm, pH 7.0, CH 100 ppm, FC 0. Day 1 morning: add sodium bicarbonate to raise TA toward 90 ppm. Day 1 ev",unspecified,chlorine,target_range,scripts/data/academy-water-balance.js:306,"(data file, no direct generator)",claim,REQUIRES_REVIEW
scripts/data/academy-water-balance.js,data_module,ph,100,ppm,"body: 'An opening test shows: TA 50 ppm, pH 7.0, CH 100 ppm, FC 0. Day 1 morning: add sodium bicarbonate to raise TA toward 90 ppm. Day 1 ev",unspecified,chlorine,target_range,scripts/data/academy-water-balance.js:306,"(data file, no direct generator)",claim,REQUIRES_REVIEW
scripts/data/academy-water-balance.js,data_module,ph,90,ppm,"body: 'An opening test shows: TA 50 ppm, pH 7.0, CH 100 ppm, FC 0. Day 1 morning: add sodium bicarbonate to raise TA toward 90 ppm. Day 1 ev",unspecified,chlorine,target_range,scripts/data/academy-water-balance.js:306,"(data file, no direct generator)",claim,REQUIRES_REVIEW
scripts/data/academy-water-balance.js,data_module,ph,85,ppm,"body: 'An opening test shows: TA 50 ppm, pH 7.0, CH 100 ppm, FC 0. Day 1 morning: add sodium bicarbonate to raise TA toward 90 ppm. Day 1 ev",unspecified,chlorine,target_range,scripts/data/academy-water-balance.js:306,"(data file, no direct generator)",claim,REQUIRES_REVIEW
scripts/data/academy-water-balance.js,data_module,ph,200,ppm,"body: 'An opening test shows: TA 50 ppm, pH 7.0, CH 100 ppm, FC 0. Day 1 morning: add sodium bicarbonate to raise TA toward 90 ppm. Day 1 ev",unspecified,chlorine,target_range,scripts/data/academy-water-balance.js:306,"(data file, no direct generator)",claim,REQUIRES_REVIEW
scripts/data/academy-water-balance.js,data_module,ph,3,ppm,"body: 'An opening test shows: TA 50 ppm, pH 7.0, CH 100 ppm, FC 0. Day 1 morning: add sodium bicarbonate to raise TA toward 90 ppm. Day 1 ev",unspecified,chlorine,target_range,scripts/data/academy-water-balance.js:306,"(data file, no direct generator)",claim,REQUIRES_REVIEW
scripts/data/chemistry-claims.js,data_module,free_chlorine,1,ppm,"claim_text: 'Pool free chlorine should be at least 1 ppm, commonly targeted in a 1-3 ppm range for unstabilized chlorine.',",pool,chlorine,target_range,scripts/data/chemistry-claims.js:48,"(data file, no direct generator)",claim,CONTEXTUAL
scripts/data/chemistry-claims.js,data_module,free_chlorine,-3,ppm,"claim_text: 'Pool free chlorine should be at least 1 ppm, commonly targeted in a 1-3 ppm range for unstabilized chlorine.',",pool,chlorine,target_range,scripts/data/chemistry-claims.js:48,"(data file, no direct generator)",claim,REQUIRES_REVIEW
scripts/data/chemistry-claims.js,data_module,free_chlorine,2,ppm,"claim_text: 'Pool free chlorine should be at least 2 ppm when cyanuric acid / stabilized chlorine products are used, commonly targeted in a ",pool,chlorine,target_range,scripts/data/chemistry-claims.js:54,"(data file, no direct generator)",claim,CONTEXTUAL
scripts/data/chemistry-claims.js,data_module,free_chlorine,-4,ppm,"claim_text: 'Pool free chlorine should be at least 2 ppm when cyanuric acid / stabilized chlorine products are used, commonly targeted in a ",pool,chlorine,target_range,scripts/data/chemistry-claims.js:54,"(data file, no direct generator)",claim,REQUIRES_REVIEW
scripts/data/chemistry-claims.js,data_module,free_chlorine,3,ppm,"claim_text: 'Hot tub free chlorine should be at least 3 ppm, commonly targeted in a 3-5 ppm range.',",hot_tub,chlorine,target_range,scripts/data/chemistry-claims.js:60,"(data file, no direct generator)",claim,CONTEXTUAL
scripts/data/chemistry-claims.js,data_module,free_chlorine,-5,ppm,"claim_text: 'Hot tub free chlorine should be at least 3 ppm, commonly targeted in a 3-5 ppm range.',",hot_tub,chlorine,target_range,scripts/data/chemistry-claims.js:60,"(data file, no direct generator)",claim,REQUIRES_REVIEW
scripts/data/chemistry-claims.js,data_module,cyanuric_acid,-50,ppm,"claim_text: 'Outdoor residential pool CYA is commonly targeted in a 30-50 ppm range for UV protection.',",pool,unspecified,target_range,scripts/data/chemistry-claims.js:72,"(data file, no direct generator)",claim,REQUIRES_REVIEW
scripts/data/chemistry-claims.js,data_module,cyanuric_acid,100,ppm,claim_text: 'CYA above roughly 100 ppm (or above 15 ppm during a specific contamination-response protocol) impairs chlorine\'s disinfection ,unspecified,chlorine,target_range,scripts/data/chemistry-claims.js:78,"(data file, no direct generator)",claim,REQUIRES_REVIEW
scripts/data/chemistry-claims.js,data_module,cyanuric_acid,15,ppm,claim_text: 'CYA above roughly 100 ppm (or above 15 ppm during a specific contamination-response protocol) impairs chlorine\'s disinfection ,unspecified,chlorine,target_range,scripts/data/chemistry-claims.js:78,"(data file, no direct generator)",claim,CONTEXTUAL
scripts/data/chemistry-claims.js,data_module,total_alkalinity,-120,ppm,"claim_text: 'Total alkalinity should be maintained between roughly 80-120 ppm (acceptable range 60-180 ppm per public-pool standards).',",pool,unspecified,target_range,scripts/data/chemistry-claims.js:84,"(data file, no direct generator)",claim,REQUIRES_REVIEW
scripts/data/chemistry-claims.js,data_module,total_alkalinity,-180,ppm,"claim_text: 'Total alkalinity should be maintained between roughly 80-120 ppm (acceptable range 60-180 ppm per public-pool standards).',",pool,unspecified,target_range,scripts/data/chemistry-claims.js:84,"(data file, no direct generator)",claim,REQUIRES_REVIEW
scripts/data/chemistry-claims.js,data_module,calcium_hardness,-400,ppm,"claim_text: 'Calcium hardness should be maintained between roughly 200-400 ppm (acceptable range 150-1,000 ppm per public-pool standards).',",pool,unspecified,target_range,scripts/data/chemistry-claims.js:90,"(data file, no direct generator)",claim,REQUIRES_REVIEW
scripts/data/chemistry-claims.js,data_module,calcium_hardness,0,ppm,"claim_text: 'Calcium hardness should be maintained between roughly 200-400 ppm (acceptable range 150-1,000 ppm per public-pool standards).',",pool,unspecified,target_range,scripts/data/chemistry-claims.js:90,"(data file, no direct generator)",claim,REQUIRES_REVIEW
scripts/data/chemistry-claims.js,data_module,salt,200,ppm,"claim_text: 'Saltwater pools are commonly targeted around 3,200 ppm salt, with an acceptable range of roughly 2,700-3,400 ppm.',",unspecified,saltwater_chlorine_generator,target_range,scripts/data/chemistry-claims.js:96,"(data file, no direct generator)",claim,REQUIRES_REVIEW
scripts/data/chemistry-claims.js,data_module,salt,400,ppm,"claim_text: 'Saltwater pools are commonly targeted around 3,200 ppm salt, with an acceptable range of roughly 2,700-3,400 ppm.',",unspecified,saltwater_chlorine_generator,target_range,scripts/data/chemistry-claims.js:96,"(data file, no direct generator)",claim,REQUIRES_REVIEW
scripts/data/chemistry-claims.js,data_module,bromine,-8,ppm,"claim_text: 'Hot tub bromine should be maintained in a 4-8 ppm range.',",hot_tub,bromine,target_range,scripts/data/chemistry-claims.js:102,"(data file, no direct generator)",claim,REQUIRES_REVIEW
scripts/data/chemistry-ranges.js,data_module,free_chlorine,1,ppm,rationale: 'CDC: at least 1 ppm free chlorine in pools. MAHC: 1.0-3.0 ppm FAC range for traditional (non-CYA-stabilized) chlorinated pools.',unspecified,chlorine,target_range,scripts/data/chemistry-ranges.js:69,"(data file, no direct generator)",claim,CONTEXTUAL
scripts/data/chemistry-ranges.js,data_module,free_chlorine,-3,ppm,rationale: 'CDC: at least 1 ppm free chlorine in pools. MAHC: 1.0-3.0 ppm FAC range for traditional (non-CYA-stabilized) chlorinated pools.',unspecified,chlorine,target_range,scripts/data/chemistry-ranges.js:69,"(data file, no direct generator)",claim,REQUIRES_REVIEW
scripts/data/chemistry-ranges.js,data_module,free_chlorine,2,ppm,rationale: 'CDC: at least 2 ppm free chlorine in pools using cyanuric acid / stabilized chlorine products. MAHC: 2.0-4.0 ppm FAC range for C,unspecified,chlorine,target_range,scripts/data/chemistry-ranges.js:78,"(data file, no direct generator)",claim,CONTEXTUAL
scripts/data/chemistry-ranges.js,data_module,free_chlorine,-4,ppm,rationale: 'CDC: at least 2 ppm free chlorine in pools using cyanuric acid / stabilized chlorine products. MAHC: 2.0-4.0 ppm FAC range for C,unspecified,chlorine,target_range,scripts/data/chemistry-ranges.js:78,"(data file, no direct generator)",claim,REQUIRES_REVIEW
scripts/data/chemistry-ranges.js,data_module,free_chlorine,3,ppm,rationale: 'CDC: at least 3 ppm free chlorine in hot tubs (higher minimum than pools due to elevated temperature and smaller water volume). ,hot_tub,chlorine,target_range,scripts/data/chemistry-ranges.js:87,"(data file, no direct generator)",claim,CONTEXTUAL
scripts/data/chemistry-ranges.js,data_module,combined_chlorine,-0.5,ppm,rationale: 'Industry/MAHC framing treats combined chlorine as something to minimize toward zero rather than a target band; a commonly-cited ,unspecified,chlorine,shock,scripts/data/chemistry-ranges.js:98,"(data file, no direct generator)",claim,REQUIRES_REVIEW
scripts/data/chemistry-ranges.js,data_module,total_alkalinity,-180,ppm,"rationale: 'ANSI/APSP/ICC-11 2019 standard: total alkalinity 60-180 ppm as CaCO3 for public pools/spas.',",unspecified,unspecified,target_range,scripts/data/chemistry-ranges.js:109,"(data file, no direct generator)",claim,REQUIRES_REVIEW
scripts/data/chemistry-ranges.js,data_module,calcium_hardness,0,ppm,"rationale: 'ANSI/APSP/ICC-11 2019 standard: calcium hardness 150-1,000 ppm acceptable for public pools.',",unspecified,unspecified,target_range,scripts/data/chemistry-ranges.js:138,"(data file, no direct generator)",claim,REQUIRES_REVIEW
scripts/data/chemistry-ranges.js,data_module,free_chlorine,15,ppm,"rationale: 'MAHC specifies CYA must be reduced to <=15 ppm as part of the specific Cryptosporidium-contamination response protocol, so that ",unspecified,chlorine,target_range,scripts/data/chemistry-ranges.js:158,"(data file, no direct generator)",claim,REQUIRES_REVIEW
scripts/data/chemistry-ranges.js,data_module,cyanuric_acid,-50,ppm,rationale: 'Widely cited industry-practice range for routine outdoor residential pool CYA (to provide UV protection without excessive chlori,pool,chlorine,target_range,scripts/data/chemistry-ranges.js:167,"(data file, no direct generator)",claim,REQUIRES_REVIEW
scripts/data/chemistry-ranges.js,data_module,salt,500,ppm,"rationale: 'Pentair-brand salt chlorine generators are reported (secondary/manufacturer-adjacent sources) to target 3,500 ppm +/- 300 ppm. T",unspecified,saltwater_chlorine_generator,target_range,scripts/data/chemistry-ranges.js:196,"(data file, no direct generator)",claim,REQUIRES_REVIEW
scripts/data/chemistry-ranges.js,data_module,salt,300,ppm,"rationale: 'Pentair-brand salt chlorine generators are reported (secondary/manufacturer-adjacent sources) to target 3,500 ppm +/- 300 ppm. T",unspecified,saltwater_chlorine_generator,target_range,scripts/data/chemistry-ranges.js:196,"(data file, no direct generator)",claim,REQUIRES_REVIEW
scripts/data/chemistry-ranges.js,data_module,salt,0,ppm,"rationale: 'AutoPilot-brand salt chlorine generators are reported (secondary/manufacturer-adjacent sources) to target approximately 4,000 pp",unspecified,saltwater_chlorine_generator,target_range,scripts/data/chemistry-ranges.js:205,"(data file, no direct generator)",claim,REQUIRES_REVIEW
scripts/data/chemistry-ranges.js,data_module,bromine,-8,ppm,rationale: 'CDC hot-tub guidance references a 4-8 ppm bromine range; some secondary industry sources cite a narrower practical 3-5 ppm opera,hot_tub,bromine,target_range,scripts/data/chemistry-ranges.js:216,"(data file, no direct generator)",claim,REQUIRES_REVIEW
scripts/data/chemistry-ranges.js,data_module,bromine,-5,ppm,rationale: 'CDC hot-tub guidance references a 4-8 ppm bromine range; some secondary industry sources cite a narrower practical 3-5 ppm opera,hot_tub,bromine,target_range,scripts/data/chemistry-ranges.js:216,"(data file, no direct generator)",claim,REQUIRES_REVIEW
scripts/data/chemistry-ranges.js,data_module,ph,20,ppm,rationale: 'CDC/MAHC fecal-incident response: raise free chlorine to 20 ppm and maintain for approximately 13 hours for a formed-stool incid,unspecified,chlorine,shock,scripts/data/chemistry-ranges.js:237,"(data file, no direct generator)",claim,REQUIRES_REVIEW
scripts/data/chemistry-ranges.js,data_module,ph,20,ppm,rationale: 'CDC/MAHC fecal-incident response: raise free chlorine to 20 ppm and maintain for approximately 13 hours for a formed-stool incid,unspecified,chlorine,shock,scripts/data/chemistry-ranges.js:237,"(data file, no direct generator)",claim,REQUIRES_REVIEW
scripts/data/chemistry-ranges.js,data_module,ph,15,ppm,rationale: 'CDC/MAHC fecal-incident response: raise free chlorine to 20 ppm and maintain for approximately 13 hours for a formed-stool incid,unspecified,chlorine,shock,scripts/data/chemistry-ranges.js:237,"(data file, no direct generator)",claim,REQUIRES_REVIEW
scripts/data/chemistry-sources.js,data_module,ph,1,ppm,notes: 'States CDC recommends free chlorine of at least 1 ppm in pools and at least 3 ppm in hot tubs (at least 2 ppm in pools if using cyan,hot_tub,chlorine,target_range,scripts/data/chemistry-sources.js:35,"(data file, no direct generator)",claim,REQUIRES_REVIEW
scripts/data/chemistry-sources.js,data_module,ph,3,ppm,notes: 'States CDC recommends free chlorine of at least 1 ppm in pools and at least 3 ppm in hot tubs (at least 2 ppm in pools if using cyan,hot_tub,chlorine,target_range,scripts/data/chemistry-sources.js:35,"(data file, no direct generator)",claim,REQUIRES_REVIEW
scripts/data/chemistry-sources.js,data_module,ph,2,ppm,notes: 'States CDC recommends free chlorine of at least 1 ppm in pools and at least 3 ppm in hot tubs (at least 2 ppm in pools if using cyan,hot_tub,chlorine,target_range,scripts/data/chemistry-sources.js:35,"(data file, no direct generator)",claim,REQUIRES_REVIEW
scripts/data/chemistry-sources.js,data_module,ph,-3,ppm,notes: 'National voluntary guidance for public aquatic facilities. States FAC (free available chlorine) 1.0-3.0 ppm for traditional chlorina,pool,chlorine,target_range,scripts/data/chemistry-sources.js:61,"(data file, no direct generator)",claim,REQUIRES_REVIEW
scripts/data/chemistry-sources.js,data_module,ph,-4,ppm,notes: 'National voluntary guidance for public aquatic facilities. States FAC (free available chlorine) 1.0-3.0 ppm for traditional chlorina,pool,chlorine,target_range,scripts/data/chemistry-sources.js:61,"(data file, no direct generator)",claim,REQUIRES_REVIEW
scripts/data/chemistry-sources.js,data_module,ph,1,ppm,notes: 'National voluntary guidance for public aquatic facilities. States FAC (free available chlorine) 1.0-3.0 ppm for traditional chlorina,pool,chlorine,target_range,scripts/data/chemistry-sources.js:61,"(data file, no direct generator)",claim,REQUIRES_REVIEW
scripts/data/chemistry-sources.js,data_module,ph,2,ppm,notes: 'National voluntary guidance for public aquatic facilities. States FAC (free available chlorine) 1.0-3.0 ppm for traditional chlorina,pool,chlorine,target_range,scripts/data/chemistry-sources.js:61,"(data file, no direct generator)",claim,REQUIRES_REVIEW
scripts/data/chemistry-sources.js,data_module,ph,15,ppm,notes: 'National voluntary guidance for public aquatic facilities. States FAC (free available chlorine) 1.0-3.0 ppm for traditional chlorina,pool,chlorine,target_range,scripts/data/chemistry-sources.js:61,"(data file, no direct generator)",claim,REQUIRES_REVIEW
scripts/data/chemistry-sources.js,data_module,ph,20,ppm,notes: 'National voluntary guidance for public aquatic facilities. States FAC (free available chlorine) 1.0-3.0 ppm for traditional chlorina,pool,chlorine,target_range,scripts/data/chemistry-sources.js:61,"(data file, no direct generator)",claim,REQUIRES_REVIEW
scripts/data/chemistry-sources.js,data_module,ph,15,ppm,notes: 'National voluntary guidance for public aquatic facilities. States FAC (free available chlorine) 1.0-3.0 ppm for traditional chlorina,pool,chlorine,target_range,scripts/data/chemistry-sources.js:61,"(data file, no direct generator)",claim,REQUIRES_REVIEW
scripts/data/chemistry-sources.js,data_module,ph,20,ppm,notes: 'National voluntary guidance for public aquatic facilities. States FAC (free available chlorine) 1.0-3.0 ppm for traditional chlorina,pool,chlorine,target_range,scripts/data/chemistry-sources.js:61,"(data file, no direct generator)",claim,REQUIRES_REVIEW
scripts/data/chemistry-sources.js,data_module,total_alkalinity,-180,ppm,notes: 'ANSI-accredited national standard for public pool/spa water quality. States total alkalinity shall be maintained between 60-180 ppm ,both,unspecified,target_range,scripts/data/chemistry-sources.js:113,"(data file, no direct generator)",claim,REQUIRES_REVIEW
scripts/data/chemistry-sources.js,data_module,total_alkalinity,0,ppm,notes: 'ANSI-accredited national standard for public pool/spa water quality. States total alkalinity shall be maintained between 60-180 ppm ,both,unspecified,target_range,scripts/data/chemistry-sources.js:113,"(data file, no direct generator)",claim,REQUIRES_REVIEW
scripts/data/chemistry-sources.js,data_module,ph,60,ppm,"notes: 'PHTA technical fact sheet explaining total alkalinity as a pH buffer; below ~60 ppm pH can ""bounce"" (swing rapidly), above ~180 ppm ",unspecified,unspecified,target_range,scripts/data/chemistry-sources.js:126,"(data file, no direct generator)",claim,REQUIRES_REVIEW
scripts/data/chemistry-sources.js,data_module,ph,180,ppm,"notes: 'PHTA technical fact sheet explaining total alkalinity as a pH buffer; below ~60 ppm pH can ""bounce"" (swing rapidly), above ~180 ppm ",unspecified,unspecified,target_range,scripts/data/chemistry-sources.js:126,"(data file, no direct generator)",claim,REQUIRES_REVIEW
scripts/data/dataset-chemical-properties.js,data_module,cyanuric_acid,100,ppm,"safetyNotes: 'Cannot be removed chemically. Only dilution reduces CYA. Above 100 ppm, severely reduces chlorine effectiveness.' },",unspecified,chlorine,safety_guidance,scripts/data/dataset-chemical-properties.js:65,"(data file, no direct generator)",claim,REQUIRES_REVIEW
scripts/data/dataset-chemical-ranges.js,data_module,free_chlorine,50,ppm,"notes: 'Minimum effective level depends on CYA. At CYA 50 ppm, minimum FC is 4 ppm per TFPC guidelines.' },",unspecified,unspecified,target_range,scripts/data/dataset-chemical-ranges.js:20,"(data file, no direct generator)",claim,REQUIRES_REVIEW
scripts/data/dataset-chemical-ranges.js,data_module,free_chlorine,4,ppm,"notes: 'Minimum effective level depends on CYA. At CYA 50 ppm, minimum FC is 4 ppm per TFPC guidelines.' },",unspecified,unspecified,target_range,scripts/data/dataset-chemical-ranges.js:20,"(data file, no direct generator)",claim,CONTEXTUAL
scripts/data/dataset-chemical-ranges.js,data_module,combined_chlorine,0.5,ppm,"notes: 'Any detectable CC above 0.5 ppm requires breakpoint chlorination (shock at 10x CC level).' },",unspecified,unspecified,shock,scripts/data/dataset-chemical-ranges.js:26,"(data file, no direct generator)",claim,REQUIRES_REVIEW
scripts/data/dataset-chemical-ranges.js,data_module,free_chlorine,80,ppm,"notes: 'Above 80 ppm, increase FC target proportionally. Above 100 ppm, partial drain required. Only reduced by water dilution.' },",unspecified,unspecified,target_range,scripts/data/dataset-chemical-ranges.js:50,"(data file, no direct generator)",claim,REQUIRES_REVIEW
scripts/data/dataset-chemical-ranges.js,data_module,free_chlorine,100,ppm,"notes: 'Above 80 ppm, increase FC target proportionally. Above 100 ppm, partial drain required. Only reduced by water dilution.' },",unspecified,unspecified,target_range,scripts/data/dataset-chemical-ranges.js:50,"(data file, no direct generator)",claim,REQUIRES_REVIEW
scripts/data/dataset-chemical-ranges.js,data_module,cyanuric_acid,80,ppm,"notes: 'Higher CYA required for salt pools to protect chlorine generated by cell. Do not exceed 80 ppm if possible.' },",unspecified,saltwater_chlorine_generator,target_range,scripts/data/dataset-chemical-ranges.js:99,"(data file, no direct generator)",claim,REQUIRES_REVIEW
scripts/data/dataset-chemical-ranges.js,data_module,salt,60,°f,"notes: 'Salt cell output decreases significantly below 60°F. Manual chlorination may be needed in cold weather.' },",unspecified,saltwater_chlorine_generator,target_range,scripts/data/dataset-chemical-ranges.js:111,"(data file, no direct generator)",claim,REQUIRES_REVIEW
scripts/data/dataset-chemical-ranges.js,data_module,free_chlorine,1,ppm,"notes: 'Many jurisdictions require minimum 1 ppm FC by law. ORP must also be maintained above 650 mV.' },",unspecified,unspecified,target_range,scripts/data/dataset-chemical-ranges.js:167,"(data file, no direct generator)",claim,CONTEXTUAL
scripts/data/dataset-chemical-ranges.js,data_module,cyanuric_acid,40,ppm,"notes: 'Many health codes prohibit CYA above 40 ppm in commercial pools or prohibit CYA entirely.' },",unspecified,unspecified,target_range,scripts/data/dataset-chemical-ranges.js:191,"(data file, no direct generator)",claim,REQUIRES_REVIEW
scripts/data/dataset-chemical-ranges.js,data_module,water_temperature,85,°f,"notes: 'Temperature above 85°F increases chlorine demand significantly and promotes algae growth.' },",unspecified,chlorine,target_range,scripts/data/dataset-chemical-ranges.js:235,"(data file, no direct generator)",claim,REQUIRES_REVIEW
scripts/data/dataset-core.js,data_module,chlorine_demand,82,°f,"notes: 'Most swimmers prefer 78–82°F. Higher temperatures increase chlorine demand.' },",unspecified,chlorine,target_range,scripts/data/dataset-core.js:181,"(data file, no direct generator)",claim,REQUIRES_REVIEW
scripts/data/dataset-core.js,data_module,water_temperature,10,°c,"{ effect: 'chlorine-demand', description: 'Chlorine demand approximately doubles for every 10°C (18°F) temperature increase.' },",unspecified,chlorine,target_range,scripts/data/dataset-core.js:197,"(data file, no direct generator)",claim,REQUIRES_REVIEW
scripts/data/dataset-core.js,data_module,water_temperature,18,°f,"{ effect: 'chlorine-demand', description: 'Chlorine demand approximately doubles for every 10°C (18°F) temperature increase.' },",unspecified,chlorine,target_range,scripts/data/dataset-core.js:197,"(data file, no direct generator)",claim,REQUIRES_REVIEW
scripts/data/dataset-core.js,data_module,algae,85,°f,"{ effect: 'algae-growth', description: 'Algae growth rate increases significantly above 85°F (29°C).' },",unspecified,unspecified,target_range,scripts/data/dataset-core.js:199,"(data file, no direct generator)",claim,REQUIRES_REVIEW
scripts/data/dataset-core.js,data_module,algae,29,°c,"{ effect: 'algae-growth', description: 'Algae growth rate increases significantly above 85°F (29°C).' },",unspecified,unspecified,target_range,scripts/data/dataset-core.js:199,"(data file, no direct generator)",claim,REQUIRES_REVIEW
scripts/data/dataset-core.js,data_module,salt,60,°f,"{ effect: 'salt-cell-output', description: 'Salt cell output decreases significantly below 60°F (15°C). Below 50°F, most cells shut off auto",unspecified,saltwater_chlorine_generator,target_range,scripts/data/dataset-core.js:202,"(data file, no direct generator)",claim,REQUIRES_REVIEW
scripts/data/dataset-core.js,data_module,salt,15,°c,"{ effect: 'salt-cell-output', description: 'Salt cell output decreases significantly below 60°F (15°C). Below 50°F, most cells shut off auto",unspecified,saltwater_chlorine_generator,target_range,scripts/data/dataset-core.js:202,"(data file, no direct generator)",claim,REQUIRES_REVIEW
scripts/data/dataset-core.js,data_module,salt,50,°f,"{ effect: 'salt-cell-output', description: 'Salt cell output decreases significantly below 60°F (15°C). Below 50°F, most cells shut off auto",unspecified,saltwater_chlorine_generator,target_range,scripts/data/dataset-core.js:202,"(data file, no direct generator)",claim,REQUIRES_REVIEW
scripts/data/dataset-core.js,data_module,combined_chlorine,0.5,ppm,"{ parameter: 'combined-chlorine', frequency: 'weekly', notes: 'If CC > 0.5 ppm, shock immediately.' },",unspecified,chlorine,shock,scripts/data/dataset-core.js:219,"(data file, no direct generator)",claim,REQUIRES_REVIEW
scripts/data/dataset-core.js,data_module,water_temperature,104,°f,"{ parameter: 'temperature', frequency: 'before-each-use', notes: 'Safety requirement. Maximum 104°F.' },",unspecified,unspecified,safety_guidance,scripts/data/dataset-core.js:236,"(data file, no direct generator)",claim,REQUIRES_REVIEW
scripts/data/dataset-core.js,data_module,combined_chlorine,0.5,ppm,"{ parameter: 'combined-chlorine', frequency: 'immediately-after', notes: 'Shock if CC > 0.5 ppm.' },",unspecified,chlorine,shock,scripts/data/dataset-core.js:256,"(data file, no direct generator)",claim,REQUIRES_REVIEW
scripts/data/dataset-dosage-matrices.js,data_module,cyanuric_acid,0.9,ppm,"notes: 'Each oz adds ~0.9 ppm CYA per 10,000 gal. Use sparingly to avoid CYA accumulation. Dissolves rapidly.',",unspecified,unspecified,target_range,scripts/data/dataset-dosage-matrices.js:100,"(data file, no direct generator)",claim,CONTEXTUAL
scripts/data/dataset-dosage-matrices.js,data_module,cyanuric_acid,0,gal,"notes: 'Each oz adds ~0.9 ppm CYA per 10,000 gal. Use sparingly to avoid CYA accumulation. Dissolves rapidly.',",unspecified,unspecified,target_range,scripts/data/dataset-dosage-matrices.js:100,"(data file, no direct generator)",claim,REQUIRES_REVIEW
scripts/data/dataset-dosage-matrices.js,data_module,total_alkalinity,1.5,lbs,"notes: '1.5 lbs raises TA by ~10 ppm in 10,000 gallons. Add around pool perimeter with pump running.',",pool,unspecified,target_range,scripts/data/dataset-dosage-matrices.js:177,"(data file, no direct generator)",claim,REQUIRES_REVIEW
scripts/data/dataset-dosage-matrices.js,data_module,total_alkalinity,10,ppm,"notes: '1.5 lbs raises TA by ~10 ppm in 10,000 gallons. Add around pool perimeter with pump running.',",pool,unspecified,target_range,scripts/data/dataset-dosage-matrices.js:177,"(data file, no direct generator)",claim,REQUIRES_REVIEW
scripts/data/dataset-dosage-matrices.js,data_module,total_alkalinity,0,gallons,"notes: '1.5 lbs raises TA by ~10 ppm in 10,000 gallons. Add around pool perimeter with pump running.',",pool,unspecified,target_range,scripts/data/dataset-dosage-matrices.js:177,"(data file, no direct generator)",claim,REQUIRES_REVIEW
scripts/data/dataset-dosage-matrices.js,data_module,calcium_hardness,1.7,lbs,"notes: '1.7 lbs raises CH by ~10 ppm in 10,000 gal. Pre-dissolve in large bucket of water — reacts exothermically. Add slowly near return.',",unspecified,unspecified,target_range,scripts/data/dataset-dosage-matrices.js:193,"(data file, no direct generator)",claim,REQUIRES_REVIEW
scripts/data/dataset-dosage-matrices.js,data_module,calcium_hardness,10,ppm,"notes: '1.7 lbs raises CH by ~10 ppm in 10,000 gal. Pre-dissolve in large bucket of water — reacts exothermically. Add slowly near return.',",unspecified,unspecified,target_range,scripts/data/dataset-dosage-matrices.js:193,"(data file, no direct generator)",claim,REQUIRES_REVIEW
scripts/data/dataset-dosage-matrices.js,data_module,calcium_hardness,0,gal,"notes: '1.7 lbs raises CH by ~10 ppm in 10,000 gal. Pre-dissolve in large bucket of water — reacts exothermically. Add slowly near return.',",unspecified,unspecified,target_range,scripts/data/dataset-dosage-matrices.js:193,"(data file, no direct generator)",claim,REQUIRES_REVIEW
scripts/data/dataset-dosage-matrices.js,data_module,cyanuric_acid,1.3,lbs,"notes: '1.3 lbs raises CYA by ~10 ppm in 10,000 gal. Dissolves slowly (24–48 hrs). Place in nylon sock near return jet.',",unspecified,unspecified,target_range,scripts/data/dataset-dosage-matrices.js:209,"(data file, no direct generator)",claim,REQUIRES_REVIEW
scripts/data/dataset-dosage-matrices.js,data_module,cyanuric_acid,10,ppm,"notes: '1.3 lbs raises CYA by ~10 ppm in 10,000 gal. Dissolves slowly (24–48 hrs). Place in nylon sock near return jet.',",unspecified,unspecified,target_range,scripts/data/dataset-dosage-matrices.js:209,"(data file, no direct generator)",claim,CONTEXTUAL
scripts/data/dataset-dosage-matrices.js,data_module,cyanuric_acid,0,gal,"notes: '1.3 lbs raises CYA by ~10 ppm in 10,000 gal. Dissolves slowly (24–48 hrs). Place in nylon sock near return jet.',",unspecified,unspecified,target_range,scripts/data/dataset-dosage-matrices.js:209,"(data file, no direct generator)",claim,REQUIRES_REVIEW
scripts/data/dataset-dosage-matrices.js,data_module,salt,13.3,lbs,"notes: '13.3 lbs raises salt by ~10 ppm in 10,000 gal. High-purity NaCl required (no additives). Pre-dissolve in shallow end.',",unspecified,saltwater_chlorine_generator,target_range,scripts/data/dataset-dosage-matrices.js:225,"(data file, no direct generator)",claim,REQUIRES_REVIEW
scripts/data/dataset-dosage-matrices.js,data_module,salt,10,ppm,"notes: '13.3 lbs raises salt by ~10 ppm in 10,000 gal. High-purity NaCl required (no additives). Pre-dissolve in shallow end.',",unspecified,saltwater_chlorine_generator,target_range,scripts/data/dataset-dosage-matrices.js:225,"(data file, no direct generator)",claim,REQUIRES_REVIEW
scripts/data/dataset-dosage-matrices.js,data_module,salt,0,gal,"notes: '13.3 lbs raises salt by ~10 ppm in 10,000 gal. High-purity NaCl required (no additives). Pre-dissolve in shallow end.',",unspecified,saltwater_chlorine_generator,target_range,scripts/data/dataset-dosage-matrices.js:225,"(data file, no direct generator)",claim,REQUIRES_REVIEW
scripts/data/dataset-supplemental.js,data_module,(unmatched),1000,ppm,"notes: 'Standard: 12.1 for pools with TDS ~1000 ppm. Use 12.2 for saltwater pools (higher TDS ~3200 ppm).' },",unspecified,saltwater_chlorine_generator,target_range,scripts/data/dataset-supplemental.js:60,"(data file, no direct generator)",claim,REQUIRES_REVIEW
scripts/data/dataset-supplemental.js,data_module,(unmatched),3200,ppm,"notes: 'Standard: 12.1 for pools with TDS ~1000 ppm. Use 12.2 for saltwater pools (higher TDS ~3200 ppm).' },",unspecified,saltwater_chlorine_generator,target_range,scripts/data/dataset-supplemental.js:60,"(data file, no direct generator)",claim,REQUIRES_REVIEW
scripts/data/dataset-supplemental.js,data_module,ph,-30,ppm,"resolutionOrder: ['lower-ph-to-72', 'brush-all-surfaces', 'shock-to-30ppm-fc', 'run-filter-24hr', 'backwash-when-pressure-rises', 'retest-af",unspecified,unspecified,shock,scripts/data/dataset-supplemental.js:173,"(data file, no direct generator)",claim,REQUIRES_REVIEW
scripts/data/dataset-supplemental.js,data_module,free_chlorine,5,ppm,"symptoms: ['FC above 5 ppm', 'Bleaching of swimwear', 'Eye and skin irritation'],",unspecified,unspecified,target_range,scripts/data/dataset-supplemental.js:224,"(data file, no direct generator)",claim,CONTEXTUAL
scripts/data/dataset-supplemental.js,data_module,free_chlorine,-5,ppm,"resolutionOrder: ['close-pool-until-fc-below-5ppm', 'allow-natural-dissipation', 'uncover-pool-in-sunlight'] },",pool,unspecified,target_range,scripts/data/dataset-supplemental.js:229,"(data file, no direct generator)",claim,REQUIRES_REVIEW
scripts/data/dataset-supplemental.js,data_module,ph,0.5,ppm,"weekly: ['Test FC and pH (twice per week)', 'Add chlorine as needed', 'Clean skimmer basket', 'Check filter pressure', 'Brush walls and floo",unspecified,chlorine,shock,scripts/data/dataset-supplemental.js:259,"(data file, no direct generator)",claim,REQUIRES_REVIEW
scripts/data/dataset-supplemental.js,data_module,ph,104,°f,"beforeEachUse: ['Test FC or bromine', 'Test pH', 'Verify temperature is safe (maximum 104°F)', 'Check for clarity'],",unspecified,bromine,target_range,scripts/data/dataset-supplemental.js:269,"(data file, no direct generator)",claim,REQUIRES_REVIEW
scripts/data/entities-chemicals.js,data_module,free_chlorine,0.5,ppm,longDescription: 'Combined chlorine (CC) is the difference between total chlorine and free chlorine. It consists primarily of chloramines — ,pool,chlorine,shock,scripts/data/entities-chemicals.js:32,"(data file, no direct generator)",claim,REQUIRES_REVIEW
scripts/data/entities-chemicals.js,data_module,free_chlorine,100,ppm,longDescription: 'Cyanuric acid (CYA) — also called stabilizer or conditioner — binds to free chlorine to protect it from UV photolysis. Wit,pool,chlorine,target_range,scripts/data/entities-chemicals.js:100,"(data file, no direct generator)",claim,REQUIRES_REVIEW
scripts/data/entities-chemicals.js,data_module,salt,50,ppm,"idealRange: '30–50 ppm (standard pools); 60–80 ppm (salt pools)',",unspecified,saltwater_chlorine_generator,target_range,scripts/data/entities-chemicals.js:103,"(data file, no direct generator)",claim,REQUIRES_REVIEW
scripts/data/entities-chemicals.js,data_module,salt,80,ppm,"idealRange: '30–50 ppm (standard pools); 60–80 ppm (salt pools)',",unspecified,saltwater_chlorine_generator,target_range,scripts/data/entities-chemicals.js:103,"(data file, no direct generator)",claim,REQUIRES_REVIEW
scripts/data/entities-chemicals.js,data_module,calcium_hardness,400,ppm,longDescription: 'Calcium hardness (CH) is the measure of dissolved calcium ions in pool water. It is one of the five variables in the Lange,pool,unspecified,target_range,scripts/data/entities-chemicals.js:122,"(data file, no direct generator)",claim,CONTEXTUAL
scripts/data/entities-chemicals.js,data_module,calcium_hardness,250,ppm,longDescription: 'Calcium hardness (CH) is the measure of dissolved calcium ions in pool water. It is one of the five variables in the Lange,pool,unspecified,target_range,scripts/data/entities-chemicals.js:122,"(data file, no direct generator)",claim,CONTEXTUAL
scripts/data/entities-chemicals.js,data_module,salt,400,ppm,longDescription: 'Pool salt is pure sodium chloride (NaCl) added to pool water for use with a salt chlorinator (also called a saltwater gene,pool,saltwater_chlorine_generator,target_range,scripts/data/entities-chemicals.js:144,"(data file, no direct generator)",claim,REQUIRES_REVIEW
scripts/data/entities-chemicals.js,data_module,oxidation,0.3,ppm,"longDescription: 'Copper can enter pool water from copper-based algaecides, copper-silver ionizers, copper pipes, or from the fill water its",pool,unspecified,target_range,scripts/data/entities-chemicals.js:210,"(data file, no direct generator)",claim,REQUIRES_REVIEW
scripts/data/entities-chemicals.js,data_module,free_chlorine,1,ppm,"idealRange: 'N/A (residual; used with 0.5–1 ppm FC)',",unspecified,unspecified,target_range,scripts/data/entities-chemicals.js:301,"(data file, no direct generator)",claim,CONTEXTUAL
scripts/data/entities-equipment.js,data_module,salt,400,ppm,longDescription: 'A salt chlorinator (also called a saltwater generator or SWCG) uses electrolysis to convert sodium chloride dissolved in p,pool,saltwater_chlorine_generator,target_range,scripts/data/entities-equipment.js:140,"(data file, no direct generator)",claim,REQUIRES_REVIEW
scripts/data/entities-equipment.js,data_module,salt,400,ppm,"idealRange: 'N/A (requires 2,700–3,400 ppm salt)',",unspecified,saltwater_chlorine_generator,target_range,scripts/data/entities-equipment.js:143,"(data file, no direct generator)",claim,REQUIRES_REVIEW
scripts/data/entities-equipment.js,data_module,free_chlorine,3,ppm,longDescription: 'Automatic chlorinators (erosion feeders) hold trichlor tablets or granules and slowly dissolve them as water flows through,unspecified,chlorine,shock,scripts/data/entities-equipment.js:162,"(data file, no direct generator)",claim,CONTEXTUAL
scripts/data/entities-measurements.js,data_module,ph,10,°c,longDescription: 'Water temperature directly affects pool and spa water chemistry. Higher temperatures accelerate chlorine demand (halving w,both,chlorine,safety_guidance,scripts/data/entities-measurements.js:52,"(data file, no direct generator)",claim,REQUIRES_REVIEW
scripts/data/entities-measurements.js,data_module,ph,18,°f,longDescription: 'Water temperature directly affects pool and spa water chemistry. Higher temperatures accelerate chlorine demand (halving w,both,chlorine,safety_guidance,scripts/data/entities-measurements.js:52,"(data file, no direct generator)",claim,REQUIRES_REVIEW
scripts/data/entities-measurements.js,data_module,ph,104,°f,longDescription: 'Water temperature directly affects pool and spa water chemistry. Higher temperatures accelerate chlorine demand (halving w,both,chlorine,safety_guidance,scripts/data/entities-measurements.js:52,"(data file, no direct generator)",claim,REQUIRES_REVIEW
scripts/data/entities-measurements.js,data_module,free_chlorine,1,ppm,"longDescription: 'Parts per million (ppm) is the standard unit of concentration for pool chemistry parameters including free chlorine, alkal",pool,chlorine,target_range,scripts/data/entities-measurements.js:162,"(data file, no direct generator)",claim,CONTEXTUAL
scripts/data/entities-measurements.js,data_module,free_chlorine,1,ppm,"longDescription: 'Parts per million (ppm) is the standard unit of concentration for pool chemistry parameters including free chlorine, alkal",pool,chlorine,target_range,scripts/data/entities-measurements.js:162,"(data file, no direct generator)",claim,CONTEXTUAL
scripts/data/entities-problems.js,data_module,ph,30,ppm,longDescription: 'Green pool water is almost always caused by an algae bloom — typically green algae — resulting from insufficient free chlo,pool,chlorine,shock,scripts/data/entities-problems.js:30,"(data file, no direct generator)",claim,REQUIRES_REVIEW
scripts/data/entities-problems.js,data_module,combined_chlorine,0.5,ppm,"idealRange: 'N/A (prevented by keeping CC < 0.5 ppm)',",unspecified,unspecified,target_range,scripts/data/entities-problems.js:143,"(data file, no direct generator)",claim,REQUIRES_REVIEW
scripts/data/entities-problems.js,data_module,ph,5,ppm,"longDescription: 'Skin irritation after pool or hot tub use can result from pH too far outside the neutral range (below 7.0 or above 8.0), h",both,bromine,target_range,scripts/data/entities-problems.js:184,"(data file, no direct generator)",claim,REQUIRES_REVIEW
scripts/data/entities-problems.js,data_module,ph,10,ppm,"longDescription: 'Skin irritation after pool or hot tub use can result from pH too far outside the neutral range (below 7.0 or above 8.0), h",both,bromine,target_range,scripts/data/entities-problems.js:184,"(data file, no direct generator)",claim,REQUIRES_REVIEW
scripts/data/entities-problems.js,data_module,free_chlorine,80,ppm,longDescription: 'Low free chlorine is the single most common and dangerous pool chemistry problem. When FC drops below the minimum for the ,pool,chlorine,safety_guidance,scripts/data/entities-problems.js:206,"(data file, no direct generator)",claim,REQUIRES_REVIEW
scripts/data/entities-problems.js,data_module,free_chlorine,5,ppm,"shortDescription: 'Free chlorine above 5 ppm causing bleaching, eye/skin irritation, and swimmer discomfort.',",unspecified,chlorine,target_range,scripts/data/entities-problems.js:227,"(data file, no direct generator)",claim,CONTEXTUAL
scripts/data/entities-problems.js,data_module,free_chlorine,5,ppm,"longDescription: 'High free chlorine (above 5 ppm) causes bleaching of swimwear, eye and skin irritation, and respiratory irritation in encl",both,chlorine,shock,scripts/data/entities-problems.js:228,"(data file, no direct generator)",claim,CONTEXTUAL
scripts/data/entities-problems.js,data_module,free_chlorine,5,ppm,"longDescription: 'High free chlorine (above 5 ppm) causes bleaching of swimwear, eye and skin irritation, and respiratory irritation in encl",both,chlorine,shock,scripts/data/entities-problems.js:228,"(data file, no direct generator)",claim,CONTEXTUAL
scripts/data/entities-problems.js,data_module,free_chlorine,3,ppm,"longDescription: 'High free chlorine (above 5 ppm) causes bleaching of swimwear, eye and skin irritation, and respiratory irritation in encl",both,chlorine,shock,scripts/data/entities-problems.js:228,"(data file, no direct generator)",claim,CONTEXTUAL
scripts/data/entities-processes.js,data_module,free_chlorine,10,ppm,"longDescription: 'Shock treatment (superchlorination) involves raising free chlorine to a high level — typically 10 ppm for maintenance, 10×",unspecified,chlorine,shock,scripts/data/entities-processes.js:8,"(data file, no direct generator)",claim,REQUIRES_REVIEW
scripts/data/entities-processes.js,data_module,free_chlorine,30,ppm,"longDescription: 'Shock treatment (superchlorination) involves raising free chlorine to a high level — typically 10 ppm for maintenance, 10×",unspecified,chlorine,shock,scripts/data/entities-processes.js:8,"(data file, no direct generator)",claim,REQUIRES_REVIEW
scripts/data/entities-processes.js,data_module,free_chlorine,30,ppm,"idealRange: 'N/A (raises FC to 10–30 ppm temporarily)',",unspecified,unspecified,target_range,scripts/data/entities-processes.js:11,"(data file, no direct generator)",claim,REQUIRES_REVIEW
scripts/data/entities-processes.js,data_module,free_chlorine,0.5,ppm,longDescription: 'Breakpoint chlorination is the process of adding enough chlorine to destroy all combined chlorine (chloramines) in pool wa,pool,chlorine,shock,scripts/data/entities-processes.js:30,"(data file, no direct generator)",claim,REQUIRES_REVIEW
scripts/data/entities-processes.js,data_module,combined_chlorine,80,ppm,"longDescription: 'Water replacement (partial or full drain and refill) is the only way to reduce CYA, calcium hardness, TDS, and salt when t",both,saltwater_chlorine_generator,target_range,scripts/data/entities-processes.js:118,"(data file, no direct generator)",claim,REQUIRES_REVIEW
scripts/data/entities-processes.js,data_module,combined_chlorine,500,ppm,"longDescription: 'Water replacement (partial or full drain and refill) is the only way to reduce CYA, calcium hardness, TDS, and salt when t",both,saltwater_chlorine_generator,target_range,scripts/data/entities-processes.js:118,"(data file, no direct generator)",claim,REQUIRES_REVIEW
scripts/data/entities-processes.js,data_module,combined_chlorine,0,ppm,"longDescription: 'Water replacement (partial or full drain and refill) is the only way to reduce CYA, calcium hardness, TDS, and salt when t",both,saltwater_chlorine_generator,target_range,scripts/data/entities-processes.js:118,"(data file, no direct generator)",claim,REQUIRES_REVIEW
scripts/data/entities-remaining.js,data_module,ph,200,ppm,longDescription: 'A saltwater pool is a chlorine pool that generates its own chlorine using a salt chlorinator (SWCG). The pool still contai,pool,saltwater_chlorine_generator,target_range,scripts/data/entities-remaining.js:32,"(data file, no direct generator)",claim,REQUIRES_REVIEW
scripts/data/entities-remaining.js,data_module,ph,0,ppm,longDescription: 'A saltwater pool is a chlorine pool that generates its own chlorine using a salt chlorinator (SWCG). The pool still contai,pool,saltwater_chlorine_generator,target_range,scripts/data/entities-remaining.js:32,"(data file, no direct generator)",claim,REQUIRES_REVIEW
scripts/data/entities-remaining.js,data_module,ph,80,ppm,longDescription: 'A saltwater pool is a chlorine pool that generates its own chlorine using a salt chlorinator (SWCG). The pool still contai,pool,saltwater_chlorine_generator,target_range,scripts/data/entities-remaining.js:32,"(data file, no direct generator)",claim,REQUIRES_REVIEW
scripts/data/entities-remaining.js,data_module,water_temperature,500,gallons,"longDescription: 'A hot tub (spa) is a small, heated body of water — typically 75–500 gallons — used for soaking, relaxation, and hydrothera",hot_tub,chlorine,target_range,scripts/data/entities-remaining.js:98,"(data file, no direct generator)",claim,REQUIRES_REVIEW
scripts/data/entities-remaining.js,data_module,calcium_hardness,250,ppm,longDescription: 'Vinyl liner pools have a flexible PVC liner as the pool surface. They require lower calcium hardness (150–250 ppm) than pl,pool,unspecified,shock,scripts/data/entities-remaining.js:164,"(data file, no direct generator)",claim,CONTEXTUAL
scripts/data/entities-remaining.js,data_module,calcium_hardness,250,ppm,"longDescription: 'Fiberglass pools have a smooth, non-porous fiberglass surface that is inherently resistant to algae (fewer attachment poin",unspecified,unspecified,target_range,scripts/data/entities-remaining.js:186,"(data file, no direct generator)",claim,CONTEXTUAL
scripts/data/entities-remaining.js,data_module,calcium_hardness,400,ppm,"shortDescription: 'A plastered or pebbled concrete pool requiring higher calcium hardness (200–400 ppm).',",pool,unspecified,target_range,scripts/data/entities-remaining.js:207,"(data file, no direct generator)",claim,CONTEXTUAL
scripts/data/entities-remaining.js,data_module,calcium_hardness,400,ppm,"longDescription: 'Concrete pools (gunite or shotcrete) have a plaster, aggregate (pebble), or tile surface applied over a concrete shell. Th",unspecified,unspecified,target_range,scripts/data/entities-remaining.js:208,"(data file, no direct generator)",claim,CONTEXTUAL
scripts/data/entities-remaining.js,data_module,cyanuric_acid,7,ppm,longDescription: 'Sodium dichloro-s-triazinetrione (dichlor) is a stabilized granular chlorine compound containing approximately 56–62% avai,pool,chlorine,shock,scripts/data/entities-remaining.js:456,"(data file, no direct generator)",claim,CONTEXTUAL
scripts/data/entities-remaining.js,data_module,cyanuric_acid,0,gallons,longDescription: 'Sodium dichloro-s-triazinetrione (dichlor) is a stabilized granular chlorine compound containing approximately 56–62% avai,pool,chlorine,shock,scripts/data/entities-remaining.js:456,"(data file, no direct generator)",claim,REQUIRES_REVIEW
scripts/data/entities-remaining.js,data_module,ph,6,oz,"longDescription: 'Soda ash (sodium carbonate, Na₂CO₃) is the standard product for raising pH in pool water. Unlike sodium bicarbonate, soda ",pool,unspecified,target_range,scripts/data/entities-remaining.js:522,"(data file, no direct generator)",claim,REQUIRES_REVIEW
scripts/data/entities-remaining.js,data_module,ph,1.5,lbs,"longDescription: 'Sodium bicarbonate (NaHCO₃), commonly called baking soda, is the standard product for raising total alkalinity in pool wat",pool,unspecified,target_range,scripts/data/entities-remaining.js:544,"(data file, no direct generator)",claim,REQUIRES_REVIEW
scripts/data/entities-remaining.js,data_module,ph,0,gallons,"longDescription: 'Sodium bicarbonate (NaHCO₃), commonly called baking soda, is the standard product for raising total alkalinity in pool wat",pool,unspecified,target_range,scripts/data/entities-remaining.js:544,"(data file, no direct generator)",claim,REQUIRES_REVIEW
scripts/data/entities-remaining.js,data_module,ph,10,ppm,"longDescription: 'Sodium bicarbonate (NaHCO₃), commonly called baking soda, is the standard product for raising total alkalinity in pool wat",pool,unspecified,target_range,scripts/data/entities-remaining.js:544,"(data file, no direct generator)",claim,REQUIRES_REVIEW
scripts/data/entities-remaining.js,data_module,calcium_hardness,12,oz,longDescription: 'Calcium chloride (CaCl₂) is the chemical used to raise calcium hardness in pool water. It dissolves exothermically (genera,pool,unspecified,target_range,scripts/data/entities-remaining.js:566,"(data file, no direct generator)",claim,REQUIRES_REVIEW
scripts/data/entities-remaining.js,data_module,calcium_hardness,10,ppm,longDescription: 'Calcium chloride (CaCl₂) is the chemical used to raise calcium hardness in pool water. It dissolves exothermically (genera,pool,unspecified,target_range,scripts/data/entities-remaining.js:566,"(data file, no direct generator)",claim,REQUIRES_REVIEW
scripts/data/entities-remaining.js,data_module,cyanuric_acid,50,ppm,longDescription: 'Pool stabilizer (cyanuric acid granules) is added to outdoor pools at the start of the season to raise CYA to the target r,both,saltwater_chlorine_generator,target_range,scripts/data/entities-remaining.js:588,"(data file, no direct generator)",claim,REQUIRES_REVIEW
scripts/data/entities-remaining.js,data_module,cyanuric_acid,80,ppm,longDescription: 'Pool stabilizer (cyanuric acid granules) is added to outdoor pools at the start of the season to raise CYA to the target r,both,saltwater_chlorine_generator,target_range,scripts/data/entities-remaining.js:588,"(data file, no direct generator)",claim,REQUIRES_REVIEW
scripts/data/entities-remaining.js,data_module,salt,400,lbs,longDescription: 'Pool salt is 99.8%+ pure sodium chloride (NaCl) sold specifically for use in saltwater pool systems. It must be free of ad,pool,saltwater_chlorine_generator,target_range,scripts/data/entities-remaining.js:610,"(data file, no direct generator)",claim,REQUIRES_REVIEW
scripts/data/entities-remaining.js,data_module,salt,200,ppm,longDescription: 'Pool salt is 99.8%+ pure sodium chloride (NaCl) sold specifically for use in saltwater pool systems. It must be free of ad,pool,saltwater_chlorine_generator,target_range,scripts/data/entities-remaining.js:610,"(data file, no direct generator)",claim,REQUIRES_REVIEW
scripts/data/entities-remaining.js,data_module,salt,40,lb,"keywords: ['pool salt', 'sodium chloride', 'saltwater pool salt', '40 lb salt bag'],",pool,saltwater_chlorine_generator,target_range,scripts/data/entities-remaining.js:625,"(data file, no direct generator)",claim,REQUIRES_REVIEW
scripts/data/entities-remaining.js,data_module,free_chlorine,1,ppm,"longDescription: '1 ppm = 1 mg/L = 1 part chemical per 1,000,000 parts water. Used for free chlorine, combined chlorine, alkalinity, calcium",unspecified,saltwater_chlorine_generator,target_range,scripts/data/entities-remaining.js:770,"(data file, no direct generator)",claim,CONTEXTUAL
scripts/data/entities-remaining.js,data_module,free_chlorine,1,mg/L,"longDescription: '1 ppm = 1 mg/L = 1 part chemical per 1,000,000 parts water. Used for free chlorine, combined chlorine, alkalinity, calcium",unspecified,saltwater_chlorine_generator,target_range,scripts/data/entities-remaining.js:770,"(data file, no direct generator)",claim,REQUIRES_REVIEW
scripts/data/entities-remaining.js,data_module,water_temperature,84,°f,"longDescription: 'Fahrenheit is the US standard for temperature measurement. Pool temperature targets: 78–84°F (residential pools), 100–104°",both,unspecified,target_range,scripts/data/entities-remaining.js:858,"(data file, no direct generator)",claim,REQUIRES_REVIEW
scripts/data/entities-remaining.js,data_module,water_temperature,104,°f,"longDescription: 'Fahrenheit is the US standard for temperature measurement. Pool temperature targets: 78–84°F (residential pools), 100–104°",both,unspecified,target_range,scripts/data/entities-remaining.js:858,"(data file, no direct generator)",claim,REQUIRES_REVIEW
scripts/data/entities-remaining.js,data_module,water_temperature,29,°c,"longDescription: 'Celsius is the SI standard for temperature. Pool targets: 25–29°C (residential), maximum 40°C (hot tubs). Conversion: °F =",both,unspecified,target_range,scripts/data/entities-remaining.js:880,"(data file, no direct generator)",claim,REQUIRES_REVIEW
scripts/data/entities-remaining.js,data_module,water_temperature,40,°c,"longDescription: 'Celsius is the SI standard for temperature. Pool targets: 25–29°C (residential), maximum 40°C (hot tubs). Conversion: °F =",both,unspecified,target_range,scripts/data/entities-remaining.js:880,"(data file, no direct generator)",claim,REQUIRES_REVIEW
scripts/data/formulas-data.js,data_module,free_chlorine,0,gallons,"workedExample: 'Pool volume: 20,000 gallons. Current FC: 0.5 ppm. Target FC: 3 ppm. Product: 10% sodium hypochlorite.\n\n- Increase needed =",pool,chlorine,target_range,scripts/data/formulas-data.js:46,"(data file, no direct generator)",claim,REQUIRES_REVIEW
scripts/data/formulas-data.js,data_module,free_chlorine,0.5,ppm,"workedExample: 'Pool volume: 20,000 gallons. Current FC: 0.5 ppm. Target FC: 3 ppm. Product: 10% sodium hypochlorite.\n\n- Increase needed =",pool,chlorine,target_range,scripts/data/formulas-data.js:46,"(data file, no direct generator)",claim,REQUIRES_REVIEW
scripts/data/formulas-data.js,data_module,free_chlorine,3,ppm,"workedExample: 'Pool volume: 20,000 gallons. Current FC: 0.5 ppm. Target FC: 3 ppm. Product: 10% sodium hypochlorite.\n\n- Increase needed =",pool,chlorine,target_range,scripts/data/formulas-data.js:46,"(data file, no direct generator)",claim,CONTEXTUAL
scripts/data/formulas-data.js,data_module,free_chlorine,2.5,ppm,"workedExample: 'Pool volume: 20,000 gallons. Current FC: 0.5 ppm. Target FC: 3 ppm. Product: 10% sodium hypochlorite.\n\n- Increase needed =",pool,chlorine,target_range,scripts/data/formulas-data.js:46,"(data file, no direct generator)",claim,CONTEXTUAL
scripts/data/formulas-data.js,data_module,free_chlorine,1,oz,"workedExample: 'Pool volume: 20,000 gallons. Current FC: 0.5 ppm. Target FC: 3 ppm. Product: 10% sodium hypochlorite.\n\n- Increase needed =",pool,chlorine,target_range,scripts/data/formulas-data.js:46,"(data file, no direct generator)",claim,REQUIRES_REVIEW
scripts/data/formulas-data.js,data_module,free_chlorine,1,ppm,"workedExample: 'Pool volume: 20,000 gallons. Current FC: 0.5 ppm. Target FC: 3 ppm. Product: 10% sodium hypochlorite.\n\n- Increase needed =",pool,chlorine,target_range,scripts/data/formulas-data.js:46,"(data file, no direct generator)",claim,CONTEXTUAL
scripts/data/formulas-data.js,data_module,free_chlorine,0,gal,"workedExample: 'Pool volume: 20,000 gallons. Current FC: 0.5 ppm. Target FC: 3 ppm. Product: 10% sodium hypochlorite.\n\n- Increase needed =",pool,chlorine,target_range,scripts/data/formulas-data.js:46,"(data file, no direct generator)",claim,REQUIRES_REVIEW
scripts/data/formulas-data.js,data_module,free_chlorine,0.78,ppm,"workedExample: 'Pool volume: 20,000 gallons. Current FC: 0.5 ppm. Target FC: 3 ppm. Product: 10% sodium hypochlorite.\n\n- Increase needed =",pool,chlorine,target_range,scripts/data/formulas-data.js:46,"(data file, no direct generator)",claim,REQUIRES_REVIEW
scripts/data/formulas-data.js,data_module,free_chlorine,2.5,ppm,"workedExample: 'Pool volume: 20,000 gallons. Current FC: 0.5 ppm. Target FC: 3 ppm. Product: 10% sodium hypochlorite.\n\n- Increase needed =",pool,chlorine,target_range,scripts/data/formulas-data.js:46,"(data file, no direct generator)",claim,CONTEXTUAL
scripts/data/formulas-data.js,data_module,free_chlorine,0,gal,"workedExample: 'Pool volume: 20,000 gallons. Current FC: 0.5 ppm. Target FC: 3 ppm. Product: 10% sodium hypochlorite.\n\n- Increase needed =",pool,chlorine,target_range,scripts/data/formulas-data.js:46,"(data file, no direct generator)",claim,REQUIRES_REVIEW
scripts/data/formulas-data.js,data_module,free_chlorine,0,gal,"workedExample: 'Pool volume: 20,000 gallons. Current FC: 0.5 ppm. Target FC: 3 ppm. Product: 10% sodium hypochlorite.\n\n- Increase needed =",pool,chlorine,target_range,scripts/data/formulas-data.js:46,"(data file, no direct generator)",claim,REQUIRES_REVIEW
scripts/data/formulas-data.js,data_module,free_chlorine,0,gal,"workedExample: 'Pool volume: 20,000 gallons. Current FC: 0.5 ppm. Target FC: 3 ppm. Product: 10% sodium hypochlorite.\n\n- Increase needed =",pool,chlorine,target_range,scripts/data/formulas-data.js:46,"(data file, no direct generator)",claim,REQUIRES_REVIEW
scripts/data/formulas-data.js,data_module,free_chlorine,2.5,ppm,"workedExample: 'Pool volume: 20,000 gallons. Current FC: 0.5 ppm. Target FC: 3 ppm. Product: 10% sodium hypochlorite.\n\n- Increase needed =",pool,chlorine,target_range,scripts/data/formulas-data.js:46,"(data file, no direct generator)",claim,CONTEXTUAL
scripts/data/formulas-data.js,data_module,free_chlorine,10,ppm,"{ symbol: 'Target FC', description: 'Target free chlorine level. For breakpoint chlorination: 10× combined chlorine. For maintenance: 10 ppm",unspecified,chlorine,shock,scripts/data/formulas-data.js:67,"(data file, no direct generator)",claim,REQUIRES_REVIEW
scripts/data/formulas-data.js,data_module,free_chlorine,30,ppm,"{ symbol: 'Target FC', description: 'Target free chlorine level. For breakpoint chlorination: 10× combined chlorine. For maintenance: 10 ppm",unspecified,chlorine,shock,scripts/data/formulas-data.js:67,"(data file, no direct generator)",claim,REQUIRES_REVIEW
scripts/data/formulas-data.js,data_module,(unmatched),1,lb,"{ symbol: '800', description: 'Conversion constant: 1 lb of 100% chlorine raises 10,000 gal by 120 ppm', unit: 'constant' },",unspecified,chlorine,target_range,scripts/data/formulas-data.js:71,"(data file, no direct generator)",claim,REQUIRES_REVIEW
scripts/data/formulas-data.js,data_module,(unmatched),0,gal,"{ symbol: '800', description: 'Conversion constant: 1 lb of 100% chlorine raises 10,000 gal by 120 ppm', unit: 'constant' },",unspecified,chlorine,target_range,scripts/data/formulas-data.js:71,"(data file, no direct generator)",claim,REQUIRES_REVIEW
scripts/data/formulas-data.js,data_module,(unmatched),120,ppm,"{ symbol: '800', description: 'Conversion constant: 1 lb of 100% chlorine raises 10,000 gal by 120 ppm', unit: 'constant' },",unspecified,chlorine,target_range,scripts/data/formulas-data.js:71,"(data file, no direct generator)",claim,REQUIRES_REVIEW
scripts/data/formulas-data.js,data_module,free_chlorine,10,ppm,"explanation: 'Shock treatment raises free chlorine quickly to a high level to eliminate combined chlorine (CC), algae, or pathogens. The req",pool,chlorine,shock,scripts/data/formulas-data.js:73,"(data file, no direct generator)",claim,REQUIRES_REVIEW
scripts/data/formulas-data.js,data_module,free_chlorine,30,ppm,"explanation: 'Shock treatment raises free chlorine quickly to a high level to eliminate combined chlorine (CC), algae, or pathogens. The req",pool,chlorine,shock,scripts/data/formulas-data.js:73,"(data file, no direct generator)",claim,REQUIRES_REVIEW
scripts/data/formulas-data.js,data_module,free_chlorine,0,gallons,"workedExample: 'Pool: 20,000 gallons. Current FC: 1 ppm. Combined Chlorine: 0.5 ppm. Breakpoint target = 10 × 0.5 = 5 ppm. Using 65% cal-hyp",pool,chlorine,shock,scripts/data/formulas-data.js:74,"(data file, no direct generator)",claim,REQUIRES_REVIEW
scripts/data/formulas-data.js,data_module,free_chlorine,1,ppm,"workedExample: 'Pool: 20,000 gallons. Current FC: 1 ppm. Combined Chlorine: 0.5 ppm. Breakpoint target = 10 × 0.5 = 5 ppm. Using 65% cal-hyp",pool,chlorine,shock,scripts/data/formulas-data.js:74,"(data file, no direct generator)",claim,CONTEXTUAL
scripts/data/formulas-data.js,data_module,free_chlorine,0.5,ppm,"workedExample: 'Pool: 20,000 gallons. Current FC: 1 ppm. Combined Chlorine: 0.5 ppm. Breakpoint target = 10 × 0.5 = 5 ppm. Using 65% cal-hyp",pool,chlorine,shock,scripts/data/formulas-data.js:74,"(data file, no direct generator)",claim,REQUIRES_REVIEW
scripts/data/formulas-data.js,data_module,free_chlorine,5,ppm,"workedExample: 'Pool: 20,000 gallons. Current FC: 1 ppm. Combined Chlorine: 0.5 ppm. Breakpoint target = 10 × 0.5 = 5 ppm. Using 65% cal-hyp",pool,chlorine,shock,scripts/data/formulas-data.js:74,"(data file, no direct generator)",claim,CONTEXTUAL
scripts/data/formulas-data.js,data_module,free_chlorine,5,ppm,"workedExample: 'Pool: 20,000 gallons. Current FC: 1 ppm. Combined Chlorine: 0.5 ppm. Breakpoint target = 10 × 0.5 = 5 ppm. Using 65% cal-hyp",pool,chlorine,shock,scripts/data/formulas-data.js:74,"(data file, no direct generator)",claim,CONTEXTUAL
scripts/data/formulas-data.js,data_module,free_chlorine,4,ppm,"workedExample: 'Pool: 20,000 gallons. Current FC: 1 ppm. Combined Chlorine: 0.5 ppm. Breakpoint target = 10 × 0.5 = 5 ppm. Using 65% cal-hyp",pool,chlorine,shock,scripts/data/formulas-data.js:74,"(data file, no direct generator)",claim,CONTEXTUAL
scripts/data/formulas-data.js,data_module,free_chlorine,1.54,lbs,"workedExample: 'Pool: 20,000 gallons. Current FC: 1 ppm. Combined Chlorine: 0.5 ppm. Breakpoint target = 10 × 0.5 = 5 ppm. Using 65% cal-hyp",pool,chlorine,shock,scripts/data/formulas-data.js:74,"(data file, no direct generator)",claim,REQUIRES_REVIEW
scripts/data/formulas-data.js,data_module,free_chlorine,1.5,lbs,"workedExample: 'Pool: 20,000 gallons. Current FC: 1 ppm. Combined Chlorine: 0.5 ppm. Breakpoint target = 10 × 0.5 = 5 ppm. Using 65% cal-hyp",pool,chlorine,shock,scripts/data/formulas-data.js:74,"(data file, no direct generator)",claim,REQUIRES_REVIEW
scripts/data/formulas-data.js,data_module,ph,0,gal,"{ symbol: '0.0833', description: 'Approximation constant for 100% acid per 10,000 gal per pH unit at TA ≈ 100 ppm', unit: 'constant' },",unspecified,unspecified,target_range,scripts/data/formulas-data.js:97,"(data file, no direct generator)",claim,REQUIRES_REVIEW
scripts/data/formulas-data.js,data_module,ph,100,ppm,"{ symbol: '0.0833', description: 'Approximation constant for 100% acid per 10,000 gal per pH unit at TA ≈ 100 ppm', unit: 'constant' },",unspecified,unspecified,target_range,scripts/data/formulas-data.js:97,"(data file, no direct generator)",claim,REQUIRES_REVIEW
scripts/data/formulas-data.js,data_module,ph,6,oz,"explanation: 'pH adjustment dose depends on three factors: the amount of pH change required, the pool volume, and the total alkalinity — whi",pool,unspecified,target_range,scripts/data/formulas-data.js:100,"(data file, no direct generator)",claim,REQUIRES_REVIEW
scripts/data/formulas-data.js,data_module,ph,0,gallons,"explanation: 'pH adjustment dose depends on three factors: the amount of pH change required, the pool volume, and the total alkalinity — whi",pool,unspecified,target_range,scripts/data/formulas-data.js:100,"(data file, no direct generator)",claim,REQUIRES_REVIEW
scripts/data/formulas-data.js,data_module,ph,0,gallons,"workedExample: 'Pool: 15,000 gallons. Current pH: 7.8. Target pH: 7.4. Using 31.5% muriatic acid. TA is 100 ppm (typical).\n\n- ΔpH = 7.8 − ",pool,unspecified,target_range,scripts/data/formulas-data.js:101,"(data file, no direct generator)",claim,REQUIRES_REVIEW
scripts/data/formulas-data.js,data_module,ph,100,ppm,"workedExample: 'Pool: 15,000 gallons. Current pH: 7.8. Target pH: 7.4. Using 31.5% muriatic acid. TA is 100 ppm (typical).\n\n- ΔpH = 7.8 − ",pool,unspecified,target_range,scripts/data/formulas-data.js:101,"(data file, no direct generator)",claim,REQUIRES_REVIEW
scripts/data/formulas-data.js,data_module,ph,0,gal,"workedExample: 'Pool: 15,000 gallons. Current pH: 7.8. Target pH: 7.4. Using 31.5% muriatic acid. TA is 100 ppm (typical).\n\n- ΔpH = 7.8 − ",pool,unspecified,target_range,scripts/data/formulas-data.js:101,"(data file, no direct generator)",claim,REQUIRES_REVIEW
scripts/data/formulas-data.js,data_module,ph,0,gal,"workedExample: 'Pool: 15,000 gallons. Current pH: 7.8. Target pH: 7.4. Using 31.5% muriatic acid. TA is 100 ppm (typical).\n\n- ΔpH = 7.8 − ",pool,unspecified,target_range,scripts/data/formulas-data.js:101,"(data file, no direct generator)",claim,REQUIRES_REVIEW
scripts/data/formulas-data.js,data_module,ph,0,gal,"workedExample: 'Pool: 15,000 gallons. Current pH: 7.8. Target pH: 7.4. Using 31.5% muriatic acid. TA is 100 ppm (typical).\n\n- ΔpH = 7.8 − ",pool,unspecified,target_range,scripts/data/formulas-data.js:101,"(data file, no direct generator)",claim,REQUIRES_REVIEW
scripts/data/formulas-data.js,data_module,ph,0,gal,"workedExample: 'Pool: 15,000 gallons. Current pH: 7.8. Target pH: 7.4. Using 31.5% muriatic acid. TA is 100 ppm (typical).\n\n- ΔpH = 7.8 − ",pool,unspecified,target_range,scripts/data/formulas-data.js:101,"(data file, no direct generator)",claim,REQUIRES_REVIEW
scripts/data/formulas-data.js,data_module,ph,150,ppm,limitations: 'These are starting-dose approximations. Total alkalinity has a major effect on how much pH shifts per dose of acid — high alka,unspecified,unspecified,target_range,scripts/data/formulas-data.js:102,"(data file, no direct generator)",claim,REQUIRES_REVIEW
scripts/data/formulas-data.js,data_module,ph,1.5,lbs,explanation: 'Total alkalinity (TA) is the pool\'s buffering capacity — it resists pH changes. Low TA causes pH to swing wildly with minor a,pool,unspecified,target_range,scripts/data/formulas-data.js:126,"(data file, no direct generator)",claim,REQUIRES_REVIEW
scripts/data/formulas-data.js,data_module,ph,0,gallons,explanation: 'Total alkalinity (TA) is the pool\'s buffering capacity — it resists pH changes. Low TA causes pH to swing wildly with minor a,pool,unspecified,target_range,scripts/data/formulas-data.js:126,"(data file, no direct generator)",claim,REQUIRES_REVIEW
scripts/data/formulas-data.js,data_module,ph,10,ppm,explanation: 'Total alkalinity (TA) is the pool\'s buffering capacity — it resists pH changes. Low TA causes pH to swing wildly with minor a,pool,unspecified,target_range,scripts/data/formulas-data.js:126,"(data file, no direct generator)",claim,REQUIRES_REVIEW
scripts/data/formulas-data.js,data_module,ph,1.5,lbs,explanation: 'Total alkalinity (TA) is the pool\'s buffering capacity — it resists pH changes. Low TA causes pH to swing wildly with minor a,pool,unspecified,target_range,scripts/data/formulas-data.js:126,"(data file, no direct generator)",claim,REQUIRES_REVIEW
scripts/data/formulas-data.js,data_module,ph,10,ppm,explanation: 'Total alkalinity (TA) is the pool\'s buffering capacity — it resists pH changes. Low TA causes pH to swing wildly with minor a,pool,unspecified,target_range,scripts/data/formulas-data.js:126,"(data file, no direct generator)",claim,REQUIRES_REVIEW
scripts/data/formulas-data.js,data_module,ph,0,gallons,explanation: 'Total alkalinity (TA) is the pool\'s buffering capacity — it resists pH changes. Low TA causes pH to swing wildly with minor a,pool,unspecified,target_range,scripts/data/formulas-data.js:126,"(data file, no direct generator)",claim,REQUIRES_REVIEW
scripts/data/formulas-data.js,data_module,total_alkalinity,0,gallons,"workedExample: 'Pool: 18,000 gallons. Current TA: 60 ppm. Target TA: 100 ppm.\n\n- TA increase needed = 100 − 60 = 40 ppm\n- Dose = 40 × 18,",pool,unspecified,target_range,scripts/data/formulas-data.js:127,"(data file, no direct generator)",claim,REQUIRES_REVIEW
scripts/data/formulas-data.js,data_module,total_alkalinity,60,ppm,"workedExample: 'Pool: 18,000 gallons. Current TA: 60 ppm. Target TA: 100 ppm.\n\n- TA increase needed = 100 − 60 = 40 ppm\n- Dose = 40 × 18,",pool,unspecified,target_range,scripts/data/formulas-data.js:127,"(data file, no direct generator)",claim,CONTEXTUAL
scripts/data/formulas-data.js,data_module,total_alkalinity,100,ppm,"workedExample: 'Pool: 18,000 gallons. Current TA: 60 ppm. Target TA: 100 ppm.\n\n- TA increase needed = 100 − 60 = 40 ppm\n- Dose = 40 × 18,",pool,unspecified,target_range,scripts/data/formulas-data.js:127,"(data file, no direct generator)",claim,CONTEXTUAL
scripts/data/formulas-data.js,data_module,total_alkalinity,40,ppm,"workedExample: 'Pool: 18,000 gallons. Current TA: 60 ppm. Target TA: 100 ppm.\n\n- TA increase needed = 100 − 60 = 40 ppm\n- Dose = 40 × 18,",pool,unspecified,target_range,scripts/data/formulas-data.js:127,"(data file, no direct generator)",claim,REQUIRES_REVIEW
scripts/data/formulas-data.js,data_module,total_alkalinity,864,oz,"workedExample: 'Pool: 18,000 gallons. Current TA: 60 ppm. Target TA: 100 ppm.\n\n- TA increase needed = 100 − 60 = 40 ppm\n- Dose = 40 × 18,",pool,unspecified,target_range,scripts/data/formulas-data.js:127,"(data file, no direct generator)",claim,REQUIRES_REVIEW
scripts/data/formulas-data.js,data_module,total_alkalinity,1.5,lbs,"workedExample: 'Pool: 18,000 gallons. Current TA: 60 ppm. Target TA: 100 ppm.\n\n- TA increase needed = 100 − 60 = 40 ppm\n- Dose = 40 × 18,",pool,unspecified,target_range,scripts/data/formulas-data.js:127,"(data file, no direct generator)",claim,REQUIRES_REVIEW
scripts/data/formulas-data.js,data_module,total_alkalinity,0,gal,"workedExample: 'Pool: 18,000 gallons. Current TA: 60 ppm. Target TA: 100 ppm.\n\n- TA increase needed = 100 − 60 = 40 ppm\n- Dose = 40 × 18,",pool,unspecified,target_range,scripts/data/formulas-data.js:127,"(data file, no direct generator)",claim,REQUIRES_REVIEW
scripts/data/formulas-data.js,data_module,total_alkalinity,10,ppm,"workedExample: 'Pool: 18,000 gallons. Current TA: 60 ppm. Target TA: 100 ppm.\n\n- TA increase needed = 100 − 60 = 40 ppm\n- Dose = 40 × 18,",pool,unspecified,target_range,scripts/data/formulas-data.js:127,"(data file, no direct generator)",claim,REQUIRES_REVIEW
scripts/data/formulas-data.js,data_module,total_alkalinity,40,ppm,"workedExample: 'Pool: 18,000 gallons. Current TA: 60 ppm. Target TA: 100 ppm.\n\n- TA increase needed = 100 − 60 = 40 ppm\n- Dose = 40 × 18,",pool,unspecified,target_range,scripts/data/formulas-data.js:127,"(data file, no direct generator)",claim,REQUIRES_REVIEW
scripts/data/formulas-data.js,data_module,total_alkalinity,6,lbs,"workedExample: 'Pool: 18,000 gallons. Current TA: 60 ppm. Target TA: 100 ppm.\n\n- TA increase needed = 100 − 60 = 40 ppm\n- Dose = 40 × 18,",pool,unspecified,target_range,scripts/data/formulas-data.js:127,"(data file, no direct generator)",claim,REQUIRES_REVIEW
scripts/data/formulas-data.js,data_module,total_alkalinity,0,gal,"workedExample: 'Pool: 18,000 gallons. Current TA: 60 ppm. Target TA: 100 ppm.\n\n- TA increase needed = 100 − 60 = 40 ppm\n- Dose = 40 × 18,",pool,unspecified,target_range,scripts/data/formulas-data.js:127,"(data file, no direct generator)",claim,REQUIRES_REVIEW
scripts/data/formulas-data.js,data_module,total_alkalinity,0,gal,"workedExample: 'Pool: 18,000 gallons. Current TA: 60 ppm. Target TA: 100 ppm.\n\n- TA increase needed = 100 − 60 = 40 ppm\n- Dose = 40 × 18,",pool,unspecified,target_range,scripts/data/formulas-data.js:127,"(data file, no direct generator)",claim,REQUIRES_REVIEW
scripts/data/formulas-data.js,data_module,total_alkalinity,10.8,lbs,"workedExample: 'Pool: 18,000 gallons. Current TA: 60 ppm. Target TA: 100 ppm.\n\n- TA increase needed = 100 − 60 = 40 ppm\n- Dose = 40 × 18,",pool,unspecified,target_range,scripts/data/formulas-data.js:127,"(data file, no direct generator)",claim,REQUIRES_REVIEW
scripts/data/formulas-data.js,data_module,total_alkalinity,11,lbs,"workedExample: 'Pool: 18,000 gallons. Current TA: 60 ppm. Target TA: 100 ppm.\n\n- TA increase needed = 100 − 60 = 40 ppm\n- Dose = 40 × 18,",pool,unspecified,target_range,scripts/data/formulas-data.js:127,"(data file, no direct generator)",claim,REQUIRES_REVIEW
scripts/data/formulas-data.js,data_module,salt,200,ppm,"{ symbol: 'Target ppm', description: 'Desired salt concentration (typically 3,000–3,200 ppm)', unit: 'ppm' },",unspecified,saltwater_chlorine_generator,target_range,scripts/data/formulas-data.js:148,"(data file, no direct generator)",claim,REQUIRES_REVIEW
scripts/data/formulas-data.js,data_module,salt,1,lb,"{ symbol: '0.0000834', description: 'Pounds of salt per ppm per gallon (1 lb salt per 120 ppm per 10,000 gal)', unit: 'lbs/ppm/gal' },",unspecified,saltwater_chlorine_generator,target_range,scripts/data/formulas-data.js:151,"(data file, no direct generator)",claim,REQUIRES_REVIEW
scripts/data/formulas-data.js,data_module,salt,120,ppm,"{ symbol: '0.0000834', description: 'Pounds of salt per ppm per gallon (1 lb salt per 120 ppm per 10,000 gal)', unit: 'lbs/ppm/gal' },",unspecified,saltwater_chlorine_generator,target_range,scripts/data/formulas-data.js:151,"(data file, no direct generator)",claim,REQUIRES_REVIEW
scripts/data/formulas-data.js,data_module,salt,0,gal,"{ symbol: '0.0000834', description: 'Pounds of salt per ppm per gallon (1 lb salt per 120 ppm per 10,000 gal)', unit: 'lbs/ppm/gal' },",unspecified,saltwater_chlorine_generator,target_range,scripts/data/formulas-data.js:151,"(data file, no direct generator)",claim,REQUIRES_REVIEW
scripts/data/formulas-data.js,data_module,salt,400,ppm,"explanation: 'Salt chlorinator systems require a specific salt concentration to generate chlorine effectively. Below the minimum, chlorine p",pool,saltwater_chlorine_generator,target_range,scripts/data/formulas-data.js:153,"(data file, no direct generator)",claim,REQUIRES_REVIEW
scripts/data/formulas-data.js,data_module,salt,1,lb,"explanation: 'Salt chlorinator systems require a specific salt concentration to generate chlorine effectively. Below the minimum, chlorine p",pool,saltwater_chlorine_generator,target_range,scripts/data/formulas-data.js:153,"(data file, no direct generator)",claim,REQUIRES_REVIEW
scripts/data/formulas-data.js,data_module,salt,0,gallons,"explanation: 'Salt chlorinator systems require a specific salt concentration to generate chlorine effectively. Below the minimum, chlorine p",pool,saltwater_chlorine_generator,target_range,scripts/data/formulas-data.js:153,"(data file, no direct generator)",claim,REQUIRES_REVIEW
scripts/data/formulas-data.js,data_module,salt,12,ppm,"explanation: 'Salt chlorinator systems require a specific salt concentration to generate chlorine effectively. Below the minimum, chlorine p",pool,saltwater_chlorine_generator,target_range,scripts/data/formulas-data.js:153,"(data file, no direct generator)",claim,REQUIRES_REVIEW
scripts/data/formulas-data.js,data_module,salt,0,gallons,"workedExample: 'Salt pool: 20,000 gallons. Current salt: 2,400 ppm. Target: 3,200 ppm. System minimum: 2,700 ppm.\n\n- Increase needed = 3,2",pool,saltwater_chlorine_generator,target_range,scripts/data/formulas-data.js:154,"(data file, no direct generator)",claim,REQUIRES_REVIEW
scripts/data/formulas-data.js,data_module,salt,400,ppm,"workedExample: 'Salt pool: 20,000 gallons. Current salt: 2,400 ppm. Target: 3,200 ppm. System minimum: 2,700 ppm.\n\n- Increase needed = 3,2",pool,saltwater_chlorine_generator,target_range,scripts/data/formulas-data.js:154,"(data file, no direct generator)",claim,REQUIRES_REVIEW
scripts/data/formulas-data.js,data_module,salt,200,ppm,"workedExample: 'Salt pool: 20,000 gallons. Current salt: 2,400 ppm. Target: 3,200 ppm. System minimum: 2,700 ppm.\n\n- Increase needed = 3,2",pool,saltwater_chlorine_generator,target_range,scripts/data/formulas-data.js:154,"(data file, no direct generator)",claim,REQUIRES_REVIEW
scripts/data/formulas-data.js,data_module,salt,700,ppm,"workedExample: 'Salt pool: 20,000 gallons. Current salt: 2,400 ppm. Target: 3,200 ppm. System minimum: 2,700 ppm.\n\n- Increase needed = 3,2",pool,saltwater_chlorine_generator,target_range,scripts/data/formulas-data.js:154,"(data file, no direct generator)",claim,REQUIRES_REVIEW
scripts/data/formulas-data.js,data_module,salt,800,ppm,"workedExample: 'Salt pool: 20,000 gallons. Current salt: 2,400 ppm. Target: 3,200 ppm. System minimum: 2,700 ppm.\n\n- Increase needed = 3,2",pool,saltwater_chlorine_generator,target_range,scripts/data/formulas-data.js:154,"(data file, no direct generator)",claim,REQUIRES_REVIEW
scripts/data/formulas-data.js,data_module,salt,1,lb,"workedExample: 'Salt pool: 20,000 gallons. Current salt: 2,400 ppm. Target: 3,200 ppm. System minimum: 2,700 ppm.\n\n- Increase needed = 3,2",pool,saltwater_chlorine_generator,target_range,scripts/data/formulas-data.js:154,"(data file, no direct generator)",claim,REQUIRES_REVIEW
scripts/data/formulas-data.js,data_module,salt,0,gal,"workedExample: 'Salt pool: 20,000 gallons. Current salt: 2,400 ppm. Target: 3,200 ppm. System minimum: 2,700 ppm.\n\n- Increase needed = 3,2",pool,saltwater_chlorine_generator,target_range,scripts/data/formulas-data.js:154,"(data file, no direct generator)",claim,REQUIRES_REVIEW
scripts/data/formulas-data.js,data_module,salt,12,ppm,"workedExample: 'Salt pool: 20,000 gallons. Current salt: 2,400 ppm. Target: 3,200 ppm. System minimum: 2,700 ppm.\n\n- Increase needed = 3,2",pool,saltwater_chlorine_generator,target_range,scripts/data/formulas-data.js:154,"(data file, no direct generator)",claim,REQUIRES_REVIEW
scripts/data/formulas-data.js,data_module,salt,0,gal,"workedExample: 'Salt pool: 20,000 gallons. Current salt: 2,400 ppm. Target: 3,200 ppm. System minimum: 2,700 ppm.\n\n- Increase needed = 3,2",pool,saltwater_chlorine_generator,target_range,scripts/data/formulas-data.js:154,"(data file, no direct generator)",claim,REQUIRES_REVIEW
scripts/data/formulas-data.js,data_module,salt,800,ppm,"workedExample: 'Salt pool: 20,000 gallons. Current salt: 2,400 ppm. Target: 3,200 ppm. System minimum: 2,700 ppm.\n\n- Increase needed = 3,2",pool,saltwater_chlorine_generator,target_range,scripts/data/formulas-data.js:154,"(data file, no direct generator)",claim,REQUIRES_REVIEW
scripts/data/formulas-data.js,data_module,salt,66.7,lbs,"workedExample: 'Salt pool: 20,000 gallons. Current salt: 2,400 ppm. Target: 3,200 ppm. System minimum: 2,700 ppm.\n\n- Increase needed = 3,2",pool,saltwater_chlorine_generator,target_range,scripts/data/formulas-data.js:154,"(data file, no direct generator)",claim,REQUIRES_REVIEW
scripts/data/formulas-data.js,data_module,salt,0,gal,"workedExample: 'Salt pool: 20,000 gallons. Current salt: 2,400 ppm. Target: 3,200 ppm. System minimum: 2,700 ppm.\n\n- Increase needed = 3,2",pool,saltwater_chlorine_generator,target_range,scripts/data/formulas-data.js:154,"(data file, no direct generator)",claim,REQUIRES_REVIEW
scripts/data/formulas-data.js,data_module,salt,133,lbs,"workedExample: 'Salt pool: 20,000 gallons. Current salt: 2,400 ppm. Target: 3,200 ppm. System minimum: 2,700 ppm.\n\n- Increase needed = 3,2",pool,saltwater_chlorine_generator,target_range,scripts/data/formulas-data.js:154,"(data file, no direct generator)",claim,REQUIRES_REVIEW
scripts/data/formulas-data.js,data_module,salt,133,lbs,"workedExample: 'Salt pool: 20,000 gallons. Current salt: 2,400 ppm. Target: 3,200 ppm. System minimum: 2,700 ppm.\n\n- Increase needed = 3,2",pool,saltwater_chlorine_generator,target_range,scripts/data/formulas-data.js:154,"(data file, no direct generator)",claim,REQUIRES_REVIEW
scripts/data/formulas-data.js,data_module,cyanuric_acid,50,ppm,"{ symbol: 'Target CYA', description: 'Desired cyanuric acid level in ppm (outdoor pools: 30–50 ppm; salt pools: 60–80 ppm)', unit: 'ppm' },",unspecified,saltwater_chlorine_generator,target_range,scripts/data/formulas-data.js:175,"(data file, no direct generator)",claim,REQUIRES_REVIEW
scripts/data/formulas-data.js,data_module,cyanuric_acid,80,ppm,"{ symbol: 'Target CYA', description: 'Desired cyanuric acid level in ppm (outdoor pools: 30–50 ppm; salt pools: 60–80 ppm)', unit: 'ppm' },",unspecified,saltwater_chlorine_generator,target_range,scripts/data/formulas-data.js:175,"(data file, no direct generator)",claim,REQUIRES_REVIEW
scripts/data/formulas-data.js,data_module,cyanuric_acid,6,ppm,"explanation: 'Cyanuric acid (CYA) — also called stabiliser or conditioner — protects chlorine from UV light degradation. Without CYA, outdoo",pool,chlorine,target_range,scripts/data/formulas-data.js:180,"(data file, no direct generator)",claim,CONTEXTUAL
scripts/data/formulas-data.js,data_module,cyanuric_acid,0,gallons,"explanation: 'Cyanuric acid (CYA) — also called stabiliser or conditioner — protects chlorine from UV light degradation. Without CYA, outdoo",pool,chlorine,target_range,scripts/data/formulas-data.js:180,"(data file, no direct generator)",claim,REQUIRES_REVIEW
scripts/data/formulas-data.js,data_module,cyanuric_acid,80,ppm,"explanation: 'Cyanuric acid (CYA) — also called stabiliser or conditioner — protects chlorine from UV light degradation. Without CYA, outdoo",pool,chlorine,target_range,scripts/data/formulas-data.js:180,"(data file, no direct generator)",claim,REQUIRES_REVIEW
scripts/data/formulas-data.js,data_module,cyanuric_acid,13,oz,"explanation: 'Cyanuric acid (CYA) — also called stabiliser or conditioner — protects chlorine from UV light degradation. Without CYA, outdoo",pool,chlorine,target_range,scripts/data/formulas-data.js:180,"(data file, no direct generator)",claim,REQUIRES_REVIEW
scripts/data/formulas-data.js,data_module,cyanuric_acid,10,ppm,"explanation: 'Cyanuric acid (CYA) — also called stabiliser or conditioner — protects chlorine from UV light degradation. Without CYA, outdoo",pool,chlorine,target_range,scripts/data/formulas-data.js:180,"(data file, no direct generator)",claim,CONTEXTUAL
scripts/data/formulas-data.js,data_module,cyanuric_acid,0,gallons,"workedExample: 'Pool: 15,000 gallons. Current CYA: 20 ppm. Target CYA: 40 ppm.\n\n- Increase needed = 40 − 20 = 20 ppm\n- Using the rule: 13",pool,unspecified,target_range,scripts/data/formulas-data.js:181,"(data file, no direct generator)",claim,REQUIRES_REVIEW
scripts/data/formulas-data.js,data_module,cyanuric_acid,20,ppm,"workedExample: 'Pool: 15,000 gallons. Current CYA: 20 ppm. Target CYA: 40 ppm.\n\n- Increase needed = 40 − 20 = 20 ppm\n- Using the rule: 13",pool,unspecified,target_range,scripts/data/formulas-data.js:181,"(data file, no direct generator)",claim,REQUIRES_REVIEW
scripts/data/formulas-data.js,data_module,cyanuric_acid,40,ppm,"workedExample: 'Pool: 15,000 gallons. Current CYA: 20 ppm. Target CYA: 40 ppm.\n\n- Increase needed = 40 − 20 = 20 ppm\n- Using the rule: 13",pool,unspecified,target_range,scripts/data/formulas-data.js:181,"(data file, no direct generator)",claim,REQUIRES_REVIEW
scripts/data/formulas-data.js,data_module,cyanuric_acid,20,ppm,"workedExample: 'Pool: 15,000 gallons. Current CYA: 20 ppm. Target CYA: 40 ppm.\n\n- Increase needed = 40 − 20 = 20 ppm\n- Using the rule: 13",pool,unspecified,target_range,scripts/data/formulas-data.js:181,"(data file, no direct generator)",claim,REQUIRES_REVIEW
scripts/data/formulas-data.js,data_module,cyanuric_acid,13,oz,"workedExample: 'Pool: 15,000 gallons. Current CYA: 20 ppm. Target CYA: 40 ppm.\n\n- Increase needed = 40 − 20 = 20 ppm\n- Using the rule: 13",pool,unspecified,target_range,scripts/data/formulas-data.js:181,"(data file, no direct generator)",claim,REQUIRES_REVIEW
scripts/data/formulas-data.js,data_module,cyanuric_acid,0,gal,"workedExample: 'Pool: 15,000 gallons. Current CYA: 20 ppm. Target CYA: 40 ppm.\n\n- Increase needed = 40 − 20 = 20 ppm\n- Using the rule: 13",pool,unspecified,target_range,scripts/data/formulas-data.js:181,"(data file, no direct generator)",claim,REQUIRES_REVIEW
scripts/data/formulas-data.js,data_module,cyanuric_acid,10,ppm,"workedExample: 'Pool: 15,000 gallons. Current CYA: 20 ppm. Target CYA: 40 ppm.\n\n- Increase needed = 40 − 20 = 20 ppm\n- Using the rule: 13",pool,unspecified,target_range,scripts/data/formulas-data.js:181,"(data file, no direct generator)",claim,CONTEXTUAL
scripts/data/formulas-data.js,data_module,cyanuric_acid,20,ppm,"workedExample: 'Pool: 15,000 gallons. Current CYA: 20 ppm. Target CYA: 40 ppm.\n\n- Increase needed = 40 − 20 = 20 ppm\n- Using the rule: 13",pool,unspecified,target_range,scripts/data/formulas-data.js:181,"(data file, no direct generator)",claim,REQUIRES_REVIEW
scripts/data/formulas-data.js,data_module,cyanuric_acid,0,gal,"workedExample: 'Pool: 15,000 gallons. Current CYA: 20 ppm. Target CYA: 40 ppm.\n\n- Increase needed = 40 − 20 = 20 ppm\n- Using the rule: 13",pool,unspecified,target_range,scripts/data/formulas-data.js:181,"(data file, no direct generator)",claim,REQUIRES_REVIEW
scripts/data/formulas-data.js,data_module,cyanuric_acid,26,oz,"workedExample: 'Pool: 15,000 gallons. Current CYA: 20 ppm. Target CYA: 40 ppm.\n\n- Increase needed = 40 − 20 = 20 ppm\n- Using the rule: 13",pool,unspecified,target_range,scripts/data/formulas-data.js:181,"(data file, no direct generator)",claim,REQUIRES_REVIEW
scripts/data/formulas-data.js,data_module,cyanuric_acid,0,gal,"workedExample: 'Pool: 15,000 gallons. Current CYA: 20 ppm. Target CYA: 40 ppm.\n\n- Increase needed = 40 − 20 = 20 ppm\n- Using the rule: 13",pool,unspecified,target_range,scripts/data/formulas-data.js:181,"(data file, no direct generator)",claim,REQUIRES_REVIEW
scripts/data/formulas-data.js,data_module,cyanuric_acid,39,oz,"workedExample: 'Pool: 15,000 gallons. Current CYA: 20 ppm. Target CYA: 40 ppm.\n\n- Increase needed = 40 − 20 = 20 ppm\n- Using the rule: 13",pool,unspecified,target_range,scripts/data/formulas-data.js:181,"(data file, no direct generator)",claim,REQUIRES_REVIEW
scripts/data/formulas-data.js,data_module,cyanuric_acid,39,oz,"workedExample: 'Pool: 15,000 gallons. Current CYA: 20 ppm. Target CYA: 40 ppm.\n\n- Increase needed = 40 − 20 = 20 ppm\n- Using the rule: 13",pool,unspecified,target_range,scripts/data/formulas-data.js:181,"(data file, no direct generator)",claim,REQUIRES_REVIEW
scripts/data/formulas-data.js,data_module,cyanuric_acid,2.4,lbs,"workedExample: 'Pool: 15,000 gallons. Current CYA: 20 ppm. Target CYA: 40 ppm.\n\n- Increase needed = 40 − 20 = 20 ppm\n- Using the rule: 13",pool,unspecified,target_range,scripts/data/formulas-data.js:181,"(data file, no direct generator)",claim,REQUIRES_REVIEW
scripts/data/formulas-data.js,data_module,(unmatched),0,gallons,"workedExample: 'Pool: 18,000 gallons. Pump flow rate: 60 GPM.\n\n- GPH = 60 × 60 = 3,600\n- Turnover time = 18,000 ÷ 3,600 = 5 hours\n\nThis",pool,unspecified,target_range,scripts/data/formulas-data.js:207,"(data file, no direct generator)",calculation,REQUIRES_REVIEW
scripts/data/formulas-data.js,data_module,ph,80,°f,"workedExample: 'Pool conditions: pH 7.4, temp 80°F, calcium hardness 300 ppm, total alkalinity 100 ppm.\n\n- pH = 7.4\n- TF at 80°F = 0.6 (f",pool,unspecified,target_range,scripts/data/formulas-data.js:235,"(data file, no direct generator)",claim,REQUIRES_REVIEW
scripts/data/formulas-data.js,data_module,ph,300,ppm,"workedExample: 'Pool conditions: pH 7.4, temp 80°F, calcium hardness 300 ppm, total alkalinity 100 ppm.\n\n- pH = 7.4\n- TF at 80°F = 0.6 (f",pool,unspecified,target_range,scripts/data/formulas-data.js:235,"(data file, no direct generator)",claim,REQUIRES_REVIEW
scripts/data/formulas-data.js,data_module,ph,100,ppm,"workedExample: 'Pool conditions: pH 7.4, temp 80°F, calcium hardness 300 ppm, total alkalinity 100 ppm.\n\n- pH = 7.4\n- TF at 80°F = 0.6 (f",pool,unspecified,target_range,scripts/data/formulas-data.js:235,"(data file, no direct generator)",claim,REQUIRES_REVIEW
scripts/data/formulas-data.js,data_module,ph,80,°f,"workedExample: 'Pool conditions: pH 7.4, temp 80°F, calcium hardness 300 ppm, total alkalinity 100 ppm.\n\n- pH = 7.4\n- TF at 80°F = 0.6 (f",pool,unspecified,target_range,scripts/data/formulas-data.js:235,"(data file, no direct generator)",claim,REQUIRES_REVIEW
scripts/data/formulas-data.js,data_module,ph,300,ppm,"workedExample: 'Pool conditions: pH 7.4, temp 80°F, calcium hardness 300 ppm, total alkalinity 100 ppm.\n\n- pH = 7.4\n- TF at 80°F = 0.6 (f",pool,unspecified,target_range,scripts/data/formulas-data.js:235,"(data file, no direct generator)",claim,REQUIRES_REVIEW
scripts/data/formulas-data.js,data_module,ph,100,ppm,"workedExample: 'Pool conditions: pH 7.4, temp 80°F, calcium hardness 300 ppm, total alkalinity 100 ppm.\n\n- pH = 7.4\n- TF at 80°F = 0.6 (f",pool,unspecified,target_range,scripts/data/formulas-data.js:235,"(data file, no direct generator)",claim,REQUIRES_REVIEW
scripts/data/glossary-terms.js,data_module,free_chlorine,0.5,ppm,whyItMatters: 'Combined chlorine above 0.5 ppm indicates a need for shock treatment. It signals that free chlorine is being depleted faster ,unspecified,chlorine,shock,scripts/data/glossary-terms.js:18,"(data file, no direct generator)",claim,REQUIRES_REVIEW
scripts/data/glossary-terms.js,data_module,free_chlorine,0,ppm,"typicalValues: 'Target: 0 ppm; Action threshold: 0.5 ppm; Calculated as: Total Chlorine minus Free Chlorine',",unspecified,chlorine,target_range,scripts/data/glossary-terms.js:19,"(data file, no direct generator)",calculation,REQUIRES_REVIEW
scripts/data/glossary-terms.js,data_module,free_chlorine,0.5,ppm,"typicalValues: 'Target: 0 ppm; Action threshold: 0.5 ppm; Calculated as: Total Chlorine minus Free Chlorine',",unspecified,chlorine,target_range,scripts/data/glossary-terms.js:19,"(data file, no direct generator)",calculation,REQUIRES_REVIEW
scripts/data/glossary-terms.js,data_module,bromine,3,ppm,"typicalValues: 'Chlorine: 1–3 ppm (pools); Bromine: 3–6 ppm',",unspecified,bromine,target_range,scripts/data/glossary-terms.js:49,"(data file, no direct generator)",claim,REQUIRES_REVIEW
scripts/data/glossary-terms.js,data_module,bromine,6,ppm,"typicalValues: 'Chlorine: 1–3 ppm (pools); Bromine: 3–6 ppm',",unspecified,bromine,target_range,scripts/data/glossary-terms.js:49,"(data file, no direct generator)",claim,CONTEXTUAL
scripts/data/glossary-terms.js,data_module,free_chlorine,10,ppm,"explanation: 'Pool shock products are typically calcium hypochlorite (65–73% available chlorine), sodium dichloro-isocyanurate (dichlor), or",pool,chlorine,shock,scripts/data/glossary-terms.js:67,"(data file, no direct generator)",claim,REQUIRES_REVIEW
scripts/data/glossary-terms.js,data_module,free_chlorine,10,ppm,"typicalValues: 'Standard shock target: 10 ppm FC; Green pool recovery: 30 ppm FC',",pool,unspecified,shock,scripts/data/glossary-terms.js:69,"(data file, no direct generator)",claim,REQUIRES_REVIEW
scripts/data/glossary-terms.js,data_module,free_chlorine,30,ppm,"typicalValues: 'Standard shock target: 10 ppm FC; Green pool recovery: 30 ppm FC',",pool,unspecified,shock,scripts/data/glossary-terms.js:69,"(data file, no direct generator)",claim,REQUIRES_REVIEW
scripts/data/glossary-terms.js,data_module,ph,120,ppm,"explanation: 'Total alkalinity acts as a pH buffer. When TA is in range (80–120 ppm), pH changes slowly after chemical additions or environm",unspecified,unspecified,target_range,scripts/data/glossary-terms.js:87,"(data file, no direct generator)",claim,REQUIRES_REVIEW
scripts/data/glossary-terms.js,data_module,ph,60,ppm,"explanation: 'Total alkalinity acts as a pH buffer. When TA is in range (80–120 ppm), pH changes slowly after chemical additions or environm",unspecified,unspecified,target_range,scripts/data/glossary-terms.js:87,"(data file, no direct generator)",claim,REQUIRES_REVIEW
scripts/data/glossary-terms.js,data_module,ph,200,ppm,"explanation: 'Total alkalinity acts as a pH buffer. When TA is in range (80–120 ppm), pH changes slowly after chemical additions or environm",unspecified,unspecified,target_range,scripts/data/glossary-terms.js:87,"(data file, no direct generator)",claim,REQUIRES_REVIEW
scripts/data/glossary-terms.js,data_module,ph,400,ppm,"explanation: 'Calcium hardness determines whether water is aggressive (under-saturated, will dissolve calcium from surfaces) or scaling (ove",unspecified,unspecified,target_range,scripts/data/glossary-terms.js:97,"(data file, no direct generator)",claim,REQUIRES_REVIEW
scripts/data/glossary-terms.js,data_module,ph,250,ppm,"explanation: 'Calcium hardness determines whether water is aggressive (under-saturated, will dissolve calcium from surfaces) or scaling (ove",unspecified,unspecified,target_range,scripts/data/glossary-terms.js:97,"(data file, no direct generator)",claim,REQUIRES_REVIEW
scripts/data/glossary-terms.js,data_module,free_chlorine,80,ppm,"explanation: 'Without CYA, free chlorine in an outdoor pool is destroyed by direct sunlight within 2–3 hours. CYA forms a temporary bond wit",pool,chlorine,target_range,scripts/data/glossary-terms.js:107,"(data file, no direct generator)",claim,REQUIRES_REVIEW
scripts/data/glossary-terms.js,data_module,cyanuric_acid,80,ppm,"whyItMatters: 'CYA is essential for outdoor pools using chlorine, but must be kept below 80 ppm. It cannot be reduced except by dilution (pa",unspecified,chlorine,target_range,scripts/data/glossary-terms.js:108,"(data file, no direct generator)",claim,REQUIRES_REVIEW
scripts/data/glossary-terms.js,data_module,salt,50,ppm,"typicalValues: 'Standard pools: 30–50 ppm; Salt pools: 60–80 ppm; Never above 100 ppm for normal pools',",unspecified,saltwater_chlorine_generator,target_range,scripts/data/glossary-terms.js:109,"(data file, no direct generator)",claim,REQUIRES_REVIEW
scripts/data/glossary-terms.js,data_module,salt,80,ppm,"typicalValues: 'Standard pools: 30–50 ppm; Salt pools: 60–80 ppm; Never above 100 ppm for normal pools',",unspecified,saltwater_chlorine_generator,target_range,scripts/data/glossary-terms.js:109,"(data file, no direct generator)",claim,REQUIRES_REVIEW
scripts/data/glossary-terms.js,data_module,salt,100,ppm,"typicalValues: 'Standard pools: 30–50 ppm; Salt pools: 60–80 ppm; Never above 100 ppm for normal pools',",unspecified,saltwater_chlorine_generator,target_range,scripts/data/glossary-terms.js:109,"(data file, no direct generator)",claim,REQUIRES_REVIEW
scripts/data/glossary-terms.js,data_module,ph,90,°f,explanation: 'LSI = pH + Temperature Factor + Calcium Factor + Alkalinity Factor - 12.1. A result of 0.0 is perfect balance. Negative values,unspecified,unspecified,target_range,scripts/data/glossary-terms.js:117,"(data file, no direct generator)",claim,REQUIRES_REVIEW
scripts/data/glossary-terms.js,data_module,ph,70,°f,explanation: 'LSI = pH + Temperature Factor + Calcium Factor + Alkalinity Factor - 12.1. A result of 0.0 is perfect balance. Negative values,unspecified,unspecified,target_range,scripts/data/glossary-terms.js:117,"(data file, no direct generator)",claim,REQUIRES_REVIEW
scripts/data/glossary-terms.js,data_module,salt,500,ppm,"typicalValues: 'Hot tubs: change water when TDS exceeds 1,500 ppm over fill water baseline; Pools: monitor; Salt pools: 3,000–5,000 ppm (sal",hot_tub,saltwater_chlorine_generator,target_range,scripts/data/glossary-terms.js:139,"(data file, no direct generator)",claim,REQUIRES_REVIEW
scripts/data/glossary-terms.js,data_module,salt,0,ppm,"typicalValues: 'Hot tubs: change water when TDS exceeds 1,500 ppm over fill water baseline; Pools: monitor; Salt pools: 3,000–5,000 ppm (sal",hot_tub,saltwater_chlorine_generator,target_range,scripts/data/glossary-terms.js:139,"(data file, no direct generator)",claim,REQUIRES_REVIEW
scripts/data/glossary-terms.js,data_module,free_chlorine,10,ppm,"definition: 'Superchlorination is the practice of raising free chlorine to 10 ppm or higher to destroy chloramines, kill algae, or clear sev",unspecified,chlorine,shock,scripts/data/glossary-terms.js:206,"(data file, no direct generator)",claim,REQUIRES_REVIEW
scripts/data/glossary-terms.js,data_module,free_chlorine,5,ppm,explanation: 'Superchlorination and breakpoint chlorination are closely related — both involve adding enough chlorine to destroy combined ch,pool,chlorine,shock,scripts/data/glossary-terms.js:207,"(data file, no direct generator)",claim,CONTEXTUAL
scripts/data/glossary-terms.js,data_module,free_chlorine,10,ppm,"typicalValues: 'Target FC: 10 ppm (minimum); Green pool: 30 ppm',",pool,unspecified,target_range,scripts/data/glossary-terms.js:209,"(data file, no direct generator)",claim,REQUIRES_REVIEW
scripts/data/glossary-terms.js,data_module,free_chlorine,30,ppm,"typicalValues: 'Target FC: 10 ppm (minimum); Green pool: 30 ppm',",pool,unspecified,target_range,scripts/data/glossary-terms.js:209,"(data file, no direct generator)",claim,REQUIRES_REVIEW
scripts/data/glossary-terms.js,data_module,combined_chlorine,0.5,ppm,"typicalValues: 'Action threshold: 0.5 ppm combined chlorine',",unspecified,chlorine,target_range,scripts/data/glossary-terms.js:219,"(data file, no direct generator)",claim,REQUIRES_REVIEW
scripts/data/glossary-terms.js,data_module,ph,6,ppm,"explanation: 'Bromine works similarly to chlorine but has key differences: it is more stable at high temperatures (preferred for hot tubs), ",hot_tub,bromine,target_range,scripts/data/glossary-terms.js:267,"(data file, no direct generator)",claim,REQUIRES_REVIEW
scripts/data/glossary-terms.js,data_module,ph,3,ppm,"explanation: 'Bromine works similarly to chlorine but has key differences: it is more stable at high temperatures (preferred for hot tubs), ",hot_tub,bromine,target_range,scripts/data/glossary-terms.js:267,"(data file, no direct generator)",claim,REQUIRES_REVIEW
scripts/data/glossary-terms.js,data_module,cyanuric_acid,400,ppm,"typicalValues: 'Salt level: 2,700–3,400 ppm; CYA for salt pools: 60–80 ppm',",unspecified,saltwater_chlorine_generator,target_range,scripts/data/glossary-terms.js:289,"(data file, no direct generator)",claim,REQUIRES_REVIEW
scripts/data/glossary-terms.js,data_module,cyanuric_acid,80,ppm,"typicalValues: 'Salt level: 2,700–3,400 ppm; CYA for salt pools: 60–80 ppm',",unspecified,saltwater_chlorine_generator,target_range,scripts/data/glossary-terms.js:289,"(data file, no direct generator)",claim,REQUIRES_REVIEW
scripts/data/glossary-terms.js,data_module,(unmatched),1,ppm,"typicalValues: 'Requires a chlorine residual of 0.5–1.0 ppm minimum with UV supplementation',",unspecified,chlorine,target_range,scripts/data/glossary-terms.js:299,"(data file, no direct generator)",claim,REQUIRES_REVIEW
scripts/data/glossary-terms.js,data_module,chlorine_demand,1,ppm,"typicalValues: 'Reduces chlorine demand by 60–90%; Chlorine residual still required: 0.5–1.0 ppm minimum',",unspecified,chlorine,target_range,scripts/data/glossary-terms.js:309,"(data file, no direct generator)",claim,REQUIRES_REVIEW
scripts/data/glossary-terms.js,data_module,ph,0,gallons,"typicalValues: 'Raises pH by approximately 0.2 units per pound per 10,000 gallons',",unspecified,unspecified,target_range,scripts/data/glossary-terms.js:329,"(data file, no direct generator)",claim,REQUIRES_REVIEW
scripts/data/glossary-terms.js,data_module,ph,6.7,ppm,explanation: 'Sodium bicarbonate (NaHCO3) dissolves slowly in pool water and primarily raises total alkalinity with a modest effect on pH. I,pool,unspecified,target_range,scripts/data/glossary-terms.js:337,"(data file, no direct generator)",claim,REQUIRES_REVIEW
scripts/data/glossary-terms.js,data_module,ph,0,gallons,explanation: 'Sodium bicarbonate (NaHCO3) dissolves slowly in pool water and primarily raises total alkalinity with a modest effect on pH. I,pool,unspecified,target_range,scripts/data/glossary-terms.js:337,"(data file, no direct generator)",claim,REQUIRES_REVIEW
scripts/data/glossary-terms.js,data_module,ph,6.7,ppm,"typicalValues: 'Raises TA by 6.7 ppm per pound per 10,000 gallons; minimal pH effect',",unspecified,unspecified,target_range,scripts/data/glossary-terms.js:339,"(data file, no direct generator)",claim,REQUIRES_REVIEW
scripts/data/glossary-terms.js,data_module,ph,0,gallons,"typicalValues: 'Raises TA by 6.7 ppm per pound per 10,000 gallons; minimal pH effect',",unspecified,unspecified,target_range,scripts/data/glossary-terms.js:339,"(data file, no direct generator)",claim,REQUIRES_REVIEW
scripts/data/glossary-terms.js,data_module,ph,60,ppm,"explanation: 'When total alkalinity is below 60 ppm, the buffering capacity of the water is inadequate. Small additions of acid or base, rai",unspecified,unspecified,troubleshooting,scripts/data/glossary-terms.js:357,"(data file, no direct generator)",claim,REQUIRES_REVIEW
scripts/data/glossary-terms.js,data_module,ph,120,ppm,"explanation: 'When total alkalinity is below 60 ppm, the buffering capacity of the water is inadequate. Small additions of acid or base, rai",unspecified,unspecified,troubleshooting,scripts/data/glossary-terms.js:357,"(data file, no direct generator)",claim,REQUIRES_REVIEW
scripts/data/glossary-terms.js,data_module,total_alkalinity,60,ppm,"typicalValues: 'Occurs when TA is below 60 ppm',",unspecified,unspecified,target_range,scripts/data/glossary-terms.js:359,"(data file, no direct generator)",claim,CONTEXTUAL
scripts/data/glossary-terms.js,data_module,salt,50,ppm,"typicalValues: 'Target: 30–50 ppm (standard pools); 60–80 ppm (salt pools)',",unspecified,saltwater_chlorine_generator,target_range,scripts/data/glossary-terms.js:369,"(data file, no direct generator)",claim,REQUIRES_REVIEW
scripts/data/glossary-terms.js,data_module,salt,80,ppm,"typicalValues: 'Target: 30–50 ppm (standard pools); 60–80 ppm (salt pools)',",unspecified,saltwater_chlorine_generator,target_range,scripts/data/glossary-terms.js:369,"(data file, no direct generator)",claim,REQUIRES_REVIEW
scripts/data/glossary-terms.js,data_module,free_chlorine,1,ppm,"explanation: 'Algae blooms begin when free chlorine drops below the effective minimum (often below 1 ppm, or below the CYA-adjusted minimum ",pool,chlorine,target_range,scripts/data/glossary-terms.js:387,"(data file, no direct generator)",claim,CONTEXTUAL
scripts/data/glossary-terms.js,data_module,free_chlorine,30,ppm,"typicalValues: 'Shock dose for active bloom: 30 ppm FC; Prevention: maintain FC above 1 ppm at all times',",unspecified,unspecified,shock,scripts/data/glossary-terms.js:389,"(data file, no direct generator)",claim,REQUIRES_REVIEW
scripts/data/glossary-terms.js,data_module,free_chlorine,1,ppm,"typicalValues: 'Shock dose for active bloom: 30 ppm FC; Prevention: maintain FC above 1 ppm at all times',",unspecified,unspecified,shock,scripts/data/glossary-terms.js:389,"(data file, no direct generator)",claim,CONTEXTUAL
scripts/data/glossary-terms.js,data_module,free_chlorine,30,ppm,"typicalValues: 'Kill dose: 30 ppm FC (active bloom); Maintain 1–3 ppm FC to prevent',",unspecified,unspecified,target_range,scripts/data/glossary-terms.js:399,"(data file, no direct generator)",claim,REQUIRES_REVIEW
scripts/data/glossary-terms.js,data_module,free_chlorine,3,ppm,"typicalValues: 'Kill dose: 30 ppm FC (active bloom); Maintain 1–3 ppm FC to prevent',",unspecified,unspecified,target_range,scripts/data/glossary-terms.js:399,"(data file, no direct generator)",claim,CONTEXTUAL
scripts/data/glossary-terms.js,data_module,free_chlorine,30,ppm,"explanation: 'Despite its name, black algae is a cyanobacterium rather than a true algae. It establishes a protective outer layer (sheath) t",unspecified,chlorine,target_range,scripts/data/glossary-terms.js:407,"(data file, no direct generator)",claim,REQUIRES_REVIEW
scripts/data/glossary-terms.js,data_module,free_chlorine,30,ppm,"typicalValues: 'Treatment: 20–30 ppm FC maintained for 3–5 days; requires vigorous brushing',",unspecified,unspecified,target_range,scripts/data/glossary-terms.js:409,"(data file, no direct generator)",claim,REQUIRES_REVIEW
scripts/data/glossary-terms.js,data_module,free_chlorine,30,ppm,"explanation: 'Mustard algae (Phaeophyta variants) deposits as a powdery yellow or mustard-coloured substance on pool walls and floors, parti",pool,chlorine,shock,scripts/data/glossary-terms.js:417,"(data file, no direct generator)",claim,REQUIRES_REVIEW
scripts/data/glossary-terms.js,data_module,free_chlorine,30,ppm,"typicalValues: 'Treatment: 30 ppm FC; wash all swimwear and equipment during treatment',",unspecified,unspecified,target_range,scripts/data/glossary-terms.js:419,"(data file, no direct generator)",claim,REQUIRES_REVIEW
scripts/data/glossary-terms.js,data_module,free_chlorine,3,ppm,"typicalValues: 'FC: 1–3 ppm; TA: 80–120 ppm; CH: 200–400 ppm; Salt: 2,700–3,400 ppm',",unspecified,saltwater_chlorine_generator,target_range,scripts/data/glossary-terms.js:529,"(data file, no direct generator)",claim,CONTEXTUAL
scripts/data/glossary-terms.js,data_module,free_chlorine,120,ppm,"typicalValues: 'FC: 1–3 ppm; TA: 80–120 ppm; CH: 200–400 ppm; Salt: 2,700–3,400 ppm',",unspecified,saltwater_chlorine_generator,target_range,scripts/data/glossary-terms.js:529,"(data file, no direct generator)",claim,REQUIRES_REVIEW
scripts/data/glossary-terms.js,data_module,free_chlorine,400,ppm,"typicalValues: 'FC: 1–3 ppm; TA: 80–120 ppm; CH: 200–400 ppm; Salt: 2,700–3,400 ppm',",unspecified,saltwater_chlorine_generator,target_range,scripts/data/glossary-terms.js:529,"(data file, no direct generator)",claim,REQUIRES_REVIEW
scripts/data/glossary-terms.js,data_module,free_chlorine,400,ppm,"typicalValues: 'FC: 1–3 ppm; TA: 80–120 ppm; CH: 200–400 ppm; Salt: 2,700–3,400 ppm',",unspecified,saltwater_chlorine_generator,target_range,scripts/data/glossary-terms.js:529,"(data file, no direct generator)",claim,REQUIRES_REVIEW
scripts/data/glossary-terms.js,data_module,total_alkalinity,600,gallons,explanation: 'Dilution reduces all dissolved chemicals proportionally. A 10% dilution (replacing 10% of pool volume with fresh water) reduce,pool,saltwater_chlorine_generator,target_range,scripts/data/glossary-terms.js:677,"(data file, no direct generator)",claim,REQUIRES_REVIEW
scripts/data/glossary-terms.js,data_module,calcium_hardness,100,ppm,"explanation: 'Partial drains are used to reduce CYA, calcium hardness, TDS, and salt that cannot be lowered by chemical treatment. A 25% par",unspecified,saltwater_chlorine_generator,target_range,scripts/data/glossary-terms.js:737,"(data file, no direct generator)",claim,REQUIRES_REVIEW
scripts/data/glossary-terms.js,data_module,calcium_hardness,50,ppm,"explanation: 'Partial drains are used to reduce CYA, calcium hardness, TDS, and salt that cannot be lowered by chemical treatment. A 25% par",unspecified,saltwater_chlorine_generator,target_range,scripts/data/glossary-terms.js:737,"(data file, no direct generator)",claim,REQUIRES_REVIEW
scripts/data/glossary-terms.js,data_module,ph,10,°f,explanation: 'Chlorine degrades approximately twice as fast for every 10°F increase in water temperature. pH drifts upward faster in warm wa,both,chlorine,target_range,scripts/data/glossary-terms.js:767,"(data file, no direct generator)",claim,REQUIRES_REVIEW
scripts/data/glossary-terms.js,data_module,ph,84,°f,explanation: 'Chlorine degrades approximately twice as fast for every 10°F increase in water temperature. pH drifts upward faster in warm wa,both,chlorine,target_range,scripts/data/glossary-terms.js:767,"(data file, no direct generator)",claim,REQUIRES_REVIEW
scripts/data/glossary-terms.js,data_module,ph,104,°f,explanation: 'Chlorine degrades approximately twice as fast for every 10°F increase in water temperature. pH drifts upward faster in warm wa,both,chlorine,target_range,scripts/data/glossary-terms.js:767,"(data file, no direct generator)",claim,REQUIRES_REVIEW
scripts/data/glossary-terms.js,data_module,salt,400,ppm,"typicalValues: 'Salt pool target: approximately 5,000–6,000 µS/cm (corresponds to ~3,000–3,400 ppm salt)',",pool,saltwater_chlorine_generator,target_range,scripts/data/glossary-terms.js:849,"(data file, no direct generator)",claim,REQUIRES_REVIEW
scripts/data/glossary-terms.js,data_module,free_chlorine,10,ppm,explanation: 'Standard maintenance shock raises FC to 10 ppm. Recovery shock for green pools targets 30 ppm. The dosage depends on: pool vol,pool,chlorine,shock,scripts/data/glossary-terms.js:857,"(data file, no direct generator)",calculation,REQUIRES_REVIEW
scripts/data/glossary-terms.js,data_module,free_chlorine,30,ppm,explanation: 'Standard maintenance shock raises FC to 10 ppm. Recovery shock for green pools targets 30 ppm. The dosage depends on: pool vol,pool,chlorine,shock,scripts/data/glossary-terms.js:857,"(data file, no direct generator)",calculation,REQUIRES_REVIEW
scripts/data/glossary-terms.js,data_module,free_chlorine,1,lb,"typicalValues: 'Maintenance: 1 lb cal-hypo per 10,000 gal raises FC by ~6.5 ppm; Green pool: multiple doses needed',",pool,unspecified,target_range,scripts/data/glossary-terms.js:859,"(data file, no direct generator)",claim,REQUIRES_REVIEW
scripts/data/glossary-terms.js,data_module,free_chlorine,0,gal,"typicalValues: 'Maintenance: 1 lb cal-hypo per 10,000 gal raises FC by ~6.5 ppm; Green pool: multiple doses needed',",pool,unspecified,target_range,scripts/data/glossary-terms.js:859,"(data file, no direct generator)",claim,REQUIRES_REVIEW
scripts/data/glossary-terms.js,data_module,free_chlorine,6.5,ppm,"typicalValues: 'Maintenance: 1 lb cal-hypo per 10,000 gal raises FC by ~6.5 ppm; Green pool: multiple doses needed',",pool,unspecified,target_range,scripts/data/glossary-terms.js:859,"(data file, no direct generator)",claim,REQUIRES_REVIEW
scripts/data/glossary-terms.js,data_module,ph,120,ppm,explanation: 'A water balance checklist typically covers: 1) Test all parameters. 2) Adjust total alkalinity to 80–120 ppm. 3) Test again an,unspecified,chlorine,target_range,scripts/data/glossary-terms.js:897,"(data file, no direct generator)",calculation,REQUIRES_REVIEW
scripts/data/glossary-terms.js,data_module,ph,3,ppm,"explanation: 'Pool chemistry references compile the target ranges for FC (1–3 ppm), pH (7.2–7.6), TA (80–120 ppm), CH (200–400 ppm for plast",pool,saltwater_chlorine_generator,target_range,scripts/data/glossary-terms.js:907,"(data file, no direct generator)",claim,REQUIRES_REVIEW
scripts/data/glossary-terms.js,data_module,ph,120,ppm,"explanation: 'Pool chemistry references compile the target ranges for FC (1–3 ppm), pH (7.2–7.6), TA (80–120 ppm), CH (200–400 ppm for plast",pool,saltwater_chlorine_generator,target_range,scripts/data/glossary-terms.js:907,"(data file, no direct generator)",claim,REQUIRES_REVIEW
scripts/data/glossary-terms.js,data_module,ph,400,ppm,"explanation: 'Pool chemistry references compile the target ranges for FC (1–3 ppm), pH (7.2–7.6), TA (80–120 ppm), CH (200–400 ppm for plast",pool,saltwater_chlorine_generator,target_range,scripts/data/glossary-terms.js:907,"(data file, no direct generator)",claim,REQUIRES_REVIEW
scripts/data/glossary-terms.js,data_module,ph,50,ppm,"explanation: 'Pool chemistry references compile the target ranges for FC (1–3 ppm), pH (7.2–7.6), TA (80–120 ppm), CH (200–400 ppm for plast",pool,saltwater_chlorine_generator,target_range,scripts/data/glossary-terms.js:907,"(data file, no direct generator)",claim,REQUIRES_REVIEW
scripts/data/glossary-terms.js,data_module,ph,400,ppm,"explanation: 'Pool chemistry references compile the target ranges for FC (1–3 ppm), pH (7.2–7.6), TA (80–120 ppm), CH (200–400 ppm for plast",pool,saltwater_chlorine_generator,target_range,scripts/data/glossary-terms.js:907,"(data file, no direct generator)",claim,REQUIRES_REVIEW
scripts/data/glossary-terms.js,data_module,combined_chlorine,0.5,ppm,explanation: 'A typical shock schedule: shock once per week on the same night (after the pump has run during the day for chemical distributi,unspecified,chlorine,shock,scripts/data/glossary-terms.js:927,"(data file, no direct generator)",claim,REQUIRES_REVIEW
scripts/data/glossary-terms.js,data_module,combined_chlorine,2,lbs,explanation: 'A typical shock schedule: shock once per week on the same night (after the pump has run during the day for chemical distributi,unspecified,chlorine,shock,scripts/data/glossary-terms.js:927,"(data file, no direct generator)",claim,REQUIRES_REVIEW
scripts/data/glossary-terms.js,data_module,combined_chlorine,0,gallons,explanation: 'A typical shock schedule: shock once per week on the same night (after the pump has run during the day for chemical distributi,unspecified,chlorine,shock,scripts/data/glossary-terms.js:927,"(data file, no direct generator)",claim,REQUIRES_REVIEW
scripts/data/glossary-terms.js,data_module,free_chlorine,10,ppm,"typicalValues: 'Weekly maintenance: shock to 10 ppm FC; Emergency recovery: shock to 30 ppm FC',",unspecified,unspecified,shock,scripts/data/glossary-terms.js:929,"(data file, no direct generator)",claim,REQUIRES_REVIEW
scripts/data/glossary-terms.js,data_module,free_chlorine,30,ppm,"typicalValues: 'Weekly maintenance: shock to 10 ppm FC; Emergency recovery: shock to 30 ppm FC',",unspecified,unspecified,shock,scripts/data/glossary-terms.js:929,"(data file, no direct generator)",claim,REQUIRES_REVIEW
scripts/data/glossary-terms.js,data_module,free_chlorine,0.8,ppm,"explanation: 'Breakpoint dose = 10 × (combined chlorine reading in ppm). If CC = 0.8 ppm, breakpoint dose = 8 ppm of additional FC. The curr",pool,chlorine,shock,scripts/data/glossary-terms.js:957,"(data file, no direct generator)",claim,REQUIRES_REVIEW
scripts/data/glossary-terms.js,data_module,free_chlorine,8,ppm,"explanation: 'Breakpoint dose = 10 × (combined chlorine reading in ppm). If CC = 0.8 ppm, breakpoint dose = 8 ppm of additional FC. The curr",pool,chlorine,shock,scripts/data/glossary-terms.js:957,"(data file, no direct generator)",claim,REQUIRES_REVIEW
scripts/data/glossary-terms.js,data_module,free_chlorine,1.5,ppm,"explanation: 'Breakpoint dose = 10 × (combined chlorine reading in ppm). If CC = 0.8 ppm, breakpoint dose = 8 ppm of additional FC. The curr",pool,chlorine,shock,scripts/data/glossary-terms.js:957,"(data file, no direct generator)",claim,CONTEXTUAL
scripts/data/glossary-terms.js,data_module,free_chlorine,8,ppm,"explanation: 'Breakpoint dose = 10 × (combined chlorine reading in ppm). If CC = 0.8 ppm, breakpoint dose = 8 ppm of additional FC. The curr",pool,chlorine,shock,scripts/data/glossary-terms.js:957,"(data file, no direct generator)",claim,REQUIRES_REVIEW
scripts/data/glossary-terms.js,data_module,free_chlorine,9.5,ppm,"explanation: 'Breakpoint dose = 10 × (combined chlorine reading in ppm). If CC = 0.8 ppm, breakpoint dose = 8 ppm of additional FC. The curr",pool,chlorine,shock,scripts/data/glossary-terms.js:957,"(data file, no direct generator)",claim,REQUIRES_REVIEW
scripts/data/glossary-terms.js,data_module,free_chlorine,15,ppm,"typicalValues: 'Breakpoint dose = 10 × CC; typical: 5–15 ppm of additional FC',",unspecified,unspecified,shock,scripts/data/glossary-terms.js:959,"(data file, no direct generator)",claim,REQUIRES_REVIEW
scripts/data/glossary-terms.js,data_module,ph,0,gallons,"typicalValues: 'Raises pH by approximately 0.2 per pound per 10,000 gallons; dissolve before adding',",unspecified,unspecified,target_range,scripts/data/glossary-terms.js:999,"(data file, no direct generator)",claim,REQUIRES_REVIEW
scripts/data/reference-pages.js,data_module,ph,0.5,ppm,"notes: ['Wait 4–6 hours after alkalinity adjustment before testing and adjusting pH.', 'CYA cannot be reduced chemically — partial drain is ",unspecified,chlorine,shock,scripts/data/reference-pages.js:45,"(data file, no direct generator)",claim,REQUIRES_REVIEW
scripts/data/reference-pages.js,data_module,cyanuric_acid,500,ppm,"notes: ['CYA is not recommended for covered or indoor hot tubs — UV protection is not needed.', 'Change hot tub water every 3–4 months or wh",hot_tub,unspecified,target_range,scripts/data/reference-pages.js:76,"(data file, no direct generator)",claim,REQUIRES_REVIEW
scripts/data/reference-pages.js,data_module,water_temperature,104,°f,"notes: ['CPSC and PHTA maximum safe hot tub temperature: 104°F (40°C).', 'Hot tub use above 104°F can cause hyperthermia within minutes.'],",hot_tub,unspecified,target_range,scripts/data/reference-pages.js:116,"(data file, no direct generator)",claim,REQUIRES_REVIEW
scripts/data/reference-pages.js,data_module,water_temperature,40,°c,"notes: ['CPSC and PHTA maximum safe hot tub temperature: 104°F (40°C).', 'Hot tub use above 104°F can cause hyperthermia within minutes.'],",hot_tub,unspecified,target_range,scripts/data/reference-pages.js:116,"(data file, no direct generator)",claim,REQUIRES_REVIEW
scripts/data/reference-pages.js,data_module,water_temperature,104,°f,"notes: ['CPSC and PHTA maximum safe hot tub temperature: 104°F (40°C).', 'Hot tub use above 104°F can cause hyperthermia within minutes.'],",hot_tub,unspecified,target_range,scripts/data/reference-pages.js:116,"(data file, no direct generator)",claim,REQUIRES_REVIEW
scripts/data/reference-pages.js,data_module,combined_chlorine,10,ppm,"headers: ['Pool Volume', 'Maintenance (10 ppm)', 'Breakpoint CC 1 ppm', 'Breakpoint CC 2 ppm', 'Green Pool (30 ppm)'],",pool,unspecified,shock,scripts/data/reference-pages.js:172,"(data file, no direct generator)",claim,REQUIRES_REVIEW
scripts/data/reference-pages.js,data_module,combined_chlorine,1,ppm,"headers: ['Pool Volume', 'Maintenance (10 ppm)', 'Breakpoint CC 1 ppm', 'Breakpoint CC 2 ppm', 'Green Pool (30 ppm)'],",pool,unspecified,shock,scripts/data/reference-pages.js:172,"(data file, no direct generator)",claim,REQUIRES_REVIEW
scripts/data/reference-pages.js,data_module,combined_chlorine,2,ppm,"headers: ['Pool Volume', 'Maintenance (10 ppm)', 'Breakpoint CC 1 ppm', 'Breakpoint CC 2 ppm', 'Green Pool (30 ppm)'],",pool,unspecified,shock,scripts/data/reference-pages.js:172,"(data file, no direct generator)",claim,REQUIRES_REVIEW
scripts/data/reference-pages.js,data_module,combined_chlorine,30,ppm,"headers: ['Pool Volume', 'Maintenance (10 ppm)', 'Breakpoint CC 1 ppm', 'Breakpoint CC 2 ppm', 'Green Pool (30 ppm)'],",pool,unspecified,shock,scripts/data/reference-pages.js:172,"(data file, no direct generator)",claim,REQUIRES_REVIEW
scripts/data/reference-pages.js,data_module,free_chlorine,10,ppm,notes: ['Maintenance dose raises FC to approximately 10 ppm. Breakpoint dose is 10x the combined chlorine level. Green pool dose targets 30 ,pool,chlorine,shock,scripts/data/reference-pages.js:186,"(data file, no direct generator)",claim,REQUIRES_REVIEW
scripts/data/reference-pages.js,data_module,free_chlorine,30,ppm,notes: ['Maintenance dose raises FC to approximately 10 ppm. Breakpoint dose is 10x the combined chlorine level. Green pool dose targets 30 ,pool,chlorine,shock,scripts/data/reference-pages.js:186,"(data file, no direct generator)",claim,REQUIRES_REVIEW
scripts/data/reference-pages.js,data_module,free_chlorine,5,ppm,notes: ['Maintenance dose raises FC to approximately 10 ppm. Breakpoint dose is 10x the combined chlorine level. Green pool dose targets 30 ,pool,chlorine,shock,scripts/data/reference-pages.js:186,"(data file, no direct generator)",claim,CONTEXTUAL
scripts/data/reference-pages.js,data_module,free_chlorine,1,ppm,overview: 'CYA protects chlorine from UV but reduces its activity. The minimum free chlorine to maintain effective sanitation must increase ,unspecified,chlorine,target_range,scripts/data/reference-pages.js:238,"(data file, no direct generator)",claim,CONTEXTUAL
scripts/data/reference-pages.js,data_module,free_chlorine,30,ppm,overview: 'CYA protects chlorine from UV but reduces its activity. The minimum free chlorine to maintain effective sanitation must increase ,unspecified,chlorine,target_range,scripts/data/reference-pages.js:238,"(data file, no direct generator)",claim,REQUIRES_REVIEW
scripts/data/reference-pages.js,data_module,cyanuric_acid,100,ppm,"notes: ['These minimums are for outdoor pools in direct sunlight.', 'Indoor pools and covered spas do not require CYA.', 'CYA above 100 ppm:",unspecified,unspecified,target_range,scripts/data/reference-pages.js:258,"(data file, no direct generator)",claim,REQUIRES_REVIEW
scripts/data/reference-pages.js,data_module,total_alkalinity,1.5,lb,"title: 'Sodium Bicarbonate to Raise Alkalinity (1.5 lb raises TA by 10 ppm per 10,000 gal)',",unspecified,unspecified,target_range,scripts/data/reference-pages.js:274,"(data file, no direct generator)",claim,REQUIRES_REVIEW
scripts/data/reference-pages.js,data_module,total_alkalinity,10,ppm,"title: 'Sodium Bicarbonate to Raise Alkalinity (1.5 lb raises TA by 10 ppm per 10,000 gal)',",unspecified,unspecified,target_range,scripts/data/reference-pages.js:274,"(data file, no direct generator)",claim,REQUIRES_REVIEW
scripts/data/reference-pages.js,data_module,total_alkalinity,0,gal,"title: 'Sodium Bicarbonate to Raise Alkalinity (1.5 lb raises TA by 10 ppm per 10,000 gal)',",unspecified,unspecified,target_range,scripts/data/reference-pages.js:274,"(data file, no direct generator)",claim,REQUIRES_REVIEW
scripts/data/reference-pages.js,data_module,ph,120,ppm,"title: 'Muriatic Acid (31.45%) to Lower pH — TA at 80–120 ppm',",unspecified,unspecified,target_range,scripts/data/reference-pages.js:310,"(data file, no direct generator)",claim,REQUIRES_REVIEW
scripts/data/reference-pages.js,data_module,ph,120,ppm,"title: 'Sodium Carbonate (Soda Ash) to Raise pH — TA at 80–120 ppm',",unspecified,unspecified,target_range,scripts/data/reference-pages.js:321,"(data file, no direct generator)",claim,REQUIRES_REVIEW
scripts/data/reference-pages.js,data_module,ph,150,ppm,"notes: ['These are approximate starting doses. Always add incrementally and retest.', 'High alkalinity (above 150 ppm) makes pH much harder ",unspecified,unspecified,target_range,scripts/data/reference-pages.js:330,"(data file, no direct generator)",claim,REQUIRES_REVIEW
scripts/data/reference-pages.js,data_module,ph,77,°f,"title: 'HOCl Percentage at Different pH (at 77°F / 25°C)',",unspecified,unspecified,target_range,scripts/data/reference-pages.js:346,"(data file, no direct generator)",claim,REQUIRES_REVIEW
scripts/data/reference-pages.js,data_module,ph,25,°c,"title: 'HOCl Percentage at Different pH (at 77°F / 25°C)',",unspecified,unspecified,target_range,scripts/data/reference-pages.js:346,"(data file, no direct generator)",claim,REQUIRES_REVIEW
scripts/data/reference-pages.js,data_module,ph,2,ppm,"headers: ['pH', '% as HOCl (Active)', '% as OCl- (Inactive)', 'Effective FC at 2 ppm Total FC'],",unspecified,unspecified,target_range,scripts/data/reference-pages.js:347,"(data file, no direct generator)",claim,REQUIRES_REVIEW
scripts/data/reference-pages.js,data_module,free_chlorine,5,ppm,"['Liquid chlorine', '30 min', '15 min (if FC <5 ppm)', 'Run pump during wait'],",unspecified,chlorine,target_range,scripts/data/reference-pages.js:380,"(data file, no direct generator)",claim,CONTEXTUAL
scripts/data/reference-pages.js,data_module,free_chlorine,5,ppm,"['Granular shock (cal-hypo)', '2 hours', 'Until FC < 5 ppm', 'Pre-dissolve before adding'],",unspecified,unspecified,shock,scripts/data/reference-pages.js:381,"(data file, no direct generator)",claim,CONTEXTUAL
scripts/data/reference-pages.js,data_module,free_chlorine,5,ppm,"notes: ['Always run the pump during the wait period to ensure even distribution.', 'Re-entry after shock is safe when FC tests below 5 ppm —",pool,unspecified,shock,scripts/data/reference-pages.js:393,"(data file, no direct generator)",claim,CONTEXTUAL
scripts/data/reference-pages.js,data_module,cyanuric_acid,80,ppm,"['CYA', 'Above 80 ppm', 'Partial drain (25–50%) and refill'],",unspecified,unspecified,target_range,scripts/data/reference-pages.js:485,"(data file, no direct generator)",claim,REQUIRES_REVIEW
scripts/data/reference-pages.js,data_module,calcium_hardness,500,ppm,"['Calcium Hardness', 'Above 500 ppm', 'Partial drain (25–30%) and refill'],",unspecified,unspecified,target_range,scripts/data/reference-pages.js:486,"(data file, no direct generator)",claim,CONTEXTUAL
scripts/data/reference-pages.js,data_module,salt,0,ppm,"['TDS (pools)', 'Above 3,000 ppm (non-salt)', 'Partial drain (25%) and refill'],",unspecified,saltwater_chlorine_generator,target_range,scripts/data/reference-pages.js:488,"(data file, no direct generator)",claim,REQUIRES_REVIEW
scripts/data/reference-pages.js,data_module,salt,500,ppm,"['Salt', 'Below 2,500 ppm or above 3,500 ppm', 'Add salt (low) or partial drain (high)'],",unspecified,saltwater_chlorine_generator,target_range,scripts/data/reference-pages.js:489,"(data file, no direct generator)",claim,REQUIRES_REVIEW
scripts/data/reference-pages.js,data_module,salt,500,ppm,"['Salt', 'Below 2,500 ppm or above 3,500 ppm', 'Add salt (low) or partial drain (high)'],",unspecified,saltwater_chlorine_generator,target_range,scripts/data/reference-pages.js:489,"(data file, no direct generator)",claim,REQUIRES_REVIEW
scripts/data/reference-pages.js,data_module,calcium_hardness,350,ppm,"['Calcium Hardness (spas)', 'Above 350 ppm', 'Partial drain or full change'],",unspecified,unspecified,target_range,scripts/data/reference-pages.js:490,"(data file, no direct generator)",claim,CONTEXTUAL
scripts/data/reference-pages.js,data_module,(unmatched),85,°f,"['Liquid chlorine (sodium hypochlorite)', 'Cool, below 85°F', 'Any — sealed', 'Heat, light, chlorine products', '60 days'],",unspecified,chlorine,target_range,scripts/data/reference-pages.js:603,"(data file, no direct generator)",claim,REQUIRES_REVIEW
scripts/data/reference-pages.js,data_module,total_alkalinity,120,ppm,"'Step 3: Adjust total alkalinity to 80–120 ppm. Use sodium bicarbonate to raise; muriatic acid to lower.',",unspecified,unspecified,target_range,scripts/data/reference-pages.js:727,"(data file, no direct generator)",claim,CONTEXTUAL
scripts/data/reference-pages.js,data_module,free_chlorine,3,ppm,"'Step 10: Adjust free chlorine to 1–3 ppm using liquid chlorine or cal-hypo shock.',",unspecified,chlorine,shock,scripts/data/reference-pages.js:734,"(data file, no direct generator)",claim,CONTEXTUAL
scripts/data/reference-pages.js,data_module,free_chlorine,1,ppm,"notes: ['Log all tests and treatments in the pool chemical log.', 'Pre-turnover test clears the pool for incoming guests.', 'Close pool to g",both,unspecified,target_range,scripts/data/reference-pages.js:774,"(data file, no direct generator)",claim,CONTEXTUAL
scripts/data/reference-pages.js,data_module,free_chlorine,3,ppm,"notes: ['Log all tests and treatments in the pool chemical log.', 'Pre-turnover test clears the pool for incoming guests.', 'Close pool to g",both,unspecified,target_range,scripts/data/reference-pages.js:774,"(data file, no direct generator)",claim,CONTEXTUAL
scripts/data/reference-pages.js,data_module,free_chlorine,30,ppm,"'Step 3: Add shock to achieve 30 ppm FC — use the shock calculator for exact dose.',",unspecified,unspecified,shock,scripts/data/reference-pages.js:804,"(data file, no direct generator)",claim,REQUIRES_REVIEW
scripts/data/reference-pages.js,data_module,free_chlorine,10,ppm,"'Step 5: Test FC every 4–6 hours. If below 10 ppm, add more chlorine to maintain 10+ ppm.',",unspecified,chlorine,target_range,scripts/data/reference-pages.js:806,"(data file, no direct generator)",claim,REQUIRES_REVIEW
scripts/data/reference-pages.js,data_module,free_chlorine,5,ppm,"'Step 7: Continue filtering until FC drops naturally to 5 ppm or below.',",unspecified,unspecified,target_range,scripts/data/reference-pages.js:808,"(data file, no direct generator)",claim,CONTEXTUAL
scripts/data/reference-pages.js,data_module,free_chlorine,10,ppm,"'Step 3: Shock to 10 ppm FC.',",unspecified,unspecified,shock,scripts/data/reference-pages.js:819,"(data file, no direct generator)",claim,REQUIRES_REVIEW
scripts/data/trust-calculator-metadata.js,data_module,(unmatched),5,ppm,"notes: 'Uses hot-tub-free-chlorine range (3–5 ppm) from chemical-ranges.json.',",hot_tub,chlorine,target_range,scripts/data/trust-calculator-metadata.js:124,"(data file, no direct generator)",claim,REQUIRES_REVIEW
scripts/data/trust-confidence.js,data_module,water_temperature,104,°f,"examples: ['Maximum hot tub temperature (104°F — CPSC/PHTA)', 'Minimum ORP for disinfection (650 mV — WHO)', 'LSI formula constants (Taylor ",hot_tub,unspecified,target_range,scripts/data/trust-confidence.js:18,"(data file, no direct generator)",claim,REQUIRES_REVIEW
scripts/data/trust-confidence.js,data_module,ph,3,ppm,"examples: ['Residential pool FC target 1–3 ppm', 'Sodium bicarbonate TA dosage coefficient', 'pH target range 7.2–7.6'],",pool,unspecified,target_range,scripts/data/trust-confidence.js:30,"(data file, no direct generator)",claim,REQUIRES_REVIEW
scripts/data/trust-formulas.js,data_module,total_alkalinity,10,ppm,"variables: { targetTA: 'Target total alkalinity (ppm)', currentTA: 'Current total alkalinity (ppm)', volume_gal: 'Pool volume (gallons)', co",pool,unspecified,target_range,scripts/data/trust-formulas.js:74,"(data file, no direct generator)",claim,REQUIRES_REVIEW
scripts/data/trust-formulas.js,data_module,total_alkalinity,0,gal,"variables: { targetTA: 'Target total alkalinity (ppm)', currentTA: 'Current total alkalinity (ppm)', volume_gal: 'Pool volume (gallons)', co",pool,unspecified,target_range,scripts/data/trust-formulas.js:74,"(data file, no direct generator)",claim,REQUIRES_REVIEW
scripts/data/trust-formulas.js,data_module,salt,10,ppm,"variables: { targetSalt: 'Target salt (ppm)', currentSalt: 'Current salt (ppm)', volume_gal: 'Pool volume (gallons)', coefficient_lbs: 'Lbs ",pool,saltwater_chlorine_generator,target_range,scripts/data/trust-formulas.js:88,"(data file, no direct generator)",claim,REQUIRES_REVIEW
scripts/data/trust-formulas.js,data_module,salt,0,gal,"variables: { targetSalt: 'Target salt (ppm)', currentSalt: 'Current salt (ppm)', volume_gal: 'Pool volume (gallons)', coefficient_lbs: 'Lbs ",pool,saltwater_chlorine_generator,target_range,scripts/data/trust-formulas.js:88,"(data file, no direct generator)",claim,REQUIRES_REVIEW
scripts/data/trust-formulas.js,data_module,cyanuric_acid,10,ppm,"variables: { targetCYA: 'Target CYA (ppm)', currentCYA: 'Current CYA (ppm)', volume_gal: 'Pool volume (gallons)', coefficient: 'Oz per 10 pp",pool,unspecified,target_range,scripts/data/trust-formulas.js:102,"(data file, no direct generator)",claim,CONTEXTUAL
scripts/data/trust-formulas.js,data_module,cyanuric_acid,0,gal,"variables: { targetCYA: 'Target CYA (ppm)', currentCYA: 'Current CYA (ppm)', volume_gal: 'Pool volume (gallons)', coefficient: 'Oz per 10 pp",pool,unspecified,target_range,scripts/data/trust-formulas.js:102,"(data file, no direct generator)",claim,REQUIRES_REVIEW
scripts/data/trust-formulas.js,data_module,calcium_hardness,10,ppm,"variables: { targetCH: 'Target calcium hardness (ppm)', currentCH: 'Current calcium hardness (ppm)', volume_gal: 'Pool volume (gallons)', co",pool,unspecified,target_range,scripts/data/trust-formulas.js:160,"(data file, no direct generator)",claim,REQUIRES_REVIEW
scripts/data/trust-formulas.js,data_module,calcium_hardness,0,gal,"variables: { targetCH: 'Target calcium hardness (ppm)', currentCH: 'Current calcium hardness (ppm)', volume_gal: 'Pool volume (gallons)', co",pool,unspecified,target_range,scripts/data/trust-formulas.js:160,"(data file, no direct generator)",claim,REQUIRES_REVIEW
scripts/data/trust-methodology.js,data_module,free_chlorine,2,ppm,"body: 'FC change needed: calculated as 2.00 ppm → displayed as ""2.0 ppm"". Muriatic acid dose: calculated as 9.876 fl oz → displayed as ""9.9 ",pool,unspecified,target_range,scripts/data/trust-methodology.js:167,"(data file, no direct generator)",calculation,CONTEXTUAL
scripts/data/trust-methodology.js,data_module,free_chlorine,2,ppm,"body: 'FC change needed: calculated as 2.00 ppm → displayed as ""2.0 ppm"". Muriatic acid dose: calculated as 9.876 fl oz → displayed as ""9.9 ",pool,unspecified,target_range,scripts/data/trust-methodology.js:167,"(data file, no direct generator)",calculation,CONTEXTUAL
scripts/data/trust-methodology.js,data_module,free_chlorine,831.4,gallons,"body: 'FC change needed: calculated as 2.00 ppm → displayed as ""2.0 ppm"". Muriatic acid dose: calculated as 9.876 fl oz → displayed as ""9.9 ",pool,unspecified,target_range,scripts/data/trust-methodology.js:167,"(data file, no direct generator)",calculation,REQUIRES_REVIEW
scripts/data/trust-methodology.js,data_module,free_chlorine,831,gallons,"body: 'FC change needed: calculated as 2.00 ppm → displayed as ""2.0 ppm"". Muriatic acid dose: calculated as 9.876 fl oz → displayed as ""9.9 ",pool,unspecified,target_range,scripts/data/trust-methodology.js:167,"(data file, no direct generator)",calculation,REQUIRES_REVIEW
scripts/data/trust-methodology.js,data_module,ph,0.5,ppm,"body: 'Pool water test results have inherent uncertainty based on the test method used. Test strips: ±0.5 ppm FC, ±0.5 pH. Liquid DPD drop t",pool,unspecified,target_range,scripts/data/trust-methodology.js:198,"(data file, no direct generator)",claim,REQUIRES_REVIEW
scripts/data/trust-methodology.js,data_module,ph,0.2,ppm,"body: 'Pool water test results have inherent uncertainty based on the test method used. Test strips: ±0.5 ppm FC, ±0.5 pH. Liquid DPD drop t",pool,unspecified,target_range,scripts/data/trust-methodology.js:198,"(data file, no direct generator)",claim,REQUIRES_REVIEW
scripts/data/trust-methodology.js,data_module,ph,0.05,ppm,"body: 'Pool water test results have inherent uncertainty based on the test method used. Test strips: ±0.5 ppm FC, ±0.5 pH. Liquid DPD drop t",pool,unspecified,target_range,scripts/data/trust-methodology.js:198,"(data file, no direct generator)",claim,REQUIRES_REVIEW
scripts/data/trust-methodology.js,data_module,water_temperature,104,°f,body: 'Pool chemistry guidance varies in its evidentiary basis. The 104°F hot tub maximum temperature has Very High confidence because it is,both,unspecified,safety_guidance,scripts/data/trust-methodology.js:268,"(data file, no direct generator)",claim,REQUIRES_REVIEW
scripts/generate-authority-charts.js,generator_script,cyanuric_acid,50,ppm,"metaDesc: 'Pool CYA levels chart: ideal range 30–50 ppm, what is too high, and how CYA affects chlorine effectiveness. Quick reference table",pool,chlorine,target_range,scripts/generate-authority-charts.js:139,scripts/generate-authority-charts.js,claim,REQUIRES_REVIEW
scripts/generate-authority-charts.js,generator_script,free_chlorine,50,ppm,"ogDesc: 'CYA 30–50 ppm is ideal for outdoor pools. Too high locks chlorine; too low causes FC to degrade in sunlight.',",unspecified,chlorine,target_range,scripts/generate-authority-charts.js:140,scripts/generate-authority-charts.js,claim,REQUIRES_REVIEW
scripts/generate-authority-charts.js,generator_script,cyanuric_acid,50,ppm,quickAnswer: 'Ideal cyanuric acid (CYA or stabilizer) for outdoor pools is 30–50 ppm. CYA protects chlorine from UV degradation. Above 100 p,unspecified,chlorine,target_range,scripts/generate-authority-charts.js:142,scripts/generate-authority-charts.js,claim,REQUIRES_REVIEW
scripts/generate-authority-charts.js,generator_script,cyanuric_acid,100,ppm,quickAnswer: 'Ideal cyanuric acid (CYA or stabilizer) for outdoor pools is 30–50 ppm. CYA protects chlorine from UV degradation. Above 100 p,unspecified,chlorine,target_range,scripts/generate-authority-charts.js:142,scripts/generate-authority-charts.js,claim,REQUIRES_REVIEW
scripts/generate-authority-charts.js,generator_script,cyanuric_acid,50,ppm,"'CYA 30–50 ppm is the standard for outdoor chlorine pools',",unspecified,chlorine,target_range,scripts/generate-authority-charts.js:144,scripts/generate-authority-charts.js,claim,REQUIRES_REVIEW
scripts/generate-authority-charts.js,generator_script,free_chlorine,20,ppm,"'Below 20 ppm: FC degrades in direct sunlight within hours',",unspecified,unspecified,target_range,scripts/generate-authority-charts.js:145,scripts/generate-authority-charts.js,claim,REQUIRES_REVIEW
scripts/generate-authority-charts.js,generator_script,(unmatched),80,ppm,"'Above 80 ppm: chlorine effectiveness drops significantly',",unspecified,chlorine,target_range,scripts/generate-authority-charts.js:146,scripts/generate-authority-charts.js,claim,REQUIRES_REVIEW
scripts/generate-authority-charts.js,generator_script,free_chlorine,20,ppm,"['0–20 ppm', 'Too low', 'FC lost to UV in hours', 'Add stabilizer (cyanuric acid granules)'],",unspecified,unspecified,target_range,scripts/generate-authority-charts.js:151,scripts/generate-authority-charts.js,claim,REQUIRES_REVIEW
scripts/generate-authority-charts.js,generator_script,cyanuric_acid,30,ppm,"['20–30 ppm', 'Low', 'Moderate UV protection', 'Add stabilizer if outdoor pool'],",pool,unspecified,target_range,scripts/generate-authority-charts.js:152,scripts/generate-authority-charts.js,claim,REQUIRES_REVIEW
scripts/generate-authority-charts.js,generator_script,cyanuric_acid,80,ppm,"['50–80 ppm', 'Acceptable', 'Slight reduction in effectiveness', 'Monitor; avoid adding more stabilizer'],",unspecified,unspecified,target_range,scripts/generate-authority-charts.js:154,scripts/generate-authority-charts.js,claim,REQUIRES_REVIEW
scripts/generate-authority-charts.js,generator_script,(unmatched),100,ppm,"['80–100 ppm', 'High', 'Noticeable chlorine lock', 'Partial drain (20–30%) and refill'],",unspecified,chlorine,target_range,scripts/generate-authority-charts.js:155,scripts/generate-authority-charts.js,claim,REQUIRES_REVIEW
scripts/generate-authority-charts.js,generator_script,free_chlorine,100,ppm,"['&gt; 100 ppm', 'Chlorine lock', 'FC mostly inactive', 'Drain 30–50% and refill; rebalance']",unspecified,chlorine,target_range,scripts/generate-authority-charts.js:156,scripts/generate-authority-charts.js,claim,REQUIRES_REVIEW
scripts/generate-authority-charts.js,generator_script,free_chlorine,50,ppm,"['What is CYA in a pool?', 'CYA stands for cyanuric acid, also called stabilizer or conditioner. It bonds loosely with free chlorine and pro",pool,chlorine,target_range,scripts/generate-authority-charts.js:159,scripts/generate-authority-charts.js,claim,REQUIRES_REVIEW
scripts/generate-authority-charts.js,generator_script,cyanuric_acid,100,ppm,"['What happens if CYA is too high?', 'Above 80–100 ppm, CYA over-stabilizes chlorine so that it cannot oxidize bacteria and algae effectivel",unspecified,chlorine,troubleshooting,scripts/generate-authority-charts.js:160,scripts/generate-authority-charts.js,claim,REQUIRES_REVIEW
scripts/generate-authority-charts.js,generator_script,cyanuric_acid,80,ppm,"['Do salt water pools need CYA?', 'Yes. Salt water chlorine generators produce unstabilized chlorine (same as liquid chlorine) that degrades",unspecified,saltwater_chlorine_generator,target_range,scripts/generate-authority-charts.js:162,scripts/generate-authority-charts.js,claim,REQUIRES_REVIEW
scripts/generate-authority-charts.js,generator_script,ph,120,ppm,"metaDesc: 'Pool total alkalinity levels chart: ideal 80–120 ppm. What happens if low or high, and how alkalinity affects pH stability.',",pool,unspecified,target_range,scripts/generate-authority-charts.js:178,scripts/generate-authority-charts.js,claim,REQUIRES_REVIEW
scripts/generate-authority-charts.js,generator_script,ph,120,ppm,"ogDesc: 'Total alkalinity 80–120 ppm buffers pH in pools. Too low causes pH swings; too high makes pH drift upward.',",unspecified,unspecified,target_range,scripts/generate-authority-charts.js:179,scripts/generate-authority-charts.js,claim,REQUIRES_REVIEW
scripts/generate-authority-charts.js,generator_script,ph,120,ppm,"quickAnswer: 'Ideal total alkalinity (TA) for most pools is 80–120 ppm. TA acts as a pH buffer — low TA causes rapid pH swings, while high T",unspecified,unspecified,target_range,scripts/generate-authority-charts.js:181,scripts/generate-authority-charts.js,claim,REQUIRES_REVIEW
scripts/generate-authority-charts.js,generator_script,total_alkalinity,120,ppm,"'Total alkalinity 80–120 ppm is the standard target for most pool types',",pool,unspecified,target_range,scripts/generate-authority-charts.js:183,scripts/generate-authority-charts.js,claim,CONTEXTUAL
scripts/generate-authority-charts.js,generator_script,ph,60,ppm,"'Low TA (below 60 ppm) causes pH to bounce erratically',",unspecified,unspecified,target_range,scripts/generate-authority-charts.js:184,scripts/generate-authority-charts.js,claim,REQUIRES_REVIEW
scripts/generate-authority-charts.js,generator_script,ph,150,ppm,"'High TA (above 150 ppm) causes pH to drift up and resist acid corrections',",unspecified,unspecified,target_range,scripts/generate-authority-charts.js:185,scripts/generate-authority-charts.js,claim,REQUIRES_REVIEW
scripts/generate-authority-charts.js,generator_script,ph,60,ppm,"['&lt; 60 ppm', 'Too low', 'pH swings; corrosion risk', 'Add sodium bicarbonate (baking soda)'],",unspecified,unspecified,target_range,scripts/generate-authority-charts.js:190,scripts/generate-authority-charts.js,claim,REQUIRES_REVIEW
scripts/generate-authority-charts.js,generator_script,ph,80,ppm,"['60–80 ppm', 'Low', 'Some pH instability', 'Add bicarb; retest after 24 h'],",unspecified,unspecified,target_range,scripts/generate-authority-charts.js:191,scripts/generate-authority-charts.js,claim,REQUIRES_REVIEW
scripts/generate-authority-charts.js,generator_script,ph,120,ppm,"['80–120 ppm', 'Ideal', 'pH stable and buffered', 'None — maintain range'],",unspecified,unspecified,target_range,scripts/generate-authority-charts.js:192,scripts/generate-authority-charts.js,claim,REQUIRES_REVIEW
scripts/generate-authority-charts.js,generator_script,ph,150,ppm,"['120–150 ppm', 'Elevated', 'pH drifts upward', 'Add muriatic acid in small doses'],",unspecified,unspecified,target_range,scripts/generate-authority-charts.js:193,scripts/generate-authority-charts.js,claim,REQUIRES_REVIEW
scripts/generate-authority-charts.js,generator_script,ph,200,ppm,"['150–200 ppm', 'High', 'pH very resistant to correction; scale risk', 'Lower with acid; aerate to restore pH'],",unspecified,unspecified,target_range,scripts/generate-authority-charts.js:194,scripts/generate-authority-charts.js,claim,REQUIRES_REVIEW
scripts/generate-authority-charts.js,generator_script,ph,200,ppm,"['&gt; 200 ppm', 'Very high', 'Severe pH drift; cloudy water; scale', 'Partial drain + refill + rebalance']",unspecified,unspecified,target_range,scripts/generate-authority-charts.js:195,scripts/generate-authority-charts.js,claim,REQUIRES_REVIEW
scripts/generate-authority-charts.js,generator_script,total_alkalinity,1.5,lb,"['How do I raise pool alkalinity?', 'Add sodium bicarbonate (baking soda). Use 1.5 lb per 10,000 gallons to raise TA by approximately 10 ppm",pool,unspecified,target_range,scripts/generate-authority-charts.js:199,scripts/generate-authority-charts.js,claim,REQUIRES_REVIEW
scripts/generate-authority-charts.js,generator_script,total_alkalinity,0,gallons,"['How do I raise pool alkalinity?', 'Add sodium bicarbonate (baking soda). Use 1.5 lb per 10,000 gallons to raise TA by approximately 10 ppm",pool,unspecified,target_range,scripts/generate-authority-charts.js:199,scripts/generate-authority-charts.js,claim,REQUIRES_REVIEW
scripts/generate-authority-charts.js,generator_script,total_alkalinity,10,ppm,"['How do I raise pool alkalinity?', 'Add sodium bicarbonate (baking soda). Use 1.5 lb per 10,000 gallons to raise TA by approximately 10 ppm",pool,unspecified,target_range,scripts/generate-authority-charts.js:199,scripts/generate-authority-charts.js,claim,REQUIRES_REVIEW
scripts/generate-authority-charts.js,generator_script,(unmatched),5,ppm,"metaDesc: 'Hot tub chlorine levels chart: ideal 3–5 ppm, safe swim threshold, what too high and too low means for health and equipment.',",hot_tub,chlorine,target_range,scripts/generate-authority-charts.js:217,scripts/generate-authority-charts.js,claim,REQUIRES_REVIEW
scripts/generate-authority-charts.js,generator_script,free_chlorine,5,ppm,"ogDesc: 'Hot tub FC should be 3–5 ppm. Higher is unsafe; lower allows bacteria. Full reference table and dosing guide.',",hot_tub,unspecified,target_range,scripts/generate-authority-charts.js:218,scripts/generate-authority-charts.js,claim,CONTEXTUAL
scripts/generate-authority-charts.js,generator_script,free_chlorine,5,ppm,quickAnswer: 'Ideal free chlorine (FC) for hot tubs and spas is 3–5 ppm. At high temperatures (100–104 °F) bacteria multiply faster than in ,hot_tub,chlorine,target_range,scripts/generate-authority-charts.js:220,scripts/generate-authority-charts.js,claim,CONTEXTUAL
scripts/generate-authority-charts.js,generator_script,free_chlorine,104,°f,quickAnswer: 'Ideal free chlorine (FC) for hot tubs and spas is 3–5 ppm. At high temperatures (100–104 °F) bacteria multiply faster than in ,hot_tub,chlorine,target_range,scripts/generate-authority-charts.js:220,scripts/generate-authority-charts.js,claim,REQUIRES_REVIEW
scripts/generate-authority-charts.js,generator_script,free_chlorine,1,ppm,quickAnswer: 'Ideal free chlorine (FC) for hot tubs and spas is 3–5 ppm. At high temperatures (100–104 °F) bacteria multiply faster than in ,hot_tub,chlorine,target_range,scripts/generate-authority-charts.js:220,scripts/generate-authority-charts.js,claim,CONTEXTUAL
scripts/generate-authority-charts.js,generator_script,free_chlorine,10,ppm,quickAnswer: 'Ideal free chlorine (FC) for hot tubs and spas is 3–5 ppm. At high temperatures (100–104 °F) bacteria multiply faster than in ,hot_tub,chlorine,target_range,scripts/generate-authority-charts.js:220,scripts/generate-authority-charts.js,claim,REQUIRES_REVIEW
scripts/generate-authority-charts.js,generator_script,free_chlorine,5,ppm,"'Hot tubs require 3–5 ppm FC — higher than pools — due to elevated temperatures',",hot_tub,unspecified,target_range,scripts/generate-authority-charts.js:222,scripts/generate-authority-charts.js,claim,CONTEXTUAL
scripts/generate-authority-charts.js,generator_script,free_chlorine,1,ppm,"'Below 1 ppm FC at spa temperatures creates health risks rapidly',",hot_tub,unspecified,target_range,scripts/generate-authority-charts.js:223,scripts/generate-authority-charts.js,claim,CONTEXTUAL
scripts/generate-authority-charts.js,generator_script,(unmatched),1,ppm,"['&lt; 1 ppm', 'Too low', 'Bacteria can grow at spa temps', 'Add chlorine; test before soaking'],",hot_tub,chlorine,target_range,scripts/generate-authority-charts.js:230,scripts/generate-authority-charts.js,claim,REQUIRES_REVIEW
scripts/generate-authority-charts.js,generator_script,(unmatched),2,ppm,"['1–2 ppm', 'Low', 'Marginal for hot water', 'Add chlorine to reach 3 ppm'],",unspecified,chlorine,target_range,scripts/generate-authority-charts.js:231,scripts/generate-authority-charts.js,claim,REQUIRES_REVIEW
scripts/generate-authority-charts.js,generator_script,(unmatched),3,ppm,"['1–2 ppm', 'Low', 'Marginal for hot water', 'Add chlorine to reach 3 ppm'],",unspecified,chlorine,target_range,scripts/generate-authority-charts.js:231,scripts/generate-authority-charts.js,claim,REQUIRES_REVIEW
scripts/generate-authority-charts.js,generator_script,free_chlorine,5,ppm,"['What is the ideal chlorine level for a hot tub?', 'The ideal free chlorine for a hot tub is 3–5 ppm. Higher water temperatures (100–104 °F",hot_tub,chlorine,target_range,scripts/generate-authority-charts.js:237,scripts/generate-authority-charts.js,claim,CONTEXTUAL
scripts/generate-authority-charts.js,generator_script,free_chlorine,104,°f,"['What is the ideal chlorine level for a hot tub?', 'The ideal free chlorine for a hot tub is 3–5 ppm. Higher water temperatures (100–104 °F",hot_tub,chlorine,target_range,scripts/generate-authority-charts.js:237,scripts/generate-authority-charts.js,claim,REQUIRES_REVIEW
scripts/generate-authority-charts.js,generator_script,free_chlorine,10,ppm,"['Can hot tub chlorine levels be too high?', 'Yes. FC above 10 ppm causes skin and eye irritation and should not be used for soaking. High F",hot_tub,chlorine,shock,scripts/generate-authority-charts.js:238,scripts/generate-authority-charts.js,claim,REQUIRES_REVIEW
scripts/generate-authority-charts.js,generator_script,ph,5,ppm,"quickAnswer: 'Ideal hot tub chemical levels: free chlorine 3–5 ppm, pH 7.2–7.8, total alkalinity 80–120 ppm, calcium hardness 150–250 ppm, C",hot_tub,chlorine,target_range,scripts/generate-authority-charts.js:259,scripts/generate-authority-charts.js,claim,REQUIRES_REVIEW
scripts/generate-authority-charts.js,generator_script,ph,120,ppm,"quickAnswer: 'Ideal hot tub chemical levels: free chlorine 3–5 ppm, pH 7.2–7.8, total alkalinity 80–120 ppm, calcium hardness 150–250 ppm, C",hot_tub,chlorine,target_range,scripts/generate-authority-charts.js:259,scripts/generate-authority-charts.js,claim,REQUIRES_REVIEW
scripts/generate-authority-charts.js,generator_script,ph,250,ppm,"quickAnswer: 'Ideal hot tub chemical levels: free chlorine 3–5 ppm, pH 7.2–7.8, total alkalinity 80–120 ppm, calcium hardness 150–250 ppm, C",hot_tub,chlorine,target_range,scripts/generate-authority-charts.js:259,scripts/generate-authority-charts.js,claim,REQUIRES_REVIEW
scripts/generate-authority-charts.js,generator_script,ph,50,ppm,"quickAnswer: 'Ideal hot tub chemical levels: free chlorine 3–5 ppm, pH 7.2–7.8, total alkalinity 80–120 ppm, calcium hardness 150–250 ppm, C",hot_tub,chlorine,target_range,scripts/generate-authority-charts.js:259,scripts/generate-authority-charts.js,claim,REQUIRES_REVIEW
scripts/generate-authority-charts.js,generator_script,free_chlorine,5,ppm,"'Hot tub FC target (3–5 ppm) is higher than pools due to elevated temperature',",hot_tub,unspecified,target_range,scripts/generate-authority-charts.js:261,scripts/generate-authority-charts.js,claim,CONTEXTUAL
scripts/generate-authority-charts.js,generator_script,free_chlorine,5,ppm,"['Free chlorine', '3–5 ppm', 'Bacteria/algae risk', 'Irritation; wait before soaking'],",unspecified,chlorine,target_range,scripts/generate-authority-charts.js:268,scripts/generate-authority-charts.js,claim,CONTEXTUAL
scripts/generate-authority-charts.js,generator_script,ph,120,ppm,"['Total alkalinity', '80–120 ppm', 'pH swings', 'pH drift upward; cloudy water'],",unspecified,unspecified,target_range,scripts/generate-authority-charts.js:270,scripts/generate-authority-charts.js,claim,REQUIRES_REVIEW
scripts/generate-authority-charts.js,generator_script,calcium_hardness,250,ppm,"['Calcium hardness', '150–250 ppm', 'Etching of shell/plumbing', 'Scale on heater and surfaces'],",unspecified,unspecified,target_range,scripts/generate-authority-charts.js:271,scripts/generate-authority-charts.js,claim,CONTEXTUAL
scripts/generate-authority-charts.js,generator_script,free_chlorine,50,ppm,"['Cyanuric acid', '30–50 ppm (outdoor)', 'FC lost to UV quickly', 'Chlorine lock; not needed for indoor'],",unspecified,chlorine,target_range,scripts/generate-authority-charts.js:272,scripts/generate-authority-charts.js,claim,REQUIRES_REVIEW
scripts/generate-authority-charts.js,generator_script,ph,120,ppm,"['How do I balance a hot tub step by step?', 'Start with total alkalinity (target 80–120 ppm), then adjust pH (7.2–7.8), then sanitizer leve",hot_tub,unspecified,target_range,scripts/generate-authority-charts.js:277,scripts/generate-authority-charts.js,claim,REQUIRES_REVIEW
scripts/generate-authority-charts.js,generator_script,ph,5,ppm,"['How do I balance a hot tub step by step?', 'Start with total alkalinity (target 80–120 ppm), then adjust pH (7.2–7.8), then sanitizer leve",hot_tub,unspecified,target_range,scripts/generate-authority-charts.js:277,scripts/generate-authority-charts.js,claim,REQUIRES_REVIEW
scripts/generate-authority-charts.js,generator_script,ph,300,ppm,"['How do I balance a hot tub step by step?', 'Start with total alkalinity (target 80–120 ppm), then adjust pH (7.2–7.8), then sanitizer leve",hot_tub,unspecified,target_range,scripts/generate-authority-charts.js:277,scripts/generate-authority-charts.js,claim,REQUIRES_REVIEW
scripts/generate-authority-charts.js,generator_script,ph,400,ppm,"ogDesc: 'Salt water pools need 2,700–3,400 ppm salt plus balanced chlorine, pH, and CYA. See all parameters in one chart.',",unspecified,saltwater_chlorine_generator,target_range,scripts/generate-authority-charts.js:296,scripts/generate-authority-charts.js,claim,REQUIRES_REVIEW
scripts/generate-authority-charts.js,generator_script,ph,400,ppm,"quickAnswer: 'A salt water pool should maintain salt levels of 2,700–3,400 ppm, free chlorine 1–3 ppm, pH 7.2–7.6, total alkalinity 80–120 p",pool,saltwater_chlorine_generator,target_range,scripts/generate-authority-charts.js:298,scripts/generate-authority-charts.js,claim,REQUIRES_REVIEW
scripts/generate-authority-charts.js,generator_script,ph,3,ppm,"quickAnswer: 'A salt water pool should maintain salt levels of 2,700–3,400 ppm, free chlorine 1–3 ppm, pH 7.2–7.6, total alkalinity 80–120 p",pool,saltwater_chlorine_generator,target_range,scripts/generate-authority-charts.js:298,scripts/generate-authority-charts.js,claim,REQUIRES_REVIEW
scripts/generate-authority-charts.js,generator_script,ph,120,ppm,"quickAnswer: 'A salt water pool should maintain salt levels of 2,700–3,400 ppm, free chlorine 1–3 ppm, pH 7.2–7.6, total alkalinity 80–120 p",pool,saltwater_chlorine_generator,target_range,scripts/generate-authority-charts.js:298,scripts/generate-authority-charts.js,claim,REQUIRES_REVIEW
scripts/generate-authority-charts.js,generator_script,ph,80,ppm,"quickAnswer: 'A salt water pool should maintain salt levels of 2,700–3,400 ppm, free chlorine 1–3 ppm, pH 7.2–7.6, total alkalinity 80–120 p",pool,saltwater_chlorine_generator,target_range,scripts/generate-authority-charts.js:298,scripts/generate-authority-charts.js,claim,REQUIRES_REVIEW
scripts/generate-authority-charts.js,generator_script,ph,400,ppm,"quickAnswer: 'A salt water pool should maintain salt levels of 2,700–3,400 ppm, free chlorine 1–3 ppm, pH 7.2–7.6, total alkalinity 80–120 p",pool,saltwater_chlorine_generator,target_range,scripts/generate-authority-charts.js:298,scripts/generate-authority-charts.js,claim,REQUIRES_REVIEW
scripts/generate-authority-charts.js,generator_script,salt,400,ppm,"'Ideal salt level for most SWG systems is 2,700–3,400 ppm (check your generator)',",unspecified,saltwater_chlorine_generator,target_range,scripts/generate-authority-charts.js:301,scripts/generate-authority-charts.js,claim,REQUIRES_REVIEW
scripts/generate-authority-charts.js,generator_script,cyanuric_acid,80,ppm,'CYA is essential for SWG pools: 60–80 ppm protects chlorine from UV',unspecified,saltwater_chlorine_generator,target_range,scripts/generate-authority-charts.js:303,scripts/generate-authority-charts.js,claim,REQUIRES_REVIEW
scripts/generate-authority-charts.js,generator_script,salt,400,ppm,"['Salt (NaCl)', '2,700–3,400 ppm', 'Confirm target with your SWG manual'],",unspecified,saltwater_chlorine_generator,target_range,scripts/generate-authority-charts.js:307,scripts/generate-authority-charts.js,claim,REQUIRES_REVIEW
scripts/generate-authority-charts.js,generator_script,free_chlorine,3,ppm,"['Free chlorine', '1–3 ppm', 'Same target as traditional chlorine pools'],",unspecified,chlorine,target_range,scripts/generate-authority-charts.js:308,scripts/generate-authority-charts.js,claim,CONTEXTUAL
scripts/generate-authority-charts.js,generator_script,ph,120,ppm,"['Total alkalinity', '80–120 ppm', 'Lower end (80–100) reduces pH drift'],",unspecified,unspecified,target_range,scripts/generate-authority-charts.js:310,scripts/generate-authority-charts.js,claim,REQUIRES_REVIEW
scripts/generate-authority-charts.js,generator_script,cyanuric_acid,80,ppm,"['Cyanuric acid (CYA)', '60–80 ppm', 'SWG pools benefit from higher CYA vs trichlor pools'],",unspecified,saltwater_chlorine_generator,target_range,scripts/generate-authority-charts.js:311,scripts/generate-authority-charts.js,claim,REQUIRES_REVIEW
scripts/generate-authority-charts.js,generator_script,calcium_hardness,400,ppm,"['Calcium hardness', '200–400 ppm', 'Low CH corrodes SWG cell; high causes scale'],",unspecified,saltwater_chlorine_generator,target_range,scripts/generate-authority-charts.js:312,scripts/generate-authority-charts.js,claim,CONTEXTUAL
scripts/generate-authority-charts.js,generator_script,salt,400,ppm,"['What salt level should a salt water pool have?', 'Most residential salt water chlorine generators are designed to operate at 2,700–3,400 p",pool,saltwater_chlorine_generator,target_range,scripts/generate-authority-charts.js:316,scripts/generate-authority-charts.js,claim,REQUIRES_REVIEW
scripts/generate-authority-guides.js,generator_script,(unmatched),3,ppm,<li>Typical range: 1–3 ppm chlorine</li>,unspecified,chlorine,target_range,scripts/generate-authority-guides.js:100,scripts/generate-authority-guides.js,claim,REQUIRES_REVIEW
scripts/generate-authority-guides.js,generator_script,free_chlorine,1,ppm,"quickAnswer: 'Shock your pool once a week during swim season, and immediately after heavy rain, large parties, or when free chlorine drops b",pool,chlorine,shock,scripts/generate-authority-guides.js:139,scripts/generate-authority-guides.js,claim,CONTEXTUAL
scripts/generate-authority-guides.js,generator_script,free_chlorine,60,°f,"<p>During active swim season (water above 60 °F), a weekly shock keeps chloramines in check, oxidizes organic waste, and protects the residu",unspecified,unspecified,shock,scripts/generate-authority-guides.js:148,scripts/generate-authority-guides.js,claim,REQUIRES_REVIEW
scripts/generate-authority-guides.js,generator_script,free_chlorine,1,ppm,<li><strong>FC below 1 ppm</strong> — active chlorine is insufficient for sanitation</li>,unspecified,chlorine,target_range,scripts/generate-authority-guides.js:153,scripts/generate-authority-guides.js,claim,CONTEXTUAL
scripts/generate-authority-guides.js,generator_script,algae,3,lb,"<tr><td>Algae treatment</td><td>Immediately + retest 24 h</td><td>2–3 lb per 10,000 gal</td></tr>",unspecified,unspecified,target_range,scripts/generate-authority-guides.js:164,scripts/generate-authority-guides.js,claim,REQUIRES_REVIEW
scripts/generate-authority-guides.js,generator_script,algae,0,gal,"<tr><td>Algae treatment</td><td>Immediately + retest 24 h</td><td>2–3 lb per 10,000 gal</td></tr>",unspecified,unspecified,target_range,scripts/generate-authority-guides.js:164,scripts/generate-authority-guides.js,claim,REQUIRES_REVIEW
scripts/generate-authority-guides.js,generator_script,free_chlorine,3,ppm,<li>Retest FC after 24 hours. Wait until FC returns to 1–3 ppm before swimming.</li>,unspecified,unspecified,target_range,scripts/generate-authority-guides.js:175,scripts/generate-authority-guides.js,claim,CONTEXTUAL
scripts/generate-authority-guides.js,generator_script,free_chlorine,50,ppm,"quickAnswer: 'If free chlorine drops to near-zero overnight, the pool has chlorine demand — usually caused by algae growth, high phosphates,",pool,chlorine,shock,scripts/generate-authority-guides.js:191,scripts/generate-authority-guides.js,claim,REQUIRES_REVIEW
scripts/generate-authority-guides.js,generator_script,free_chlorine,30,ppm,'Check CYA levels; below 30 ppm outdoors loses FC rapidly to UV',unspecified,unspecified,target_range,scripts/generate-authority-guides.js:196,scripts/generate-authority-guides.js,claim,REQUIRES_REVIEW
scripts/generate-authority-guides.js,generator_script,free_chlorine,1,ppm,"<p>Test FC at dusk, then again at dawn before the pump runs. A drop of more than 1 ppm overnight (with no bathers) strongly indicates active",unspecified,unspecified,target_range,scripts/generate-authority-guides.js:200,scripts/generate-authority-guides.js,claim,CONTEXTUAL
scripts/generate-authority-guides.js,generator_script,free_chlorine,30,ppm,"<tr><td>CYA too low (&lt;30 ppm)</td><td>FC fine in evening, gone by morning</td><td>Add stabilizer to 30–50 ppm</td></tr>",unspecified,unspecified,target_range,scripts/generate-authority-guides.js:207,scripts/generate-authority-guides.js,claim,REQUIRES_REVIEW
scripts/generate-authority-guides.js,generator_script,free_chlorine,50,ppm,"<tr><td>CYA too low (&lt;30 ppm)</td><td>FC fine in evening, gone by morning</td><td>Add stabilizer to 30–50 ppm</td></tr>",unspecified,unspecified,target_range,scripts/generate-authority-guides.js:207,scripts/generate-authority-guides.js,claim,REQUIRES_REVIEW
scripts/generate-authority-guides.js,generator_script,free_chlorine,10,ppm,<tr><td>Chlorine demand from new fill</td><td>After refill or heavy dilution</td><td>Super-chlorinate to 10 ppm FC</td></tr>,unspecified,chlorine,target_range,scripts/generate-authority-guides.js:209,scripts/generate-authority-guides.js,claim,REQUIRES_REVIEW
scripts/generate-authority-guides.js,generator_script,cyanuric_acid,50,ppm,<li>Test CYA monthly and maintain 30–50 ppm for outdoor pools.</li>,unspecified,unspecified,target_range,scripts/generate-authority-guides.js:217,scripts/generate-authority-guides.js,claim,REQUIRES_REVIEW
scripts/generate-authority-guides.js,generator_script,free_chlorine,3,ppm,<li>Maintain FC at 2–3 ppm (not the bare minimum) during peak season.</li>,unspecified,unspecified,target_range,scripts/generate-authority-guides.js:219,scripts/generate-authority-guides.js,claim,CONTEXTUAL
scripts/generate-authority-guides.js,generator_script,free_chlorine,5,ppm,"quickAnswer: 'High FC after shocking is normal and expected. For most pools, wait 24–48 hours with the pump running and allow sunlight (or t",pool,unspecified,shock,scripts/generate-authority-guides.js:235,scripts/generate-authority-guides.js,claim,CONTEXTUAL
scripts/generate-authority-guides.js,generator_script,free_chlorine,20,ppm,"quickAnswer: 'High FC after shocking is normal and expected. For most pools, wait 24–48 hours with the pump running and allow sunlight (or t",pool,unspecified,shock,scripts/generate-authority-guides.js:235,scripts/generate-authority-guides.js,claim,REQUIRES_REVIEW
scripts/generate-authority-guides.js,generator_script,free_chlorine,5,ppm,"'FC above 5 ppm is the standard no-swim threshold after shocking',",unspecified,unspecified,shock,scripts/generate-authority-guides.js:237,scripts/generate-authority-guides.js,claim,CONTEXTUAL
scripts/generate-authority-guides.js,generator_script,free_chlorine,20,ppm,"'Never add sodium thiosulfate unless FC is dangerously high (>20 ppm)',",unspecified,unspecified,safety_guidance,scripts/generate-authority-guides.js:239,scripts/generate-authority-guides.js,claim,REQUIRES_REVIEW
scripts/generate-authority-guides.js,generator_script,free_chlorine,15,ppm,"body: `    <p class=""serp-direct""><strong>After a routine shock dose, free chlorine will typically read 5–15 ppm and drop to safe swim level",unspecified,chlorine,shock,scripts/generate-authority-guides.js:242,scripts/generate-authority-guides.js,claim,REQUIRES_REVIEW
scripts/generate-authority-guides.js,generator_script,free_chlorine,3,ppm,"body: `    <p class=""serp-direct""><strong>After a routine shock dose, free chlorine will typically read 5–15 ppm and drop to safe swim level",unspecified,chlorine,shock,scripts/generate-authority-guides.js:242,scripts/generate-authority-guides.js,claim,CONTEXTUAL
scripts/generate-authority-guides.js,generator_script,(unmatched),30,ppm,<tr><td>&gt; 30 ppm</td><td>Over-shocked</td><td>Partial drain/refill recommended; keep out of pool</td></tr>,pool,unspecified,shock,scripts/generate-authority-guides.js:251,scripts/generate-authority-guides.js,claim,REQUIRES_REVIEW
scripts/generate-authority-guides.js,generator_script,free_chlorine,20,ppm,<li><strong>Partial dilution</strong> — drain 15–20% and refill with fresh water only if FC is above 20 ppm and you need a quicker turnaroun,unspecified,unspecified,target_range,scripts/generate-authority-guides.js:258,scripts/generate-authority-guides.js,claim,REQUIRES_REVIEW
scripts/generate-authority-guides.js,generator_script,free_chlorine,30,ppm,<li><strong>Sodium thiosulfate (neutralizer)</strong> — only use for emergency overfeeding (>30 ppm). Overdosing neutralizer depletes FC ent,unspecified,unspecified,target_range,scripts/generate-authority-guides.js:259,scripts/generate-authority-guides.js,claim,REQUIRES_REVIEW
scripts/generate-authority-guides.js,generator_script,free_chlorine,5,ppm,"<p>The generally accepted no-swim threshold is <strong>FC below 5 ppm</strong> for recreational swimming, and ideally 1–3 ppm for regular us",unspecified,unspecified,shock,scripts/generate-authority-guides.js:262,scripts/generate-authority-guides.js,claim,CONTEXTUAL
scripts/generate-authority-guides.js,generator_script,free_chlorine,3,ppm,"<p>The generally accepted no-swim threshold is <strong>FC below 5 ppm</strong> for recreational swimming, and ideally 1–3 ppm for regular us",unspecified,unspecified,shock,scripts/generate-authority-guides.js:262,scripts/generate-authority-guides.js,claim,CONTEXTUAL
scripts/generate-authority-guides.js,generator_script,cyanuric_acid,30,ppm,quickAnswer: 'A pool that burns through chlorine is experiencing chlorine demand — the most common causes are insufficient cyanuric acid (CY,pool,chlorine,target_range,scripts/generate-authority-guides.js:276,scripts/generate-authority-guides.js,claim,REQUIRES_REVIEW
scripts/generate-authority-guides.js,generator_script,free_chlorine,30,ppm,"'CYA below 30 ppm causes FC to break down in direct sunlight within hours',",unspecified,unspecified,target_range,scripts/generate-authority-guides.js:278,scripts/generate-authority-guides.js,claim,REQUIRES_REVIEW
scripts/generate-authority-guides.js,generator_script,free_chlorine,50,ppm,<tr><td>Cyanuric acid (CYA)</td><td>30–50 ppm outdoor</td><td>Add stabilizer; FC will last much longer</td></tr>,unspecified,unspecified,target_range,scripts/generate-authority-guides.js:288,scripts/generate-authority-guides.js,claim,REQUIRES_REVIEW
scripts/generate-authority-guides.js,generator_script,combined_chlorine,0.5,ppm,<tr><td>Combined chlorine (CC)</td><td>&lt; 0.5 ppm</td><td>Breakpoint shock to 10× CC reading</td></tr>,unspecified,chlorine,shock,scripts/generate-authority-guides.js:290,scripts/generate-authority-guides.js,claim,REQUIRES_REVIEW
scripts/generate-authority-guides.js,generator_script,ph,120,ppm,<tr><td>Total alkalinity</td><td>80–120 ppm</td><td>Fix TA before adjusting pH</td></tr>,unspecified,unspecified,troubleshooting,scripts/generate-authority-guides.js:292,scripts/generate-authority-guides.js,claim,REQUIRES_REVIEW
scripts/generate-authority-guides.js,generator_script,calcium_hardness,400,ppm,<tr><td>Calcium hardness</td><td>200–400 ppm</td><td>Very low CH makes water aggressive on surfaces</td></tr>,unspecified,unspecified,target_range,scripts/generate-authority-guides.js:293,scripts/generate-authority-guides.js,claim,CONTEXTUAL
scripts/generate-authority-guides.js,generator_script,free_chlorine,50,ppm,<p>Outdoor pools without stabilizer lose up to 90% of their FC to UV within a few hours of direct sunlight. Cyanuric acid (CYA) shields chlo,unspecified,saltwater_chlorine_generator,target_range,scripts/generate-authority-guides.js:297,scripts/generate-authority-guides.js,claim,REQUIRES_REVIEW
scripts/generate-authority-guides.js,generator_script,free_chlorine,80,ppm,<p>Outdoor pools without stabilizer lose up to 90% of their FC to UV within a few hours of direct sunlight. Cyanuric acid (CYA) shields chlo,unspecified,saltwater_chlorine_generator,target_range,scripts/generate-authority-guides.js:297,scripts/generate-authority-guides.js,claim,REQUIRES_REVIEW
scripts/generate-authority-guides.js,generator_script,free_chlorine,0.5,ppm,quickAnswer: 'Free chlorine (FC) is the active portion that actually sanitizes. Total chlorine (TC) equals free plus combined chlorine (CC).,unspecified,chlorine,shock,scripts/generate-authority-guides.js:313,scripts/generate-authority-guides.js,claim,REQUIRES_REVIEW
scripts/generate-authority-guides.js,generator_script,free_chlorine,0.5,ppm,"'Combined chlorine (CC) = TC − FC; above 0.5 ppm indicates a chloramine problem',",unspecified,chlorine,troubleshooting,scripts/generate-authority-guides.js:316,scripts/generate-authority-guides.js,claim,REQUIRES_REVIEW
scripts/generate-authority-guides.js,generator_script,free_chlorine,3,ppm,"<tr><td>Free chlorine (FC)</td><td>Active hypochlorous acid; kills pathogens</td><td>1–3 ppm (pools), 3–5 ppm (spas)</td></tr>",unspecified,chlorine,target_range,scripts/generate-authority-guides.js:325,scripts/generate-authority-guides.js,claim,CONTEXTUAL
scripts/generate-authority-guides.js,generator_script,free_chlorine,5,ppm,"<tr><td>Free chlorine (FC)</td><td>Active hypochlorous acid; kills pathogens</td><td>1–3 ppm (pools), 3–5 ppm (spas)</td></tr>",unspecified,chlorine,target_range,scripts/generate-authority-guides.js:325,scripts/generate-authority-guides.js,claim,CONTEXTUAL
scripts/generate-authority-guides.js,generator_script,free_chlorine,0.5,ppm,<tr><td>Combined chlorine (CC)</td><td>Chloramines from FC reacting with ammonia/nitrogen</td><td>&lt; 0.5 ppm</td></tr>,unspecified,chlorine,target_range,scripts/generate-authority-guides.js:326,scripts/generate-authority-guides.js,claim,REQUIRES_REVIEW
scripts/generate-authority-guides.js,generator_script,free_chlorine,2,ppm,"<li><strong>FC = 2 ppm, TC = 2 ppm</strong> — Perfect. CC = 0. No action needed.</li>",unspecified,unspecified,target_range,scripts/generate-authority-guides.js:334,scripts/generate-authority-guides.js,claim,CONTEXTUAL
scripts/generate-authority-guides.js,generator_script,free_chlorine,2,ppm,"<li><strong>FC = 2 ppm, TC = 2 ppm</strong> — Perfect. CC = 0. No action needed.</li>",unspecified,unspecified,target_range,scripts/generate-authority-guides.js:334,scripts/generate-authority-guides.js,claim,CONTEXTUAL
scripts/generate-authority-guides.js,generator_script,free_chlorine,1,ppm,"<li><strong>FC = 1 ppm, TC = 2 ppm</strong> — CC = 1 ppm. Needs breakpoint shock (10 ppm FC).</li>",unspecified,unspecified,shock,scripts/generate-authority-guides.js:335,scripts/generate-authority-guides.js,claim,CONTEXTUAL
scripts/generate-authority-guides.js,generator_script,free_chlorine,2,ppm,"<li><strong>FC = 1 ppm, TC = 2 ppm</strong> — CC = 1 ppm. Needs breakpoint shock (10 ppm FC).</li>",unspecified,unspecified,shock,scripts/generate-authority-guides.js:335,scripts/generate-authority-guides.js,claim,CONTEXTUAL
scripts/generate-authority-guides.js,generator_script,free_chlorine,1,ppm,"<li><strong>FC = 1 ppm, TC = 2 ppm</strong> — CC = 1 ppm. Needs breakpoint shock (10 ppm FC).</li>",unspecified,unspecified,shock,scripts/generate-authority-guides.js:335,scripts/generate-authority-guides.js,claim,CONTEXTUAL
scripts/generate-authority-guides.js,generator_script,free_chlorine,10,ppm,"<li><strong>FC = 1 ppm, TC = 2 ppm</strong> — CC = 1 ppm. Needs breakpoint shock (10 ppm FC).</li>",unspecified,unspecified,shock,scripts/generate-authority-guides.js:335,scripts/generate-authority-guides.js,claim,REQUIRES_REVIEW
scripts/generate-authority-guides.js,generator_script,free_chlorine,1,ppm,"<li><strong>FC = 0, TC = 1 ppm</strong> — All chlorine is combined; no free chlorine. Shock immediately.</li>",unspecified,chlorine,shock,scripts/generate-authority-guides.js:336,scripts/generate-authority-guides.js,claim,CONTEXTUAL
scripts/generate-authority-guides.js,generator_script,ph,120,ppm,"'High total alkalinity (above 120 ppm) amplifies pH drift',",unspecified,unspecified,target_range,scripts/generate-authority-guides.js:364,scripts/generate-authority-guides.js,claim,REQUIRES_REVIEW
scripts/generate-authority-guides.js,generator_script,ph,100,ppm,<tr><td>High alkalinity</td><td>TA acts as a pH buffer that resists lowering but accelerates rise</td><td>Lower TA to 80–100 ppm</td></tr>,unspecified,unspecified,target_range,scripts/generate-authority-guides.js:374,scripts/generate-authority-guides.js,claim,REQUIRES_REVIEW
scripts/generate-authority-guides.js,generator_script,ph,90,ppm,<p>Lower total alkalinity (TA) to the mid-80s ppm range. TA is the primary driver of pH rebound — lower TA means pH moves more freely but al,unspecified,unspecified,target_range,scripts/generate-authority-guides.js:382,scripts/generate-authority-guides.js,claim,REQUIRES_REVIEW
scripts/generate-authority-guides.js,generator_script,total_alkalinity,120,ppm,"<li><strong>Check TA</strong> — if TA is above 120 ppm, lower it first by adding acid in front of a return jet and letting the pool aerate. ",pool,unspecified,target_range,scripts/generate-authority-guides.js:430,scripts/generate-authority-guides.js,claim,CONTEXTUAL
scripts/generate-authority-guides.js,generator_script,total_alkalinity,100,ppm,"<li><strong>Check TA</strong> — if TA is above 120 ppm, lower it first by adding acid in front of a return jet and letting the pool aerate. ",pool,unspecified,target_range,scripts/generate-authority-guides.js:430,scripts/generate-authority-guides.js,claim,CONTEXTUAL
scripts/generate-authority-guides.js,generator_script,ph,2,ppm,"body: `    <p class=""serp-direct""><strong>The risk of high pH is less about direct physical harm and more about the dramatic loss of chlorin",pool,chlorine,target_range,scripts/generate-authority-guides.js:515,scripts/generate-authority-guides.js,claim,REQUIRES_REVIEW
scripts/generate-authority-guides.js,generator_script,ph,0.4,ppm,"body: `    <p class=""serp-direct""><strong>The risk of high pH is less about direct physical harm and more about the dramatic loss of chlorin",pool,chlorine,target_range,scripts/generate-authority-guides.js:515,scripts/generate-authority-guides.js,claim,REQUIRES_REVIEW
scripts/generate-authority-guides.js,generator_script,ph,2,ppm,"['Does high pH cause green pool?', 'High pH alone does not cause green water, but by making chlorine ineffective, it allows algae to thrive.",pool,chlorine,target_range,scripts/generate-authority-guides.js:538,scripts/generate-authority-guides.js,claim,REQUIRES_REVIEW
scripts/generate-authority-guides.js,generator_script,ph,90,ppm,'Lowering TA to 80–90 ppm is the most effective long-term pH stabilizer',unspecified,unspecified,target_range,scripts/generate-authority-guides.js:562,scripts/generate-authority-guides.js,claim,REQUIRES_REVIEW
scripts/generate-authority-guides.js,generator_script,ph,100,ppm,<tr><td>Total alkalinity too high</td><td>TA buffers against acid; pH rebounds after each correction</td><td>Lower TA to 80–100 ppm first</t,unspecified,unspecified,target_range,scripts/generate-authority-guides.js:570,scripts/generate-authority-guides.js,claim,REQUIRES_REVIEW
scripts/generate-authority-guides.js,generator_script,ph,90,ppm,"<p>Total alkalinity (TA) is the root amplifier of pH problems. When TA is high (120+ ppm), any acid addition is quickly neutralized, and pH ",unspecified,unspecified,troubleshooting,scripts/generate-authority-guides.js:579,scripts/generate-authority-guides.js,claim,REQUIRES_REVIEW
scripts/generate-authority-guides.js,generator_script,free_chlorine,10,ppm,"metaDesc: 'Hot tub chlorine too high? FC above 10 ppm causes irritation. Steps to lower it fast: remove cover, run jets, or dilute. Full gui",hot_tub,chlorine,target_range,scripts/generate-authority-guides.js:608,scripts/generate-authority-guides.js,claim,REQUIRES_REVIEW
scripts/generate-authority-guides.js,generator_script,(unmatched),10,ppm,"ogDesc: 'Hot tub chlorine above 10 ppm? Aerate and dilute to bring it back to the safe 3–5 ppm range before soaking.',",hot_tub,chlorine,target_range,scripts/generate-authority-guides.js:609,scripts/generate-authority-guides.js,claim,REQUIRES_REVIEW
scripts/generate-authority-guides.js,generator_script,(unmatched),5,ppm,"ogDesc: 'Hot tub chlorine above 10 ppm? Aerate and dilute to bring it back to the safe 3–5 ppm range before soaking.',",hot_tub,chlorine,target_range,scripts/generate-authority-guides.js:609,scripts/generate-authority-guides.js,claim,REQUIRES_REVIEW
scripts/generate-authority-guides.js,generator_script,free_chlorine,10,ppm,"quickAnswer: 'Hot tub chlorine above 10 ppm is too high for safe soaking. Remove the cover to expose water to air, run the jets with the cov",hot_tub,chlorine,target_range,scripts/generate-authority-guides.js:611,scripts/generate-authority-guides.js,claim,REQUIRES_REVIEW
scripts/generate-authority-guides.js,generator_script,free_chlorine,20,ppm,"quickAnswer: 'Hot tub chlorine above 10 ppm is too high for safe soaking. Remove the cover to expose water to air, run the jets with the cov",hot_tub,chlorine,target_range,scripts/generate-authority-guides.js:611,scripts/generate-authority-guides.js,claim,REQUIRES_REVIEW
scripts/generate-authority-guides.js,generator_script,free_chlorine,5,ppm,"quickAnswer: 'Hot tub chlorine above 10 ppm is too high for safe soaking. Remove the cover to expose water to air, run the jets with the cov",hot_tub,chlorine,target_range,scripts/generate-authority-guides.js:611,scripts/generate-authority-guides.js,claim,CONTEXTUAL
scripts/generate-authority-guides.js,generator_script,free_chlorine,5,ppm,"'Safe hot tub FC range is 3–5 ppm; above 10 ppm causes irritation',",hot_tub,unspecified,target_range,scripts/generate-authority-guides.js:613,scripts/generate-authority-guides.js,claim,CONTEXTUAL
scripts/generate-authority-guides.js,generator_script,free_chlorine,10,ppm,"'Safe hot tub FC range is 3–5 ppm; above 10 ppm causes irritation',",hot_tub,unspecified,target_range,scripts/generate-authority-guides.js:613,scripts/generate-authority-guides.js,claim,REQUIRES_REVIEW
scripts/generate-authority-guides.js,generator_script,free_chlorine,600,gallons,"body: `    <p class=""serp-direct""><strong>Because hot tubs hold far less water than pools (200–600 gallons vs 10,000+), chemical overdose is",hot_tub,chlorine,target_range,scripts/generate-authority-guides.js:618,scripts/generate-authority-guides.js,claim,REQUIRES_REVIEW
scripts/generate-authority-guides.js,generator_script,(unmatched),1,ppm,<tr><td>&lt; 1 ppm</td><td>Too low — risk of bacteria</td><td>Add chlorine; use calculator for dose</td></tr>,unspecified,chlorine,target_range,scripts/generate-authority-guides.js:623,scripts/generate-authority-guides.js,claim,REQUIRES_REVIEW
scripts/generate-authority-guides.js,generator_script,free_chlorine,104,°f,"<p>Hot tub water is at 100–104 °F — warm water dramatically accelerates chlorine dissipation. This means you need to dose more frequently, b",both,chlorine,target_range,scripts/generate-authority-guides.js:632,scripts/generate-authority-guides.js,claim,REQUIRES_REVIEW
scripts/generate-authority-guides.js,generator_script,(unmatched),1,ppm,"metaDesc: 'Hot tub chlorine too low? Below 1 ppm, bacteria can grow in minutes at spa temperatures. Causes, fast fix, and prevention guide.'",hot_tub,chlorine,troubleshooting,scripts/generate-authority-guides.js:649,scripts/generate-authority-guides.js,claim,REQUIRES_REVIEW
scripts/generate-authority-guides.js,generator_script,free_chlorine,1,ppm,"ogDesc: 'Hot tub FC below 1 ppm is a health risk at high temperatures. Learn the causes and how to raise chlorine safely and quickly.',",hot_tub,chlorine,target_range,scripts/generate-authority-guides.js:650,scripts/generate-authority-guides.js,claim,CONTEXTUAL
scripts/generate-authority-guides.js,generator_script,free_chlorine,1,ppm,"quickAnswer: 'Hot tub chlorine below 1 ppm is unsafe — at 100–104 °F, bacteria multiply very rapidly in under-sanitized water. Add granular ",hot_tub,chlorine,target_range,scripts/generate-authority-guides.js:652,scripts/generate-authority-guides.js,claim,CONTEXTUAL
scripts/generate-authority-guides.js,generator_script,free_chlorine,104,°f,"quickAnswer: 'Hot tub chlorine below 1 ppm is unsafe — at 100–104 °F, bacteria multiply very rapidly in under-sanitized water. Add granular ",hot_tub,chlorine,target_range,scripts/generate-authority-guides.js:652,scripts/generate-authority-guides.js,claim,REQUIRES_REVIEW
scripts/generate-authority-guides.js,generator_script,free_chlorine,200,gallons,"quickAnswer: 'Hot tub chlorine below 1 ppm is unsafe — at 100–104 °F, bacteria multiply very rapidly in under-sanitized water. Add granular ",hot_tub,chlorine,target_range,scripts/generate-authority-guides.js:652,scripts/generate-authority-guides.js,claim,REQUIRES_REVIEW
scripts/generate-authority-guides.js,generator_script,free_chlorine,5,ppm,"quickAnswer: 'Hot tub chlorine below 1 ppm is unsafe — at 100–104 °F, bacteria multiply very rapidly in under-sanitized water. Add granular ",hot_tub,chlorine,target_range,scripts/generate-authority-guides.js:652,scripts/generate-authority-guides.js,claim,CONTEXTUAL
scripts/generate-authority-guides.js,generator_script,free_chlorine,1,ppm,"'Below 1 ppm FC at spa temperatures can allow dangerous bacteria growth within hours',",hot_tub,unspecified,safety_guidance,scripts/generate-authority-guides.js:655,scripts/generate-authority-guides.js,claim,CONTEXTUAL
scripts/generate-authority-guides.js,generator_script,(unmatched),104,°f,"body: `    <p class=""serp-direct""><strong>Low chlorine in a hot tub is a more serious health concern than in a pool. Hot water temperatures ",both,chlorine,target_range,scripts/generate-authority-guides.js:659,scripts/generate-authority-guides.js,claim,REQUIRES_REVIEW
scripts/generate-authority-guides.js,generator_script,cyanuric_acid,100,ppm,<tr><td>High CYA or phosphates</td><td>Interfere with chlorine effectiveness</td><td>Test CYA; partial drain if over 100 ppm</td></tr>,unspecified,chlorine,target_range,scripts/generate-authority-guides.js:667,scripts/generate-authority-guides.js,claim,REQUIRES_REVIEW
scripts/generate-authority-guides.js,generator_script,free_chlorine,200,gallons,<li>Dose: approximately <strong>1 teaspoon of dichlor per 200 gallons</strong> raises FC ~4 ppm.</li>,unspecified,chlorine,target_range,scripts/generate-authority-guides.js:675,scripts/generate-authority-guides.js,claim,REQUIRES_REVIEW
scripts/generate-authority-guides.js,generator_script,free_chlorine,4,ppm,<li>Dose: approximately <strong>1 teaspoon of dichlor per 200 gallons</strong> raises FC ~4 ppm.</li>,unspecified,chlorine,target_range,scripts/generate-authority-guides.js:675,scripts/generate-authority-guides.js,claim,CONTEXTUAL
scripts/generate-authority-guides.js,generator_script,free_chlorine,5,ppm,<p><strong>Chlorine shock (dichlor or calcium hypochlorite)</strong> raises FC and kills bacteria directly. Wait 4–8 hours or until FC drops,unspecified,chlorine,shock,scripts/generate-authority-guides.js:711,scripts/generate-authority-guides.js,claim,CONTEXTUAL
scripts/generate-authority-guides.js,generator_script,ph,120,ppm,"<tr><td>Low alkalinity</td><td>Without TA buffer, pH swings freely and trends low</td><td>Raise TA to 80–120 ppm with bicarb</td></tr>",unspecified,unspecified,target_range,scripts/generate-authority-guides.js:748,scripts/generate-authority-guides.js,claim,REQUIRES_REVIEW
scripts/generate-authority-guides.js,generator_script,ph,150,ppm,"metaDesc: 'Hot tub total alkalinity too high? Above 150 ppm causes cloudy water, scale, and pH that won\'t stay down. Step-by-step fix.',",hot_tub,unspecified,troubleshooting,scripts/generate-authority-guides.js:773,scripts/generate-authority-guides.js,claim,REQUIRES_REVIEW
scripts/generate-authority-guides.js,generator_script,ph,150,ppm,"quickAnswer: 'Hot tub total alkalinity above 150 ppm causes pH to resist correction, creates scale on surfaces and the heater, and clouds th",hot_tub,unspecified,target_range,scripts/generate-authority-guides.js:776,scripts/generate-authority-guides.js,claim,REQUIRES_REVIEW
scripts/generate-authority-guides.js,generator_script,total_alkalinity,120,ppm,"'Target total alkalinity for hot tubs is 80–120 ppm',",hot_tub,unspecified,target_range,scripts/generate-authority-guides.js:778,scripts/generate-authority-guides.js,claim,CONTEXTUAL
scripts/generate-authority-guides.js,generator_script,total_alkalinity,150,ppm,<li>TA test reads above 150 ppm</li>,unspecified,unspecified,target_range,scripts/generate-authority-guides.js:789,scripts/generate-authority-guides.js,claim,CONTEXTUAL
scripts/generate-authority-guides.js,generator_script,ph,120,ppm,<tr><td>4</td><td>Retest TA and pH</td><td>After 2–4 hours; repeat if TA still above 120 ppm</td></tr>,unspecified,unspecified,target_range,scripts/generate-authority-guides.js:798,scripts/generate-authority-guides.js,claim,REQUIRES_REVIEW
scripts/generate-comparison-pages.js,generator_script,(unmatched),3,ppm,<li>Typical range: 1–3 ppm chlorine</li>,unspecified,chlorine,target_range,scripts/generate-comparison-pages.js:133,scripts/generate-comparison-pages.js,claim,REQUIRES_REVIEW
scripts/generate-comparison-pages.js,generator_script,ph,104,°f,"'Bromine is more pH-stable and performs better at high spa temperatures (100–104°F)',",hot_tub,bromine,target_range,scripts/generate-comparison-pages.js:163,scripts/generate-comparison-pages.js,claim,REQUIRES_REVIEW
scripts/generate-comparison-pages.js,generator_script,water_temperature,95,°f,"['Temperature stability', 'Degrades faster above 85–95°F', 'Stable at spa temperatures (100–104°F)'],",hot_tub,unspecified,target_range,scripts/generate-comparison-pages.js:169,scripts/generate-comparison-pages.js,claim,REQUIRES_REVIEW
scripts/generate-comparison-pages.js,generator_script,water_temperature,104,°f,"['Temperature stability', 'Degrades faster above 85–95°F', 'Stable at spa temperatures (100–104°F)'],",hot_tub,unspecified,target_range,scripts/generate-comparison-pages.js:169,scripts/generate-comparison-pages.js,claim,REQUIRES_REVIEW
scripts/generate-comparison-pages.js,generator_script,free_chlorine,3,ppm,"'Regular chlorine maintains 1–3 ppm FC for daily sanitization',",unspecified,chlorine,target_range,scripts/generate-comparison-pages.js:230,scripts/generate-comparison-pages.js,claim,CONTEXTUAL
scripts/generate-comparison-pages.js,generator_script,free_chlorine,3,ppm,"['Purpose', 'Maintain 1–3 ppm FC for daily sanitation', 'Raise FC to 10+ ppm for breakpoint chlorination'],",unspecified,unspecified,shock,scripts/generate-comparison-pages.js:236,scripts/generate-comparison-pages.js,claim,CONTEXTUAL
scripts/generate-comparison-pages.js,generator_script,free_chlorine,5,ppm,"['Wait to swim', 'Immediately if FC &lt;5 ppm', '8–24+ hours depending on dose and FC level'],",unspecified,unspecified,target_range,scripts/generate-comparison-pages.js:239,scripts/generate-comparison-pages.js,claim,CONTEXTUAL
scripts/generate-comparison-pages.js,generator_script,free_chlorine,3,ppm,"'Allows swimming at any time when FC is in the 1–3 ppm range',",unspecified,unspecified,target_range,scripts/generate-comparison-pages.js:246,scripts/generate-comparison-pages.js,claim,CONTEXTUAL
scripts/generate-comparison-pages.js,generator_script,free_chlorine,3,ppm,'<strong>Use regular chlorine:</strong> Daily/weekly maintenance; maintaining 1–3 ppm FC between shock events; routine tablet or liquid dosi,unspecified,chlorine,shock,scripts/generate-comparison-pages.js:272,scripts/generate-comparison-pages.js,claim,CONTEXTUAL
scripts/generate-comparison-pages.js,generator_script,free_chlorine,0.5,ppm,'<strong>Use shock:</strong> Weekly treatment events; after heavy rain or parties; when CC exceeds 0.5 ppm; when algae appears; when FC cras,unspecified,unspecified,shock,scripts/generate-comparison-pages.js:273,scripts/generate-comparison-pages.js,claim,REQUIRES_REVIEW
scripts/generate-comparison-pages.js,generator_script,free_chlorine,3,ppm,verdict: 'Regular chlorine and pool shock are not alternatives — they are complementary parts of a complete pool care system. Use regular ch,pool,chlorine,shock,scripts/generate-comparison-pages.js:277,scripts/generate-comparison-pages.js,claim,CONTEXTUAL
scripts/generate-comparison-pages.js,generator_script,free_chlorine,0.5,ppm,"metaDesc: 'Free chlorine vs total chlorine explained: FC sanitizes, TC = FC + combined chlorine. How to interpret test results and when CC a",unspecified,chlorine,target_range,scripts/generate-comparison-pages.js:293,scripts/generate-comparison-pages.js,claim,REQUIRES_REVIEW
scripts/generate-comparison-pages.js,generator_script,free_chlorine,0.5,ppm,quickAnswer: 'Free chlorine (FC) is the active portion that sanitizes. Total chlorine (TC) = free + combined chlorine. Combined chlorine (CC,unspecified,chlorine,shock,scripts/generate-comparison-pages.js:296,scripts/generate-comparison-pages.js,claim,REQUIRES_REVIEW
scripts/generate-comparison-pages.js,generator_script,combined_chlorine,0.5,ppm,"'When CC exceeds 0.5 ppm, shock to 10× CC reading to eliminate chloramines'",unspecified,unspecified,shock,scripts/generate-comparison-pages.js:301,scripts/generate-comparison-pages.js,claim,REQUIRES_REVIEW
scripts/generate-comparison-pages.js,generator_script,free_chlorine,3,ppm,"['Test target', '1–3 ppm (pools), 3–5 ppm (spas)', 'Ideally = FC; CC = TC − FC should be &lt;0.5 ppm'],",unspecified,unspecified,target_range,scripts/generate-comparison-pages.js:308,scripts/generate-comparison-pages.js,claim,CONTEXTUAL
scripts/generate-comparison-pages.js,generator_script,free_chlorine,5,ppm,"['Test target', '1–3 ppm (pools), 3–5 ppm (spas)', 'Ideally = FC; CC = TC − FC should be &lt;0.5 ppm'],",unspecified,unspecified,target_range,scripts/generate-comparison-pages.js:308,scripts/generate-comparison-pages.js,claim,CONTEXTUAL
scripts/generate-comparison-pages.js,generator_script,free_chlorine,0.5,ppm,"['Test target', '1–3 ppm (pools), 3–5 ppm (spas)', 'Ideally = FC; CC = TC − FC should be &lt;0.5 ppm'],",unspecified,unspecified,target_range,scripts/generate-comparison-pages.js:308,scripts/generate-comparison-pages.js,claim,REQUIRES_REVIEW
scripts/generate-comparison-pages.js,generator_script,free_chlorine,1,ppm,"['When action needed', 'Below 1 ppm: add chlorine. Above 5 ppm: wait to swim', 'When TC significantly exceeds FC: breakpoint shock required'",unspecified,chlorine,shock,scripts/generate-comparison-pages.js:310,scripts/generate-comparison-pages.js,claim,CONTEXTUAL
scripts/generate-comparison-pages.js,generator_script,free_chlorine,5,ppm,"['When action needed', 'Below 1 ppm: add chlorine. Above 5 ppm: wait to swim', 'When TC significantly exceeds FC: breakpoint shock required'",unspecified,chlorine,shock,scripts/generate-comparison-pages.js:310,scripts/generate-comparison-pages.js,claim,CONTEXTUAL
scripts/generate-comparison-pages.js,generator_script,free_chlorine,3,ppm,"'FC at 1–3 ppm provides consistent, reliable sanitation',",unspecified,unspecified,target_range,scripts/generate-comparison-pages.js:316,scripts/generate-comparison-pages.js,claim,CONTEXTUAL
scripts/generate-comparison-pages.js,generator_script,free_chlorine,0.5,ppm,'<strong>Shock when:</strong> CC = TC − FC exceeds 0.5 ppm; this is the standard trigger regardless of FC level',unspecified,unspecified,shock,scripts/generate-comparison-pages.js:340,scripts/generate-comparison-pages.js,claim,REQUIRES_REVIEW
scripts/generate-comparison-pages.js,generator_script,cyanuric_acid,30,ppm,'<strong>Use trichlor tablets:</strong> Traditional outdoor pools during swim season; when CYA is starting below 30 ppm; float dispensers fo,unspecified,chlorine,target_range,scripts/generate-comparison-pages.js:407,scripts/generate-comparison-pages.js,claim,REQUIRES_REVIEW
scripts/generate-comparison-pages.js,generator_script,cyanuric_acid,70,ppm,"'<strong>Avoid tablets:</strong> Salt water pools (never); hot tubs (too acidifying); pools with CYA already above 70 ppm',",hot_tub,saltwater_chlorine_generator,target_range,scripts/generate-comparison-pages.js:408,scripts/generate-comparison-pages.js,claim,REQUIRES_REVIEW
scripts/generate-comparison-pages.js,generator_script,cyanuric_acid,50,ppm,"'<strong>Best combination:</strong> Use tablets for routine maintenance early in the season when CYA is low, then switch to liquid chlorine ",unspecified,chlorine,target_range,scripts/generate-comparison-pages.js:409,scripts/generate-comparison-pages.js,claim,REQUIRES_REVIEW
scripts/generate-comparison-pages.js,generator_script,cyanuric_acid,50,ppm,"verdict: 'For most outdoor pools, a combination strategy works best: use trichlor tablets early in the season when CYA needs to be establish",unspecified,saltwater_chlorine_generator,target_range,scripts/generate-comparison-pages.js:411,scripts/generate-comparison-pages.js,claim,REQUIRES_REVIEW
scripts/generate-comparison-pages.js,generator_script,cyanuric_acid,80,ppm,"['CYA target', 'Slightly higher: 60–80 ppm', 'Standard: 30–50 ppm (outdoor pools)']",unspecified,unspecified,target_range,scripts/generate-comparison-pages.js:445,scripts/generate-comparison-pages.js,claim,REQUIRES_REVIEW
scripts/generate-comparison-pages.js,generator_script,cyanuric_acid,50,ppm,"['CYA target', 'Slightly higher: 60–80 ppm', 'Standard: 30–50 ppm (outdoor pools)']",unspecified,unspecified,target_range,scripts/generate-comparison-pages.js:445,scripts/generate-comparison-pages.js,claim,REQUIRES_REVIEW
scripts/generate-hub-pages.js,generator_script,free_chlorine,3,ppm,"'    <p>For most residential pools, maintain <strong>1–3 ppm</strong> free chlorine. Test two to three times per week; increase after heavy ",unspecified,chlorine,target_range,scripts/generate-hub-pages.js:128,scripts/generate-hub-pages.js,claim,CONTEXTUAL
scripts/generate-hub-pages.js,generator_script,total_alkalinity,120,ppm,'    <p>Many pools use <strong>80–120 ppm</strong> total alkalinity; follow your surface and sanitizer system for specifics.</p>\n' +,unspecified,unspecified,target_range,scripts/generate-hub-pages.js:181,scripts/generate-hub-pages.js,claim,CONTEXTUAL
scripts/generate-pool-system-hub.js,generator_script,ph,3,ppm,"<tr><td>Free Chlorine</td><td>Sanitizes water — kills bacteria, algae, viruses</td><td>Effectiveness reduced by high pH; destroyed by UV wit",pool,chlorine,target_range,scripts/generate-pool-system-hub.js:71,scripts/generate-pool-system-hub.js,claim,REQUIRES_REVIEW
scripts/generate-pool-system-hub.js,generator_script,ph,5,ppm,"<tr><td>Free Chlorine</td><td>Sanitizes water — kills bacteria, algae, viruses</td><td>Effectiveness reduced by high pH; destroyed by UV wit",pool,chlorine,target_range,scripts/generate-pool-system-hub.js:71,scripts/generate-pool-system-hub.js,claim,REQUIRES_REVIEW
scripts/generate-pool-system-hub.js,generator_script,ph,120,ppm,<tr><td>Total Alkalinity</td><td>Buffers pH against sudden changes</td><td>pH stability; high TA causes pH drift upward; low TA causes wild ,pool,unspecified,target_range,scripts/generate-pool-system-hub.js:73,scripts/generate-pool-system-hub.js,claim,REQUIRES_REVIEW
scripts/generate-pool-system-hub.js,generator_script,free_chlorine,50,ppm,<tr><td>Cyanuric Acid</td><td>Protects free chlorine from UV degradation</td><td>Chlorine availability (too high = chlorine lock); essential,pool,saltwater_chlorine_generator,target_range,scripts/generate-pool-system-hub.js:74,scripts/generate-pool-system-hub.js,claim,REQUIRES_REVIEW
scripts/generate-pool-system-hub.js,generator_script,free_chlorine,80,ppm,<tr><td>Cyanuric Acid</td><td>Protects free chlorine from UV degradation</td><td>Chlorine availability (too high = chlorine lock); essential,pool,saltwater_chlorine_generator,target_range,scripts/generate-pool-system-hub.js:74,scripts/generate-pool-system-hub.js,claim,REQUIRES_REVIEW
scripts/generate-pool-system-hub.js,generator_script,calcium_hardness,400,ppm,<tr><td>Calcium Hardness</td><td>Protects surfaces and maintains water balance</td><td>Scale formation at high CH; surface etching and equip,pool,unspecified,target_range,scripts/generate-pool-system-hub.js:75,scripts/generate-pool-system-hub.js,claim,CONTEXTUAL
scripts/generate-pool-system-hub.js,generator_script,free_chlorine,0.5,ppm,<tr><td>Combined Chlorine</td><td>Indicates sanitation failure — chloramines from spent FC</td><td>Causes odor and irritation; consumes shoc,pool,chlorine,shock,scripts/generate-pool-system-hub.js:76,scripts/generate-pool-system-hub.js,claim,REQUIRES_REVIEW
scripts/generate-pool-system-hub.js,generator_script,free_chlorine,10,ppm,<tr><td>Shock / Oxidizer</td><td>Destroys chloramine bonds through breakpoint chlorination</td><td>Restores FC effectiveness; clears water; ,pool,chlorine,shock,scripts/generate-pool-system-hub.js:77,scripts/generate-pool-system-hub.js,claim,REQUIRES_REVIEW
scripts/generate-pool-system-hub.js,generator_script,free_chlorine,400,ppm,<tr><td>Salt (SWG only)</td><td>Generates chlorine via electrolysis in the SWG cell</td><td>Consistent FC output from generator; low salt = ,pool,saltwater_chlorine_generator,target_range,scripts/generate-pool-system-hub.js:78,scripts/generate-pool-system-hub.js,claim,REQUIRES_REVIEW
scripts/generate-pool-system-hub.js,generator_script,ph,120,ppm,<li><strong>Total Alkalinity:</strong> The pH buffer. Determines how stable pH is against chemical and environmental changes. Target 80–120 ,pool,unspecified,target_range,scripts/generate-pool-system-hub.js:85,scripts/generate-pool-system-hub.js,claim,REQUIRES_REVIEW
scripts/generate-pool-system-hub.js,generator_script,calcium_hardness,400,ppm,<li><strong>Calcium Hardness:</strong> Calcium concentration in the water. Determines whether water attacks surfaces (low) or deposits scale,pool,unspecified,target_range,scripts/generate-pool-system-hub.js:86,scripts/generate-pool-system-hub.js,claim,CONTEXTUAL
scripts/generate-pool-system-hub.js,generator_script,free_chlorine,3,ppm,"<li><strong>Free Chlorine:</strong> Active sanitizer. Must be continuously maintained at 1–3 ppm. Consumed by bathers, UV, and organic matte",pool,chlorine,target_range,scripts/generate-pool-system-hub.js:87,scripts/generate-pool-system-hub.js,claim,CONTEXTUAL
scripts/generate-pool-system-hub.js,generator_script,free_chlorine,50,ppm,<li><strong>Cyanuric Acid:</strong> UV stabilizer for free chlorine. Essential in all outdoor pools. Target 30–50 ppm. The only way to lower,pool,chlorine,target_range,scripts/generate-pool-system-hub.js:88,scripts/generate-pool-system-hub.js,claim,REQUIRES_REVIEW
scripts/generate-pool-system-hub.js,generator_script,cyanuric_acid,30,ppm,<li><strong>Cyanuric Acid (CYA)</strong> — verify stabilizer level; add if below 30 ppm; plan drain if above 80 ppm</li>,pool,unspecified,target_range,scripts/generate-pool-system-hub.js:98,scripts/generate-pool-system-hub.js,claim,REQUIRES_REVIEW
scripts/generate-pool-system-hub.js,generator_script,cyanuric_acid,80,ppm,<li><strong>Cyanuric Acid (CYA)</strong> — verify stabilizer level; add if below 30 ppm; plan drain if above 80 ppm</li>,pool,unspecified,target_range,scripts/generate-pool-system-hub.js:98,scripts/generate-pool-system-hub.js,claim,REQUIRES_REVIEW
scripts/generate-pool-system-hub.js,generator_script,calcium_hardness,400,ppm,<li><strong>Calcium Hardness</strong> — check monthly; adjust if outside 200–400 ppm range</li>,pool,unspecified,target_range,scripts/generate-pool-system-hub.js:99,scripts/generate-pool-system-hub.js,claim,CONTEXTUAL
scripts/generate-pool-system-hub.js,generator_script,free_chlorine,0.5,ppm,"<li><strong>Combined Chlorine</strong> — calculate CC = TC − FC; if above 0.5 ppm, plan breakpoint shock</li>",pool,chlorine,shock,scripts/generate-pool-system-hub.js:100,scripts/generate-pool-system-hub.js,calculation,REQUIRES_REVIEW
scripts/generate-pool-system-hub.js,generator_script,free_chlorine,50,ppm,<tr><td>FC crashes overnight</td><td>Algae demand; CYA too low; high phosphates</td><td>FC zero in morning after dosing at night</td><td>Tes,pool,unspecified,shock,scripts/generate-pool-system-hub.js:110,scripts/generate-pool-system-hub.js,claim,REQUIRES_REVIEW
scripts/generate-pool-system-hub.js,generator_script,ph,90,ppm,<tr><td>pH won't stay down</td><td>Total alkalinity too high; SWG electrolysis; CO2 off-gassing</td><td>Acid added but pH returns within day,pool,saltwater_chlorine_generator,target_range,scripts/generate-pool-system-hub.js:111,scripts/generate-pool-system-hub.js,claim,REQUIRES_REVIEW
scripts/generate-pool-system-hub.js,generator_script,(unmatched),3,ppm,<li>Typical range: 1–3 ppm chlorine</li>,pool,chlorine,target_range,scripts/generate-pool-system-hub.js:169,scripts/generate-pool-system-hub.js,claim,REQUIRES_REVIEW
scripts/generate-question-pages.js,generator_script,(unmatched),3,ppm,<li>Typical range: 1–3 ppm chlorine</li>,unspecified,chlorine,target_range,scripts/generate-question-pages.js:145,scripts/generate-question-pages.js,claim,REQUIRES_REVIEW
scripts/generate-question-pages.js,generator_script,ph,1,ppm,"['Low FC (&lt;1 ppm)', 'Insufficient sanitization allows bacteria and algae growth', 'Shock pool to 10 ppm FC; test and adjust pH first'],",pool,unspecified,shock,scripts/generate-question-pages.js:180,scripts/generate-question-pages.js,claim,REQUIRES_REVIEW
scripts/generate-question-pages.js,generator_script,ph,10,ppm,"['Low FC (&lt;1 ppm)', 'Insufficient sanitization allows bacteria and algae growth', 'Shock pool to 10 ppm FC; test and adjust pH first'],",pool,unspecified,shock,scripts/generate-question-pages.js:180,scripts/generate-question-pages.js,claim,REQUIRES_REVIEW
scripts/generate-question-pages.js,generator_script,ph,120,ppm,"['High alkalinity', 'Carbonate clouds form in high-TA, high-pH conditions', 'Lower TA with acid-aerate method; target 80–120 ppm'],",unspecified,unspecified,target_range,scripts/generate-question-pages.js:182,scripts/generate-question-pages.js,claim,REQUIRES_REVIEW
scripts/generate-question-pages.js,generator_script,free_chlorine,1,ppm,"'If FC is below 1 ppm, shock the pool immediately at a full 1 lb per 10,000 gallons.',",pool,unspecified,shock,scripts/generate-question-pages.js:190,scripts/generate-question-pages.js,claim,CONTEXTUAL
scripts/generate-question-pages.js,generator_script,free_chlorine,1,lb,"'If FC is below 1 ppm, shock the pool immediately at a full 1 lb per 10,000 gallons.',",pool,unspecified,shock,scripts/generate-question-pages.js:190,scripts/generate-question-pages.js,claim,REQUIRES_REVIEW
scripts/generate-question-pages.js,generator_script,free_chlorine,0,gallons,"'If FC is below 1 ppm, shock the pool immediately at a full 1 lb per 10,000 gallons.',",pool,unspecified,shock,scripts/generate-question-pages.js:190,scripts/generate-question-pages.js,claim,REQUIRES_REVIEW
scripts/generate-question-pages.js,generator_script,ph,3,ppm,"['Is cloudy water safe to swim in?', 'No. Cloudy water reduces visibility (a drowning risk) and is usually caused by low chlorine or high mi",unspecified,chlorine,target_range,scripts/generate-question-pages.js:201,scripts/generate-question-pages.js,claim,REQUIRES_REVIEW
scripts/generate-question-pages.js,generator_script,free_chlorine,104,°f,"explanation: 'Hot tub water odor has a small number of root causes, but the most common by far is combined chlorine (chloramines). When free",both,chlorine,troubleshooting,scripts/generate-question-pages.js:221,scripts/generate-question-pages.js,claim,REQUIRES_REVIEW
scripts/generate-question-pages.js,generator_script,free_chlorine,5,ppm,"explanation: 'Hot tub water odor has a small number of root causes, but the most common by far is combined chlorine (chloramines). When free",both,chlorine,troubleshooting,scripts/generate-question-pages.js:221,scripts/generate-question-pages.js,claim,CONTEXTUAL
scripts/generate-question-pages.js,generator_script,free_chlorine,5,ppm,"['Bacteria growth', 'Insufficient sanitizer at hot tub temperatures', 'Add chlorine immediately; raise FC to 5 ppm minimum'],",hot_tub,chlorine,target_range,scripts/generate-question-pages.js:225,scripts/generate-question-pages.js,claim,CONTEXTUAL
scripts/generate-question-pages.js,generator_script,ph,120,ppm,"'After refilling, balance all chemistry fresh: pH 7.4, TA 80–120 ppm, CH 150–250 ppm, FC 3–5 ppm.',",unspecified,unspecified,target_range,scripts/generate-question-pages.js:236,scripts/generate-question-pages.js,claim,REQUIRES_REVIEW
scripts/generate-question-pages.js,generator_script,ph,250,ppm,"'After refilling, balance all chemistry fresh: pH 7.4, TA 80–120 ppm, CH 150–250 ppm, FC 3–5 ppm.',",unspecified,unspecified,target_range,scripts/generate-question-pages.js:236,scripts/generate-question-pages.js,claim,REQUIRES_REVIEW
scripts/generate-question-pages.js,generator_script,ph,5,ppm,"'After refilling, balance all chemistry fresh: pH 7.4, TA 80–120 ppm, CH 150–250 ppm, FC 3–5 ppm.',",unspecified,unspecified,target_range,scripts/generate-question-pages.js:236,scripts/generate-question-pages.js,claim,REQUIRES_REVIEW
scripts/generate-question-pages.js,generator_script,free_chlorine,5,ppm,"metaDesc: 'Can you swim after shocking a pool? Wait until FC drops below 5 ppm — usually 8–24 hours. Wait times by shock dose, and how to sp",pool,unspecified,shock,scripts/generate-question-pages.js:254,scripts/generate-question-pages.js,claim,CONTEXTUAL
scripts/generate-question-pages.js,generator_script,free_chlorine,5,ppm,quickAnswer: 'Wait until free chlorine drops below 5 ppm before swimming after shocking — typically 8–24 hours depending on shock dose and s,unspecified,chlorine,shock,scripts/generate-question-pages.js:255,scripts/generate-question-pages.js,claim,CONTEXTUAL
scripts/generate-question-pages.js,generator_script,free_chlorine,20,ppm,quickAnswer: 'Wait until free chlorine drops below 5 ppm before swimming after shocking — typically 8–24 hours depending on shock dose and s,unspecified,chlorine,shock,scripts/generate-question-pages.js:255,scripts/generate-question-pages.js,claim,REQUIRES_REVIEW
scripts/generate-question-pages.js,generator_script,free_chlorine,5,ppm,"'Safe swimming threshold: FC below 5 ppm; ideally 1–3 ppm',",unspecified,unspecified,target_range,scripts/generate-question-pages.js:257,scripts/generate-question-pages.js,claim,CONTEXTUAL
scripts/generate-question-pages.js,generator_script,free_chlorine,3,ppm,"'Safe swimming threshold: FC below 5 ppm; ideally 1–3 ppm',",unspecified,unspecified,target_range,scripts/generate-question-pages.js:257,scripts/generate-question-pages.js,claim,CONTEXTUAL
scripts/generate-question-pages.js,generator_script,free_chlorine,5,ppm,explanation: 'Pool shock raises free chlorine to levels high enough to oxidize chloramines and kill algae — but those same elevated FC level,pool,chlorine,shock,scripts/generate-question-pages.js:262,scripts/generate-question-pages.js,claim,CONTEXTUAL
scripts/generate-question-pages.js,generator_script,(unmatched),1,lb,"['Normal weekly shock (1 lb/10k gal)', '8–15 ppm', '8–24 hours with pump running + sun'],",unspecified,unspecified,shock,scripts/generate-question-pages.js:265,scripts/generate-question-pages.js,claim,REQUIRES_REVIEW
scripts/generate-question-pages.js,generator_script,(unmatched),15,ppm,"['Normal weekly shock (1 lb/10k gal)', '8–15 ppm', '8–24 hours with pump running + sun'],",unspecified,unspecified,shock,scripts/generate-question-pages.js:265,scripts/generate-question-pages.js,claim,REQUIRES_REVIEW
scripts/generate-question-pages.js,generator_script,algae,30,ppm,"['Algae treatment (double/triple shock)', '15–30 ppm', '24–48 hours; test before swimming'],",unspecified,unspecified,shock,scripts/generate-question-pages.js:266,scripts/generate-question-pages.js,claim,REQUIRES_REVIEW
scripts/generate-question-pages.js,generator_script,free_chlorine,30,ppm,"['Extreme over-shock', 'FC &gt;30 ppm', '48–72 hours or partial drain/refill required'],",unspecified,unspecified,shock,scripts/generate-question-pages.js:267,scripts/generate-question-pages.js,claim,REQUIRES_REVIEW
scripts/generate-question-pages.js,generator_script,(unmatched),20,ppm,"['Hot tub shock (dichlor)', '10–20 ppm spa volume', '4–8 hours; test before soaking']",hot_tub,chlorine,shock,scripts/generate-question-pages.js:268,scripts/generate-question-pages.js,claim,REQUIRES_REVIEW
scripts/generate-question-pages.js,generator_script,free_chlorine,5,ppm,"'If FC is still above 5 ppm, continue running the pump and retest every 2–4 hours.',",unspecified,unspecified,target_range,scripts/generate-question-pages.js:274,scripts/generate-question-pages.js,claim,CONTEXTUAL
scripts/generate-question-pages.js,generator_script,free_chlorine,20,ppm,"'For FC above 20 ppm, consider draining 15–20% of the pool and refilling with fresh water.',",pool,unspecified,target_range,scripts/generate-question-pages.js:275,scripts/generate-question-pages.js,claim,REQUIRES_REVIEW
scripts/generate-question-pages.js,generator_script,ph,5,ppm,"'Once FC reads below 5 ppm, confirm pH is 7.2–7.6 before allowing swimmers to enter.'",unspecified,unspecified,target_range,scripts/generate-question-pages.js:277,scripts/generate-question-pages.js,claim,REQUIRES_REVIEW
scripts/generate-question-pages.js,generator_script,free_chlorine,10,ppm,"['What happens if you swim in a shocked pool?', 'Swimming with FC above 10 ppm causes eye redness, skin irritation, throat and nasal irritat",pool,unspecified,shock,scripts/generate-question-pages.js:283,scripts/generate-question-pages.js,claim,REQUIRES_REVIEW
scripts/generate-question-pages.js,generator_script,free_chlorine,1,lb,"['Can I shock the pool in the morning and swim at night?', 'For a standard weekly maintenance shock (1 lb per 10,000 gallons), FC typically ",pool,unspecified,shock,scripts/generate-question-pages.js:284,scripts/generate-question-pages.js,claim,REQUIRES_REVIEW
scripts/generate-question-pages.js,generator_script,free_chlorine,0,gallons,"['Can I shock the pool in the morning and swim at night?', 'For a standard weekly maintenance shock (1 lb per 10,000 gallons), FC typically ",pool,unspecified,shock,scripts/generate-question-pages.js:284,scripts/generate-question-pages.js,claim,REQUIRES_REVIEW
scripts/generate-question-pages.js,generator_script,free_chlorine,15,ppm,"['Can I shock the pool in the morning and swim at night?', 'For a standard weekly maintenance shock (1 lb per 10,000 gallons), FC typically ",pool,unspecified,shock,scripts/generate-question-pages.js:284,scripts/generate-question-pages.js,claim,REQUIRES_REVIEW
scripts/generate-question-pages.js,generator_script,free_chlorine,5,ppm,"['Can I shock the pool in the morning and swim at night?', 'For a standard weekly maintenance shock (1 lb per 10,000 gallons), FC typically ",pool,unspecified,shock,scripts/generate-question-pages.js:284,scripts/generate-question-pages.js,claim,CONTEXTUAL
scripts/generate-question-pages.js,generator_script,free_chlorine,5,ppm,"['Can I shock the pool in the morning and swim at night?', 'For a standard weekly maintenance shock (1 lb per 10,000 gallons), FC typically ",pool,unspecified,shock,scripts/generate-question-pages.js:284,scripts/generate-question-pages.js,claim,CONTEXTUAL
scripts/generate-question-pages.js,generator_script,free_chlorine,20,ppm,"['How do I make FC drop faster after shocking?', 'Remove the pool cover to maximize sunlight exposure (UV breaks down chlorine fastest). Kee",pool,chlorine,shock,scripts/generate-question-pages.js:285,scripts/generate-question-pages.js,claim,REQUIRES_REVIEW
scripts/generate-question-pages.js,generator_script,free_chlorine,5,ppm,"['Can children swim after shocking sooner than adults?', 'No — children are actually more sensitive to high chlorine levels than adults beca",unspecified,chlorine,shock,scripts/generate-question-pages.js:286,scripts/generate-question-pages.js,claim,CONTEXTUAL
scripts/generate-question-pages.js,generator_script,free_chlorine,3,ppm,"['Can children swim after shocking sooner than adults?', 'No — children are actually more sensitive to high chlorine levels than adults beca",unspecified,chlorine,shock,scripts/generate-question-pages.js:286,scripts/generate-question-pages.js,claim,CONTEXTUAL
scripts/generate-question-pages.js,generator_script,free_chlorine,1,ppm,"'Shock the pool if FC has dropped below 1 ppm or significant rain (1+ inch) occurred.',",pool,unspecified,shock,scripts/generate-question-pages.js:314,scripts/generate-question-pages.js,claim,CONTEXTUAL
scripts/generate-question-pages.js,generator_script,total_alkalinity,80,ppm,"'Add sodium bicarbonate if TA has dropped below 80 ppm.',",unspecified,unspecified,target_range,scripts/generate-question-pages.js:315,scripts/generate-question-pages.js,claim,CONTEXTUAL
scripts/generate-question-pages.js,generator_script,cyanuric_acid,30,ppm,"'Add CYA stabilizer if it has dropped below 30 ppm (outdoor pools only).',",unspecified,unspecified,target_range,scripts/generate-question-pages.js:316,scripts/generate-question-pages.js,claim,REQUIRES_REVIEW
scripts/generate-question-pages.js,generator_script,free_chlorine,100,ppm,"'CYA above 100 ppm causes chlorine lock — FC is present but over-stabilized',",unspecified,chlorine,target_range,scripts/generate-question-pages.js:338,scripts/generate-question-pages.js,claim,REQUIRES_REVIEW
scripts/generate-question-pages.js,generator_script,ph,5,ppm,"explanation: 'When a pool is green despite normal-looking chlorine readings, the chlorine is almost always present but unable to work. The m",pool,chlorine,target_range,scripts/generate-question-pages.js:342,scripts/generate-question-pages.js,claim,REQUIRES_REVIEW
scripts/generate-question-pages.js,generator_script,ph,1,ppm,"explanation: 'When a pool is green despite normal-looking chlorine readings, the chlorine is almost always present but unable to work. The m",pool,chlorine,target_range,scripts/generate-question-pages.js:342,scripts/generate-question-pages.js,claim,REQUIRES_REVIEW
scripts/generate-question-pages.js,generator_script,ph,100,ppm,"explanation: 'When a pool is green despite normal-looking chlorine readings, the chlorine is almost always present but unable to work. The m",pool,chlorine,target_range,scripts/generate-question-pages.js:342,scripts/generate-question-pages.js,claim,REQUIRES_REVIEW
scripts/generate-question-pages.js,generator_script,ph,0,ppm,"explanation: 'When a pool is green despite normal-looking chlorine readings, the chlorine is almost always present but unable to work. The m",pool,chlorine,target_range,scripts/generate-question-pages.js:342,scripts/generate-question-pages.js,claim,REQUIRES_REVIEW
scripts/generate-question-pages.js,generator_script,free_chlorine,100,ppm,"['CYA too high (&gt;100 ppm)', 'Chlorine lock: FC bound by excess stabilizer and unavailable', 'Drain 30–50%; refill; rebalance CYA to 30–50",unspecified,chlorine,target_range,scripts/generate-question-pages.js:346,scripts/generate-question-pages.js,claim,REQUIRES_REVIEW
scripts/generate-question-pages.js,generator_script,free_chlorine,50,ppm,"['CYA too high (&gt;100 ppm)', 'Chlorine lock: FC bound by excess stabilizer and unavailable', 'Drain 30–50%; refill; rebalance CYA to 30–50",unspecified,chlorine,target_range,scripts/generate-question-pages.js:346,scripts/generate-question-pages.js,claim,REQUIRES_REVIEW
scripts/generate-question-pages.js,generator_script,cyanuric_acid,80,ppm,"'Test CYA. If above 80 ppm, plan a partial drain (30–50%) and refill to dilute CYA.',",unspecified,unspecified,target_range,scripts/generate-question-pages.js:353,scripts/generate-question-pages.js,claim,REQUIRES_REVIEW
scripts/generate-question-pages.js,generator_script,calcium_hardness,150,ppm,"'Low calcium hardness (below 150 ppm) makes water prone to stable foam bubbles',",unspecified,unspecified,target_range,scripts/generate-question-pages.js:379,scripts/generate-question-pages.js,claim,CONTEXTUAL
scripts/generate-question-pages.js,generator_script,calcium_hardness,150,ppm,"['Low calcium hardness (&lt;150 ppm)', 'Soft water forms more stable foam bubbles', 'Raise CH to 150–250 ppm with calcium chloride'],",unspecified,unspecified,target_range,scripts/generate-question-pages.js:387,scripts/generate-question-pages.js,claim,CONTEXTUAL
scripts/generate-question-pages.js,generator_script,calcium_hardness,250,ppm,"['Low calcium hardness (&lt;150 ppm)', 'Soft water forms more stable foam bubbles', 'Raise CH to 150–250 ppm with calcium chloride'],",unspecified,unspecified,target_range,scripts/generate-question-pages.js:387,scripts/generate-question-pages.js,claim,CONTEXTUAL
scripts/generate-question-pages.js,generator_script,calcium_hardness,150,ppm,"'Test calcium hardness — if below 150 ppm, add calcium chloride to raise it to 150–250 ppm.',",unspecified,unspecified,target_range,scripts/generate-question-pages.js:394,scripts/generate-question-pages.js,claim,CONTEXTUAL
scripts/generate-question-pages.js,generator_script,calcium_hardness,250,ppm,"'Test calcium hardness — if below 150 ppm, add calcium chloride to raise it to 150–250 ppm.',",unspecified,unspecified,target_range,scripts/generate-question-pages.js:394,scripts/generate-question-pages.js,claim,CONTEXTUAL
scripts/generate-question-pages.js,generator_script,ph,120,ppm,"'After refilling, balance all chemistry fresh (pH 7.4, TA 80–120 ppm, CH 150–250 ppm, FC 3–5 ppm) before first use.'",unspecified,unspecified,target_range,scripts/generate-question-pages.js:399,scripts/generate-question-pages.js,claim,REQUIRES_REVIEW
scripts/generate-question-pages.js,generator_script,ph,250,ppm,"'After refilling, balance all chemistry fresh (pH 7.4, TA 80–120 ppm, CH 150–250 ppm, FC 3–5 ppm) before first use.'",unspecified,unspecified,target_range,scripts/generate-question-pages.js:399,scripts/generate-question-pages.js,claim,REQUIRES_REVIEW
scripts/generate-question-pages.js,generator_script,ph,5,ppm,"'After refilling, balance all chemistry fresh (pH 7.4, TA 80–120 ppm, CH 150–250 ppm, FC 3–5 ppm) before first use.'",unspecified,unspecified,target_range,scripts/generate-question-pages.js:399,scripts/generate-question-pages.js,claim,REQUIRES_REVIEW
scripts/generate-question-pages.js,generator_script,calcium_hardness,250,ppm,"['How do I prevent foam in my hot tub?', 'The most effective prevention: shower before soaking (removes lotions, oils, cosmetics), rinse swi",hot_tub,unspecified,target_range,scripts/generate-question-pages.js:407,scripts/generate-question-pages.js,claim,CONTEXTUAL
scripts/generate-resource-pages.js,generator_script,(unmatched),3,ppm,"'Test chlorine levels (target 1–3 ppm)',",unspecified,chlorine,target_range,scripts/generate-resource-pages.js:58,scripts/generate-resource-pages.js,claim,REQUIRES_REVIEW
scripts/generate-resource-pages.js,generator_script,total_alkalinity,120,ppm,"'Test total alkalinity (target 80–120 ppm)',",unspecified,unspecified,target_range,scripts/generate-resource-pages.js:65,scripts/generate-resource-pages.js,claim,CONTEXTUAL
scripts/generate-resource-pages.js,generator_script,calcium_hardness,400,ppm,"'Test calcium hardness (target 200–400 ppm)',",unspecified,unspecified,target_range,scripts/generate-resource-pages.js:66,scripts/generate-resource-pages.js,claim,CONTEXTUAL
scripts/generate-resource-pages.js,generator_script,cyanuric_acid,50,ppm,"'Test cyanuric acid / stabilizer (target 30–50 ppm)',",unspecified,unspecified,target_range,scripts/generate-resource-pages.js:67,scripts/generate-resource-pages.js,claim,REQUIRES_REVIEW
scripts/generate-resource-pages.js,generator_script,algae,70,°f,"'Open the pool when daytime temps consistently exceed 70°F to prevent algae.',",pool,unspecified,target_range,scripts/generate-resource-pages.js:109,scripts/generate-resource-pages.js,claim,REQUIRES_REVIEW
scripts/generate-resource-pages.js,generator_script,total_alkalinity,120,ppm,"'Test and adjust total alkalinity (80–120 ppm)',",unspecified,unspecified,target_range,scripts/generate-resource-pages.js:134,scripts/generate-resource-pages.js,claim,CONTEXTUAL
scripts/generate-resource-pages.js,generator_script,cyanuric_acid,50,ppm,"'Test and adjust cyanuric acid (30–50 ppm)',",unspecified,unspecified,target_range,scripts/generate-resource-pages.js:135,scripts/generate-resource-pages.js,claim,REQUIRES_REVIEW
scripts/generate-resource-pages.js,generator_script,calcium_hardness,400,ppm,"'Test and adjust calcium hardness (200–400 ppm)',",unspecified,unspecified,target_range,scripts/generate-resource-pages.js:136,scripts/generate-resource-pages.js,claim,CONTEXTUAL
scripts/generate-resource-pages.js,generator_script,(unmatched),3,ppm,"'Confirm chlorine is at 1–3 ppm before swimming',",unspecified,chlorine,target_range,scripts/generate-resource-pages.js:137,scripts/generate-resource-pages.js,claim,REQUIRES_REVIEW
scripts/generate-resource-pages.js,generator_script,total_alkalinity,120,ppm,"'Adjust total alkalinity to 80–120 ppm',",unspecified,unspecified,target_range,scripts/generate-resource-pages.js:161,scripts/generate-resource-pages.js,claim,CONTEXTUAL
scripts/generate-resource-pages.js,generator_script,calcium_hardness,400,ppm,"'Adjust calcium hardness to 200–400 ppm',",unspecified,unspecified,target_range,scripts/generate-resource-pages.js:162,scripts/generate-resource-pages.js,claim,CONTEXTUAL
scripts/generate-resource-pages.js,generator_script,(unmatched),3,ppm,"'Test chlorine (target 1–3 ppm)',",unspecified,chlorine,target_range,scripts/generate-resource-pages.js:211,scripts/generate-resource-pages.js,claim,REQUIRES_REVIEW
scripts/generate-resource-pages.js,generator_script,total_alkalinity,120,ppm,"'Test total alkalinity (target 80–120 ppm)',",unspecified,unspecified,target_range,scripts/generate-resource-pages.js:213,scripts/generate-resource-pages.js,claim,CONTEXTUAL
scripts/generate-resource-pages.js,generator_script,(unmatched),3,ppm,"'Do not swim until chlorine drops back to 1–3 ppm.',",unspecified,chlorine,target_range,scripts/generate-resource-pages.js:281,scripts/generate-resource-pages.js,claim,REQUIRES_REVIEW
scripts/generators/explanation-cluster-config.js,generator_script,sanitizer,120,ppm,a: 'Many pools use 80–120 ppm; follow your surface and sanitizer system.',unspecified,unspecified,target_range,scripts/generators/explanation-cluster-config.js:144,scripts/generators/explanation-cluster-config.js,claim,REQUIRES_REVIEW
scripts/generators/generate-behavior-pages.js,generator_script,free_chlorine,3,ppm,"{ html: 'Free chlorine: <strong>1–3 ppm</strong> (pools)' },",unspecified,chlorine,target_range,scripts/generators/generate-behavior-pages.js:83,scripts/generators/generate-behavior-pages.js,claim,CONTEXTUAL
scripts/generators/generate-chlorine-pages.js,generator_script,free_chlorine,0,ppm,"'<div class=""output-panel serp-explanation""><h3>Dosage reference (from 0 ppm)</h3><p>Typical pool range: <strong>1–3 ppm</strong> free chlor",pool,chlorine,target_range,scripts/generators/generate-chlorine-pages.js:38,scripts/generators/generate-chlorine-pages.js,claim,REQUIRES_REVIEW
scripts/generators/generate-chlorine-pages.js,generator_script,free_chlorine,3,ppm,"'<div class=""output-panel serp-explanation""><h3>Dosage reference (from 0 ppm)</h3><p>Typical pool range: <strong>1–3 ppm</strong> free chlor",pool,chlorine,target_range,scripts/generators/generate-chlorine-pages.js:38,scripts/generators/generate-chlorine-pages.js,claim,CONTEXTUAL
scripts/generators/generate-chlorine-pages.js,generator_script,free_chlorine,3,ppm,"'-gallon pool, dose depends on current ppm and target. Most pools maintain free chlorine at <strong>1–3 ppm</strong>—use the table or calcul",pool,chlorine,target_range,scripts/generators/generate-chlorine-pages.js:79,scripts/generators/generate-chlorine-pages.js,claim,CONTEXTUAL
scripts/generators/generate-chlorine-pages.js,generator_script,(unmatched),0,gallons,"q: 'How much chlorine per 1,000 gallons?',",unspecified,chlorine,target_range,scripts/generators/generate-chlorine-pages.js:91,scripts/generators/generate-chlorine-pages.js,claim,REQUIRES_REVIEW
scripts/generators/generate-chlorine-pages.js,generator_script,(unmatched),3,ppm,"'Chlorine: <strong>1–3 ppm</strong> free <span class=""badge"">Recommended</span>'",unspecified,chlorine,target_range,scripts/generators/generate-chlorine-pages.js:180,scripts/generators/generate-chlorine-pages.js,claim,REQUIRES_REVIEW
scripts/generators/generate-chlorine-pages.js,generator_script,total_alkalinity,120,ppm,{ html: 'Total alkalinity: <strong>80–120 ppm</strong> (typical)' },unspecified,unspecified,target_range,scripts/generators/generate-chlorine-pages.js:183,scripts/generators/generate-chlorine-pages.js,claim,CONTEXTUAL
scripts/generators/generate-explanation-pages.js,generator_script,free_chlorine,3,ppm,"{ html: 'Free chlorine: <strong>1–3 ppm</strong> (pools)' },",unspecified,chlorine,target_range,scripts/generators/generate-explanation-pages.js:125,scripts/generators/generate-explanation-pages.js,claim,CONTEXTUAL
scripts/generators/generate-explanation-pages.js,generator_script,total_alkalinity,120,ppm,{ html: 'Total alkalinity: <strong>80–120 ppm</strong> (typical)' },unspecified,unspecified,target_range,scripts/generators/generate-explanation-pages.js:127,scripts/generators/generate-explanation-pages.js,claim,CONTEXTUAL
scripts/generators/generate-hot-tub-pages.js,generator_script,free_chlorine,5,ppm,"'<div class=""output-panel serp-explanation""><h3>Chlorine reference (hot tub)</h3><p>Spas often target <strong>3–5 ppm</strong> free chlorine",hot_tub,chlorine,target_range,scripts/generators/generate-hot-tub-pages.js:49,scripts/generators/generate-hot-tub-pages.js,claim,CONTEXTUAL
scripts/generators/generate-hot-tub-pages.js,generator_script,free_chlorine,0,ppm,"'<div class=""output-panel serp-explanation""><h3>Chlorine reference (hot tub)</h3><p>Spas often target <strong>3–5 ppm</strong> free chlorine",hot_tub,chlorine,target_range,scripts/generators/generate-hot-tub-pages.js:49,scripts/generators/generate-hot-tub-pages.js,claim,REQUIRES_REVIEW
scripts/generators/generate-hot-tub-pages.js,generator_script,free_chlorine,5,ppm,"'-gallon hot tub, sanitizer dose depends on test results and target ppm. Many spas run <strong>3–5 ppm</strong> free chlorine—verify before ",hot_tub,chlorine,target_range,scripts/generators/generate-hot-tub-pages.js:79,scripts/generators/generate-hot-tub-pages.js,claim,CONTEXTUAL
scripts/generators/generate-hot-tub-pages.js,generator_script,(unmatched),0,ppm,"'    <p class=""serp-direct"">Hot tub water chemistry changes fast in small volume. Use the table as a reference from 0 ppm, then plug real re",hot_tub,chlorine,target_range,scripts/generators/generate-hot-tub-pages.js:82,scripts/generators/generate-hot-tub-pages.js,claim,REQUIRES_REVIEW
scripts/generators/generate-hot-tub-pages.js,generator_script,(unmatched),100,gallons,"q: 'How much chlorine per 100 gallons in a spa?',",hot_tub,chlorine,target_range,scripts/generators/generate-hot-tub-pages.js:91,scripts/generators/generate-hot-tub-pages.js,claim,REQUIRES_REVIEW
scripts/generators/generate-hot-tub-pages.js,generator_script,ph,0,ppm,"'-gallon hot tub</strong> holds far less water than a pool, so each bather, product, and top-off changes sanitizer and pH much faster. The r",both,chlorine,target_range,scripts/generators/generate-hot-tub-pages.js:163,scripts/generators/generate-hot-tub-pages.js,claim,REQUIRES_REVIEW
scripts/generators/generate-hot-tub-pages.js,generator_script,free_chlorine,5,ppm,"'Free chlorine (spas): <strong>3–5 ppm</strong> <span class=""badge"">Common</span>'",hot_tub,chlorine,target_range,scripts/generators/generate-hot-tub-pages.js:170,scripts/generators/generate-hot-tub-pages.js,claim,CONTEXTUAL
scripts/generators/generate-ph-pages.js,generator_script,total_alkalinity,120,ppm,"{ html: 'Total alkalinity: <strong>80–120 ppm</strong> (typical)' },",unspecified,unspecified,target_range,scripts/generators/generate-ph-pages.js:178,scripts/generators/generate-ph-pages.js,claim,CONTEXTUAL
scripts/generators/generate-ph-pages.js,generator_script,free_chlorine,3,ppm,{ html: 'Free chlorine: <strong>1–3 ppm</strong> (pools)' },unspecified,chlorine,target_range,scripts/generators/generate-ph-pages.js:179,scripts/generators/generate-ph-pages.js,claim,CONTEXTUAL
scripts/generators/generate-problem-pages.js,generator_script,free_chlorine,3,ppm,"{ html: 'Free chlorine (pools): <strong>1–3 ppm</strong>' },",unspecified,chlorine,target_range,scripts/generators/generate-problem-pages.js:85,scripts/generators/generate-problem-pages.js,claim,CONTEXTUAL
scripts/generators/generate-problem-pages.js,generator_script,total_alkalinity,120,ppm,{ html: 'Total alkalinity: <strong>80–120 ppm</strong> (typical)' },unspecified,unspecified,target_range,scripts/generators/generate-problem-pages.js:87,scripts/generators/generate-problem-pages.js,claim,CONTEXTUAL
scripts/generators/generate-shock-pages.js,generator_script,(unmatched),10,ppm,"'<div class=""output-panel serp-explanation""><h3>Shock dosage reference</h3><p>Standard shock raises chlorine by about <strong>10 ppm</strong",unspecified,chlorine,shock,scripts/generators/generate-shock-pages.js:47,scripts/generators/generate-shock-pages.js,claim,REQUIRES_REVIEW
scripts/generators/generate-shock-pages.js,generator_script,(unmatched),0,gallons,"q: 'How much shock per 1,000 gallons?',",unspecified,unspecified,shock,scripts/generators/generate-shock-pages.js:90,scripts/generators/generate-shock-pages.js,claim,REQUIRES_REVIEW
scripts/generators/generate-shock-pages.js,generator_script,(unmatched),0,gallons,"'</strong> units of shock product per 10,000 gallons (example). Real dosing depends on current chlorine and water quality.</p>' +",unspecified,chlorine,shock,scripts/generators/generate-shock-pages.js:134,scripts/generators/generate-shock-pages.js,claim,REQUIRES_REVIEW
scripts/generators/generate-shock-pages.js,generator_script,algae,10,ppm,"'Pick standard (about 10 ppm raise) or double for heavy algae—per label.',",unspecified,unspecified,target_range,scripts/generators/generate-shock-pages.js:160,scripts/generators/generate-shock-pages.js,claim,REQUIRES_REVIEW
scripts/generators/generate-shock-pages.js,generator_script,free_chlorine,3,ppm,"'After shock: return to <strong>1–3 ppm</strong> free chlorine for swimming <span class=""badge"">Typical</span>'",unspecified,chlorine,shock,scripts/generators/generate-shock-pages.js:175,scripts/generators/generate-shock-pages.js,claim,CONTEXTUAL
scripts/generators/generate-shock-pages.js,generator_script,total_alkalinity,120,ppm,{ html: 'Total alkalinity: <strong>80–120 ppm</strong> (typical)' },unspecified,unspecified,target_range,scripts/generators/generate-shock-pages.js:178,scripts/generators/generate-shock-pages.js,claim,CONTEXTUAL
scripts/generators/problem-cluster-config.js,generator_script,free_chlorine,5,ppm,"'To fix a green pool, you typically need shock treatment with about 2–3× normal chlorine levels. In most pools, you temporarily hold free ch",pool,chlorine,shock,scripts/generators/problem-cluster-config.js:18,scripts/generators/problem-cluster-config.js,claim,CONTEXTUAL
scripts/generators/problem-cluster-config.js,generator_script,ph,120,ppm,"'Low total alkalinity usually causes pH to swing quickly, etching or corrosion risk, and sometimes eye or skin irritation. Typically, total ",unspecified,unspecified,target_range,scripts/generators/problem-cluster-config.js:198,scripts/generators/problem-cluster-config.js,claim,REQUIRES_REVIEW
scripts/generators/problem-cluster-config.js,generator_script,total_alkalinity,120,ppm,'Use the alkalinity calculator with accurate gallons for predictable movement toward 80–120 ppm.',unspecified,unspecified,target_range,scripts/generators/problem-cluster-config.js:214,scripts/generators/problem-cluster-config.js,claim,CONTEXTUAL
scripts/generators/problem-cluster-config.js,generator_script,sanitizer,120,ppm,a: 'Many pools use 80–120 ppm; follow your surface and sanitizer system for specifics.',unspecified,unspecified,target_range,scripts/generators/problem-cluster-config.js:246,scripts/generators/problem-cluster-config.js,claim,REQUIRES_REVIEW
scripts/inject-authority-layer.js,generator_script,(unmatched),3,ppm,<li>Typical range: 1–3 ppm chlorine</li>,unspecified,chlorine,target_range,scripts/inject-authority-layer.js:16,scripts/inject-authority-layer.js,claim,REQUIRES_REVIEW
scripts/inject-calculator-related-tools.js,generator_script,(unmatched),0,gal,"ch10: ['../programmatic/chlorine/how-much-chlorine-for-10000-gallon-pool.html', 'Chlorine dose for 10,000 gal'],",pool,chlorine,target_range,scripts/inject-calculator-related-tools.js:19,scripts/inject-calculator-related-tools.js,claim,REQUIRES_REVIEW
scripts/inject-calculator-related-tools.js,generator_script,(unmatched),0,gal,"ch15: ['../programmatic/chlorine/how-much-chlorine-for-15000-gallon-pool.html', 'Chlorine dose for 15,000 gal'],",pool,chlorine,target_range,scripts/inject-calculator-related-tools.js:20,scripts/inject-calculator-related-tools.js,claim,REQUIRES_REVIEW
scripts/inject-calculator-related-tools.js,generator_script,(unmatched),0,gal,"sh10: ['../programmatic/shock/how-much-shock-for-10000-gallon-pool.html', 'Shock ounces for 10,000 gal'],",pool,unspecified,shock,scripts/inject-calculator-related-tools.js:21,scripts/inject-calculator-related-tools.js,claim,REQUIRES_REVIEW
scripts/inject-chart-answer-snippet.js,generator_script,bromine,3,ppm,'Chlorine: 1–3 ppm<br>\n' +,unspecified,chlorine,target_range,scripts/inject-chart-answer-snippet.js:31,scripts/inject-chart-answer-snippet.js,claim,REQUIRES_REVIEW
scripts/inject-chart-answer-snippet.js,generator_script,total_alkalinity,120,ppm,'Alkalinity: 80–120 ppm</p>\n' +,unspecified,unspecified,target_range,scripts/inject-chart-answer-snippet.js:33,scripts/inject-chart-answer-snippet.js,claim,CONTEXTUAL
scripts/inject-chart-answer-snippet.js,generator_script,bromine,5,ppm,'Chlorine: 3–5 ppm<br>\n' +,unspecified,chlorine,target_range,scripts/inject-chart-answer-snippet.js:40,scripts/inject-chart-answer-snippet.js,claim,CONTEXTUAL
scripts/inject-chart-answer-snippet.js,generator_script,total_alkalinity,120,ppm,'Alkalinity: 80–120 ppm</p>\n' +,unspecified,unspecified,target_range,scripts/inject-chart-answer-snippet.js:42,scripts/inject-chart-answer-snippet.js,claim,CONTEXTUAL
scripts/inject-entity-schema.js,generator_script,free_chlorine,3,ppm,"description: 'Chlorine is a chemical sanitizer used in swimming pools to kill bacteria, algae, and other pathogens. In pool water, chlorine ",pool,chlorine,target_range,scripts/inject-entity-schema.js:18,scripts/inject-entity-schema.js,claim,CONTEXTUAL
scripts/inject-entity-schema.js,generator_script,free_chlorine,3,ppm,description: 'Free chlorine is the active form of chlorine in pool water — hypochlorous acid (HOCl) and hypochlorite ion (OCl⁻) — that kills,pool,chlorine,target_range,scripts/inject-entity-schema.js:22,scripts/inject-entity-schema.js,claim,CONTEXTUAL
scripts/inject-entity-schema.js,generator_script,combined_chlorine,0.5,ppm,"description: 'Combined chlorine, or chloramines, is the portion of pool chlorine that has reacted with nitrogen compounds (from sweat, urine",pool,chlorine,target_range,scripts/inject-entity-schema.js:26,scripts/inject-entity-schema.js,claim,REQUIRES_REVIEW
scripts/inject-entity-schema.js,generator_script,free_chlorine,50,ppm,"description: 'Cyanuric acid (CYA), also called pool stabilizer or conditioner, protects free chlorine from UV degradation in outdoor pools. ",pool,chlorine,target_range,scripts/inject-entity-schema.js:30,scripts/inject-entity-schema.js,claim,REQUIRES_REVIEW
scripts/inject-entity-schema.js,generator_script,free_chlorine,100,ppm,"description: 'Cyanuric acid (CYA), also called pool stabilizer or conditioner, protects free chlorine from UV degradation in outdoor pools. ",pool,chlorine,target_range,scripts/inject-entity-schema.js:30,scripts/inject-entity-schema.js,claim,REQUIRES_REVIEW
scripts/inject-entity-schema.js,generator_script,ph,120,ppm,"description: 'Total alkalinity (TA) is the measure of alkaline substances in pool water, primarily bicarbonates, that buffer pH from sudden ",pool,unspecified,target_range,scripts/inject-entity-schema.js:34,scripts/inject-entity-schema.js,claim,REQUIRES_REVIEW
scripts/inject-entity-schema.js,generator_script,calcium_hardness,400,ppm,description: 'Calcium hardness (CH) measures the concentration of dissolved calcium in pool water. The ideal range is 200–400 ppm. Low calci,pool,unspecified,target_range,scripts/inject-entity-schema.js:38,scripts/inject-entity-schema.js,claim,CONTEXTUAL
scripts/inject-entity-schema.js,generator_script,free_chlorine,20,ppm,description: 'Pool shock treatment is the process of adding a large dose of oxidizer (usually calcium hypochlorite or sodium dichloro) to ra,pool,chlorine,shock,scripts/inject-entity-schema.js:42,scripts/inject-entity-schema.js,claim,REQUIRES_REVIEW
scripts/inject-entity-schema.js,generator_script,salt,400,ppm,"description: 'A salt water generator (SWG), also called a salt chlorine generator (SCG), produces chlorine by passing a low-salt solution th",unspecified,saltwater_chlorine_generator,target_range,scripts/inject-entity-schema.js:46,scripts/inject-entity-schema.js,claim,REQUIRES_REVIEW
scripts/inject-query-expansion.js,generator_script,free_chlorine,5,ppm,"'Above about 5 ppm free chlorine often causes odor, skin or eye irritation, and can stress covers and plastics. If readings exceed 5 ppm, pa",unspecified,chlorine,target_range,scripts/inject-query-expansion.js:47,scripts/inject-query-expansion.js,claim,CONTEXTUAL
scripts/inject-query-expansion.js,generator_script,free_chlorine,5,ppm,"'Above about 5 ppm free chlorine often causes odor, skin or eye irritation, and can stress covers and plastics. If readings exceed 5 ppm, pa",unspecified,chlorine,target_range,scripts/inject-query-expansion.js:47,scripts/inject-query-expansion.js,claim,CONTEXTUAL
scripts/inject-query-expansion.js,generator_script,sanitizer,1,ppm,"'Below about 1 ppm, bacteria and algae can grow and water may turn cloudy or green. Raise sanitizer in small steps, run the pump, and retest",unspecified,unspecified,target_range,scripts/inject-query-expansion.js:73,scripts/inject-query-expansion.js,claim,REQUIRES_REVIEW
scripts/inject-query-expansion.js,generator_script,sanitizer,5,ppm,"'Many products overlap, but hot tubs need higher sanitizer (often 3–5 ppm) and smaller volumes mean tiny errors matter. Select hot tub in th",hot_tub,unspecified,target_range,scripts/inject-query-expansion.js:77,scripts/inject-query-expansion.js,claim,REQUIRES_REVIEW
scripts/inject-query-expansion.js,generator_script,(unmatched),0,gallons,"'How much chlorine per 10,000 gallons?',",unspecified,chlorine,target_range,scripts/inject-query-expansion.js:92,scripts/inject-query-expansion.js,claim,REQUIRES_REVIEW
scripts/inject-query-expansion.js,generator_script,ph,120,ppm,'Total alkalinity buffers pH. Low alkalinity causes pH to bounce; high alkalinity can lock pH high. Stabilize alkalinity in the 80–120 ppm r,unspecified,unspecified,target_range,scripts/inject-query-expansion.js:111,scripts/inject-query-expansion.js,claim,REQUIRES_REVIEW
scripts/inject-query-expansion.js,generator_script,free_chlorine,3,ppm,'Wait until free chlorine falls back to a safe swim range—often 1–3 ppm—and water is clear. Follow product label wait times; retest rather t,unspecified,chlorine,target_range,scripts/inject-query-expansion.js:125,scripts/inject-query-expansion.js,claim,CONTEXTUAL
scripts/inject-winner-amplification.js,generator_script,(unmatched),5,ppm,"'        <li><span class=""trust-check"" aria-hidden=""true"">✓</span> <strong>Safe chlorine:</strong> 3–5 ppm</li>\n' +",unspecified,chlorine,target_range,scripts/inject-winner-amplification.js:17,scripts/inject-winner-amplification.js,claim,REQUIRES_REVIEW
scripts/inject-winner-amplification.js,generator_script,(unmatched),5,ppm,"'      <div class=""faq-item""><h3>What should hot tub chlorine be?</h3><p>Keep hot tub chlorine between 3–5 ppm. Levels below may allow bacte",hot_tub,chlorine,target_range,scripts/inject-winner-amplification.js:26,scripts/inject-winner-amplification.js,claim,REQUIRES_REVIEW
scripts/inject-winner-amplification.js,generator_script,(unmatched),3,ppm,"'        <li><span class=""trust-check"" aria-hidden=""true"">✓</span> <strong>Safe chlorine:</strong> 1–3 ppm (pools)</li>\n' +",unspecified,chlorine,target_range,scripts/inject-winner-amplification.js:34,scripts/inject-winner-amplification.js,claim,REQUIRES_REVIEW
scripts/inject-winner-amplification.js,generator_script,total_alkalinity,120,ppm,"'        <li><span class=""trust-check"" aria-hidden=""true"">✓</span> <strong>Alkalinity:</strong> 80–120 ppm</li>\n' +",unspecified,unspecified,target_range,scripts/inject-winner-amplification.js:36,scripts/inject-winner-amplification.js,claim,CONTEXTUAL
scripts/inject-winner-amplification.js,generator_script,free_chlorine,3,ppm,"'      <div class=""faq-item""><h3>What should pool chlorine be?</h3><p>Keep free chlorine between 1–3 ppm for most swimming pools. Below 1 pp",pool,chlorine,target_range,scripts/inject-winner-amplification.js:44,scripts/inject-winner-amplification.js,claim,CONTEXTUAL
scripts/inject-winner-amplification.js,generator_script,free_chlorine,1,ppm,"'      <div class=""faq-item""><h3>What should pool chlorine be?</h3><p>Keep free chlorine between 1–3 ppm for most swimming pools. Below 1 pp",pool,chlorine,target_range,scripts/inject-winner-amplification.js:44,scripts/inject-winner-amplification.js,claim,CONTEXTUAL
scripts/inject-winner-amplification.js,generator_script,free_chlorine,3,ppm,"'      <div class=""faq-item""><h3>What should pool chlorine be?</h3><p>Keep free chlorine between 1–3 ppm for most swimming pools. Below 1 pp",pool,chlorine,target_range,scripts/inject-winner-amplification.js:44,scripts/inject-winner-amplification.js,claim,CONTEXTUAL
scripts/inject-winner-amplification.js,generator_script,total_alkalinity,120,ppm,"'        <li><span class=""trust-check"" aria-hidden=""true"">✓</span> <strong>Alkalinity:</strong> 80–120 ppm</li>\n' +",unspecified,unspecified,target_range,scripts/inject-winner-amplification.js:53,scripts/inject-winner-amplification.js,claim,CONTEXTUAL
scripts/inject-winner-amplification.js,generator_script,(unmatched),30,ppm,"'        <li><span class=""trust-check"" aria-hidden=""true"">✓</span> <strong>Shock raise:</strong> often 10–30 ppm (follow label)</li>\n' +",unspecified,unspecified,shock,scripts/inject-winner-amplification.js:69,scripts/inject-winner-amplification.js,claim,REQUIRES_REVIEW
scripts/inject-winner-amplification.js,generator_script,(unmatched),3,ppm,"'        <li><span class=""trust-check"" aria-hidden=""true"">✓</span> <strong>Swim-ready chlorine:</strong> 1–3 ppm</li>\n' +",unspecified,chlorine,target_range,scripts/inject-winner-amplification.js:70,scripts/inject-winner-amplification.js,claim,REQUIRES_REVIEW
scripts/inject-winner-amplification.js,generator_script,algae,30,ppm,"'      <div class=""faq-item""><h3>How much shock does a pool need?</h3><p>Shock dose depends on gallons and how many ppm you want to raise—of",pool,unspecified,shock,scripts/inject-winner-amplification.js:78,scripts/inject-winner-amplification.js,claim,REQUIRES_REVIEW
scripts/populate-data.js,generator_script,free_chlorine,0,gallons,"workedExample: 'Pool: 15,000 gallons. Current FC: 1.0 ppm. Target FC: 3.0 ppm. Target increase: 2.0 ppm. Product: 10% sodium hypochlorite.\n",pool,chlorine,target_range,scripts/populate-data.js:111,scripts/populate-data.js,claim,REQUIRES_REVIEW
scripts/populate-data.js,generator_script,free_chlorine,1,ppm,"workedExample: 'Pool: 15,000 gallons. Current FC: 1.0 ppm. Target FC: 3.0 ppm. Target increase: 2.0 ppm. Product: 10% sodium hypochlorite.\n",pool,chlorine,target_range,scripts/populate-data.js:111,scripts/populate-data.js,claim,CONTEXTUAL
scripts/populate-data.js,generator_script,free_chlorine,3,ppm,"workedExample: 'Pool: 15,000 gallons. Current FC: 1.0 ppm. Target FC: 3.0 ppm. Target increase: 2.0 ppm. Product: 10% sodium hypochlorite.\n",pool,chlorine,target_range,scripts/populate-data.js:111,scripts/populate-data.js,claim,CONTEXTUAL
scripts/populate-data.js,generator_script,free_chlorine,2,ppm,"workedExample: 'Pool: 15,000 gallons. Current FC: 1.0 ppm. Target FC: 3.0 ppm. Target increase: 2.0 ppm. Product: 10% sodium hypochlorite.\n",pool,chlorine,target_range,scripts/populate-data.js:111,scripts/populate-data.js,claim,CONTEXTUAL
scripts/populate-data.js,generator_script,free_chlorine,0,gallons,"workedExample: 'Pool: 15,000 gallons. Current FC: 1.0 ppm. Target FC: 3.0 ppm. Target increase: 2.0 ppm. Product: 10% sodium hypochlorite.\n",pool,chlorine,target_range,scripts/populate-data.js:111,scripts/populate-data.js,claim,REQUIRES_REVIEW
scripts/populate-data.js,generator_script,free_chlorine,1,ppm,"workedExample: 'Pool: 15,000 gallons. Current FC: 1.0 ppm. Target FC: 3.0 ppm. Target increase: 2.0 ppm. Product: 10% sodium hypochlorite.\n",pool,chlorine,target_range,scripts/populate-data.js:111,scripts/populate-data.js,claim,CONTEXTUAL
scripts/populate-data.js,generator_script,free_chlorine,0,gallons,"workedExample: 'Pool: 15,000 gallons. Current FC: 1.0 ppm. Target FC: 3.0 ppm. Target increase: 2.0 ppm. Product: 10% sodium hypochlorite.\n",pool,chlorine,target_range,scripts/populate-data.js:111,scripts/populate-data.js,claim,REQUIRES_REVIEW
scripts/populate-data.js,generator_script,free_chlorine,2,ppm,"workedExample: 'Pool: 15,000 gallons. Current FC: 1.0 ppm. Target FC: 3.0 ppm. Target increase: 2.0 ppm. Product: 10% sodium hypochlorite.\n",pool,chlorine,target_range,scripts/populate-data.js:111,scripts/populate-data.js,claim,CONTEXTUAL
scripts/populate-data.js,generator_script,free_chlorine,0,gallons,"workedExample: 'Pool: 20,000 gallons. Target FC increase: 8 ppm (for breakpoint chlorination). Product: 65% calcium hypochlorite.\n\nDose = ",pool,chlorine,shock,scripts/populate-data.js:136,scripts/populate-data.js,claim,REQUIRES_REVIEW
scripts/populate-data.js,generator_script,free_chlorine,8,ppm,"workedExample: 'Pool: 20,000 gallons. Target FC increase: 8 ppm (for breakpoint chlorination). Product: 65% calcium hypochlorite.\n\nDose = ",pool,chlorine,shock,scripts/populate-data.js:136,scripts/populate-data.js,claim,REQUIRES_REVIEW
scripts/populate-data.js,generator_script,free_chlorine,24.6,lbs,"workedExample: 'Pool: 20,000 gallons. Target FC increase: 8 ppm (for breakpoint chlorination). Product: 65% calcium hypochlorite.\n\nDose = ",pool,chlorine,shock,scripts/populate-data.js:136,scripts/populate-data.js,claim,REQUIRES_REVIEW
scripts/populate-data.js,generator_script,ph,0,gal,"{ symbol: '1.8', description: 'Empirical dose factor for soda ash', unit: 'oz per 10,000 gal per pH unit' },",unspecified,unspecified,target_range,scripts/populate-data.js:157,scripts/populate-data.js,claim,REQUIRES_REVIEW
scripts/populate-data.js,generator_script,ph,0,gal,"{ symbol: '2.0', description: 'Empirical dose factor for muriatic acid (31.45%)', unit: 'fl oz per 10,000 gal per pH unit' },",unspecified,unspecified,target_range,scripts/populate-data.js:158,scripts/populate-data.js,claim,REQUIRES_REVIEW
scripts/populate-data.js,generator_script,ph,0,gallons,"workedExample: 'Pool: 15,000 gallons. Current pH: 8.1. Target pH: 7.4. ΔpH = 0.7.\n\nUsing muriatic acid: Dose = 15,000 × 0.7 × 2.0 / 10,000",pool,unspecified,target_range,scripts/populate-data.js:160,scripts/populate-data.js,calculation,REQUIRES_REVIEW
scripts/populate-data.js,generator_script,ph,0,gal,"workedExample: 'Pool: 15,000 gallons. Current pH: 8.1. Target pH: 7.4. ΔpH = 0.7.\n\nUsing muriatic acid: Dose = 15,000 × 0.7 × 2.0 / 10,000",pool,unspecified,target_range,scripts/populate-data.js:160,scripts/populate-data.js,calculation,REQUIRES_REVIEW
scripts/populate-data.js,generator_script,ph,120,ppm,explanation: 'pH adjustment doses are highly dependent on total alkalinity. Water with high alkalinity (above 120 ppm) resists pH change and,pool,unspecified,target_range,scripts/populate-data.js:161,scripts/populate-data.js,claim,REQUIRES_REVIEW
scripts/populate-data.js,generator_script,ph,60,ppm,explanation: 'pH adjustment doses are highly dependent on total alkalinity. Water with high alkalinity (above 120 ppm) resists pH change and,pool,unspecified,target_range,scripts/populate-data.js:161,scripts/populate-data.js,claim,REQUIRES_REVIEW
scripts/populate-data.js,generator_script,ph,120,ppm,explanation: 'pH adjustment doses are highly dependent on total alkalinity. Water with high alkalinity (above 120 ppm) resists pH change and,pool,unspecified,target_range,scripts/populate-data.js:161,scripts/populate-data.js,claim,REQUIRES_REVIEW
scripts/populate-data.js,generator_script,total_alkalinity,120,ppm,summary: 'Total alkalinity adjustment is the first step in water balancing. This formula calculates the correct dose of sodium bicarbonate o,unspecified,unspecified,target_range,scripts/populate-data.js:173,scripts/populate-data.js,calculation,CONTEXTUAL
scripts/populate-data.js,generator_script,total_alkalinity,0,gallons,"workedExample: 'Pool: 15,000 gallons. Current TA: 55 ppm. Target TA: 90 ppm. ΔTA = 35 ppm.\n\nDose (lbs) = 15,000 × 35 / 7,500 = 525,000 / 7",pool,unspecified,target_range,scripts/populate-data.js:184,scripts/populate-data.js,claim,REQUIRES_REVIEW
scripts/populate-data.js,generator_script,total_alkalinity,55,ppm,"workedExample: 'Pool: 15,000 gallons. Current TA: 55 ppm. Target TA: 90 ppm. ΔTA = 35 ppm.\n\nDose (lbs) = 15,000 × 35 / 7,500 = 525,000 / 7",pool,unspecified,target_range,scripts/populate-data.js:184,scripts/populate-data.js,claim,REQUIRES_REVIEW
scripts/populate-data.js,generator_script,total_alkalinity,90,ppm,"workedExample: 'Pool: 15,000 gallons. Current TA: 55 ppm. Target TA: 90 ppm. ΔTA = 35 ppm.\n\nDose (lbs) = 15,000 × 35 / 7,500 = 525,000 / 7",pool,unspecified,target_range,scripts/populate-data.js:184,scripts/populate-data.js,claim,CONTEXTUAL
scripts/populate-data.js,generator_script,total_alkalinity,35,ppm,"workedExample: 'Pool: 15,000 gallons. Current TA: 55 ppm. Target TA: 90 ppm. ΔTA = 35 ppm.\n\nDose (lbs) = 15,000 × 35 / 7,500 = 525,000 / 7",pool,unspecified,target_range,scripts/populate-data.js:184,scripts/populate-data.js,claim,REQUIRES_REVIEW
scripts/populate-data.js,generator_script,total_alkalinity,70,lbs,"workedExample: 'Pool: 15,000 gallons. Current TA: 55 ppm. Target TA: 90 ppm. ΔTA = 35 ppm.\n\nDose (lbs) = 15,000 × 35 / 7,500 = 525,000 / 7",pool,unspecified,target_range,scripts/populate-data.js:184,scripts/populate-data.js,claim,REQUIRES_REVIEW
scripts/populate-data.js,generator_script,total_alkalinity,1.5,lbs,"workedExample: 'Pool: 15,000 gallons. Current TA: 55 ppm. Target TA: 90 ppm. ΔTA = 35 ppm.\n\nDose (lbs) = 15,000 × 35 / 7,500 = 525,000 / 7",pool,unspecified,target_range,scripts/populate-data.js:184,scripts/populate-data.js,claim,REQUIRES_REVIEW
scripts/populate-data.js,generator_script,total_alkalinity,0,gallons,"workedExample: 'Pool: 15,000 gallons. Current TA: 55 ppm. Target TA: 90 ppm. ΔTA = 35 ppm.\n\nDose (lbs) = 15,000 × 35 / 7,500 = 525,000 / 7",pool,unspecified,target_range,scripts/populate-data.js:184,scripts/populate-data.js,claim,REQUIRES_REVIEW
scripts/populate-data.js,generator_script,total_alkalinity,10,ppm,"workedExample: 'Pool: 15,000 gallons. Current TA: 55 ppm. Target TA: 90 ppm. ΔTA = 35 ppm.\n\nDose (lbs) = 15,000 × 35 / 7,500 = 525,000 / 7",pool,unspecified,target_range,scripts/populate-data.js:184,scripts/populate-data.js,claim,REQUIRES_REVIEW
scripts/populate-data.js,generator_script,total_alkalinity,0,gallons,"workedExample: 'Pool: 15,000 gallons. Current TA: 55 ppm. Target TA: 90 ppm. ΔTA = 35 ppm.\n\nDose (lbs) = 15,000 × 35 / 7,500 = 525,000 / 7",pool,unspecified,target_range,scripts/populate-data.js:184,scripts/populate-data.js,claim,REQUIRES_REVIEW
scripts/populate-data.js,generator_script,total_alkalinity,35,ppm,"workedExample: 'Pool: 15,000 gallons. Current TA: 55 ppm. Target TA: 90 ppm. ΔTA = 35 ppm.\n\nDose (lbs) = 15,000 × 35 / 7,500 = 525,000 / 7",pool,unspecified,target_range,scripts/populate-data.js:184,scripts/populate-data.js,claim,REQUIRES_REVIEW
scripts/populate-data.js,generator_script,total_alkalinity,7.9,lbs,"workedExample: 'Pool: 15,000 gallons. Current TA: 55 ppm. Target TA: 90 ppm. ΔTA = 35 ppm.\n\nDose (lbs) = 15,000 × 35 / 7,500 = 525,000 / 7",pool,unspecified,target_range,scripts/populate-data.js:184,scripts/populate-data.js,claim,REQUIRES_REVIEW
scripts/populate-data.js,generator_script,total_alkalinity,4,lbs,"workedExample: 'Pool: 15,000 gallons. Current TA: 55 ppm. Target TA: 90 ppm. ΔTA = 35 ppm.\n\nDose (lbs) = 15,000 × 35 / 7,500 = 525,000 / 7",pool,unspecified,target_range,scripts/populate-data.js:184,scripts/populate-data.js,claim,REQUIRES_REVIEW
scripts/populate-data.js,generator_script,ph,6.7,ppm,explanation: 'Sodium bicarbonate (baking soda) raises total alkalinity with a minimal effect on pH. It is the safest and most practical prod,unspecified,unspecified,target_range,scripts/populate-data.js:185,scripts/populate-data.js,claim,REQUIRES_REVIEW
scripts/populate-data.js,generator_script,ph,0,gallons,explanation: 'Sodium bicarbonate (baking soda) raises total alkalinity with a minimal effect on pH. It is the safest and most practical prod,unspecified,unspecified,target_range,scripts/populate-data.js:185,scripts/populate-data.js,claim,REQUIRES_REVIEW
scripts/populate-data.js,generator_script,ph,200,ppm,limitations: 'The relationship between bicarbonate addition and TA increase is reasonably linear but varies with current water chemistry. Ve,unspecified,unspecified,target_range,scripts/populate-data.js:186,scripts/populate-data.js,claim,REQUIRES_REVIEW
scripts/populate-data.js,generator_script,salt,400,ppm,"summary: 'Salt chlorinators require 2,700–3,400 ppm dissolved sodium chloride. This formula calculates the exact amount of salt to add for a",pool,saltwater_chlorine_generator,target_range,scripts/populate-data.js:197,scripts/populate-data.js,calculation,REQUIRES_REVIEW
scripts/populate-data.js,generator_script,salt,1,lb,"equation: 'Dose (lbs) = V × ΔS / 120,000\n\nWhere: 1 lb of salt raises 10,000 gallons by approximately 12 ppm',",unspecified,saltwater_chlorine_generator,target_range,scripts/populate-data.js:201,scripts/populate-data.js,claim,REQUIRES_REVIEW
scripts/populate-data.js,generator_script,salt,0,gallons,"equation: 'Dose (lbs) = V × ΔS / 120,000\n\nWhere: 1 lb of salt raises 10,000 gallons by approximately 12 ppm',",unspecified,saltwater_chlorine_generator,target_range,scripts/populate-data.js:201,scripts/populate-data.js,claim,REQUIRES_REVIEW
scripts/populate-data.js,generator_script,salt,12,ppm,"equation: 'Dose (lbs) = V × ΔS / 120,000\n\nWhere: 1 lb of salt raises 10,000 gallons by approximately 12 ppm',",unspecified,saltwater_chlorine_generator,target_range,scripts/populate-data.js:201,scripts/populate-data.js,claim,REQUIRES_REVIEW
scripts/populate-data.js,generator_script,salt,0,gallons,"workedExample: 'Pool: 18,000 gallons. Current salt: 2,200 ppm. Target: 3,200 ppm. ΔS = 1,000 ppm.\n\nDose = 18,000 × 1,000 / 120,000 = 18,00",pool,saltwater_chlorine_generator,target_range,scripts/populate-data.js:207,scripts/populate-data.js,claim,REQUIRES_REVIEW
scripts/populate-data.js,generator_script,salt,200,ppm,"workedExample: 'Pool: 18,000 gallons. Current salt: 2,200 ppm. Target: 3,200 ppm. ΔS = 1,000 ppm.\n\nDose = 18,000 × 1,000 / 120,000 = 18,00",pool,saltwater_chlorine_generator,target_range,scripts/populate-data.js:207,scripts/populate-data.js,claim,REQUIRES_REVIEW
scripts/populate-data.js,generator_script,salt,200,ppm,"workedExample: 'Pool: 18,000 gallons. Current salt: 2,200 ppm. Target: 3,200 ppm. ΔS = 1,000 ppm.\n\nDose = 18,000 × 1,000 / 120,000 = 18,00",pool,saltwater_chlorine_generator,target_range,scripts/populate-data.js:207,scripts/populate-data.js,claim,REQUIRES_REVIEW
scripts/populate-data.js,generator_script,salt,0,ppm,"workedExample: 'Pool: 18,000 gallons. Current salt: 2,200 ppm. Target: 3,200 ppm. ΔS = 1,000 ppm.\n\nDose = 18,000 × 1,000 / 120,000 = 18,00",pool,saltwater_chlorine_generator,target_range,scripts/populate-data.js:207,scripts/populate-data.js,claim,REQUIRES_REVIEW
scripts/populate-data.js,generator_script,salt,150,lbs,"workedExample: 'Pool: 18,000 gallons. Current salt: 2,200 ppm. Target: 3,200 ppm. ΔS = 1,000 ppm.\n\nDose = 18,000 × 1,000 / 120,000 = 18,00",pool,saltwater_chlorine_generator,target_range,scripts/populate-data.js:207,scripts/populate-data.js,claim,REQUIRES_REVIEW
scripts/populate-data.js,generator_script,cyanuric_acid,0,gallons,"workedExample: 'Pool: 15,000 gallons. Current CYA: 10 ppm (new fill). Target CYA: 40 ppm. ΔCYA = 30 ppm.\n\nDose = 15,000 × 30 / 7,700 = 450",pool,chlorine,target_range,scripts/populate-data.js:231,scripts/populate-data.js,claim,REQUIRES_REVIEW
scripts/populate-data.js,generator_script,cyanuric_acid,10,ppm,"workedExample: 'Pool: 15,000 gallons. Current CYA: 10 ppm (new fill). Target CYA: 40 ppm. ΔCYA = 30 ppm.\n\nDose = 15,000 × 30 / 7,700 = 450",pool,chlorine,target_range,scripts/populate-data.js:231,scripts/populate-data.js,claim,CONTEXTUAL
scripts/populate-data.js,generator_script,cyanuric_acid,40,ppm,"workedExample: 'Pool: 15,000 gallons. Current CYA: 10 ppm (new fill). Target CYA: 40 ppm. ΔCYA = 30 ppm.\n\nDose = 15,000 × 30 / 7,700 = 450",pool,chlorine,target_range,scripts/populate-data.js:231,scripts/populate-data.js,claim,REQUIRES_REVIEW
scripts/populate-data.js,generator_script,cyanuric_acid,30,ppm,"workedExample: 'Pool: 15,000 gallons. Current CYA: 10 ppm (new fill). Target CYA: 40 ppm. ΔCYA = 30 ppm.\n\nDose = 15,000 × 30 / 7,700 = 450",pool,chlorine,target_range,scripts/populate-data.js:231,scripts/populate-data.js,claim,REQUIRES_REVIEW
scripts/populate-data.js,generator_script,cyanuric_acid,58,oz,"workedExample: 'Pool: 15,000 gallons. Current CYA: 10 ppm (new fill). Target CYA: 40 ppm. ΔCYA = 30 ppm.\n\nDose = 15,000 × 30 / 7,700 = 450",pool,chlorine,target_range,scripts/populate-data.js:231,scripts/populate-data.js,claim,REQUIRES_REVIEW
scripts/populate-data.js,generator_script,cyanuric_acid,5,ppm,"workedExample: 'Pool: 15,000 gallons. Current CYA: 10 ppm (new fill). Target CYA: 40 ppm. ΔCYA = 30 ppm.\n\nDose = 15,000 × 30 / 7,700 = 450",pool,chlorine,target_range,scripts/populate-data.js:231,scripts/populate-data.js,claim,CONTEXTUAL
scripts/populate-data.js,generator_script,cyanuric_acid,100,ppm,"limitations: 'CYA cannot be reduced without dilution. Once CYA exceeds 80–100 ppm, the only remedy is to drain a portion of the pool and ref",both,chlorine,target_range,scripts/populate-data.js:233,scripts/populate-data.js,claim,REQUIRES_REVIEW
scripts/populate-data.js,generator_script,ph,82,°f,"workedExample: 'Pool data: pH 7.4, temperature 82°F, calcium hardness 280 ppm, total alkalinity 100 ppm.\n\nLookup values (from PHTA tables)",pool,unspecified,target_range,scripts/populate-data.js:280,scripts/populate-data.js,claim,REQUIRES_REVIEW
scripts/populate-data.js,generator_script,ph,280,ppm,"workedExample: 'Pool data: pH 7.4, temperature 82°F, calcium hardness 280 ppm, total alkalinity 100 ppm.\n\nLookup values (from PHTA tables)",pool,unspecified,target_range,scripts/populate-data.js:280,scripts/populate-data.js,claim,REQUIRES_REVIEW
scripts/populate-data.js,generator_script,ph,100,ppm,"workedExample: 'Pool data: pH 7.4, temperature 82°F, calcium hardness 280 ppm, total alkalinity 100 ppm.\n\nLookup values (from PHTA tables)",pool,unspecified,target_range,scripts/populate-data.js:280,scripts/populate-data.js,claim,REQUIRES_REVIEW
scripts/populate-data.js,generator_script,ph,82,°f,"workedExample: 'Pool data: pH 7.4, temperature 82°F, calcium hardness 280 ppm, total alkalinity 100 ppm.\n\nLookup values (from PHTA tables)",pool,unspecified,target_range,scripts/populate-data.js:280,scripts/populate-data.js,claim,REQUIRES_REVIEW
scripts/populate-data.js,generator_script,ph,280,ppm,"workedExample: 'Pool data: pH 7.4, temperature 82°F, calcium hardness 280 ppm, total alkalinity 100 ppm.\n\nLookup values (from PHTA tables)",pool,unspecified,target_range,scripts/populate-data.js:280,scripts/populate-data.js,claim,REQUIRES_REVIEW
scripts/populate-data.js,generator_script,ph,100,ppm,"workedExample: 'Pool data: pH 7.4, temperature 82°F, calcium hardness 280 ppm, total alkalinity 100 ppm.\n\nLookup values (from PHTA tables)",pool,unspecified,target_range,scripts/populate-data.js:280,scripts/populate-data.js,claim,REQUIRES_REVIEW
scripts/populate-data.js,generator_script,cyanuric_acid,30,ppm,limitations: 'The LSI was originally developed for large water distribution systems and is an approximation for pool conditions. It does not,pool,unspecified,target_range,scripts/populate-data.js:282,scripts/populate-data.js,claim,REQUIRES_REVIEW
js/calc-utils.js,client_js,(unmatched),10,ppm,/** Shock: granular shock to reach target ppm (e.g. 10 ppm) */,unspecified,unspecified,shock,js/calc-utils.js:46,"(data file, no direct generator)",claim,REQUIRES_REVIEW
js/calc-utils.js,client_js,salt,1,lb,"/** Salt: pounds of salt to raise from current to target ppm. ~1 lb per 10,000 gal ≈ 12 ppm */",unspecified,saltwater_chlorine_generator,target_range,js/calc-utils.js:89,"(data file, no direct generator)",claim,REQUIRES_REVIEW
js/calc-utils.js,client_js,salt,0,gal,"/** Salt: pounds of salt to raise from current to target ppm. ~1 lb per 10,000 gal ≈ 12 ppm */",unspecified,saltwater_chlorine_generator,target_range,js/calc-utils.js:89,"(data file, no direct generator)",claim,REQUIRES_REVIEW
js/calc-utils.js,client_js,salt,12,ppm,"/** Salt: pounds of salt to raise from current to target ppm. ~1 lb per 10,000 gal ≈ 12 ppm */",unspecified,saltwater_chlorine_generator,target_range,js/calc-utils.js:89,"(data file, no direct generator)",claim,REQUIRES_REVIEW
js/calc-utils.js,client_js,cyanuric_acid,13,oz,"/** CYA: ounces of stabilizer to raise from current to target. ~13 oz per 10,000 gal per 10 ppm */",unspecified,unspecified,target_range,js/calc-utils.js:100,"(data file, no direct generator)",claim,REQUIRES_REVIEW
js/calc-utils.js,client_js,cyanuric_acid,0,gal,"/** CYA: ounces of stabilizer to raise from current to target. ~13 oz per 10,000 gal per 10 ppm */",unspecified,unspecified,target_range,js/calc-utils.js:100,"(data file, no direct generator)",claim,REQUIRES_REVIEW
js/calc-utils.js,client_js,cyanuric_acid,10,ppm,"/** CYA: ounces of stabilizer to raise from current to target. ~13 oz per 10,000 gal per 10 ppm */",unspecified,unspecified,target_range,js/calc-utils.js:100,"(data file, no direct generator)",claim,CONTEXTUAL
js/calc-utils.js,client_js,total_alkalinity,1.4,lb,"/** Alkalinity: sodium bicarbonate. ~1.4 lb per 10,000 gal raises 10 ppm → oz = (g/10000)*(ppm/10)*22.4 */",unspecified,unspecified,target_range,js/calc-utils.js:111,"(data file, no direct generator)",claim,REQUIRES_REVIEW
js/calc-utils.js,client_js,total_alkalinity,0,gal,"/** Alkalinity: sodium bicarbonate. ~1.4 lb per 10,000 gal raises 10 ppm → oz = (g/10000)*(ppm/10)*22.4 */",unspecified,unspecified,target_range,js/calc-utils.js:111,"(data file, no direct generator)",claim,REQUIRES_REVIEW
js/calc-utils.js,client_js,total_alkalinity,10,ppm,"/** Alkalinity: sodium bicarbonate. ~1.4 lb per 10,000 gal raises 10 ppm → oz = (g/10000)*(ppm/10)*22.4 */",unspecified,unspecified,target_range,js/calc-utils.js:111,"(data file, no direct generator)",claim,REQUIRES_REVIEW
js/calculator.js,client_js,(unmatched),1,oz,"* Granular shock: ~1 oz per 10,000 gal per 1 ppm",unspecified,unspecified,shock,js/calculator.js:27,"(data file, no direct generator)",claim,REQUIRES_REVIEW
js/calculator.js,client_js,(unmatched),0,gal,"* Granular shock: ~1 oz per 10,000 gal per 1 ppm",unspecified,unspecified,shock,js/calculator.js:27,"(data file, no direct generator)",claim,REQUIRES_REVIEW
js/calculator.js,client_js,(unmatched),1,ppm,"* Granular shock: ~1 oz per 10,000 gal per 1 ppm",unspecified,unspecified,shock,js/calculator.js:27,"(data file, no direct generator)",claim,REQUIRES_REVIEW
js/calculator.js,client_js,(unmatched),1,oz,"* Chlorine tablets (trichlor): ~1 oz per 12,000 gal per 1 ppm (approx)",unspecified,chlorine,target_range,js/calculator.js:34,"(data file, no direct generator)",claim,REQUIRES_REVIEW
js/calculator.js,client_js,(unmatched),0,gal,"* Chlorine tablets (trichlor): ~1 oz per 12,000 gal per 1 ppm (approx)",unspecified,chlorine,target_range,js/calculator.js:34,"(data file, no direct generator)",claim,REQUIRES_REVIEW
js/calculator.js,client_js,(unmatched),1,ppm,"* Chlorine tablets (trichlor): ~1 oz per 12,000 gal per 1 ppm (approx)",unspecified,chlorine,target_range,js/calculator.js:34,"(data file, no direct generator)",claim,REQUIRES_REVIEW
js/result-renderer.js,client_js,ph,1.3,oz,"// Matches ""1.3 oz liquid chlorine"", ""0.4 oz pH reducer"", ""2 oz soda ash"", etc.",unspecified,chlorine,target_range,js/result-renderer.js:16,"(data file, no direct generator)",claim,REQUIRES_REVIEW
js/result-renderer.js,client_js,ph,0.4,oz,"// Matches ""1.3 oz liquid chlorine"", ""0.4 oz pH reducer"", ""2 oz soda ash"", etc.",unspecified,chlorine,target_range,js/result-renderer.js:16,"(data file, no direct generator)",claim,REQUIRES_REVIEW
js/result-renderer.js,client_js,ph,2,oz,"// Matches ""1.3 oz liquid chlorine"", ""0.4 oz pH reducer"", ""2 oz soda ash"", etc.",unspecified,chlorine,target_range,js/result-renderer.js:16,"(data file, no direct generator)",claim,REQUIRES_REVIEW
data/academy.json,data_json,free_chlorine,3,ppm,"""Free chlorine should be 1–3 ppm for pools and 3–5 ppm for hot tubs."",",hot_tub,chlorine,target_range,data/academy.json:71,"(data file, no direct generator)",claim,CONTEXTUAL
data/academy.json,data_json,free_chlorine,5,ppm,"""Free chlorine should be 1–3 ppm for pools and 3–5 ppm for hot tubs."",",hot_tub,chlorine,target_range,data/academy.json:71,"(data file, no direct generator)",claim,CONTEXTUAL
data/academy.json,data_json,ph,120,ppm,"""Total alkalinity between 80 and 120 ppm stabilises pH and prevents rapid swings."",",unspecified,unspecified,target_range,data/academy.json:73,"(data file, no direct generator)",claim,REQUIRES_REVIEW
data/academy.json,data_json,cyanuric_acid,80,ppm,"""Cyanuric acid above 80 ppm significantly reduces chlorine effectiveness even when the reading looks correct.""",unspecified,chlorine,target_range,data/academy.json:74,"(data file, no direct generator)",claim,REQUIRES_REVIEW
data/academy.json,data_json,ph,1,ppm,"""body"": ""Free chlorine (FC) is the active disinfectant in pool water. It kills bacteria, viruses, and algae by oxidising their cell walls on",pool,chlorine,safety_guidance,data/academy.json:80,"(data file, no direct generator)",claim,REQUIRES_REVIEW
data/academy.json,data_json,ph,3,ppm,"""body"": ""Free chlorine (FC) is the active disinfectant in pool water. It kills bacteria, viruses, and algae by oxidising their cell walls on",pool,chlorine,safety_guidance,data/academy.json:80,"(data file, no direct generator)",claim,REQUIRES_REVIEW
data/academy.json,data_json,ph,120,ppm,"""body"": ""Total alkalinity (TA) acts as a pH buffer. Without adequate alkalinity (target 80–120 ppm), pH swings wildly with every chemical ad",unspecified,chlorine,target_range,data/academy.json:90,"(data file, no direct generator)",claim,REQUIRES_REVIEW
data/academy.json,data_json,ph,50,ppm,"""body"": ""Total alkalinity (TA) acts as a pH buffer. Without adequate alkalinity (target 80–120 ppm), pH swings wildly with every chemical ad",unspecified,chlorine,target_range,data/academy.json:90,"(data file, no direct generator)",claim,REQUIRES_REVIEW
data/academy.json,data_json,ph,80,ppm,"""body"": ""Total alkalinity (TA) acts as a pH buffer. Without adequate alkalinity (target 80–120 ppm), pH swings wildly with every chemical ad",unspecified,chlorine,target_range,data/academy.json:90,"(data file, no direct generator)",claim,REQUIRES_REVIEW
data/academy.json,data_json,ph,3,ppm,"""body"": ""Total alkalinity (TA) acts as a pH buffer. Without adequate alkalinity (target 80–120 ppm), pH swings wildly with every chemical ad",unspecified,chlorine,target_range,data/academy.json:90,"(data file, no direct generator)",claim,REQUIRES_REVIEW
data/academy.json,data_json,ph,0.5,ppm,"""body"": ""Test shows FC 0.5 ppm, pH 7.8, TA 140 ppm, CYA 60 ppm. Low FC is the immediate problem, but the high pH explains why it depleted so",unspecified,chlorine,troubleshooting,data/academy.json:96,"(data file, no direct generator)",claim,REQUIRES_REVIEW
data/academy.json,data_json,ph,140,ppm,"""body"": ""Test shows FC 0.5 ppm, pH 7.8, TA 140 ppm, CYA 60 ppm. Low FC is the immediate problem, but the high pH explains why it depleted so",unspecified,chlorine,troubleshooting,data/academy.json:96,"(data file, no direct generator)",claim,REQUIRES_REVIEW
data/academy.json,data_json,ph,60,ppm,"""body"": ""Test shows FC 0.5 ppm, pH 7.8, TA 140 ppm, CYA 60 ppm. Low FC is the immediate problem, but the high pH explains why it depleted so",unspecified,chlorine,troubleshooting,data/academy.json:96,"(data file, no direct generator)",claim,REQUIRES_REVIEW
data/academy.json,data_json,water_temperature,70,°f,"""Temperature is a major LSI factor — the same water chemistry at 70°F is less likely to scale than at 100°F.""",unspecified,unspecified,target_range,data/academy.json:157,"(data file, no direct generator)",claim,REQUIRES_REVIEW
data/academy.json,data_json,water_temperature,100,°f,"""Temperature is a major LSI factor — the same water chemistry at 70°F is less likely to scale than at 100°F.""",unspecified,unspecified,target_range,data/academy.json:157,"(data file, no direct generator)",claim,REQUIRES_REVIEW
data/academy.json,data_json,ph,120,ppm,"""body"": ""Start by adjusting total alkalinity to 80–120 ppm, which supports stable pH. Then bring pH into the 7.2–7.6 range. Finally, verify ",pool,unspecified,target_range,data/academy.json:173,"(data file, no direct generator)",calculation,REQUIRES_REVIEW
data/academy.json,data_json,ph,400,ppm,"""body"": ""Start by adjusting total alkalinity to 80–120 ppm, which supports stable pH. Then bring pH into the 7.2–7.6 range. Finally, verify ",pool,unspecified,target_range,data/academy.json:173,"(data file, no direct generator)",calculation,REQUIRES_REVIEW
data/academy.json,data_json,ph,250,ppm,"""body"": ""Start by adjusting total alkalinity to 80–120 ppm, which supports stable pH. Then bring pH into the 7.2–7.6 range. Finally, verify ",pool,unspecified,target_range,data/academy.json:173,"(data file, no direct generator)",calculation,REQUIRES_REVIEW
data/academy.json,data_json,ph,80,ppm,"""body"": ""A new plaster pool filled with soft municipal water shows calcium hardness 80 ppm, pH 7.0, TA 60 ppm at 75°F — an LSI of approximat",pool,unspecified,troubleshooting,data/academy.json:179,"(data file, no direct generator)",claim,REQUIRES_REVIEW
data/academy.json,data_json,ph,60,ppm,"""body"": ""A new plaster pool filled with soft municipal water shows calcium hardness 80 ppm, pH 7.0, TA 60 ppm at 75°F — an LSI of approximat",pool,unspecified,troubleshooting,data/academy.json:179,"(data file, no direct generator)",claim,REQUIRES_REVIEW
data/academy.json,data_json,ph,75,°f,"""body"": ""A new plaster pool filled with soft municipal water shows calcium hardness 80 ppm, pH 7.0, TA 60 ppm at 75°F — an LSI of approximat",pool,unspecified,troubleshooting,data/academy.json:179,"(data file, no direct generator)",claim,REQUIRES_REVIEW
data/academy.json,data_json,ph,90,ppm,"""body"": ""A new plaster pool filled with soft municipal water shows calcium hardness 80 ppm, pH 7.0, TA 60 ppm at 75°F — an LSI of approximat",pool,unspecified,troubleshooting,data/academy.json:179,"(data file, no direct generator)",claim,REQUIRES_REVIEW
data/academy.json,data_json,ph,250,ppm,"""body"": ""A new plaster pool filled with soft municipal water shows calcium hardness 80 ppm, pH 7.0, TA 60 ppm at 75°F — an LSI of approximat",pool,unspecified,troubleshooting,data/academy.json:179,"(data file, no direct generator)",claim,REQUIRES_REVIEW
data/academy.json,data_json,water_temperature,100,°f,"""Ignoring water temperature when using the LSI — a heated spa at 100°F has a significantly higher scaling risk than a pool at 70°F with iden",both,unspecified,target_range,data/academy.json:184,"(data file, no direct generator)",claim,REQUIRES_REVIEW
data/academy.json,data_json,water_temperature,70,°f,"""Ignoring water temperature when using the LSI — a heated spa at 100°F has a significantly higher scaling risk than a pool at 70°F with iden",both,unspecified,target_range,data/academy.json:184,"(data file, no direct generator)",claim,REQUIRES_REVIEW
data/academy.json,data_json,free_chlorine,3,ppm,"""Free chlorine (1–3 ppm) is the test most directly linked to swimmer health."",",unspecified,chlorine,target_range,data/academy.json:234,"(data file, no direct generator)",claim,CONTEXTUAL
data/academy.json,data_json,ph,120,ppm,"""Total alkalinity (80–120 ppm) buffers pH against sudden changes."",",unspecified,unspecified,target_range,data/academy.json:236,"(data file, no direct generator)",claim,REQUIRES_REVIEW
data/academy.json,data_json,calcium_hardness,400,ppm,"""Calcium hardness (200–400 ppm for plaster pools) protects pool surfaces and equipment.""",pool,unspecified,target_range,data/academy.json:237,"(data file, no direct generator)",claim,CONTEXTUAL
data/academy.json,data_json,free_chlorine,3,ppm,"""body"": ""Free chlorine (FC) is the most critical safety test. It measures the chlorine that is actively available to sanitise water. Target ",hot_tub,chlorine,safety_guidance,data/academy.json:243,"(data file, no direct generator)",claim,CONTEXTUAL
data/academy.json,data_json,free_chlorine,5,ppm,"""body"": ""Free chlorine (FC) is the most critical safety test. It measures the chlorine that is actively available to sanitise water. Target ",hot_tub,chlorine,safety_guidance,data/academy.json:243,"(data file, no direct generator)",claim,CONTEXTUAL
data/academy.json,data_json,free_chlorine,1,ppm,"""body"": ""Free chlorine (FC) is the most critical safety test. It measures the chlorine that is actively available to sanitise water. Target ",hot_tub,chlorine,safety_guidance,data/academy.json:243,"(data file, no direct generator)",claim,CONTEXTUAL
data/academy.json,data_json,free_chlorine,5,ppm,"""body"": ""Free chlorine (FC) is the most critical safety test. It measures the chlorine that is actively available to sanitise water. Target ",hot_tub,chlorine,safety_guidance,data/academy.json:243,"(data file, no direct generator)",claim,CONTEXTUAL
data/academy.json,data_json,ph,120,ppm,"""body"": ""Total alkalinity (80–120 ppm) is tested weekly in new pools or monthly once stable. Alkalinity adjustment is the foundation of pH s",pool,unspecified,troubleshooting,data/academy.json:253,"(data file, no direct generator)",claim,REQUIRES_REVIEW
data/academy.json,data_json,ph,400,ppm,"""body"": ""Total alkalinity (80–120 ppm) is tested weekly in new pools or monthly once stable. Alkalinity adjustment is the foundation of pH s",pool,unspecified,troubleshooting,data/academy.json:253,"(data file, no direct generator)",claim,REQUIRES_REVIEW
data/academy.json,data_json,ph,250,ppm,"""body"": ""Total alkalinity (80–120 ppm) is tested weekly in new pools or monthly once stable. Alkalinity adjustment is the foundation of pH s",pool,unspecified,troubleshooting,data/academy.json:253,"(data file, no direct generator)",claim,REQUIRES_REVIEW
data/academy.json,data_json,ph,1,ppm,"""body"": ""A pool owner runs a full test in July: FC 1.0 ppm, pH 7.7, TA 90 ppm, hardness 280 ppm, CYA 45 ppm. The pH at 7.7 is borderline hig",pool,chlorine,target_range,data/academy.json:259,"(data file, no direct generator)",claim,REQUIRES_REVIEW
data/academy.json,data_json,ph,90,ppm,"""body"": ""A pool owner runs a full test in July: FC 1.0 ppm, pH 7.7, TA 90 ppm, hardness 280 ppm, CYA 45 ppm. The pH at 7.7 is borderline hig",pool,chlorine,target_range,data/academy.json:259,"(data file, no direct generator)",claim,REQUIRES_REVIEW
data/academy.json,data_json,ph,280,ppm,"""body"": ""A pool owner runs a full test in July: FC 1.0 ppm, pH 7.7, TA 90 ppm, hardness 280 ppm, CYA 45 ppm. The pH at 7.7 is borderline hig",pool,chlorine,target_range,data/academy.json:259,"(data file, no direct generator)",claim,REQUIRES_REVIEW
data/academy.json,data_json,ph,45,ppm,"""body"": ""A pool owner runs a full test in July: FC 1.0 ppm, pH 7.7, TA 90 ppm, hardness 280 ppm, CYA 45 ppm. The pH at 7.7 is borderline hig",pool,chlorine,target_range,data/academy.json:259,"(data file, no direct generator)",claim,REQUIRES_REVIEW
data/academy.json,data_json,(unmatched),5,ppm,"""Hot tub chlorine target is 3–5 ppm vs 1–3 ppm for pools, because heat and bather concentration are higher."",",hot_tub,chlorine,target_range,data/academy.json:313,"(data file, no direct generator)",claim,REQUIRES_REVIEW
data/academy.json,data_json,(unmatched),3,ppm,"""Hot tub chlorine target is 3–5 ppm vs 1–3 ppm for pools, because heat and bather concentration are higher."",",hot_tub,chlorine,target_range,data/academy.json:313,"(data file, no direct generator)",claim,REQUIRES_REVIEW
data/academy.json,data_json,(unmatched),0,gallons,"""body"": ""A small pool holds 10,000–25,000 gallons. A hot tub holds 300–500 gallons. When a single bather enters a hot tub, the effective bat",both,chlorine,target_range,data/academy.json:321,"(data file, no direct generator)",claim,REQUIRES_REVIEW
data/academy.json,data_json,(unmatched),500,gallons,"""body"": ""A small pool holds 10,000–25,000 gallons. A hot tub holds 300–500 gallons. When a single bather enters a hot tub, the effective bat",both,chlorine,target_range,data/academy.json:321,"(data file, no direct generator)",claim,REQUIRES_REVIEW
data/academy.json,data_json,ph,104,°f,"""body"": ""Hot tub water typically operates at 98–104°F. Higher temperatures speed up all chemical reactions, including chlorine consumption, ",both,chlorine,target_range,data/academy.json:326,"(data file, no direct generator)",claim,REQUIRES_REVIEW
data/academy.json,data_json,ph,80,°f,"""body"": ""Hot tub water typically operates at 98–104°F. Higher temperatures speed up all chemical reactions, including chlorine consumption, ",both,chlorine,target_range,data/academy.json:326,"(data file, no direct generator)",claim,REQUIRES_REVIEW
data/academy.json,data_json,ph,100,°f,"""body"": ""Hot tub water typically operates at 98–104°F. Higher temperatures speed up all chemical reactions, including chlorine consumption, ",both,chlorine,target_range,data/academy.json:326,"(data file, no direct generator)",claim,REQUIRES_REVIEW
data/academy.json,data_json,ph,5,ppm,"""body"": ""Hot tub target ranges are narrower than pool ranges because less margin for error exists in a small volume. Free chlorine: 3–5 ppm ",both,chlorine,target_range,data/academy.json:331,"(data file, no direct generator)",claim,REQUIRES_REVIEW
data/academy.json,data_json,ph,120,ppm,"""body"": ""Hot tub target ranges are narrower than pool ranges because less margin for error exists in a small volume. Free chlorine: 3–5 ppm ",both,chlorine,target_range,data/academy.json:331,"(data file, no direct generator)",claim,REQUIRES_REVIEW
data/academy.json,data_json,ph,250,ppm,"""body"": ""Hot tub target ranges are narrower than pool ranges because less margin for error exists in a small volume. Free chlorine: 3–5 ppm ",both,chlorine,target_range,data/academy.json:331,"(data file, no direct generator)",claim,REQUIRES_REVIEW
data/academy.json,data_json,free_chlorine,10,oz,"""body"": ""If a calculator says to add 10 oz of liquid chlorine to a 10,000-gallon pool to raise FC by 1 ppm, how much does a 400-gallon hot t",both,chlorine,target_range,data/academy.json:337,"(data file, no direct generator)",claim,REQUIRES_REVIEW
data/academy.json,data_json,free_chlorine,1,ppm,"""body"": ""If a calculator says to add 10 oz of liquid chlorine to a 10,000-gallon pool to raise FC by 1 ppm, how much does a 400-gallon hot t",both,chlorine,target_range,data/academy.json:337,"(data file, no direct generator)",claim,CONTEXTUAL
data/academy.json,data_json,free_chlorine,10,oz,"""body"": ""If a calculator says to add 10 oz of liquid chlorine to a 10,000-gallon pool to raise FC by 1 ppm, how much does a 400-gallon hot t",both,chlorine,target_range,data/academy.json:337,"(data file, no direct generator)",claim,REQUIRES_REVIEW
data/academy.json,data_json,free_chlorine,0.4,oz,"""body"": ""If a calculator says to add 10 oz of liquid chlorine to a 10,000-gallon pool to raise FC by 1 ppm, how much does a 400-gallon hot t",both,chlorine,target_range,data/academy.json:337,"(data file, no direct generator)",claim,REQUIRES_REVIEW
data/academy.json,data_json,water_temperature,10,°f,"""Chlorine demand roughly doubles for every 10°F rise in water temperature above 80°F."",",unspecified,chlorine,target_range,data/academy.json:388,"(data file, no direct generator)",claim,REQUIRES_REVIEW
data/academy.json,data_json,water_temperature,80,°f,"""Chlorine demand roughly doubles for every 10°F rise in water temperature above 80°F."",",unspecified,chlorine,target_range,data/academy.json:388,"(data file, no direct generator)",claim,REQUIRES_REVIEW
data/academy.json,data_json,water_temperature,70,°f,"""The LSI increases with temperature — water balanced at 70°F may begin scaling at 90°F."",",unspecified,unspecified,target_range,data/academy.json:390,"(data file, no direct generator)",claim,REQUIRES_REVIEW
data/academy.json,data_json,water_temperature,90,°f,"""The LSI increases with temperature — water balanced at 70°F may begin scaling at 90°F."",",unspecified,unspecified,target_range,data/academy.json:390,"(data file, no direct generator)",claim,REQUIRES_REVIEW
data/academy.json,data_json,free_chlorine,3,ppm,"""body"": ""Chlorine breaks down faster at higher temperatures. The rate of UV degradation increases, and the rate of reaction with organic con",pool,chlorine,target_range,data/academy.json:397,"(data file, no direct generator)",claim,CONTEXTUAL
data/academy.json,data_json,free_chlorine,72,°f,"""body"": ""Chlorine breaks down faster at higher temperatures. The rate of UV degradation increases, and the rate of reaction with organic con",pool,chlorine,target_range,data/academy.json:397,"(data file, no direct generator)",claim,REQUIRES_REVIEW
data/academy.json,data_json,free_chlorine,1.5,ppm,"""body"": ""Chlorine breaks down faster at higher temperatures. The rate of UV degradation increases, and the rate of reaction with organic con",pool,chlorine,target_range,data/academy.json:397,"(data file, no direct generator)",claim,CONTEXTUAL
data/academy.json,data_json,free_chlorine,85,°f,"""body"": ""Chlorine breaks down faster at higher temperatures. The rate of UV degradation increases, and the rate of reaction with organic con",pool,chlorine,target_range,data/academy.json:397,"(data file, no direct generator)",claim,REQUIRES_REVIEW
data/academy.json,data_json,ph,68,°f,"""body"": ""Temperature is a significant variable in the Langelier Saturation Index formula. Water with an LSI of -0.1 at 68°F (well-balanced) ",hot_tub,unspecified,target_range,data/academy.json:407,"(data file, no direct generator)",calculation,REQUIRES_REVIEW
data/academy.json,data_json,ph,90,°f,"""body"": ""Temperature is a significant variable in the Langelier Saturation Index formula. Water with an LSI of -0.1 at 68°F (well-balanced) ",hot_tub,unspecified,target_range,data/academy.json:407,"(data file, no direct generator)",calculation,REQUIRES_REVIEW
data/academy.json,data_json,ph,65,°f,"""body"": ""A pool is opened in April at 65°F water temperature with balanced chemistry (LSI -0.1). By July, the water is 88°F. Without any oth",pool,chlorine,target_range,data/academy.json:413,"(data file, no direct generator)",claim,REQUIRES_REVIEW
data/academy.json,data_json,ph,88,°f,"""body"": ""A pool is opened in April at 65°F water temperature with balanced chemistry (LSI -0.1). By July, the water is 88°F. Without any oth",pool,chlorine,target_range,data/academy.json:413,"(data file, no direct generator)",claim,REQUIRES_REVIEW
data/academy.json,data_json,ph,3,ppm,"""body"": ""Crystal-clear water can still be unsafe. Bacterial contamination sufficient to cause illness is invisible. Combined chlorine (chlor",unspecified,chlorine,target_range,data/academy.json:477,"(data file, no direct generator)",claim,REQUIRES_REVIEW
data/academy.json,data_json,free_chlorine,0.8,ppm,"""body"": ""A pool owner tests on Monday and finds FC at 0.8 ppm — below the 1.0 ppm minimum. They add chlorine that evening. On Thursday, the ",pool,chlorine,target_range,data/academy.json:488,"(data file, no direct generator)",claim,REQUIRES_REVIEW
data/academy.json,data_json,free_chlorine,1,ppm,"""body"": ""A pool owner tests on Monday and finds FC at 0.8 ppm — below the 1.0 ppm minimum. They add chlorine that evening. On Thursday, the ",pool,chlorine,target_range,data/academy.json:488,"(data file, no direct generator)",claim,CONTEXTUAL
data/academy.json,data_json,free_chlorine,2.5,ppm,"""body"": ""A pool owner tests on Monday and finds FC at 0.8 ppm — below the 1.0 ppm minimum. They add chlorine that evening. On Thursday, the ",pool,chlorine,target_range,data/academy.json:488,"(data file, no direct generator)",claim,CONTEXTUAL
data/academy.json,data_json,free_chlorine,0.8,ppm,"""body"": ""A pool owner tests on Monday and finds FC at 0.8 ppm — below the 1.0 ppm minimum. They add chlorine that evening. On Thursday, the ",pool,chlorine,target_range,data/academy.json:488,"(data file, no direct generator)",claim,REQUIRES_REVIEW
data/academy.json,data_json,free_chlorine,3,ppm,"""Target 1–3 ppm free chlorine for pools; 3–5 ppm for hot tubs."",",hot_tub,chlorine,target_range,data/academy.json:536,"(data file, no direct generator)",claim,CONTEXTUAL
data/academy.json,data_json,free_chlorine,5,ppm,"""Target 1–3 ppm free chlorine for pools; 3–5 ppm for hot tubs."",",hot_tub,chlorine,target_range,data/academy.json:536,"(data file, no direct generator)",claim,CONTEXTUAL
data/academy.json,data_json,free_chlorine,3,ppm,"""body"": ""Pool free chlorine should stay between 1 and 3 ppm at all times. Below 1 ppm, sanitisation is inadequate and algae can begin to est",pool,chlorine,safety_guidance,data/academy.json:550,"(data file, no direct generator)",claim,CONTEXTUAL
data/academy.json,data_json,free_chlorine,1,ppm,"""body"": ""Pool free chlorine should stay between 1 and 3 ppm at all times. Below 1 ppm, sanitisation is inadequate and algae can begin to est",pool,chlorine,safety_guidance,data/academy.json:550,"(data file, no direct generator)",claim,CONTEXTUAL
data/academy.json,data_json,free_chlorine,5,ppm,"""body"": ""Pool free chlorine should stay between 1 and 3 ppm at all times. Below 1 ppm, sanitisation is inadequate and algae can begin to est",pool,chlorine,safety_guidance,data/academy.json:550,"(data file, no direct generator)",claim,CONTEXTUAL
data/academy.json,data_json,free_chlorine,3,ppm,"""body"": ""Pool free chlorine should stay between 1 and 3 ppm at all times. Below 1 ppm, sanitisation is inadequate and algae can begin to est",pool,chlorine,safety_guidance,data/academy.json:550,"(data file, no direct generator)",claim,CONTEXTUAL
data/academy.json,data_json,free_chlorine,0.5,ppm,"""body"": ""Total chlorine equals free chlorine plus combined chlorine. Combined chlorine (chloramines) forms when free chlorine reacts with ni",pool,chlorine,shock,data/academy.json:555,"(data file, no direct generator)",claim,REQUIRES_REVIEW
data/academy.json,data_json,ph,2,ppm,"""body"": ""Two pools both read 2 ppm free chlorine. Pool A has pH 7.2; Pool B has pH 8.0. Pool A has approximately 1.34 ppm of active HOCl. Po",pool,chlorine,target_range,data/academy.json:561,"(data file, no direct generator)",claim,REQUIRES_REVIEW
data/academy.json,data_json,ph,1.34,ppm,"""body"": ""Two pools both read 2 ppm free chlorine. Pool A has pH 7.2; Pool B has pH 8.0. Pool A has approximately 1.34 ppm of active HOCl. Po",pool,chlorine,target_range,data/academy.json:561,"(data file, no direct generator)",claim,REQUIRES_REVIEW
data/academy.json,data_json,ph,0.44,ppm,"""body"": ""Two pools both read 2 ppm free chlorine. Pool A has pH 7.2; Pool B has pH 8.0. Pool A has approximately 1.34 ppm of active HOCl. Po",pool,chlorine,target_range,data/academy.json:561,"(data file, no direct generator)",claim,REQUIRES_REVIEW
data/academy.json,data_json,combined_chlorine,0.5,ppm,"""Combined chlorine above 0.5 ppm is the action threshold — shock treatment is needed."",",unspecified,chlorine,shock,data/academy.json:614,"(data file, no direct generator)",claim,REQUIRES_REVIEW
data/academy.json,data_json,free_chlorine,2,ppm,"""body"": ""Combined chlorine is not measured directly — it is calculated. A DPD-1 test measures free chlorine; a DPD-3 test (or using DPD-1 pl",unspecified,chlorine,shock,data/academy.json:628,"(data file, no direct generator)",calculation,CONTEXTUAL
data/academy.json,data_json,free_chlorine,2.7,ppm,"""body"": ""Combined chlorine is not measured directly — it is calculated. A DPD-1 test measures free chlorine; a DPD-3 test (or using DPD-1 pl",unspecified,chlorine,shock,data/academy.json:628,"(data file, no direct generator)",calculation,CONTEXTUAL
data/academy.json,data_json,free_chlorine,0.7,ppm,"""body"": ""Combined chlorine is not measured directly — it is calculated. A DPD-1 test measures free chlorine; a DPD-3 test (or using DPD-1 pl",unspecified,chlorine,shock,data/academy.json:628,"(data file, no direct generator)",calculation,REQUIRES_REVIEW
data/academy.json,data_json,free_chlorine,0.5,ppm,"""body"": ""Combined chlorine is not measured directly — it is calculated. A DPD-1 test measures free chlorine; a DPD-3 test (or using DPD-1 pl",unspecified,chlorine,shock,data/academy.json:628,"(data file, no direct generator)",calculation,REQUIRES_REVIEW
data/academy.json,data_json,free_chlorine,2,ppm,"""body"": ""After a pool party, the water smells strongly and guests report eye irritation. A test shows FC 2.0 ppm and TC 3.2 ppm, giving CC o",pool,chlorine,shock,data/academy.json:639,"(data file, no direct generator)",claim,CONTEXTUAL
data/academy.json,data_json,free_chlorine,3.2,ppm,"""body"": ""After a pool party, the water smells strongly and guests report eye irritation. A test shows FC 2.0 ppm and TC 3.2 ppm, giving CC o",pool,chlorine,shock,data/academy.json:639,"(data file, no direct generator)",claim,CONTEXTUAL
data/academy.json,data_json,free_chlorine,1.2,ppm,"""body"": ""After a pool party, the water smells strongly and guests report eye irritation. A test shows FC 2.0 ppm and TC 3.2 ppm, giving CC o",pool,chlorine,shock,data/academy.json:639,"(data file, no direct generator)",claim,CONTEXTUAL
data/academy.json,data_json,free_chlorine,0.5,ppm,"""body"": ""After a pool party, the water smells strongly and guests report eye irritation. A test shows FC 2.0 ppm and TC 3.2 ppm, giving CC o",pool,chlorine,shock,data/academy.json:639,"(data file, no direct generator)",claim,REQUIRES_REVIEW
data/academy.json,data_json,free_chlorine,12,ppm,"""body"": ""After a pool party, the water smells strongly and guests report eye irritation. A test shows FC 2.0 ppm and TC 3.2 ppm, giving CC o",pool,chlorine,shock,data/academy.json:639,"(data file, no direct generator)",claim,REQUIRES_REVIEW
data/academy.json,data_json,free_chlorine,6,lbs,"""body"": ""After a pool party, the water smells strongly and guests report eye irritation. A test shows FC 2.0 ppm and TC 3.2 ppm, giving CC o",pool,chlorine,shock,data/academy.json:639,"(data file, no direct generator)",claim,REQUIRES_REVIEW
data/academy.json,data_json,free_chlorine,5,ppm,"""Water should not be re-entered until free chlorine drops below 5 ppm after breakpoint treatment.""",unspecified,chlorine,shock,data/academy.json:693,"(data file, no direct generator)",claim,CONTEXTUAL
data/academy.json,data_json,free_chlorine,5,ppm,"""body"": ""Add the full calculated shock dose after sunset — this prevents UV from destroying the high chlorine concentration before it reache",pool,chlorine,shock,data/academy.json:709,"(data file, no direct generator)",calculation,CONTEXTUAL
data/academy.json,data_json,free_chlorine,5,ppm,"""body"": ""Add the full calculated shock dose after sunset — this prevents UV from destroying the high chlorine concentration before it reache",pool,chlorine,shock,data/academy.json:709,"(data file, no direct generator)",calculation,CONTEXTUAL
data/academy.json,data_json,free_chlorine,2,ppm,"""body"": ""Pool test results: FC 2.0 ppm, TC 2.8 ppm. CC = 2.8 - 2.0 = 0.8 ppm. Breakpoint target = 0.8 x 10 = 8 ppm of FC to add. Target FC l",pool,chlorine,shock,data/academy.json:715,"(data file, no direct generator)",claim,CONTEXTUAL
data/academy.json,data_json,free_chlorine,2.8,ppm,"""body"": ""Pool test results: FC 2.0 ppm, TC 2.8 ppm. CC = 2.8 - 2.0 = 0.8 ppm. Breakpoint target = 0.8 x 10 = 8 ppm of FC to add. Target FC l",pool,chlorine,shock,data/academy.json:715,"(data file, no direct generator)",claim,CONTEXTUAL
data/academy.json,data_json,free_chlorine,0.8,ppm,"""body"": ""Pool test results: FC 2.0 ppm, TC 2.8 ppm. CC = 2.8 - 2.0 = 0.8 ppm. Breakpoint target = 0.8 x 10 = 8 ppm of FC to add. Target FC l",pool,chlorine,shock,data/academy.json:715,"(data file, no direct generator)",claim,REQUIRES_REVIEW
data/academy.json,data_json,free_chlorine,8,ppm,"""body"": ""Pool test results: FC 2.0 ppm, TC 2.8 ppm. CC = 2.8 - 2.0 = 0.8 ppm. Breakpoint target = 0.8 x 10 = 8 ppm of FC to add. Target FC l",pool,chlorine,shock,data/academy.json:715,"(data file, no direct generator)",claim,REQUIRES_REVIEW
data/academy.json,data_json,free_chlorine,10,ppm,"""body"": ""Pool test results: FC 2.0 ppm, TC 2.8 ppm. CC = 2.8 - 2.0 = 0.8 ppm. Breakpoint target = 0.8 x 10 = 8 ppm of FC to add. Target FC l",pool,chlorine,shock,data/academy.json:715,"(data file, no direct generator)",claim,REQUIRES_REVIEW
data/academy.json,data_json,free_chlorine,4.5,lbs,"""body"": ""Pool test results: FC 2.0 ppm, TC 2.8 ppm. CC = 2.8 - 2.0 = 0.8 ppm. Breakpoint target = 0.8 x 10 = 8 ppm of FC to add. Target FC l",pool,chlorine,shock,data/academy.json:715,"(data file, no direct generator)",claim,REQUIRES_REVIEW
data/academy.json,data_json,free_chlorine,8,ppm,"""body"": ""Pool test results: FC 2.0 ppm, TC 2.8 ppm. CC = 2.8 - 2.0 = 0.8 ppm. Breakpoint target = 0.8 x 10 = 8 ppm of FC to add. Target FC l",pool,chlorine,shock,data/academy.json:715,"(data file, no direct generator)",claim,REQUIRES_REVIEW
data/academy.json,data_json,cyanuric_acid,100,ppm,"""CYA buildup from tablets can reach 80–100 ppm in a single season without a partial drain."",",unspecified,unspecified,target_range,data/academy.json:768,"(data file, no direct generator)",claim,REQUIRES_REVIEW
data/academy.json,data_json,ph,0.6,ppm,"""body"": ""Trichlor (trichloroisocyanuric acid) tablets are a convenient, slow-dissolving form of chlorine. Each tablet contains approximately",pool,chlorine,target_range,data/academy.json:780,"(data file, no direct generator)",claim,REQUIRES_REVIEW
data/academy.json,data_json,ph,0,gallons,"""body"": ""Trichlor (trichloroisocyanuric acid) tablets are a convenient, slow-dissolving form of chlorine. Each tablet contains approximately",pool,chlorine,target_range,data/academy.json:780,"(data file, no direct generator)",claim,REQUIRES_REVIEW
data/academy.json,data_json,ph,100,ppm,"""body"": ""Trichlor (trichloroisocyanuric acid) tablets are a convenient, slow-dissolving form of chlorine. Each tablet contains approximately",pool,chlorine,target_range,data/academy.json:780,"(data file, no direct generator)",claim,REQUIRES_REVIEW
data/academy.json,data_json,cyanuric_acid,50,ppm,"""body"": ""If your CYA is already at or above 50 ppm, switch to liquid chlorine for regular sanitisation. If your CYA is low or you are starti",unspecified,chlorine,shock,data/academy.json:785,"(data file, no direct generator)",claim,REQUIRES_REVIEW
data/academy.json,data_json,cyanuric_acid,0.9,lbs,"""body"": ""A 15,000-gallon pool using two 3-inch trichlor tablets per week adds approximately 0.9 lbs of product per week. Over a 20-week seas",pool,chlorine,target_range,data/academy.json:791,"(data file, no direct generator)",claim,REQUIRES_REVIEW
data/academy.json,data_json,cyanuric_acid,18,lbs,"""body"": ""A 15,000-gallon pool using two 3-inch trichlor tablets per week adds approximately 0.9 lbs of product per week. Over a 20-week seas",pool,chlorine,target_range,data/academy.json:791,"(data file, no direct generator)",claim,REQUIRES_REVIEW
data/academy.json,data_json,cyanuric_acid,0.6,ppm,"""body"": ""A 15,000-gallon pool using two 3-inch trichlor tablets per week adds approximately 0.9 lbs of product per week. Over a 20-week seas",pool,chlorine,target_range,data/academy.json:791,"(data file, no direct generator)",claim,CONTEXTUAL
data/academy.json,data_json,cyanuric_acid,0,gallons,"""body"": ""A 15,000-gallon pool using two 3-inch trichlor tablets per week adds approximately 0.9 lbs of product per week. Over a 20-week seas",pool,chlorine,target_range,data/academy.json:791,"(data file, no direct generator)",claim,REQUIRES_REVIEW
data/academy.json,data_json,cyanuric_acid,18,lbs,"""body"": ""A 15,000-gallon pool using two 3-inch trichlor tablets per week adds approximately 0.9 lbs of product per week. Over a 20-week seas",pool,chlorine,target_range,data/academy.json:791,"(data file, no direct generator)",claim,REQUIRES_REVIEW
data/academy.json,data_json,cyanuric_acid,16,ppm,"""body"": ""A 15,000-gallon pool using two 3-inch trichlor tablets per week adds approximately 0.9 lbs of product per week. Over a 20-week seas",pool,chlorine,target_range,data/academy.json:791,"(data file, no direct generator)",claim,REQUIRES_REVIEW
data/academy.json,data_json,cyanuric_acid,30,ppm,"""body"": ""A 15,000-gallon pool using two 3-inch trichlor tablets per week adds approximately 0.9 lbs of product per week. Over a 20-week seas",pool,chlorine,target_range,data/academy.json:791,"(data file, no direct generator)",claim,REQUIRES_REVIEW
data/academy.json,data_json,cyanuric_acid,48,ppm,"""body"": ""A 15,000-gallon pool using two 3-inch trichlor tablets per week adds approximately 0.9 lbs of product per week. Over a 20-week seas",pool,chlorine,target_range,data/academy.json:791,"(data file, no direct generator)",claim,REQUIRES_REVIEW
data/academy.json,data_json,cyanuric_acid,66,ppm,"""body"": ""A 15,000-gallon pool using two 3-inch trichlor tablets per week adds approximately 0.9 lbs of product per week. Over a 20-week seas",pool,chlorine,target_range,data/academy.json:791,"(data file, no direct generator)",claim,REQUIRES_REVIEW
data/academy.json,data_json,cyanuric_acid,60,ppm,"""body"": ""A 15,000-gallon pool using two 3-inch trichlor tablets per week adds approximately 0.9 lbs of product per week. Over a 20-week seas",pool,chlorine,target_range,data/academy.json:791,"(data file, no direct generator)",claim,REQUIRES_REVIEW
data/academy.json,data_json,free_chlorine,5,ppm,"""body"": ""Test and record current chemistry before shocking. Calculate the dose needed based on pool volume and target ppm increase using the",pool,chlorine,shock,data/academy.json:862,"(data file, no direct generator)",calculation,CONTEXTUAL
data/academy.json,data_json,free_chlorine,0.6,ppm,"""body"": ""Every Friday evening, a pool owner tests their 20,000-gallon pool (FC 2.5, TC 3.1, so CC 0.6 ppm). The CC is above 0.5 ppm. They ca",pool,unspecified,shock,data/academy.json:868,"(data file, no direct generator)",calculation,REQUIRES_REVIEW
data/academy.json,data_json,free_chlorine,0.5,ppm,"""body"": ""Every Friday evening, a pool owner tests their 20,000-gallon pool (FC 2.5, TC 3.1, so CC 0.6 ppm). The CC is above 0.5 ppm. They ca",pool,unspecified,shock,data/academy.json:868,"(data file, no direct generator)",calculation,REQUIRES_REVIEW
data/academy.json,data_json,free_chlorine,6,ppm,"""body"": ""Every Friday evening, a pool owner tests their 20,000-gallon pool (FC 2.5, TC 3.1, so CC 0.6 ppm). The CC is above 0.5 ppm. They ca",pool,unspecified,shock,data/academy.json:868,"(data file, no direct generator)",calculation,REQUIRES_REVIEW
data/academy.json,data_json,free_chlorine,3.5,lbs,"""body"": ""Every Friday evening, a pool owner tests their 20,000-gallon pool (FC 2.5, TC 3.1, so CC 0.6 ppm). The CC is above 0.5 ppm. They ca",pool,unspecified,shock,data/academy.json:868,"(data file, no direct generator)",calculation,REQUIRES_REVIEW
data/academy.json,data_json,free_chlorine,3,ppm,"""body"": ""Every Friday evening, a pool owner tests their 20,000-gallon pool (FC 2.5, TC 3.1, so CC 0.6 ppm). The CC is above 0.5 ppm. They ca",pool,unspecified,shock,data/academy.json:868,"(data file, no direct generator)",calculation,CONTEXTUAL
data/academy.json,data_json,bromine,86,°f,"""Bromine is more stable than chlorine at temperatures above 86°F, making it the preferred choice for hot tubs."",",hot_tub,bromine,target_range,data/academy.json:919,"(data file, no direct generator)",claim,REQUIRES_REVIEW
data/academy.json,data_json,bromine,4,ppm,"""body"": ""A homeowner installs a new hot tub and opts for bromine. They add sodium bromide (the bromide bank) to the freshly filled water, th",hot_tub,bromine,target_range,data/academy.json:944,"(data file, no direct generator)",claim,CONTEXTUAL
data/academy.json,data_json,bromine,6,ppm,"""Confusing the different bromine target reading (3–6 ppm) with chlorine targets (1–3 ppm) — they use the same scale but have different ideal",unspecified,bromine,target_range,data/academy.json:950,"(data file, no direct generator)",claim,CONTEXTUAL
data/academy.json,data_json,bromine,3,ppm,"""Confusing the different bromine target reading (3–6 ppm) with chlorine targets (1–3 ppm) — they use the same scale but have different ideal",unspecified,bromine,target_range,data/academy.json:950,"(data file, no direct generator)",claim,REQUIRES_REVIEW
data/academy.json,data_json,free_chlorine,8,ppm,"""body"": ""A pool owner dips a strip for 10 seconds, then shakes off the water and reads it 2 minutes later under artificial light. The chlori",pool,chlorine,shock,data/academy.json:1018,"(data file, no direct generator)",claim,REQUIRES_REVIEW
data/academy.json,data_json,free_chlorine,2,ppm,"""body"": ""The pool smells like a public pool after a weekend of heavy use. Test: DPD-1 (free chlorine) shows 2.0 ppm (pink). DPD-3 (total chl",pool,chlorine,shock,data/academy.json:1091,"(data file, no direct generator)",claim,CONTEXTUAL
data/academy.json,data_json,free_chlorine,3.5,ppm,"""body"": ""The pool smells like a public pool after a weekend of heavy use. Test: DPD-1 (free chlorine) shows 2.0 ppm (pink). DPD-3 (total chl",pool,chlorine,shock,data/academy.json:1091,"(data file, no direct generator)",claim,CONTEXTUAL
data/academy.json,data_json,free_chlorine,1.5,ppm,"""body"": ""The pool smells like a public pool after a weekend of heavy use. Test: DPD-1 (free chlorine) shows 2.0 ppm (pink). DPD-3 (total chl",pool,chlorine,shock,data/academy.json:1091,"(data file, no direct generator)",claim,CONTEXTUAL
data/academy.json,data_json,free_chlorine,0.5,ppm,"""body"": ""The pool smells like a public pool after a weekend of heavy use. Test: DPD-1 (free chlorine) shows 2.0 ppm (pink). DPD-3 (total chl",pool,chlorine,shock,data/academy.json:1091,"(data file, no direct generator)",claim,REQUIRES_REVIEW
data/academy.json,data_json,ph,1,ppm,"""Treating ORP readings as a direct substitute for chlorine testing — 650 mV does not always equal 1 ppm FC at every pH.""",unspecified,chlorine,target_range,data/academy.json:1171,"(data file, no direct generator)",claim,REQUIRES_REVIEW
data/academy.json,data_json,ph,0.5,ppm,"""body"": ""For a residential pool during the summer swimming season, the minimum recommended schedule is: free chlorine and pH twice per week;",pool,chlorine,shock,data/academy.json:1221,"(data file, no direct generator)",claim,REQUIRES_REVIEW
data/academy.json,data_json,ph,0.5,ppm,"""body"": ""Monday and Thursday evening: test FC and pH, adjust if needed. First Monday of each month: full test (FC, TC, CC, pH, TA, hardness,",pool,unspecified,shock,data/academy.json:1237,"(data file, no direct generator)",claim,REQUIRES_REVIEW
data/academy.json,data_json,free_chlorine,1,ppm,"""Free chlorine below 1.0 ppm is an immediate action item regardless of other readings."",",unspecified,chlorine,target_range,data/academy.json:1287,"(data file, no direct generator)",claim,CONTEXTUAL
data/academy.json,data_json,ph,0.5,ppm,"""body"": ""Each test result should be compared to its target range. Note which parameters are in range, which are low, and which are high. A r",unspecified,chlorine,target_range,data/academy.json:1294,"(data file, no direct generator)",claim,REQUIRES_REVIEW
data/academy.json,data_json,ph,3,ppm,"""body"": ""Each test result should be compared to its target range. Note which parameters are in range, which are low, and which are high. A r",unspecified,chlorine,target_range,data/academy.json:1294,"(data file, no direct generator)",claim,REQUIRES_REVIEW
data/academy.json,data_json,ph,0.9,ppm,"""body"": ""Each test result should be compared to its target range. Note which parameters are in range, which are low, and which are high. A r",unspecified,chlorine,target_range,data/academy.json:1294,"(data file, no direct generator)",claim,REQUIRES_REVIEW
data/academy.json,data_json,ph,0,ppm,"""body"": ""Each test result should be compared to its target range. Note which parameters are in range, which are low, and which are high. A r",unspecified,chlorine,target_range,data/academy.json:1294,"(data file, no direct generator)",claim,REQUIRES_REVIEW
data/academy.json,data_json,ph,100,ppm,"""body"": ""If a test result seems impossible — such as zero free chlorine the day after a full shock dose — consider a sampling or testing err",pool,chlorine,shock,data/academy.json:1304,"(data file, no direct generator)",claim,REQUIRES_REVIEW
data/academy.json,data_json,ph,0.5,ppm,"""body"": ""Test shows: FC 0.5 ppm, pH 7.9, TA 60 ppm, hardness 120 ppm. Multiple issues are present. Start with alkalinity: raise TA to 90 ppm",unspecified,chlorine,target_range,data/academy.json:1310,"(data file, no direct generator)",claim,REQUIRES_REVIEW
data/academy.json,data_json,ph,60,ppm,"""body"": ""Test shows: FC 0.5 ppm, pH 7.9, TA 60 ppm, hardness 120 ppm. Multiple issues are present. Start with alkalinity: raise TA to 90 ppm",unspecified,chlorine,target_range,data/academy.json:1310,"(data file, no direct generator)",claim,REQUIRES_REVIEW
data/academy.json,data_json,ph,120,ppm,"""body"": ""Test shows: FC 0.5 ppm, pH 7.9, TA 60 ppm, hardness 120 ppm. Multiple issues are present. Start with alkalinity: raise TA to 90 ppm",unspecified,chlorine,target_range,data/academy.json:1310,"(data file, no direct generator)",claim,REQUIRES_REVIEW
data/academy.json,data_json,ph,90,ppm,"""body"": ""Test shows: FC 0.5 ppm, pH 7.9, TA 60 ppm, hardness 120 ppm. Multiple issues are present. Start with alkalinity: raise TA to 90 ppm",unspecified,chlorine,target_range,data/academy.json:1310,"(data file, no direct generator)",claim,REQUIRES_REVIEW
data/academy.json,data_json,ph,2,ppm,"""body"": ""Test shows: FC 0.5 ppm, pH 7.9, TA 60 ppm, hardness 120 ppm. Multiple issues are present. Start with alkalinity: raise TA to 90 ppm",unspecified,chlorine,target_range,data/academy.json:1310,"(data file, no direct generator)",claim,REQUIRES_REVIEW
data/academy.json,data_json,ph,120,ppm,"""body"": ""Test shows: FC 0.5 ppm, pH 7.9, TA 60 ppm, hardness 120 ppm. Multiple issues are present. Start with alkalinity: raise TA to 90 ppm",unspecified,chlorine,target_range,data/academy.json:1310,"(data file, no direct generator)",claim,REQUIRES_REVIEW
data/academy.json,data_json,free_chlorine,0.5,ppm,"""body"": ""A pool owner has been adding extra chlorine every week because readings consistently show FC near 0.5 ppm — yet the pool stays clea",pool,chlorine,target_range,data/academy.json:1385,"(data file, no direct generator)",claim,REQUIRES_REVIEW
data/academy.json,data_json,free_chlorine,2.5,ppm,"""body"": ""A pool owner has been adding extra chlorine every week because readings consistently show FC near 0.5 ppm — yet the pool stays clea",pool,chlorine,target_range,data/academy.json:1385,"(data file, no direct generator)",claim,CONTEXTUAL
data/academy.json,data_json,ph,2,ppm,"""body"": ""Free chlorine exists in two forms in water: hypochlorous acid (HOCl) and hypochlorite ion (OCl-). HOCl is roughly 80 times more eff",pool,chlorine,troubleshooting,data/academy.json:1447,"(data file, no direct generator)",claim,REQUIRES_REVIEW
data/academy.json,data_json,ph,6,ppm,"""body"": ""Free chlorine exists in two forms in water: hypochlorous acid (HOCl) and hypochlorite ion (OCl-). HOCl is roughly 80 times more eff",pool,chlorine,troubleshooting,data/academy.json:1447,"(data file, no direct generator)",claim,REQUIRES_REVIEW
data/academy.json,data_json,ph,3,ppm,"""body"": ""A pool maintains 3 ppm FC but keeps developing algae spots. pH testing shows 8.0. At pH 8.0, only 22% of FC is active HOCl — effect",pool,chlorine,troubleshooting,data/academy.json:1458,"(data file, no direct generator)",claim,REQUIRES_REVIEW
data/academy.json,data_json,ph,0.66,ppm,"""body"": ""A pool maintains 3 ppm FC but keeps developing algae spots. pH testing shows 8.0. At pH 8.0, only 22% of FC is active HOCl — effect",pool,chlorine,troubleshooting,data/academy.json:1458,"(data file, no direct generator)",claim,REQUIRES_REVIEW
data/academy.json,data_json,ph,3,ppm,"""body"": ""A pool maintains 3 ppm FC but keeps developing algae spots. pH testing shows 8.0. At pH 8.0, only 22% of FC is active HOCl — effect",pool,chlorine,troubleshooting,data/academy.json:1458,"(data file, no direct generator)",claim,REQUIRES_REVIEW
data/academy.json,data_json,ph,1.65,ppm,"""body"": ""A pool maintains 3 ppm FC but keeps developing algae spots. pH testing shows 8.0. At pH 8.0, only 22% of FC is active HOCl — effect",pool,chlorine,troubleshooting,data/academy.json:1458,"(data file, no direct generator)",claim,REQUIRES_REVIEW
data/academy.json,data_json,total_alkalinity,120,ppm,"""Target total alkalinity for pools is 80–120 ppm; for hot tubs, 80–120 ppm."",",hot_tub,unspecified,target_range,data/academy.json:1514,"(data file, no direct generator)",claim,CONTEXTUAL
data/academy.json,data_json,total_alkalinity,120,ppm,"""Target total alkalinity for pools is 80–120 ppm; for hot tubs, 80–120 ppm."",",hot_tub,unspecified,target_range,data/academy.json:1514,"(data file, no direct generator)",claim,CONTEXTUAL
data/academy.json,data_json,ph,120,ppm,"""body"": ""Total alkalinity measures the concentration of bicarbonate, carbonate, and hydroxide ions in pool water. These ions act as a chemic",pool,unspecified,troubleshooting,data/academy.json:1523,"(data file, no direct generator)",claim,REQUIRES_REVIEW
data/academy.json,data_json,ph,60,ppm,"""body"": ""Total alkalinity measures the concentration of bicarbonate, carbonate, and hydroxide ions in pool water. These ions act as a chemic",pool,unspecified,troubleshooting,data/academy.json:1523,"(data file, no direct generator)",claim,REQUIRES_REVIEW
data/academy.json,data_json,ph,80,ppm,"""body"": ""Low alkalinity (below 80 ppm) causes pH to swing unpredictably and makes the water mildly aggressive. Even after adding pH increase",unspecified,unspecified,target_range,data/academy.json:1528,"(data file, no direct generator)",claim,REQUIRES_REVIEW
data/academy.json,data_json,ph,120,ppm,"""body"": ""Low alkalinity (below 80 ppm) causes pH to swing unpredictably and makes the water mildly aggressive. Even after adding pH increase",unspecified,unspecified,target_range,data/academy.json:1528,"(data file, no direct generator)",claim,REQUIRES_REVIEW
data/academy.json,data_json,ph,200,ppm,"""body"": ""Low alkalinity (below 80 ppm) causes pH to swing unpredictably and makes the water mildly aggressive. Even after adding pH increase",unspecified,unspecified,target_range,data/academy.json:1528,"(data file, no direct generator)",claim,REQUIRES_REVIEW
data/academy.json,data_json,ph,1.5,lbs,"""body"": ""To raise total alkalinity: add sodium bicarbonate (sold as \""alkalinity increaser\"" or baking soda). Add in doses of 1–1.5 lbs per ",pool,unspecified,target_range,data/academy.json:1533,"(data file, no direct generator)",claim,REQUIRES_REVIEW
data/academy.json,data_json,ph,0,gallons,"""body"": ""To raise total alkalinity: add sodium bicarbonate (sold as \""alkalinity increaser\"" or baking soda). Add in doses of 1–1.5 lbs per ",pool,unspecified,target_range,data/academy.json:1533,"(data file, no direct generator)",claim,REQUIRES_REVIEW
data/academy.json,data_json,ph,45,ppm,"""body"": ""A pool owner adds soda ash Monday and pH jumps to 7.8. By Wednesday it is back to 7.0. They add more soda ash. By Friday it is 7.7.",pool,unspecified,target_range,data/academy.json:1539,"(data file, no direct generator)",claim,REQUIRES_REVIEW
data/academy.json,data_json,ph,90,ppm,"""body"": ""A pool owner adds soda ash Monday and pH jumps to 7.8. By Wednesday it is back to 7.0. They add more soda ash. By Friday it is 7.7.",pool,unspecified,target_range,data/academy.json:1539,"(data file, no direct generator)",claim,REQUIRES_REVIEW
data/academy.json,data_json,ph,2.7,lbs,"""body"": ""A pool owner adds soda ash Monday and pH jumps to 7.8. By Wednesday it is back to 7.0. They add more soda ash. By Friday it is 7.7.",pool,unspecified,target_range,data/academy.json:1539,"(data file, no direct generator)",claim,REQUIRES_REVIEW
data/academy.json,data_json,calcium_hardness,400,ppm,"""Target calcium hardness: 200–400 ppm for plaster and concrete pools; 150–250 ppm for vinyl and fibreglass."",",unspecified,unspecified,target_range,data/academy.json:1590,"(data file, no direct generator)",claim,CONTEXTUAL
data/academy.json,data_json,calcium_hardness,250,ppm,"""Target calcium hardness: 200–400 ppm for plaster and concrete pools; 150–250 ppm for vinyl and fibreglass."",",unspecified,unspecified,target_range,data/academy.json:1590,"(data file, no direct generator)",claim,CONTEXTUAL
data/academy.json,data_json,calcium_hardness,150,ppm,"""body"": ""Low calcium hardness (below 150 ppm in a plaster pool) causes etching and pitting of the pool surface, visible as rough patches. Me",pool,unspecified,troubleshooting,data/academy.json:1604,"(data file, no direct generator)",claim,CONTEXTUAL
data/academy.json,data_json,calcium_hardness,500,ppm,"""body"": ""Low calcium hardness (below 150 ppm in a plaster pool) causes etching and pitting of the pool surface, visible as rough patches. Me",pool,unspecified,troubleshooting,data/academy.json:1604,"(data file, no direct generator)",claim,CONTEXTUAL
data/academy.json,data_json,ph,10,ppm,"""body"": ""To raise calcium hardness: add calcium chloride (sold as \""hardness increaser\""). It dissolves quickly and raises hardness without ",pool,unspecified,target_range,data/academy.json:1609,"(data file, no direct generator)",claim,REQUIRES_REVIEW
data/academy.json,data_json,ph,1.25,lbs,"""body"": ""To raise calcium hardness: add calcium chloride (sold as \""hardness increaser\""). It dissolves quickly and raises hardness without ",pool,unspecified,target_range,data/academy.json:1609,"(data file, no direct generator)",claim,REQUIRES_REVIEW
data/academy.json,data_json,ph,80,ppm,"""body"": ""A plaster pool shows rough patches on the bottom near the main drain, visible as dull, pitted areas about 6 months after resurfacin",pool,unspecified,target_range,data/academy.json:1615,"(data file, no direct generator)",claim,REQUIRES_REVIEW
data/academy.json,data_json,ph,200,ppm,"""body"": ""A plaster pool shows rough patches on the bottom near the main drain, visible as dull, pitted areas about 6 months after resurfacin",pool,unspecified,target_range,data/academy.json:1615,"(data file, no direct generator)",claim,REQUIRES_REVIEW
data/academy.json,data_json,ph,250,ppm,"""body"": ""A plaster pool shows rough patches on the bottom near the main drain, visible as dull, pitted areas about 6 months after resurfacin",pool,unspecified,target_range,data/academy.json:1615,"(data file, no direct generator)",claim,REQUIRES_REVIEW
data/academy.json,data_json,cyanuric_acid,50,ppm,"""Target CYA for unstabilised pools: 30–50 ppm. Salt pools: 60–80 ppm."",",unspecified,saltwater_chlorine_generator,target_range,data/academy.json:1665,"(data file, no direct generator)",claim,REQUIRES_REVIEW
data/academy.json,data_json,cyanuric_acid,80,ppm,"""Target CYA for unstabilised pools: 30–50 ppm. Salt pools: 60–80 ppm."",",unspecified,saltwater_chlorine_generator,target_range,data/academy.json:1665,"(data file, no direct generator)",claim,REQUIRES_REVIEW
data/academy.json,data_json,cyanuric_acid,80,ppm,"""Above 80 ppm, CYA significantly reduces chlorine effectiveness — more chlorine is needed for the same sanitation."",",unspecified,chlorine,target_range,data/academy.json:1666,"(data file, no direct generator)",claim,REQUIRES_REVIEW
data/academy.json,data_json,free_chlorine,50,ppm,"""body"": ""Cyanuric acid forms a weak chemical bond with free chlorine in pool water. This bond protects chlorine molecules from being broken ",pool,chlorine,target_range,data/academy.json:1674,"(data file, no direct generator)",claim,REQUIRES_REVIEW
data/academy.json,data_json,ph,30,ppm,"""body"": ""The percentage of free chlorine that is in its most active form (HOCl) decreases as CYA increases. At CYA 30 ppm and pH 7.4, approx",unspecified,chlorine,target_range,data/academy.json:1679,"(data file, no direct generator)",claim,REQUIRES_REVIEW
data/academy.json,data_json,ph,100,ppm,"""body"": ""The percentage of free chlorine that is in its most active form (HOCl) decreases as CYA increases. At CYA 30 ppm and pH 7.4, approx",unspecified,chlorine,target_range,data/academy.json:1679,"(data file, no direct generator)",claim,REQUIRES_REVIEW
data/academy.json,data_json,ph,80,ppm,"""body"": ""The percentage of free chlorine that is in its most active form (HOCl) decreases as CYA increases. At CYA 30 ppm and pH 7.4, approx",unspecified,chlorine,target_range,data/academy.json:1679,"(data file, no direct generator)",claim,REQUIRES_REVIEW
data/academy.json,data_json,ph,12,ppm,"""body"": ""The percentage of free chlorine that is in its most active form (HOCl) decreases as CYA increases. At CYA 30 ppm and pH 7.4, approx",unspecified,chlorine,target_range,data/academy.json:1679,"(data file, no direct generator)",claim,REQUIRES_REVIEW
data/academy.json,data_json,ph,3,ppm,"""body"": ""The percentage of free chlorine that is in its most active form (HOCl) decreases as CYA increases. At CYA 30 ppm and pH 7.4, approx",unspecified,chlorine,target_range,data/academy.json:1679,"(data file, no direct generator)",claim,REQUIRES_REVIEW
data/academy.json,data_json,ph,80,ppm,"""body"": ""CYA accumulates over time when stabilised chlorine products (trichlor tablets or dichlor shock) are used. Unlike pH, alkalinity, an",pool,chlorine,shock,data/academy.json:1684,"(data file, no direct generator)",claim,REQUIRES_REVIEW
data/academy.json,data_json,ph,100,ppm,"""body"": ""CYA accumulates over time when stabilised chlorine products (trichlor tablets or dichlor shock) are used. Unlike pH, alkalinity, an",pool,chlorine,shock,data/academy.json:1684,"(data file, no direct generator)",claim,REQUIRES_REVIEW
data/academy.json,data_json,free_chlorine,3,ppm,"""body"": ""A pool owner adds shock every week but algae keeps returning. FC tests fine at 3 ppm. A CYA test shows 120 ppm. At CYA 120 ppm, min",pool,chlorine,shock,data/academy.json:1690,"(data file, no direct generator)",claim,CONTEXTUAL
data/academy.json,data_json,free_chlorine,120,ppm,"""body"": ""A pool owner adds shock every week but algae keeps returning. FC tests fine at 3 ppm. A CYA test shows 120 ppm. At CYA 120 ppm, min",pool,chlorine,shock,data/academy.json:1690,"(data file, no direct generator)",claim,REQUIRES_REVIEW
data/academy.json,data_json,free_chlorine,120,ppm,"""body"": ""A pool owner adds shock every week but algae keeps returning. FC tests fine at 3 ppm. A CYA test shows 120 ppm. At CYA 120 ppm, min",pool,chlorine,shock,data/academy.json:1690,"(data file, no direct generator)",claim,REQUIRES_REVIEW
data/academy.json,data_json,free_chlorine,18,ppm,"""body"": ""A pool owner adds shock every week but algae keeps returning. FC tests fine at 3 ppm. A CYA test shows 120 ppm. At CYA 120 ppm, min",pool,chlorine,shock,data/academy.json:1690,"(data file, no direct generator)",claim,REQUIRES_REVIEW
data/academy.json,data_json,free_chlorine,3,ppm,"""body"": ""A pool owner adds shock every week but algae keeps returning. FC tests fine at 3 ppm. A CYA test shows 120 ppm. At CYA 120 ppm, min",pool,chlorine,shock,data/academy.json:1690,"(data file, no direct generator)",claim,CONTEXTUAL
data/academy.json,data_json,free_chlorine,60,ppm,"""body"": ""A pool owner adds shock every week but algae keeps returning. FC tests fine at 3 ppm. A CYA test shows 120 ppm. At CYA 120 ppm, min",pool,chlorine,shock,data/academy.json:1690,"(data file, no direct generator)",claim,REQUIRES_REVIEW
data/academy.json,data_json,free_chlorine,3,ppm,"""body"": ""A pool owner adds shock every week but algae keeps returning. FC tests fine at 3 ppm. A CYA test shows 120 ppm. At CYA 120 ppm, min",pool,chlorine,shock,data/academy.json:1690,"(data file, no direct generator)",claim,CONTEXTUAL
data/academy.json,data_json,water_temperature,90,°f,"""Temperature has a large effect on LSI — the same chemistry at 90°F scores higher than at 70°F.""",unspecified,unspecified,target_range,data/academy.json:1744,"(data file, no direct generator)",claim,REQUIRES_REVIEW
data/academy.json,data_json,water_temperature,70,°f,"""Temperature has a large effect on LSI — the same chemistry at 90°F scores higher than at 70°F.""",unspecified,unspecified,target_range,data/academy.json:1744,"(data file, no direct generator)",claim,REQUIRES_REVIEW
data/academy.json,data_json,ph,104,°f,"""body"": ""Hot tub water is typically maintained at 98–104°F. At these temperatures, the temperature factor in the LSI formula is significantl",both,unspecified,target_range,data/academy.json:1760,"(data file, no direct generator)",calculation,REQUIRES_REVIEW
data/academy.json,data_json,ph,78,°f,"""body"": ""Hot tub water is typically maintained at 98–104°F. At these temperatures, the temperature factor in the LSI formula is significantl",both,unspecified,target_range,data/academy.json:1760,"(data file, no direct generator)",calculation,REQUIRES_REVIEW
data/academy.json,data_json,ph,100,ppm,"""body"": ""Hot tub water is typically maintained at 98–104°F. At these temperatures, the temperature factor in the LSI formula is significantl",both,unspecified,target_range,data/academy.json:1760,"(data file, no direct generator)",calculation,REQUIRES_REVIEW
data/academy.json,data_json,ph,250,ppm,"""body"": ""Hot tub water is typically maintained at 98–104°F. At these temperatures, the temperature factor in the LSI formula is significantl",both,unspecified,target_range,data/academy.json:1760,"(data file, no direct generator)",calculation,REQUIRES_REVIEW
data/academy.json,data_json,ph,102,°f,"""body"": ""Hot tub water is typically maintained at 98–104°F. At these temperatures, the temperature factor in the LSI formula is significantl",both,unspecified,target_range,data/academy.json:1760,"(data file, no direct generator)",calculation,REQUIRES_REVIEW
data/academy.json,data_json,ph,78,°f,"""body"": ""Hot tub water is typically maintained at 98–104°F. At these temperatures, the temperature factor in the LSI formula is significantl",both,unspecified,target_range,data/academy.json:1760,"(data file, no direct generator)",calculation,REQUIRES_REVIEW
data/academy.json,data_json,ph,82,°f,"""body"": ""Pool test data: pH 7.4, temperature 82°F, calcium hardness 250 ppm, total alkalinity 100 ppm, TDS 1,500 ppm. Using the LSI calculat",pool,unspecified,target_range,data/academy.json:1766,"(data file, no direct generator)",calculation,REQUIRES_REVIEW
data/academy.json,data_json,ph,250,ppm,"""body"": ""Pool test data: pH 7.4, temperature 82°F, calcium hardness 250 ppm, total alkalinity 100 ppm, TDS 1,500 ppm. Using the LSI calculat",pool,unspecified,target_range,data/academy.json:1766,"(data file, no direct generator)",calculation,REQUIRES_REVIEW
data/academy.json,data_json,ph,100,ppm,"""body"": ""Pool test data: pH 7.4, temperature 82°F, calcium hardness 250 ppm, total alkalinity 100 ppm, TDS 1,500 ppm. Using the LSI calculat",pool,unspecified,target_range,data/academy.json:1766,"(data file, no direct generator)",calculation,REQUIRES_REVIEW
data/academy.json,data_json,ph,500,ppm,"""body"": ""Pool test data: pH 7.4, temperature 82°F, calcium hardness 250 ppm, total alkalinity 100 ppm, TDS 1,500 ppm. Using the LSI calculat",pool,unspecified,target_range,data/academy.json:1766,"(data file, no direct generator)",calculation,REQUIRES_REVIEW
data/academy.json,data_json,ph,82,°f,"""body"": ""Pool test data: pH 7.4, temperature 82°F, calcium hardness 250 ppm, total alkalinity 100 ppm, TDS 1,500 ppm. Using the LSI calculat",pool,unspecified,target_range,data/academy.json:1766,"(data file, no direct generator)",calculation,REQUIRES_REVIEW
data/academy.json,data_json,ph,250,ppm,"""body"": ""Pool test data: pH 7.4, temperature 82°F, calcium hardness 250 ppm, total alkalinity 100 ppm, TDS 1,500 ppm. Using the LSI calculat",pool,unspecified,target_range,data/academy.json:1766,"(data file, no direct generator)",calculation,REQUIRES_REVIEW
data/academy.json,data_json,ph,100,ppm,"""body"": ""Pool test data: pH 7.4, temperature 82°F, calcium hardness 250 ppm, total alkalinity 100 ppm, TDS 1,500 ppm. Using the LSI calculat",pool,unspecified,target_range,data/academy.json:1766,"(data file, no direct generator)",calculation,REQUIRES_REVIEW
data/academy.json,data_json,ph,82,°f,"""body"": ""Pool test data: pH 7.4, temperature 82°F, calcium hardness 250 ppm, total alkalinity 100 ppm, TDS 1,500 ppm. Using the LSI calculat",pool,unspecified,target_range,data/academy.json:1766,"(data file, no direct generator)",calculation,REQUIRES_REVIEW
data/academy.json,data_json,ph,250,ppm,"""body"": ""Pool test data: pH 7.4, temperature 82°F, calcium hardness 250 ppm, total alkalinity 100 ppm, TDS 1,500 ppm. Using the LSI calculat",pool,unspecified,target_range,data/academy.json:1766,"(data file, no direct generator)",calculation,REQUIRES_REVIEW
data/academy.json,data_json,ph,100,ppm,"""body"": ""Pool test data: pH 7.4, temperature 82°F, calcium hardness 250 ppm, total alkalinity 100 ppm, TDS 1,500 ppm. Using the LSI calculat",pool,unspecified,target_range,data/academy.json:1766,"(data file, no direct generator)",calculation,REQUIRES_REVIEW
data/academy.json,data_json,ph,120,ppm,"""body"": ""Step 1: Adjust total alkalinity to 80–120 ppm using sodium bicarbonate (to raise) or muriatic acid (to lower). Wait 4–6 hours and r",pool,chlorine,target_range,data/academy.json:1830,"(data file, no direct generator)",claim,REQUIRES_REVIEW
data/academy.json,data_json,ph,50,ppm,"""body"": ""An opening test shows: TA 50 ppm, pH 7.0, CH 100 ppm, FC 0. Day 1 morning: add sodium bicarbonate to raise TA toward 90 ppm. Day 1 ",unspecified,chlorine,target_range,data/academy.json:1841,"(data file, no direct generator)",claim,REQUIRES_REVIEW
data/academy.json,data_json,ph,100,ppm,"""body"": ""An opening test shows: TA 50 ppm, pH 7.0, CH 100 ppm, FC 0. Day 1 morning: add sodium bicarbonate to raise TA toward 90 ppm. Day 1 ",unspecified,chlorine,target_range,data/academy.json:1841,"(data file, no direct generator)",claim,REQUIRES_REVIEW
data/academy.json,data_json,ph,90,ppm,"""body"": ""An opening test shows: TA 50 ppm, pH 7.0, CH 100 ppm, FC 0. Day 1 morning: add sodium bicarbonate to raise TA toward 90 ppm. Day 1 ",unspecified,chlorine,target_range,data/academy.json:1841,"(data file, no direct generator)",claim,REQUIRES_REVIEW
data/academy.json,data_json,ph,85,ppm,"""body"": ""An opening test shows: TA 50 ppm, pH 7.0, CH 100 ppm, FC 0. Day 1 morning: add sodium bicarbonate to raise TA toward 90 ppm. Day 1 ",unspecified,chlorine,target_range,data/academy.json:1841,"(data file, no direct generator)",claim,REQUIRES_REVIEW
data/academy.json,data_json,ph,200,ppm,"""body"": ""An opening test shows: TA 50 ppm, pH 7.0, CH 100 ppm, FC 0. Day 1 morning: add sodium bicarbonate to raise TA toward 90 ppm. Day 1 ",unspecified,chlorine,target_range,data/academy.json:1841,"(data file, no direct generator)",claim,REQUIRES_REVIEW
data/academy.json,data_json,ph,3,ppm,"""body"": ""An opening test shows: TA 50 ppm, pH 7.0, CH 100 ppm, FC 0. Day 1 morning: add sodium bicarbonate to raise TA toward 90 ppm. Day 1 ",unspecified,chlorine,target_range,data/academy.json:1841,"(data file, no direct generator)",claim,REQUIRES_REVIEW
data/academy.json,data_json,ph,1,ppm,"""body"": ""Step 1: Run a complete water test. Cloudy water from chemistry problems shows low free chlorine (below 1 ppm), high pH (above 7.8),",pool,chlorine,troubleshooting,data/academy.json:1903,"(data file, no direct generator)",claim,REQUIRES_REVIEW
data/academy.json,data_json,ph,10,ppm,"""body"": ""If cloudiness is from chemistry: first bring pH into the 7.2–7.6 range, then shock the pool to 10 ppm FC or higher. Run the filter ",pool,unspecified,shock,data/academy.json:1908,"(data file, no direct generator)",claim,REQUIRES_REVIEW
data/academy.json,data_json,ph,0.8,ppm,"""body"": ""Pool tests: FC 0.8 ppm, pH 7.9, TA 110 ppm. Cloudiness is chemistry-based. Day 1 morning: add muriatic acid to lower pH to 7.4. Aft",pool,chlorine,shock,data/academy.json:1919,"(data file, no direct generator)",claim,REQUIRES_REVIEW
data/academy.json,data_json,ph,110,ppm,"""body"": ""Pool tests: FC 0.8 ppm, pH 7.9, TA 110 ppm. Cloudiness is chemistry-based. Day 1 morning: add muriatic acid to lower pH to 7.4. Aft",pool,chlorine,shock,data/academy.json:1919,"(data file, no direct generator)",claim,REQUIRES_REVIEW
data/academy.json,data_json,ph,10,ppm,"""body"": ""Pool tests: FC 0.8 ppm, pH 7.9, TA 110 ppm. Cloudiness is chemistry-based. Day 1 morning: add muriatic acid to lower pH to 7.4. Aft",pool,chlorine,shock,data/academy.json:1919,"(data file, no direct generator)",claim,REQUIRES_REVIEW
data/academy.json,data_json,ph,4,ppm,"""body"": ""Pool tests: FC 0.8 ppm, pH 7.9, TA 110 ppm. Cloudiness is chemistry-based. Day 1 morning: add muriatic acid to lower pH to 7.4. Aft",pool,chlorine,shock,data/academy.json:1919,"(data file, no direct generator)",claim,REQUIRES_REVIEW
data/academy.json,data_json,algae,30,ppm,"""overview"": ""Green pool water is an algae bloom. Once algae is established, standard chlorine dosing is insufficient — a shock chlorination ",pool,chlorine,shock,data/academy.json:1968,"(data file, no direct generator)",claim,REQUIRES_REVIEW
data/academy.json,data_json,free_chlorine,1,ppm,"""Green algae blooms typically start when FC drops below 1 ppm for 24 hours or more."",",unspecified,unspecified,target_range,data/academy.json:1970,"(data file, no direct generator)",claim,CONTEXTUAL
data/academy.json,data_json,free_chlorine,30,ppm,"""The shock dose for an active green pool is 30 ppm FC — ten times the normal level."",",pool,unspecified,shock,data/academy.json:1971,"(data file, no direct generator)",claim,REQUIRES_REVIEW
data/academy.json,data_json,ph,30,ppm,"""body"": ""Step 1: Test pH, alkalinity, and CYA. Adjust pH to 7.2 (lower end — maximises chlorine activity). Step 2: Brush all surfaces vigoro",pool,chlorine,shock,data/academy.json:1984,"(data file, no direct generator)",calculation,REQUIRES_REVIEW
data/academy.json,data_json,ph,10,ppm,"""body"": ""Step 1: Test pH, alkalinity, and CYA. Adjust pH to 7.2 (lower end — maximises chlorine activity). Step 2: Brush all surfaces vigoro",pool,chlorine,shock,data/academy.json:1984,"(data file, no direct generator)",calculation,REQUIRES_REVIEW
data/academy.json,data_json,free_chlorine,80,ppm,"""body"": ""Once water is clear, run a full water test and correct any out-of-range parameters. Dead algae that was not removed by filtration o",unspecified,unspecified,target_range,data/academy.json:1989,"(data file, no direct generator)",claim,REQUIRES_REVIEW
data/academy.json,data_json,ph,60,ppm,"""body"": ""A homeowner returns from a week away to find a 15,000-gallon pool turned bright green. FC is zero, pH 8.2, CYA 60 ppm. Friday eveni",pool,chlorine,target_range,data/academy.json:1995,"(data file, no direct generator)",claim,REQUIRES_REVIEW
data/academy.json,data_json,ph,6,gallons,"""body"": ""A homeowner returns from a week away to find a 15,000-gallon pool turned bright green. FC is zero, pH 8.2, CYA 60 ppm. Friday eveni",pool,chlorine,target_range,data/academy.json:1995,"(data file, no direct generator)",claim,REQUIRES_REVIEW
data/academy.json,data_json,ph,30,ppm,"""body"": ""A homeowner returns from a week away to find a 15,000-gallon pool turned bright green. FC is zero, pH 8.2, CYA 60 ppm. Friday eveni",pool,chlorine,target_range,data/academy.json:1995,"(data file, no direct generator)",claim,REQUIRES_REVIEW
data/academy.json,data_json,ph,12,ppm,"""body"": ""A homeowner returns from a week away to find a 15,000-gallon pool turned bright green. FC is zero, pH 8.2, CYA 60 ppm. Friday eveni",pool,chlorine,target_range,data/academy.json:1995,"(data file, no direct generator)",claim,REQUIRES_REVIEW
data/academy.json,data_json,ph,10,ppm,"""body"": ""A homeowner returns from a week away to find a 15,000-gallon pool turned bright green. FC is zero, pH 8.2, CYA 60 ppm. Friday eveni",pool,chlorine,target_range,data/academy.json:1995,"(data file, no direct generator)",claim,REQUIRES_REVIEW
data/academy.json,data_json,free_chlorine,500,ppm,"""body"": ""To determine whether foam is from chemistry or organics: take a handful of water and try to create foam by rubbing your hands toget",unspecified,chlorine,target_range,data/academy.json:2060,"(data file, no direct generator)",claim,REQUIRES_REVIEW
data/academy.json,data_json,combined_chlorine,0.5,ppm,"""Combined chlorine above 0.5 ppm is the action threshold — breakpoint shock is needed."",",unspecified,chlorine,shock,data/academy.json:2120,"(data file, no direct generator)",claim,REQUIRES_REVIEW
data/academy.json,data_json,free_chlorine,0.5,ppm,"""body"": ""To confirm a chloramine problem, test both free chlorine (DPD-1) and total chlorine (DPD-3). Combined chlorine = Total - Free. If t",pool,chlorine,troubleshooting,data/academy.json:2132,"(data file, no direct generator)",claim,REQUIRES_REVIEW
data/academy.json,data_json,free_chlorine,1,ppm,"""body"": ""To confirm a chloramine problem, test both free chlorine (DPD-1) and total chlorine (DPD-3). Combined chlorine = Total - Free. If t",pool,chlorine,troubleshooting,data/academy.json:2132,"(data file, no direct generator)",claim,CONTEXTUAL
data/academy.json,data_json,free_chlorine,0,ppm,"""body"": ""To confirm a chloramine problem, test both free chlorine (DPD-1) and total chlorine (DPD-3). Combined chlorine = Total - Free. If t",pool,chlorine,troubleshooting,data/academy.json:2132,"(data file, no direct generator)",claim,REQUIRES_REVIEW
data/academy.json,data_json,free_chlorine,1.5,ppm,"""body"": ""After a pool party, the water smells strongly and guests are complaining of red eyes. Test: FC 1.5 ppm, TC 2.8 ppm, CC 1.3 ppm — we",pool,unspecified,shock,data/academy.json:2143,"(data file, no direct generator)",claim,CONTEXTUAL
data/academy.json,data_json,free_chlorine,2.8,ppm,"""body"": ""After a pool party, the water smells strongly and guests are complaining of red eyes. Test: FC 1.5 ppm, TC 2.8 ppm, CC 1.3 ppm — we",pool,unspecified,shock,data/academy.json:2143,"(data file, no direct generator)",claim,CONTEXTUAL
data/academy.json,data_json,free_chlorine,1.3,ppm,"""body"": ""After a pool party, the water smells strongly and guests are complaining of red eyes. Test: FC 1.5 ppm, TC 2.8 ppm, CC 1.3 ppm — we",pool,unspecified,shock,data/academy.json:2143,"(data file, no direct generator)",claim,CONTEXTUAL
data/academy.json,data_json,free_chlorine,13,ppm,"""body"": ""After a pool party, the water smells strongly and guests are complaining of red eyes. Test: FC 1.5 ppm, TC 2.8 ppm, CC 1.3 ppm — we",pool,unspecified,shock,data/academy.json:2143,"(data file, no direct generator)",claim,REQUIRES_REVIEW
data/academy.json,data_json,free_chlorine,0,gallons,"""body"": ""After a pool party, the water smells strongly and guests are complaining of red eyes. Test: FC 1.5 ppm, TC 2.8 ppm, CC 1.3 ppm — we",pool,unspecified,shock,data/academy.json:2143,"(data file, no direct generator)",claim,REQUIRES_REVIEW
data/academy.json,data_json,free_chlorine,8,lbs,"""body"": ""After a pool party, the water smells strongly and guests are complaining of red eyes. Test: FC 1.5 ppm, TC 2.8 ppm, CC 1.3 ppm — we",pool,unspecified,shock,data/academy.json:2143,"(data file, no direct generator)",claim,REQUIRES_REVIEW
data/academy.json,data_json,free_chlorine,4.5,ppm,"""body"": ""After a pool party, the water smells strongly and guests are complaining of red eyes. Test: FC 1.5 ppm, TC 2.8 ppm, CC 1.3 ppm — we",pool,unspecified,shock,data/academy.json:2143,"(data file, no direct generator)",claim,CONTEXTUAL
data/academy.json,data_json,free_chlorine,0,ppm,"""body"": ""After a pool party, the water smells strongly and guests are complaining of red eyes. Test: FC 1.5 ppm, TC 2.8 ppm, CC 1.3 ppm — we",pool,unspecified,shock,data/academy.json:2143,"(data file, no direct generator)",claim,REQUIRES_REVIEW
data/academy.json,data_json,ph,400,ppm,"""body"": ""Prevention: keep LSI between -0.3 and +0.3 by maintaining pH below 7.6, calcium hardness at or below 400 ppm, and alkalinity at 80–",unspecified,unspecified,target_range,data/academy.json:2211,"(data file, no direct generator)",claim,REQUIRES_REVIEW
data/academy.json,data_json,ph,120,ppm,"""body"": ""Prevention: keep LSI between -0.3 and +0.3 by maintaining pH below 7.6, calcium hardness at or below 400 ppm, and alkalinity at 80–",unspecified,unspecified,target_range,data/academy.json:2211,"(data file, no direct generator)",claim,REQUIRES_REVIEW
data/academy.json,data_json,ph,400,ppm,"""body"": ""A pool owner in an area with naturally hard tap water (400 ppm Ca hardness) fills a new pool. Within two months, heavy scale appear",pool,unspecified,troubleshooting,data/academy.json:2217,"(data file, no direct generator)",claim,REQUIRES_REVIEW
data/academy.json,data_json,ph,480,ppm,"""body"": ""A pool owner in an area with naturally hard tap water (400 ppm Ca hardness) fills a new pool. Within two months, heavy scale appear",pool,unspecified,troubleshooting,data/academy.json:2217,"(data file, no direct generator)",claim,REQUIRES_REVIEW
data/academy.json,data_json,ph,140,ppm,"""body"": ""A pool owner in an area with naturally hard tap water (400 ppm Ca hardness) fills a new pool. Within two months, heavy scale appear",pool,unspecified,troubleshooting,data/academy.json:2217,"(data file, no direct generator)",claim,REQUIRES_REVIEW
data/academy.json,data_json,ph,90,ppm,"""body"": ""A pool owner in an area with naturally hard tap water (400 ppm Ca hardness) fills a new pool. Within two months, heavy scale appear",pool,unspecified,troubleshooting,data/academy.json:2217,"(data file, no direct generator)",claim,REQUIRES_REVIEW
data/academy.json,data_json,ph,340,ppm,"""body"": ""A pool owner in an area with naturally hard tap water (400 ppm Ca hardness) fills a new pool. Within two months, heavy scale appear",pool,unspecified,troubleshooting,data/academy.json:2217,"(data file, no direct generator)",claim,REQUIRES_REVIEW
data/academy.json,data_json,calcium_hardness,150,ppm,"""Soft water (low calcium hardness, below 150 ppm) is inherently corrosive to pool surfaces."",",pool,unspecified,target_range,data/academy.json:2269,"(data file, no direct generator)",claim,CONTEXTUAL
data/academy.json,data_json,ph,100,ppm,"""body"": ""The treatment for active corrosion is raising the LSI into the acceptable range: raise pH to 7.4–7.6 (largest single impact), raise",pool,unspecified,shock,data/academy.json:2286,"(data file, no direct generator)",claim,REQUIRES_REVIEW
data/academy.json,data_json,ph,100,ppm,"""body"": ""A pool owner notices blue-green staining appearing along the waterline and on the pool floor after using a copper-based algaecide. ",pool,unspecified,shock,data/academy.json:2292,"(data file, no direct generator)",claim,REQUIRES_REVIEW
data/academy.json,data_json,ph,250,ppm,"""body"": ""A pool owner notices blue-green staining appearing along the waterline and on the pool floor after using a copper-based algaecide. ",pool,unspecified,shock,data/academy.json:2292,"(data file, no direct generator)",claim,REQUIRES_REVIEW
data/academy.json,data_json,calcium_hardness,200,ppm,"""Filling a plaster pool with soft municipal water without immediately raising calcium hardness to at least 200 ppm.""",pool,unspecified,target_range,data/academy.json:2298,"(data file, no direct generator)",claim,CONTEXTUAL
data/academy.json,data_json,ph,3,ppm,"""body"": ""Before entering the hot tub, spend 60 seconds testing free chlorine and pH. Free chlorine should be at least 3 ppm. pH should be be",hot_tub,chlorine,target_range,data/academy.json:2351,"(data file, no direct generator)",claim,REQUIRES_REVIEW
data/academy.json,data_json,ph,2,ppm,"""body"": ""Before entering the hot tub, spend 60 seconds testing free chlorine and pH. Free chlorine should be at least 3 ppm. pH should be be",hot_tub,chlorine,target_range,data/academy.json:2351,"(data file, no direct generator)",claim,REQUIRES_REVIEW
data/academy.json,data_json,ph,3,ppm,"""body"": ""Thursday evening, 7pm: open the cover and lift the test strips. FC reads 3 ppm (good). pH reads 7.5 (good). No adjustment needed. E",hot_tub,chlorine,target_range,data/academy.json:2367,"(data file, no direct generator)",claim,REQUIRES_REVIEW
data/academy.json,data_json,ph,5,ppm,"""body"": ""Once per week, test all four core parameters: free chlorine, pH, total alkalinity, and calcium hardness. In hot tubs, alkalinity te",hot_tub,chlorine,target_range,data/academy.json:2424,"(data file, no direct generator)",claim,REQUIRES_REVIEW
data/academy.json,data_json,ph,120,ppm,"""body"": ""Once per week, test all four core parameters: free chlorine, pH, total alkalinity, and calcium hardness. In hot tubs, alkalinity te",hot_tub,chlorine,target_range,data/academy.json:2424,"(data file, no direct generator)",claim,REQUIRES_REVIEW
data/academy.json,data_json,ph,250,ppm,"""body"": ""Once per week, test all four core parameters: free chlorine, pH, total alkalinity, and calcium hardness. In hot tubs, alkalinity te",hot_tub,chlorine,target_range,data/academy.json:2424,"(data file, no direct generator)",claim,REQUIRES_REVIEW
data/academy.json,data_json,ph,2,ppm,"""body"": ""Saturday 9am: open cover, collect water sample. Run full test: FC 2 ppm (slightly low), pH 7.6 (fine), TA 95 ppm (fine), CH 200 ppm",unspecified,chlorine,shock,data/academy.json:2440,"(data file, no direct generator)",claim,REQUIRES_REVIEW
data/academy.json,data_json,ph,95,ppm,"""body"": ""Saturday 9am: open cover, collect water sample. Run full test: FC 2 ppm (slightly low), pH 7.6 (fine), TA 95 ppm (fine), CH 200 ppm",unspecified,chlorine,shock,data/academy.json:2440,"(data file, no direct generator)",claim,REQUIRES_REVIEW
data/academy.json,data_json,ph,200,ppm,"""body"": ""Saturday 9am: open cover, collect water sample. Run full test: FC 2 ppm (slightly low), pH 7.6 (fine), TA 95 ppm (fine), CH 200 ppm",unspecified,chlorine,shock,data/academy.json:2440,"(data file, no direct generator)",claim,REQUIRES_REVIEW
data/academy.json,data_json,ph,5,ppm,"""body"": ""Saturday 9am: open cover, collect water sample. Run full test: FC 2 ppm (slightly low), pH 7.6 (fine), TA 95 ppm (fine), CH 200 ppm",unspecified,chlorine,shock,data/academy.json:2440,"(data file, no direct generator)",claim,REQUIRES_REVIEW
data/academy.json,data_json,ph,4,ppm,"""body"": ""Saturday 9am: open cover, collect water sample. Run full test: FC 2 ppm (slightly low), pH 7.6 (fine), TA 95 ppm (fine), CH 200 ppm",unspecified,chlorine,shock,data/academy.json:2440,"(data file, no direct generator)",claim,REQUIRES_REVIEW
data/academy.json,data_json,cyanuric_acid,500,ppm,"""body"": ""Run a complete water test including all four core parameters plus CYA. In hot tubs, TDS should also be checked monthly — TDS above ",hot_tub,unspecified,target_range,data/academy.json:2502,"(data file, no direct generator)",calculation,REQUIRES_REVIEW
data/academy.json,data_json,ph,50,lbs,"""body"": ""Open the equipment cabinet and inspect for moisture on electrical components (indicating a leak), scale deposits on the heater elem",unspecified,unspecified,troubleshooting,data/academy.json:2507,"(data file, no direct generator)",claim,REQUIRES_REVIEW
data/academy.json,data_json,ph,104,°f,"""body"": ""Fill the spa using the hose inserted through the filter housing (not over the shell) to minimise air entrainment in the plumbing. H",hot_tub,chlorine,target_range,data/academy.json:2578,"(data file, no direct generator)",claim,REQUIRES_REVIEW
data/academy.json,data_json,ph,100,ppm,"""body"": ""Fill the spa using the hose inserted through the filter housing (not over the shell) to minimise air entrainment in the plumbing. H",hot_tub,chlorine,target_range,data/academy.json:2578,"(data file, no direct generator)",claim,REQUIRES_REVIEW
data/academy.json,data_json,ph,150,ppm,"""body"": ""Fill the spa using the hose inserted through the filter housing (not over the shell) to minimise air entrainment in the plumbing. H",hot_tub,chlorine,target_range,data/academy.json:2578,"(data file, no direct generator)",claim,REQUIRES_REVIEW
data/academy.json,data_json,ph,5,ppm,"""body"": ""Fill the spa using the hose inserted through the filter housing (not over the shell) to minimise air entrainment in the plumbing. H",hot_tub,chlorine,target_range,data/academy.json:2578,"(data file, no direct generator)",claim,REQUIRES_REVIEW
data/academy.json,data_json,ph,102,°f,"""body"": ""Thursday 6pm: add pipe flush to running spa. Thursday 8pm: drain spa. Thursday 9pm: clean shell and filter. Friday 7am: refill with",hot_tub,chlorine,target_range,data/academy.json:2584,"(data file, no direct generator)",claim,REQUIRES_REVIEW
data/academy.json,data_json,ph,60,ppm,"""body"": ""Thursday 6pm: add pipe flush to running spa. Thursday 8pm: drain spa. Thursday 9pm: clean shell and filter. Friday 7am: refill with",hot_tub,chlorine,target_range,data/academy.json:2584,"(data file, no direct generator)",claim,REQUIRES_REVIEW
data/academy.json,data_json,ph,80,ppm,"""body"": ""Thursday 6pm: add pipe flush to running spa. Thursday 8pm: drain spa. Thursday 9pm: clean shell and filter. Friday 7am: refill with",hot_tub,chlorine,target_range,data/academy.json:2584,"(data file, no direct generator)",claim,REQUIRES_REVIEW
data/academy.json,data_json,ph,90,ppm,"""body"": ""Thursday 6pm: add pipe flush to running spa. Thursday 8pm: drain spa. Thursday 9pm: clean shell and filter. Friday 7am: refill with",hot_tub,chlorine,target_range,data/academy.json:2584,"(data file, no direct generator)",claim,REQUIRES_REVIEW
data/academy.json,data_json,ph,200,ppm,"""body"": ""Thursday 6pm: add pipe flush to running spa. Thursday 8pm: drain spa. Thursday 9pm: clean shell and filter. Friday 7am: refill with",hot_tub,chlorine,target_range,data/academy.json:2584,"(data file, no direct generator)",claim,REQUIRES_REVIEW
data/academy.json,data_json,ph,5,ppm,"""body"": ""Thursday 6pm: add pipe flush to running spa. Thursday 8pm: drain spa. Thursday 9pm: clean shell and filter. Friday 7am: refill with",hot_tub,chlorine,target_range,data/academy.json:2584,"(data file, no direct generator)",claim,REQUIRES_REVIEW
data/academy.json,data_json,combined_chlorine,0.5,ppm,"""Test combined chlorine after heavy use — if above 0.5 ppm, a shock treatment is required."",",unspecified,chlorine,shock,data/academy.json:2633,"(data file, no direct generator)",claim,REQUIRES_REVIEW
data/academy.json,data_json,free_chlorine,500,gallons,"""body"": ""Every bather introduces nitrogen-containing organic compounds into the water: sweat, body oils, hair products, and sunscreen. In a ",hot_tub,chlorine,target_range,data/academy.json:2642,"(data file, no direct generator)",claim,REQUIRES_REVIEW
data/academy.json,data_json,free_chlorine,5,ppm,"""body"": ""After adding any shock product, run the jets on high speed for 15–20 minutes to mix the chemical and accelerate off-gassing of chlo",hot_tub,chlorine,shock,data/academy.json:2652,"(data file, no direct generator)",claim,CONTEXTUAL
data/academy.json,data_json,free_chlorine,0.5,ppm,"""body"": ""Six people used the spa for 90 minutes for a birthday party. After they exit: FC tests at 0.5 ppm (almost depleted), CC at 1.8 ppm ",hot_tub,chlorine,target_range,data/academy.json:2658,"(data file, no direct generator)",claim,REQUIRES_REVIEW
data/academy.json,data_json,free_chlorine,1.8,ppm,"""body"": ""Six people used the spa for 90 minutes for a birthday party. After they exit: FC tests at 0.5 ppm (almost depleted), CC at 1.8 ppm ",hot_tub,chlorine,target_range,data/academy.json:2658,"(data file, no direct generator)",claim,CONTEXTUAL
data/academy.json,data_json,free_chlorine,0.5,ppm,"""body"": ""Six people used the spa for 90 minutes for a birthday party. After they exit: FC tests at 0.5 ppm (almost depleted), CC at 1.8 ppm ",hot_tub,chlorine,target_range,data/academy.json:2658,"(data file, no direct generator)",claim,REQUIRES_REVIEW
data/academy.json,data_json,free_chlorine,0.3,ppm,"""body"": ""Six people used the spa for 90 minutes for a birthday party. After they exit: FC tests at 0.5 ppm (almost depleted), CC at 1.8 ppm ",hot_tub,chlorine,target_range,data/academy.json:2658,"(data file, no direct generator)",claim,REQUIRES_REVIEW
data/academy.json,data_json,free_chlorine,4,ppm,"""body"": ""Six people used the spa for 90 minutes for a birthday party. After they exit: FC tests at 0.5 ppm (almost depleted), CC at 1.8 ppm ",hot_tub,chlorine,target_range,data/academy.json:2658,"(data file, no direct generator)",claim,CONTEXTUAL
data/academy.json,data_json,water_temperature,104,°f,"""body"": ""Running a hot tub through winter requires the same routine as summer use — daily testing, weekly maintenance, monthly deep cleans —",hot_tub,unspecified,target_range,data/academy.json:2717,"(data file, no direct generator)",claim,REQUIRES_REVIEW
data/academy.json,data_json,water_temperature,80,°f,"""body"": ""Running a hot tub through winter requires the same routine as summer use — daily testing, weekly maintenance, monthly deep cleans —",hot_tub,unspecified,target_range,data/academy.json:2717,"(data file, no direct generator)",claim,REQUIRES_REVIEW
data/academy.json,data_json,water_temperature,15,°f,"""body"": ""A spa owner in the mountains loses power for 36 hours in January. Outside temperature drops to 15°F. The spa water temperature has ",hot_tub,unspecified,target_range,data/academy.json:2733,"(data file, no direct generator)",claim,REQUIRES_REVIEW
data/academy.json,data_json,water_temperature,52,°f,"""body"": ""A spa owner in the mountains loses power for 36 hours in January. Outside temperature drops to 15°F. The spa water temperature has ",hot_tub,unspecified,target_range,data/academy.json:2733,"(data file, no direct generator)",claim,REQUIRES_REVIEW
data/academy.json,data_json,salt,400,ppm,"""Target salt level for most systems: 2,700–3,400 ppm — far lower than ocean water (35,000 ppm)."",",unspecified,saltwater_chlorine_generator,target_range,data/academy.json:2999,"(data file, no direct generator)",claim,REQUIRES_REVIEW
data/academy.json,data_json,salt,0,ppm,"""Target salt level for most systems: 2,700–3,400 ppm — far lower than ocean water (35,000 ppm)."",",unspecified,saltwater_chlorine_generator,target_range,data/academy.json:2999,"(data file, no direct generator)",claim,REQUIRES_REVIEW
data/academy.json,data_json,cyanuric_acid,80,ppm,"""CYA of 60–80 ppm is needed for salt pool outdoor use to protect the generated chlorine from UV.""",pool,saltwater_chlorine_generator,target_range,data/academy.json:3002,"(data file, no direct generator)",claim,REQUIRES_REVIEW
data/academy.json,data_json,ph,120,ppm,"""body"": ""Salt pools require the same core chemistry management as chlorine pools with one difference: the salt chlorinator generates chlorin",pool,saltwater_chlorine_generator,target_range,data/academy.json:3013,"(data file, no direct generator)",claim,REQUIRES_REVIEW
data/academy.json,data_json,ph,400,ppm,"""body"": ""Salt pools require the same core chemistry management as chlorine pools with one difference: the salt chlorinator generates chlorin",pool,saltwater_chlorine_generator,target_range,data/academy.json:3013,"(data file, no direct generator)",claim,REQUIRES_REVIEW
data/academy.json,data_json,ph,80,ppm,"""body"": ""Salt pools require the same core chemistry management as chlorine pools with one difference: the salt chlorinator generates chlorin",pool,saltwater_chlorine_generator,target_range,data/academy.json:3013,"(data file, no direct generator)",claim,REQUIRES_REVIEW
data/academy.json,data_json,ph,400,ppm,"""body"": ""Opening a salt pool in spring: test salt level using the handheld salt test strip or the controller reading. Salt reads 2,400 ppm —",pool,saltwater_chlorine_generator,target_range,data/academy.json:3024,"(data file, no direct generator)",claim,REQUIRES_REVIEW
data/academy.json,data_json,ph,700,ppm,"""body"": ""Opening a salt pool in spring: test salt level using the handheld salt test strip or the controller reading. Salt reads 2,400 ppm —",pool,saltwater_chlorine_generator,target_range,data/academy.json:3024,"(data file, no direct generator)",claim,REQUIRES_REVIEW
data/academy.json,data_json,ph,40,lbs,"""body"": ""Opening a salt pool in spring: test salt level using the handheld salt test strip or the controller reading. Salt reads 2,400 ppm —",pool,saltwater_chlorine_generator,target_range,data/academy.json:3024,"(data file, no direct generator)",claim,REQUIRES_REVIEW
data/academy.json,data_json,ph,300,ppm,"""body"": ""Opening a salt pool in spring: test salt level using the handheld salt test strip or the controller reading. Salt reads 2,400 ppm —",pool,saltwater_chlorine_generator,target_range,data/academy.json:3024,"(data file, no direct generator)",claim,REQUIRES_REVIEW
data/academy.json,data_json,ph,750,ppm,"""body"": ""Opening a salt pool in spring: test salt level using the handheld salt test strip or the controller reading. Salt reads 2,400 ppm —",pool,saltwater_chlorine_generator,target_range,data/academy.json:3024,"(data file, no direct generator)",claim,REQUIRES_REVIEW
data/academy.json,data_json,ph,90,ppm,"""body"": ""Opening a salt pool in spring: test salt level using the handheld salt test strip or the controller reading. Salt reads 2,400 ppm —",pool,saltwater_chlorine_generator,target_range,data/academy.json:3024,"(data file, no direct generator)",claim,REQUIRES_REVIEW
data/academy.json,data_json,ph,200,ppm,"""body"": ""Opening a salt pool in spring: test salt level using the handheld salt test strip or the controller reading. Salt reads 2,400 ppm —",pool,saltwater_chlorine_generator,target_range,data/academy.json:3024,"(data file, no direct generator)",claim,REQUIRES_REVIEW
data/academy.json,data_json,free_chlorine,1,ppm,"""body"": ""The correct feed rate depends on pool volume, sun exposure, bather load, and current CYA level. Start at the mid-range setting, run",pool,chlorine,target_range,data/academy.json:3087,"(data file, no direct generator)",claim,CONTEXTUAL
data/academy.json,data_json,free_chlorine,3,ppm,"""body"": ""The correct feed rate depends on pool volume, sun exposure, bather load, and current CYA level. Start at the mid-range setting, run",pool,chlorine,target_range,data/academy.json:3087,"(data file, no direct generator)",claim,CONTEXTUAL
data/academy.json,data_json,ph,100,ppm,"""body"": ""Trichlor tablets are strongly acidic (pH approximately 2.8) and contain cyanuric acid. Every time a tablet dissolves, it lowers pH ",pool,chlorine,safety_guidance,data/academy.json:3092,"(data file, no direct generator)",claim,REQUIRES_REVIEW
data/academy.json,data_json,cyanuric_acid,85,ppm,"""body"": ""As the season winds down, a pool owner discovers their CYA is at 85 ppm — above the 80 ppm upper limit. Review of maintenance recor",pool,chlorine,troubleshooting,data/academy.json:3098,"(data file, no direct generator)",claim,REQUIRES_REVIEW
data/academy.json,data_json,cyanuric_acid,80,ppm,"""body"": ""As the season winds down, a pool owner discovers their CYA is at 85 ppm — above the 80 ppm upper limit. Review of maintenance recor",pool,chlorine,troubleshooting,data/academy.json:3098,"(data file, no direct generator)",claim,REQUIRES_REVIEW
data/academy.json,data_json,ph,1,ppm,"""body"": ""Test all water parameters (FC, pH, TA, hardness) within 24 hours of guest arrival. If FC is below 1 ppm (pool) or 3 ppm (hot tub), ",both,chlorine,shock,data/academy.json:3225,"(data file, no direct generator)",claim,REQUIRES_REVIEW
data/academy.json,data_json,ph,3,ppm,"""body"": ""Test all water parameters (FC, pH, TA, hardness) within 24 hours of guest arrival. If FC is below 1 ppm (pool) or 3 ppm (hot tub), ",both,chlorine,shock,data/academy.json:3225,"(data file, no direct generator)",claim,REQUIRES_REVIEW
data/academy.json,data_json,ph,0.5,ppm,"""body"": ""Test all water parameters (FC, pH, TA, hardness) within 24 hours of guest arrival. If FC is below 1 ppm (pool) or 3 ppm (hot tub), ",both,chlorine,shock,data/academy.json:3225,"(data file, no direct generator)",claim,REQUIRES_REVIEW
data/academy.json,data_json,ph,0.8,ppm,"""body"": ""Date: Saturday 10am. Pre-turnover test: FC 0.8 ppm (low), pH 7.9 (high), TA 100 ppm (ok), CH 220 ppm (ok), CC 0.4 ppm (borderline).",unspecified,chlorine,safety_guidance,data/academy.json:3241,"(data file, no direct generator)",claim,REQUIRES_REVIEW
data/academy.json,data_json,ph,100,ppm,"""body"": ""Date: Saturday 10am. Pre-turnover test: FC 0.8 ppm (low), pH 7.9 (high), TA 100 ppm (ok), CH 220 ppm (ok), CC 0.4 ppm (borderline).",unspecified,chlorine,safety_guidance,data/academy.json:3241,"(data file, no direct generator)",claim,REQUIRES_REVIEW
data/academy.json,data_json,ph,220,ppm,"""body"": ""Date: Saturday 10am. Pre-turnover test: FC 0.8 ppm (low), pH 7.9 (high), TA 100 ppm (ok), CH 220 ppm (ok), CC 0.4 ppm (borderline).",unspecified,chlorine,safety_guidance,data/academy.json:3241,"(data file, no direct generator)",claim,REQUIRES_REVIEW
data/academy.json,data_json,ph,0.4,ppm,"""body"": ""Date: Saturday 10am. Pre-turnover test: FC 0.8 ppm (low), pH 7.9 (high), TA 100 ppm (ok), CH 220 ppm (ok), CC 0.4 ppm (borderline).",unspecified,chlorine,safety_guidance,data/academy.json:3241,"(data file, no direct generator)",claim,REQUIRES_REVIEW
data/academy.json,data_json,ph,2,ppm,"""body"": ""Date: Saturday 10am. Pre-turnover test: FC 0.8 ppm (low), pH 7.9 (high), TA 100 ppm (ok), CH 220 ppm (ok), CC 0.4 ppm (borderline).",unspecified,chlorine,safety_guidance,data/academy.json:3241,"(data file, no direct generator)",claim,REQUIRES_REVIEW
data/academy.json,data_json,ph,8,oz,"""body"": ""Date: Saturday 10am. Pre-turnover test: FC 0.8 ppm (low), pH 7.9 (high), TA 100 ppm (ok), CH 220 ppm (ok), CC 0.4 ppm (borderline).",unspecified,chlorine,safety_guidance,data/academy.json:3241,"(data file, no direct generator)",claim,REQUIRES_REVIEW
data/academy.json,data_json,ph,2.5,ppm,"""body"": ""Date: Saturday 10am. Pre-turnover test: FC 0.8 ppm (low), pH 7.9 (high), TA 100 ppm (ok), CH 220 ppm (ok), CC 0.4 ppm (borderline).",unspecified,chlorine,safety_guidance,data/academy.json:3241,"(data file, no direct generator)",claim,REQUIRES_REVIEW
data/academy.json,data_json,ph,0.1,ppm,"""body"": ""Date: Saturday 10am. Pre-turnover test: FC 0.8 ppm (low), pH 7.9 (high), TA 100 ppm (ok), CH 220 ppm (ok), CC 0.4 ppm (borderline).",unspecified,chlorine,safety_guidance,data/academy.json:3241,"(data file, no direct generator)",claim,REQUIRES_REVIEW
data/academy.json,data_json,free_chlorine,1,ppm,"""body"": ""Reviewing six months of pool logs for a busy vacation rental, the owner notices that free chlorine consistently drops below 1 ppm i",pool,chlorine,troubleshooting,data/academy.json:3388,"(data file, no direct generator)",claim,CONTEXTUAL
data/academy.json,data_json,ph,3,ppm,"""body"": ""The chemistry portion of the weekly inspection covers: free chlorine (1–3 ppm), combined chlorine (below 0.5 ppm), pH (7.2–7.6), to",pool,chlorine,target_range,data/academy.json:3517,"(data file, no direct generator)",claim,REQUIRES_REVIEW
data/academy.json,data_json,ph,0.5,ppm,"""body"": ""The chemistry portion of the weekly inspection covers: free chlorine (1–3 ppm), combined chlorine (below 0.5 ppm), pH (7.2–7.6), to",pool,chlorine,target_range,data/academy.json:3517,"(data file, no direct generator)",claim,REQUIRES_REVIEW
data/academy.json,data_json,ph,120,ppm,"""body"": ""The chemistry portion of the weekly inspection covers: free chlorine (1–3 ppm), combined chlorine (below 0.5 ppm), pH (7.2–7.6), to",pool,chlorine,target_range,data/academy.json:3517,"(data file, no direct generator)",claim,REQUIRES_REVIEW
data/academy.json,data_json,free_chlorine,30,ppm,"""The shock dose for a green pool is 30 ppm FC — the pool volume calculator determines the exact chemical amount."",",pool,unspecified,shock,data/academy.json:3584,"(data file, no direct generator)",claim,REQUIRES_REVIEW
data/academy.json,data_json,ph,30,ppm,"""body"": ""Step 1: Lower pH to 7.2 (maximises chlorine activity). Step 2: For green water, brush all surfaces vigorously to break up algae bio",unspecified,chlorine,shock,data/academy.json:3596,"(data file, no direct generator)",claim,REQUIRES_REVIEW
data/academy.json,data_json,ph,10,ppm,"""body"": ""Step 1: Lower pH to 7.2 (maximises chlorine activity). Step 2: For green water, brush all surfaces vigorously to break up algae bio",unspecified,chlorine,shock,data/academy.json:3596,"(data file, no direct generator)",claim,REQUIRES_REVIEW
data/academy.json,data_json,ph,10,ppm,"""body"": ""Step 1: Lower pH to 7.2 (maximises chlorine activity). Step 2: For green water, brush all surfaces vigorously to break up algae bio",unspecified,chlorine,shock,data/academy.json:3596,"(data file, no direct generator)",claim,REQUIRES_REVIEW
data/academy.json,data_json,ph,5,ppm,"""body"": ""Step 1: Lower pH to 7.2 (maximises chlorine activity). Step 2: For green water, brush all surfaces vigorously to break up algae bio",unspecified,chlorine,shock,data/academy.json:3596,"(data file, no direct generator)",claim,REQUIRES_REVIEW
data/academy.json,data_json,ph,10,gallons,"""body"": ""Friday afternoon, a property manager arrives for turnover and finds the 18,000-gallon pool bright green. Guests checked out this mo",pool,chlorine,target_range,data/academy.json:3607,"(data file, no direct generator)",claim,REQUIRES_REVIEW
data/academy.json,data_json,ph,30,ppm,"""body"": ""Friday afternoon, a property manager arrives for turnover and finds the 18,000-gallon pool bright green. Guests checked out this mo",pool,chlorine,target_range,data/academy.json:3607,"(data file, no direct generator)",claim,REQUIRES_REVIEW
data/academy.json,data_json,ph,12,ppm,"""body"": ""Friday afternoon, a property manager arrives for turnover and finds the 18,000-gallon pool bright green. Guests checked out this mo",pool,chlorine,target_range,data/academy.json:3607,"(data file, no direct generator)",claim,REQUIRES_REVIEW
data/academy.json,data_json,ph,8,ppm,"""body"": ""Friday afternoon, a property manager arrives for turnover and finds the 18,000-gallon pool bright green. Guests checked out this mo",pool,chlorine,target_range,data/academy.json:3607,"(data file, no direct generator)",claim,REQUIRES_REVIEW
data/academy.json,data_json,ph,5,ppm,"""body"": ""Friday afternoon, a property manager arrives for turnover and finds the 18,000-gallon pool bright green. Guests checked out this mo",pool,chlorine,target_range,data/academy.json:3607,"(data file, no direct generator)",claim,REQUIRES_REVIEW
data/datasets/chemical-properties.json,data_json,cyanuric_acid,100,ppm,"""safetyNotes"": ""Cannot be removed chemically. Only dilution reduces CYA. Above 100 ppm, severely reduces chlorine effectiveness.""",unspecified,chlorine,safety_guidance,data/datasets/chemical-properties.json:167,"(data file, no direct generator)",claim,REQUIRES_REVIEW
data/datasets/chemical-ranges.json,data_json,free_chlorine,50,ppm,"""notes"": ""Minimum effective level depends on CYA. At CYA 50 ppm, minimum FC is 4 ppm per TFPC guidelines.""",unspecified,unspecified,target_range,data/datasets/chemical-ranges.json:33,"(data file, no direct generator)",claim,REQUIRES_REVIEW
data/datasets/chemical-ranges.json,data_json,free_chlorine,4,ppm,"""notes"": ""Minimum effective level depends on CYA. At CYA 50 ppm, minimum FC is 4 ppm per TFPC guidelines.""",unspecified,unspecified,target_range,data/datasets/chemical-ranges.json:33,"(data file, no direct generator)",claim,CONTEXTUAL
data/datasets/chemical-ranges.json,data_json,combined_chlorine,0.5,ppm,"""notes"": ""Any detectable CC above 0.5 ppm requires breakpoint chlorination (shock at 10x CC level).""",unspecified,unspecified,shock,data/datasets/chemical-ranges.json:53,"(data file, no direct generator)",claim,REQUIRES_REVIEW
data/datasets/chemical-ranges.json,data_json,free_chlorine,80,ppm,"""notes"": ""Above 80 ppm, increase FC target proportionally. Above 100 ppm, partial drain required. Only reduced by water dilution.""",unspecified,unspecified,target_range,data/datasets/chemical-ranges.json:133,"(data file, no direct generator)",claim,REQUIRES_REVIEW
data/datasets/chemical-ranges.json,data_json,free_chlorine,100,ppm,"""notes"": ""Above 80 ppm, increase FC target proportionally. Above 100 ppm, partial drain required. Only reduced by water dilution.""",unspecified,unspecified,target_range,data/datasets/chemical-ranges.json:133,"(data file, no direct generator)",claim,REQUIRES_REVIEW
data/datasets/chemical-ranges.json,data_json,cyanuric_acid,80,ppm,"""notes"": ""Higher CYA required for salt pools to protect chlorine generated by cell. Do not exceed 80 ppm if possible.""",unspecified,saltwater_chlorine_generator,target_range,data/datasets/chemical-ranges.json:293,"(data file, no direct generator)",claim,REQUIRES_REVIEW
data/datasets/chemical-ranges.json,data_json,salt,60,°f,"""notes"": ""Salt cell output decreases significantly below 60°F. Manual chlorination may be needed in cold weather.""",unspecified,saltwater_chlorine_generator,target_range,data/datasets/chemical-ranges.json:333,"(data file, no direct generator)",claim,REQUIRES_REVIEW
data/datasets/chemical-ranges.json,data_json,free_chlorine,1,ppm,"""notes"": ""Many jurisdictions require minimum 1 ppm FC by law. ORP must also be maintained above 650 mV.""",unspecified,unspecified,target_range,data/datasets/chemical-ranges.json:513,"(data file, no direct generator)",claim,CONTEXTUAL
data/datasets/chemical-ranges.json,data_json,cyanuric_acid,40,ppm,"""notes"": ""Many health codes prohibit CYA above 40 ppm in commercial pools or prohibit CYA entirely.""",unspecified,unspecified,target_range,data/datasets/chemical-ranges.json:593,"(data file, no direct generator)",claim,REQUIRES_REVIEW
data/datasets/chemical-ranges.json,data_json,water_temperature,85,°f,"""notes"": ""Temperature above 85°F increases chlorine demand significantly and promotes algae growth.""",unspecified,chlorine,target_range,data/datasets/chemical-ranges.json:733,"(data file, no direct generator)",claim,REQUIRES_REVIEW
data/datasets/dosage-matrices.json,data_json,cyanuric_acid,0.9,ppm,"""notes"": ""Each oz adds ~0.9 ppm CYA per 10,000 gal. Use sparingly to avoid CYA accumulation. Dissolves rapidly.""",unspecified,unspecified,target_range,data/datasets/dosage-matrices.json:128,"(data file, no direct generator)",claim,CONTEXTUAL
data/datasets/dosage-matrices.json,data_json,cyanuric_acid,0,gal,"""notes"": ""Each oz adds ~0.9 ppm CYA per 10,000 gal. Use sparingly to avoid CYA accumulation. Dissolves rapidly.""",unspecified,unspecified,target_range,data/datasets/dosage-matrices.json:128,"(data file, no direct generator)",claim,REQUIRES_REVIEW
data/datasets/dosage-matrices.json,data_json,total_alkalinity,1.5,lbs,"""notes"": ""1.5 lbs raises TA by ~10 ppm in 10,000 gallons. Add around pool perimeter with pump running."",",pool,unspecified,target_range,data/datasets/dosage-matrices.json:229,"(data file, no direct generator)",claim,REQUIRES_REVIEW
data/datasets/dosage-matrices.json,data_json,total_alkalinity,10,ppm,"""notes"": ""1.5 lbs raises TA by ~10 ppm in 10,000 gallons. Add around pool perimeter with pump running."",",pool,unspecified,target_range,data/datasets/dosage-matrices.json:229,"(data file, no direct generator)",claim,REQUIRES_REVIEW
data/datasets/dosage-matrices.json,data_json,total_alkalinity,0,gallons,"""notes"": ""1.5 lbs raises TA by ~10 ppm in 10,000 gallons. Add around pool perimeter with pump running."",",pool,unspecified,target_range,data/datasets/dosage-matrices.json:229,"(data file, no direct generator)",claim,REQUIRES_REVIEW
data/datasets/dosage-matrices.json,data_json,calcium_hardness,1.7,lbs,"""notes"": ""1.7 lbs raises CH by ~10 ppm in 10,000 gal. Pre-dissolve in large bucket of water — reacts exothermically. Add slowly near return.",unspecified,unspecified,target_range,data/datasets/dosage-matrices.json:252,"(data file, no direct generator)",claim,REQUIRES_REVIEW
data/datasets/dosage-matrices.json,data_json,calcium_hardness,10,ppm,"""notes"": ""1.7 lbs raises CH by ~10 ppm in 10,000 gal. Pre-dissolve in large bucket of water — reacts exothermically. Add slowly near return.",unspecified,unspecified,target_range,data/datasets/dosage-matrices.json:252,"(data file, no direct generator)",claim,REQUIRES_REVIEW
data/datasets/dosage-matrices.json,data_json,calcium_hardness,0,gal,"""notes"": ""1.7 lbs raises CH by ~10 ppm in 10,000 gal. Pre-dissolve in large bucket of water — reacts exothermically. Add slowly near return.",unspecified,unspecified,target_range,data/datasets/dosage-matrices.json:252,"(data file, no direct generator)",claim,REQUIRES_REVIEW
data/datasets/dosage-matrices.json,data_json,cyanuric_acid,1.3,lbs,"""notes"": ""1.3 lbs raises CYA by ~10 ppm in 10,000 gal. Dissolves slowly (24–48 hrs). Place in nylon sock near return jet."",",unspecified,unspecified,target_range,data/datasets/dosage-matrices.json:275,"(data file, no direct generator)",claim,REQUIRES_REVIEW
data/datasets/dosage-matrices.json,data_json,cyanuric_acid,10,ppm,"""notes"": ""1.3 lbs raises CYA by ~10 ppm in 10,000 gal. Dissolves slowly (24–48 hrs). Place in nylon sock near return jet."",",unspecified,unspecified,target_range,data/datasets/dosage-matrices.json:275,"(data file, no direct generator)",claim,CONTEXTUAL
data/datasets/dosage-matrices.json,data_json,cyanuric_acid,0,gal,"""notes"": ""1.3 lbs raises CYA by ~10 ppm in 10,000 gal. Dissolves slowly (24–48 hrs). Place in nylon sock near return jet."",",unspecified,unspecified,target_range,data/datasets/dosage-matrices.json:275,"(data file, no direct generator)",claim,REQUIRES_REVIEW
data/datasets/dosage-matrices.json,data_json,salt,13.3,lbs,"""notes"": ""13.3 lbs raises salt by ~10 ppm in 10,000 gal. High-purity NaCl required (no additives). Pre-dissolve in shallow end."",",unspecified,saltwater_chlorine_generator,target_range,data/datasets/dosage-matrices.json:295,"(data file, no direct generator)",claim,REQUIRES_REVIEW
data/datasets/dosage-matrices.json,data_json,salt,10,ppm,"""notes"": ""13.3 lbs raises salt by ~10 ppm in 10,000 gal. High-purity NaCl required (no additives). Pre-dissolve in shallow end."",",unspecified,saltwater_chlorine_generator,target_range,data/datasets/dosage-matrices.json:295,"(data file, no direct generator)",claim,REQUIRES_REVIEW
data/datasets/dosage-matrices.json,data_json,salt,0,gal,"""notes"": ""13.3 lbs raises salt by ~10 ppm in 10,000 gal. High-purity NaCl required (no additives). Pre-dissolve in shallow end."",",unspecified,saltwater_chlorine_generator,target_range,data/datasets/dosage-matrices.json:295,"(data file, no direct generator)",claim,REQUIRES_REVIEW
data/datasets/maintenance-schedules.json,data_json,combined_chlorine,0.5,ppm,"""Shock if CC > 0.5 ppm or after heavy rain""",unspecified,unspecified,shock,data/datasets/maintenance-schedules.json:28,"(data file, no direct generator)",claim,REQUIRES_REVIEW
data/datasets/maintenance-schedules.json,data_json,water_temperature,104,°f,"""Verify temperature is safe (maximum 104°F)"",",unspecified,unspecified,target_range,data/datasets/maintenance-schedules.json:73,"(data file, no direct generator)",claim,REQUIRES_REVIEW
data/datasets/temperature-guidelines.json,data_json,chlorine_demand,82,°f,"""notes"": ""Most swimmers prefer 78–82°F. Higher temperatures increase chlorine demand.""",unspecified,chlorine,target_range,data/datasets/temperature-guidelines.json:29,"(data file, no direct generator)",claim,REQUIRES_REVIEW
data/datasets/temperature-guidelines.json,data_json,water_temperature,10,°c,"""description"": ""Chlorine demand approximately doubles for every 10°C (18°F) temperature increase.""",unspecified,chlorine,target_range,data/datasets/temperature-guidelines.json:83,"(data file, no direct generator)",claim,REQUIRES_REVIEW
data/datasets/temperature-guidelines.json,data_json,water_temperature,18,°f,"""description"": ""Chlorine demand approximately doubles for every 10°C (18°F) temperature increase.""",unspecified,chlorine,target_range,data/datasets/temperature-guidelines.json:83,"(data file, no direct generator)",claim,REQUIRES_REVIEW
data/datasets/temperature-guidelines.json,data_json,algae,85,°f,"""description"": ""Algae growth rate increases significantly above 85°F (29°C).""",unspecified,unspecified,target_range,data/datasets/temperature-guidelines.json:91,"(data file, no direct generator)",claim,REQUIRES_REVIEW
data/datasets/temperature-guidelines.json,data_json,algae,29,°c,"""description"": ""Algae growth rate increases significantly above 85°F (29°C).""",unspecified,unspecified,target_range,data/datasets/temperature-guidelines.json:91,"(data file, no direct generator)",claim,REQUIRES_REVIEW
data/datasets/temperature-guidelines.json,data_json,salt,60,°f,"""description"": ""Salt cell output decreases significantly below 60°F (15°C). Below 50°F, most cells shut off automatically.""",unspecified,saltwater_chlorine_generator,target_range,data/datasets/temperature-guidelines.json:103,"(data file, no direct generator)",claim,REQUIRES_REVIEW
data/datasets/temperature-guidelines.json,data_json,salt,15,°c,"""description"": ""Salt cell output decreases significantly below 60°F (15°C). Below 50°F, most cells shut off automatically.""",unspecified,saltwater_chlorine_generator,target_range,data/datasets/temperature-guidelines.json:103,"(data file, no direct generator)",claim,REQUIRES_REVIEW
data/datasets/temperature-guidelines.json,data_json,salt,50,°f,"""description"": ""Salt cell output decreases significantly below 60°F (15°C). Below 50°F, most cells shut off automatically.""",unspecified,saltwater_chlorine_generator,target_range,data/datasets/temperature-guidelines.json:103,"(data file, no direct generator)",claim,REQUIRES_REVIEW
data/datasets/testing-frequency.json,data_json,combined_chlorine,0.5,ppm,"""notes"": ""If CC > 0.5 ppm, shock immediately.""",unspecified,unspecified,shock,data/datasets/testing-frequency.json:30,"(data file, no direct generator)",claim,REQUIRES_REVIEW
data/datasets/testing-frequency.json,data_json,combined_chlorine,0.5,ppm,"""notes"": ""Shock if CC > 0.5 ppm.""",unspecified,unspecified,shock,data/datasets/testing-frequency.json:172,"(data file, no direct generator)",claim,REQUIRES_REVIEW
data/datasets/water-balance.json,data_json,(unmatched),1000,ppm,"""notes"": ""Standard: 12.1 for pools with TDS ~1000 ppm. Use 12.2 for saltwater pools (higher TDS ~3200 ppm).""",unspecified,saltwater_chlorine_generator,target_range,data/datasets/water-balance.json:210,"(data file, no direct generator)",claim,REQUIRES_REVIEW
data/datasets/water-balance.json,data_json,(unmatched),3200,ppm,"""notes"": ""Standard: 12.1 for pools with TDS ~1000 ppm. Use 12.2 for saltwater pools (higher TDS ~3200 ppm).""",unspecified,saltwater_chlorine_generator,target_range,data/datasets/water-balance.json:210,"(data file, no direct generator)",claim,REQUIRES_REVIEW
data/datasets/water-problems.json,data_json,free_chlorine,-30,ppm,"""shock-to-30ppm-fc"",",unspecified,unspecified,shock,data/datasets/water-problems.json:76,"(data file, no direct generator)",claim,REQUIRES_REVIEW
data/datasets/water-problems.json,data_json,free_chlorine,5,ppm,"""FC above 5 ppm"",",unspecified,unspecified,target_range,data/datasets/water-problems.json:264,"(data file, no direct generator)",claim,CONTEXTUAL
data/datasets/water-problems.json,data_json,free_chlorine,-5,ppm,"""close-pool-until-fc-below-5ppm"",",pool,unspecified,target_range,data/datasets/water-problems.json:279,"(data file, no direct generator)",claim,REQUIRES_REVIEW
data/entities/chemical-products.json,data_json,cyanuric_acid,7,ppm,"""longDescription"": ""Sodium dichloro-s-triazinetrione (dichlor) is a stabilized granular chlorine compound containing approximately 56–62% av",pool,chlorine,shock,data/entities/chemical-products.json:117,"(data file, no direct generator)",claim,CONTEXTUAL
data/entities/chemical-products.json,data_json,cyanuric_acid,0,gallons,"""longDescription"": ""Sodium dichloro-s-triazinetrione (dichlor) is a stabilized granular chlorine compound containing approximately 56–62% av",pool,chlorine,shock,data/entities/chemical-products.json:117,"(data file, no direct generator)",claim,REQUIRES_REVIEW
data/entities/chemical-products.json,data_json,ph,6,oz,"""longDescription"": ""Soda ash (sodium carbonate, Na₂CO₃) is the standard product for raising pH in pool water. Unlike sodium bicarbonate, sod",pool,unspecified,target_range,data/entities/chemical-products.json:283,"(data file, no direct generator)",claim,REQUIRES_REVIEW
data/entities/chemical-products.json,data_json,ph,1.5,lbs,"""longDescription"": ""Sodium bicarbonate (NaHCO₃), commonly called baking soda, is the standard product for raising total alkalinity in pool w",pool,unspecified,target_range,data/entities/chemical-products.json:338,"(data file, no direct generator)",claim,REQUIRES_REVIEW
data/entities/chemical-products.json,data_json,ph,0,gallons,"""longDescription"": ""Sodium bicarbonate (NaHCO₃), commonly called baking soda, is the standard product for raising total alkalinity in pool w",pool,unspecified,target_range,data/entities/chemical-products.json:338,"(data file, no direct generator)",claim,REQUIRES_REVIEW
data/entities/chemical-products.json,data_json,ph,10,ppm,"""longDescription"": ""Sodium bicarbonate (NaHCO₃), commonly called baking soda, is the standard product for raising total alkalinity in pool w",pool,unspecified,target_range,data/entities/chemical-products.json:338,"(data file, no direct generator)",claim,REQUIRES_REVIEW
data/entities/chemical-products.json,data_json,calcium_hardness,12,oz,"""longDescription"": ""Calcium chloride (CaCl₂) is the chemical used to raise calcium hardness in pool water. It dissolves exothermically (gene",pool,unspecified,target_range,data/entities/chemical-products.json:390,"(data file, no direct generator)",claim,REQUIRES_REVIEW
data/entities/chemical-products.json,data_json,calcium_hardness,10,ppm,"""longDescription"": ""Calcium chloride (CaCl₂) is the chemical used to raise calcium hardness in pool water. It dissolves exothermically (gene",pool,unspecified,target_range,data/entities/chemical-products.json:390,"(data file, no direct generator)",claim,REQUIRES_REVIEW
data/entities/chemical-products.json,data_json,cyanuric_acid,50,ppm,"""longDescription"": ""Pool stabilizer (cyanuric acid granules) is added to outdoor pools at the start of the season to raise CYA to the target",both,saltwater_chlorine_generator,target_range,data/entities/chemical-products.json:441,"(data file, no direct generator)",claim,REQUIRES_REVIEW
data/entities/chemical-products.json,data_json,cyanuric_acid,80,ppm,"""longDescription"": ""Pool stabilizer (cyanuric acid granules) is added to outdoor pools at the start of the season to raise CYA to the target",both,saltwater_chlorine_generator,target_range,data/entities/chemical-products.json:441,"(data file, no direct generator)",claim,REQUIRES_REVIEW
data/entities/chemical-products.json,data_json,salt,400,lbs,"""longDescription"": ""Pool salt is 99.8%+ pure sodium chloride (NaCl) sold specifically for use in saltwater pool systems. It must be free of ",pool,saltwater_chlorine_generator,target_range,data/entities/chemical-products.json:493,"(data file, no direct generator)",claim,REQUIRES_REVIEW
data/entities/chemical-products.json,data_json,salt,200,ppm,"""longDescription"": ""Pool salt is 99.8%+ pure sodium chloride (NaCl) sold specifically for use in saltwater pool systems. It must be free of ",pool,saltwater_chlorine_generator,target_range,data/entities/chemical-products.json:493,"(data file, no direct generator)",claim,REQUIRES_REVIEW
data/entities/chemical-products.json,data_json,salt,40,lb,"""40 lb salt bag""",unspecified,saltwater_chlorine_generator,target_range,data/entities/chemical-products.json:536,"(data file, no direct generator)",claim,REQUIRES_REVIEW
data/entities/chemicals.json,data_json,free_chlorine,0.5,ppm,"""longDescription"": ""Combined chlorine (CC) is the difference between total chlorine and free chlorine. It consists primarily of chloramines ",pool,chlorine,shock,data/entities/chemicals.json:94,"(data file, no direct generator)",claim,REQUIRES_REVIEW
data/entities/chemicals.json,data_json,free_chlorine,100,ppm,"""longDescription"": ""Cyanuric acid (CYA) — also called stabilizer or conditioner — binds to free chlorine to protect it from UV photolysis. W",pool,chlorine,target_range,data/entities/chemicals.json:280,"(data file, no direct generator)",claim,REQUIRES_REVIEW
data/entities/chemicals.json,data_json,calcium_hardness,400,ppm,"""longDescription"": ""Calcium hardness (CH) is the measure of dissolved calcium ions in pool water. It is one of the five variables in the Lan",pool,unspecified,target_range,data/entities/chemicals.json:354,"(data file, no direct generator)",claim,CONTEXTUAL
data/entities/chemicals.json,data_json,calcium_hardness,250,ppm,"""longDescription"": ""Calcium hardness (CH) is the measure of dissolved calcium ions in pool water. It is one of the five variables in the Lan",pool,unspecified,target_range,data/entities/chemicals.json:354,"(data file, no direct generator)",claim,CONTEXTUAL
data/entities/chemicals.json,data_json,salt,400,ppm,"""longDescription"": ""Pool salt is pure sodium chloride (NaCl) added to pool water for use with a salt chlorinator (also called a saltwater ge",pool,saltwater_chlorine_generator,target_range,data/entities/chemicals.json:429,"(data file, no direct generator)",claim,REQUIRES_REVIEW
data/entities/chemicals.json,data_json,oxidation,0.3,ppm,"""longDescription"": ""Copper can enter pool water from copper-based algaecides, copper-silver ionizers, copper pipes, or from the fill water i",pool,unspecified,target_range,data/entities/chemicals.json:584,"(data file, no direct generator)",claim,REQUIRES_REVIEW
data/entities/chemicals.json,data_json,free_chlorine,1,ppm,"""idealRange"": ""N/A (residual; used with 0.5–1 ppm FC)"",",unspecified,unspecified,target_range,data/entities/chemicals.json:761,"(data file, no direct generator)",claim,CONTEXTUAL
data/entities/equipment.json,data_json,salt,400,ppm,"""longDescription"": ""A salt chlorinator (also called a saltwater generator or SWCG) uses electrolysis to convert sodium chloride dissolved in",pool,saltwater_chlorine_generator,target_range,data/entities/equipment.json:312,"(data file, no direct generator)",claim,REQUIRES_REVIEW
data/entities/equipment.json,data_json,salt,400,ppm,"""idealRange"": ""N/A (requires 2,700–3,400 ppm salt)"",",unspecified,saltwater_chlorine_generator,target_range,data/entities/equipment.json:323,"(data file, no direct generator)",claim,REQUIRES_REVIEW
data/entities/equipment.json,data_json,free_chlorine,3,ppm,"""longDescription"": ""Automatic chlorinators (erosion feeders) hold trichlor tablets or granules and slowly dissolve them as water flows throu",unspecified,chlorine,shock,data/entities/equipment.json:367,"(data file, no direct generator)",claim,CONTEXTUAL
data/entities/measurements.json,data_json,ph,10,°c,"""longDescription"": ""Water temperature directly affects pool and spa water chemistry. Higher temperatures accelerate chlorine demand (halving",both,chlorine,safety_guidance,data/entities/measurements.json:147,"(data file, no direct generator)",claim,REQUIRES_REVIEW
data/entities/measurements.json,data_json,ph,18,°f,"""longDescription"": ""Water temperature directly affects pool and spa water chemistry. Higher temperatures accelerate chlorine demand (halving",both,chlorine,safety_guidance,data/entities/measurements.json:147,"(data file, no direct generator)",claim,REQUIRES_REVIEW
data/entities/measurements.json,data_json,ph,104,°f,"""longDescription"": ""Water temperature directly affects pool and spa water chemistry. Higher temperatures accelerate chlorine demand (halving",both,chlorine,safety_guidance,data/entities/measurements.json:147,"(data file, no direct generator)",claim,REQUIRES_REVIEW
data/entities/measurements.json,data_json,free_chlorine,1,ppm,"""longDescription"": ""Parts per million (ppm) is the standard unit of concentration for pool chemistry parameters including free chlorine, alk",pool,chlorine,target_range,data/entities/measurements.json:441,"(data file, no direct generator)",claim,CONTEXTUAL
data/entities/measurements.json,data_json,free_chlorine,1,ppm,"""longDescription"": ""Parts per million (ppm) is the standard unit of concentration for pool chemistry parameters including free chlorine, alk",pool,chlorine,target_range,data/entities/measurements.json:441,"(data file, no direct generator)",claim,CONTEXTUAL
data/entities/pool-types.json,data_json,ph,200,ppm,"""longDescription"": ""A saltwater pool is a chlorine pool that generates its own chlorine using a salt chlorinator (SWCG). The pool still cont",pool,saltwater_chlorine_generator,target_range,data/entities/pool-types.json:78,"(data file, no direct generator)",claim,REQUIRES_REVIEW
data/entities/pool-types.json,data_json,ph,0,ppm,"""longDescription"": ""A saltwater pool is a chlorine pool that generates its own chlorine using a salt chlorinator (SWCG). The pool still cont",pool,saltwater_chlorine_generator,target_range,data/entities/pool-types.json:78,"(data file, no direct generator)",claim,REQUIRES_REVIEW
data/entities/pool-types.json,data_json,ph,80,ppm,"""longDescription"": ""A saltwater pool is a chlorine pool that generates its own chlorine using a salt chlorinator (SWCG). The pool still cont",pool,saltwater_chlorine_generator,target_range,data/entities/pool-types.json:78,"(data file, no direct generator)",claim,REQUIRES_REVIEW
data/entities/pool-types.json,data_json,water_temperature,500,gallons,"""longDescription"": ""A hot tub (spa) is a small, heated body of water — typically 75–500 gallons — used for soaking, relaxation, and hydrothe",both,chlorine,target_range,data/entities/pool-types.json:242,"(data file, no direct generator)",claim,REQUIRES_REVIEW
data/entities/pool-types.json,data_json,calcium_hardness,250,ppm,"""longDescription"": ""Vinyl liner pools have a flexible PVC liner as the pool surface. They require lower calcium hardness (150–250 ppm) than ",pool,unspecified,shock,data/entities/pool-types.json:420,"(data file, no direct generator)",claim,CONTEXTUAL
data/entities/pool-types.json,data_json,calcium_hardness,250,ppm,"""longDescription"": ""Fiberglass pools have a smooth, non-porous fiberglass surface that is inherently resistant to algae (fewer attachment po",pool,unspecified,target_range,data/entities/pool-types.json:464,"(data file, no direct generator)",claim,CONTEXTUAL
data/entities/pool-types.json,data_json,calcium_hardness,400,ppm,"""shortDescription"": ""A plastered or pebbled concrete pool requiring higher calcium hardness (200–400 ppm)."",",pool,unspecified,target_range,data/entities/pool-types.json:509,"(data file, no direct generator)",claim,CONTEXTUAL
data/entities/pool-types.json,data_json,calcium_hardness,400,ppm,"""longDescription"": ""Concrete pools (gunite or shotcrete) have a plaster, aggregate (pebble), or tile surface applied over a concrete shell. ",pool,unspecified,target_range,data/entities/pool-types.json:510,"(data file, no direct generator)",claim,CONTEXTUAL
data/entities/problems.json,data_json,ph,30,ppm,"""longDescription"": ""Green pool water is almost always caused by an algae bloom — typically green algae — resulting from insufficient free ch",pool,chlorine,shock,data/entities/problems.json:65,"(data file, no direct generator)",claim,REQUIRES_REVIEW
data/entities/problems.json,data_json,combined_chlorine,0.5,ppm,"""idealRange"": ""N/A (prevented by keeping CC < 0.5 ppm)"",",unspecified,unspecified,target_range,data/entities/problems.json:351,"(data file, no direct generator)",claim,REQUIRES_REVIEW
data/entities/problems.json,data_json,ph,5,ppm,"""longDescription"": ""Skin irritation after pool or hot tub use can result from pH too far outside the neutral range (below 7.0 or above 8.0),",both,bromine,target_range,data/entities/problems.json:446,"(data file, no direct generator)",claim,REQUIRES_REVIEW
data/entities/problems.json,data_json,ph,10,ppm,"""longDescription"": ""Skin irritation after pool or hot tub use can result from pH too far outside the neutral range (below 7.0 or above 8.0),",both,bromine,target_range,data/entities/problems.json:446,"(data file, no direct generator)",claim,REQUIRES_REVIEW
data/entities/problems.json,data_json,free_chlorine,80,ppm,"""longDescription"": ""Low free chlorine is the single most common and dangerous pool chemistry problem. When FC drops below the minimum for th",pool,chlorine,safety_guidance,data/entities/problems.json:497,"(data file, no direct generator)",claim,REQUIRES_REVIEW
data/entities/problems.json,data_json,free_chlorine,5,ppm,"""shortDescription"": ""Free chlorine above 5 ppm causing bleaching, eye/skin irritation, and swimmer discomfort."",",unspecified,chlorine,target_range,data/entities/problems.json:554,"(data file, no direct generator)",claim,CONTEXTUAL
data/entities/problems.json,data_json,free_chlorine,5,ppm,"""longDescription"": ""High free chlorine (above 5 ppm) causes bleaching of swimwear, eye and skin irritation, and respiratory irritation in en",both,chlorine,shock,data/entities/problems.json:555,"(data file, no direct generator)",claim,CONTEXTUAL
data/entities/problems.json,data_json,free_chlorine,5,ppm,"""longDescription"": ""High free chlorine (above 5 ppm) causes bleaching of swimwear, eye and skin irritation, and respiratory irritation in en",both,chlorine,shock,data/entities/problems.json:555,"(data file, no direct generator)",claim,CONTEXTUAL
data/entities/problems.json,data_json,free_chlorine,3,ppm,"""longDescription"": ""High free chlorine (above 5 ppm) causes bleaching of swimwear, eye and skin irritation, and respiratory irritation in en",both,chlorine,shock,data/entities/problems.json:555,"(data file, no direct generator)",claim,CONTEXTUAL
data/entities/processes.json,data_json,free_chlorine,10,ppm,"""longDescription"": ""Shock treatment (superchlorination) involves raising free chlorine to a high level — typically 10 ppm for maintenance, 1",unspecified,chlorine,shock,data/entities/processes.json:7,"(data file, no direct generator)",claim,REQUIRES_REVIEW
data/entities/processes.json,data_json,free_chlorine,30,ppm,"""longDescription"": ""Shock treatment (superchlorination) involves raising free chlorine to a high level — typically 10 ppm for maintenance, 1",unspecified,chlorine,shock,data/entities/processes.json:7,"(data file, no direct generator)",claim,REQUIRES_REVIEW
data/entities/processes.json,data_json,free_chlorine,30,ppm,"""idealRange"": ""N/A (raises FC to 10–30 ppm temporarily)"",",unspecified,unspecified,target_range,data/entities/processes.json:18,"(data file, no direct generator)",claim,REQUIRES_REVIEW
data/entities/processes.json,data_json,free_chlorine,0.5,ppm,"""longDescription"": ""Breakpoint chlorination is the process of adding enough chlorine to destroy all combined chlorine (chloramines) in pool ",pool,chlorine,shock,data/entities/processes.json:83,"(data file, no direct generator)",claim,REQUIRES_REVIEW
data/entities/processes.json,data_json,combined_chlorine,80,ppm,"""longDescription"": ""Water replacement (partial or full drain and refill) is the only way to reduce CYA, calcium hardness, TDS, and salt when",both,saltwater_chlorine_generator,target_range,data/entities/processes.json:299,"(data file, no direct generator)",claim,REQUIRES_REVIEW
data/entities/processes.json,data_json,combined_chlorine,500,ppm,"""longDescription"": ""Water replacement (partial or full drain and refill) is the only way to reduce CYA, calcium hardness, TDS, and salt when",both,saltwater_chlorine_generator,target_range,data/entities/processes.json:299,"(data file, no direct generator)",claim,REQUIRES_REVIEW
data/entities/processes.json,data_json,combined_chlorine,0,ppm,"""longDescription"": ""Water replacement (partial or full drain and refill) is the only way to reduce CYA, calcium hardness, TDS, and salt when",both,saltwater_chlorine_generator,target_range,data/entities/processes.json:299,"(data file, no direct generator)",claim,REQUIRES_REVIEW
data/entities/units.json,data_json,free_chlorine,1,ppm,"""longDescription"": ""1 ppm = 1 mg/L = 1 part chemical per 1,000,000 parts water. Used for free chlorine, combined chlorine, alkalinity, calci",unspecified,saltwater_chlorine_generator,target_range,data/entities/units.json:7,"(data file, no direct generator)",claim,CONTEXTUAL
data/entities/units.json,data_json,free_chlorine,1,mg/L,"""longDescription"": ""1 ppm = 1 mg/L = 1 part chemical per 1,000,000 parts water. Used for free chlorine, combined chlorine, alkalinity, calci",unspecified,saltwater_chlorine_generator,target_range,data/entities/units.json:7,"(data file, no direct generator)",claim,REQUIRES_REVIEW
data/entities/units.json,data_json,water_temperature,84,°f,"""longDescription"": ""Fahrenheit is the US standard for temperature measurement. Pool temperature targets: 78–84°F (residential pools), 100–10",both,unspecified,target_range,data/entities/units.json:162,"(data file, no direct generator)",claim,REQUIRES_REVIEW
data/entities/units.json,data_json,water_temperature,104,°f,"""longDescription"": ""Fahrenheit is the US standard for temperature measurement. Pool temperature targets: 78–84°F (residential pools), 100–10",both,unspecified,target_range,data/entities/units.json:162,"(data file, no direct generator)",claim,REQUIRES_REVIEW
data/entities/units.json,data_json,water_temperature,29,°c,"""longDescription"": ""Celsius is the SI standard for temperature. Pool targets: 25–29°C (residential), maximum 40°C (hot tubs). Conversion: °F",both,unspecified,target_range,data/entities/units.json:201,"(data file, no direct generator)",claim,REQUIRES_REVIEW
data/entities/units.json,data_json,water_temperature,40,°c,"""longDescription"": ""Celsius is the SI standard for temperature. Pool targets: 25–29°C (residential), maximum 40°C (hot tubs). Conversion: °F",both,unspecified,target_range,data/entities/units.json:201,"(data file, no direct generator)",claim,REQUIRES_REVIEW
data/formulas.json,data_json,free_chlorine,0,gallons,"""workedExample"": ""Pool volume: 20,000 gallons. Current FC: 0.5 ppm. Target FC: 3 ppm. Product: 10% sodium hypochlorite.\n\n- Increase needed",pool,chlorine,target_range,data/formulas.json:95,"(data file, no direct generator)",claim,REQUIRES_REVIEW
data/formulas.json,data_json,free_chlorine,0.5,ppm,"""workedExample"": ""Pool volume: 20,000 gallons. Current FC: 0.5 ppm. Target FC: 3 ppm. Product: 10% sodium hypochlorite.\n\n- Increase needed",pool,chlorine,target_range,data/formulas.json:95,"(data file, no direct generator)",claim,REQUIRES_REVIEW
data/formulas.json,data_json,free_chlorine,3,ppm,"""workedExample"": ""Pool volume: 20,000 gallons. Current FC: 0.5 ppm. Target FC: 3 ppm. Product: 10% sodium hypochlorite.\n\n- Increase needed",pool,chlorine,target_range,data/formulas.json:95,"(data file, no direct generator)",claim,CONTEXTUAL
data/formulas.json,data_json,free_chlorine,2.5,ppm,"""workedExample"": ""Pool volume: 20,000 gallons. Current FC: 0.5 ppm. Target FC: 3 ppm. Product: 10% sodium hypochlorite.\n\n- Increase needed",pool,chlorine,target_range,data/formulas.json:95,"(data file, no direct generator)",claim,CONTEXTUAL
data/formulas.json,data_json,free_chlorine,1,oz,"""workedExample"": ""Pool volume: 20,000 gallons. Current FC: 0.5 ppm. Target FC: 3 ppm. Product: 10% sodium hypochlorite.\n\n- Increase needed",pool,chlorine,target_range,data/formulas.json:95,"(data file, no direct generator)",claim,REQUIRES_REVIEW
data/formulas.json,data_json,free_chlorine,1,ppm,"""workedExample"": ""Pool volume: 20,000 gallons. Current FC: 0.5 ppm. Target FC: 3 ppm. Product: 10% sodium hypochlorite.\n\n- Increase needed",pool,chlorine,target_range,data/formulas.json:95,"(data file, no direct generator)",claim,CONTEXTUAL
data/formulas.json,data_json,free_chlorine,0,gal,"""workedExample"": ""Pool volume: 20,000 gallons. Current FC: 0.5 ppm. Target FC: 3 ppm. Product: 10% sodium hypochlorite.\n\n- Increase needed",pool,chlorine,target_range,data/formulas.json:95,"(data file, no direct generator)",claim,REQUIRES_REVIEW
data/formulas.json,data_json,free_chlorine,0.78,ppm,"""workedExample"": ""Pool volume: 20,000 gallons. Current FC: 0.5 ppm. Target FC: 3 ppm. Product: 10% sodium hypochlorite.\n\n- Increase needed",pool,chlorine,target_range,data/formulas.json:95,"(data file, no direct generator)",claim,REQUIRES_REVIEW
data/formulas.json,data_json,free_chlorine,2.5,ppm,"""workedExample"": ""Pool volume: 20,000 gallons. Current FC: 0.5 ppm. Target FC: 3 ppm. Product: 10% sodium hypochlorite.\n\n- Increase needed",pool,chlorine,target_range,data/formulas.json:95,"(data file, no direct generator)",claim,CONTEXTUAL
data/formulas.json,data_json,free_chlorine,0,gal,"""workedExample"": ""Pool volume: 20,000 gallons. Current FC: 0.5 ppm. Target FC: 3 ppm. Product: 10% sodium hypochlorite.\n\n- Increase needed",pool,chlorine,target_range,data/formulas.json:95,"(data file, no direct generator)",claim,REQUIRES_REVIEW
data/formulas.json,data_json,free_chlorine,0,gal,"""workedExample"": ""Pool volume: 20,000 gallons. Current FC: 0.5 ppm. Target FC: 3 ppm. Product: 10% sodium hypochlorite.\n\n- Increase needed",pool,chlorine,target_range,data/formulas.json:95,"(data file, no direct generator)",claim,REQUIRES_REVIEW
data/formulas.json,data_json,free_chlorine,0,gal,"""workedExample"": ""Pool volume: 20,000 gallons. Current FC: 0.5 ppm. Target FC: 3 ppm. Product: 10% sodium hypochlorite.\n\n- Increase needed",pool,chlorine,target_range,data/formulas.json:95,"(data file, no direct generator)",claim,REQUIRES_REVIEW
data/formulas.json,data_json,free_chlorine,2.5,ppm,"""workedExample"": ""Pool volume: 20,000 gallons. Current FC: 0.5 ppm. Target FC: 3 ppm. Product: 10% sodium hypochlorite.\n\n- Increase needed",pool,chlorine,target_range,data/formulas.json:95,"(data file, no direct generator)",claim,CONTEXTUAL
data/formulas.json,data_json,free_chlorine,10,ppm,"""description"": ""Target free chlorine level. For breakpoint chlorination: 10× combined chlorine. For maintenance: 10 ppm. For algae: 30 ppm.""",unspecified,chlorine,shock,data/formulas.json:133,"(data file, no direct generator)",claim,REQUIRES_REVIEW
data/formulas.json,data_json,free_chlorine,30,ppm,"""description"": ""Target free chlorine level. For breakpoint chlorination: 10× combined chlorine. For maintenance: 10 ppm. For algae: 30 ppm.""",unspecified,chlorine,shock,data/formulas.json:133,"(data file, no direct generator)",claim,REQUIRES_REVIEW
data/formulas.json,data_json,(unmatched),1,lb,"""description"": ""Conversion constant: 1 lb of 100% chlorine raises 10,000 gal by 120 ppm"",",unspecified,chlorine,target_range,data/formulas.json:153,"(data file, no direct generator)",claim,REQUIRES_REVIEW
data/formulas.json,data_json,(unmatched),0,gal,"""description"": ""Conversion constant: 1 lb of 100% chlorine raises 10,000 gal by 120 ppm"",",unspecified,chlorine,target_range,data/formulas.json:153,"(data file, no direct generator)",claim,REQUIRES_REVIEW
data/formulas.json,data_json,(unmatched),120,ppm,"""description"": ""Conversion constant: 1 lb of 100% chlorine raises 10,000 gal by 120 ppm"",",unspecified,chlorine,target_range,data/formulas.json:153,"(data file, no direct generator)",claim,REQUIRES_REVIEW
data/formulas.json,data_json,free_chlorine,10,ppm,"""explanation"": ""Shock treatment raises free chlorine quickly to a high level to eliminate combined chlorine (CC), algae, or pathogens. The r",pool,chlorine,shock,data/formulas.json:157,"(data file, no direct generator)",claim,REQUIRES_REVIEW
data/formulas.json,data_json,free_chlorine,30,ppm,"""explanation"": ""Shock treatment raises free chlorine quickly to a high level to eliminate combined chlorine (CC), algae, or pathogens. The r",pool,chlorine,shock,data/formulas.json:157,"(data file, no direct generator)",claim,REQUIRES_REVIEW
data/formulas.json,data_json,free_chlorine,0,gallons,"""workedExample"": ""Pool: 20,000 gallons. Current FC: 1 ppm. Combined Chlorine: 0.5 ppm. Breakpoint target = 10 × 0.5 = 5 ppm. Using 65% cal-h",pool,chlorine,shock,data/formulas.json:158,"(data file, no direct generator)",claim,REQUIRES_REVIEW
data/formulas.json,data_json,free_chlorine,1,ppm,"""workedExample"": ""Pool: 20,000 gallons. Current FC: 1 ppm. Combined Chlorine: 0.5 ppm. Breakpoint target = 10 × 0.5 = 5 ppm. Using 65% cal-h",pool,chlorine,shock,data/formulas.json:158,"(data file, no direct generator)",claim,CONTEXTUAL
data/formulas.json,data_json,free_chlorine,0.5,ppm,"""workedExample"": ""Pool: 20,000 gallons. Current FC: 1 ppm. Combined Chlorine: 0.5 ppm. Breakpoint target = 10 × 0.5 = 5 ppm. Using 65% cal-h",pool,chlorine,shock,data/formulas.json:158,"(data file, no direct generator)",claim,REQUIRES_REVIEW
data/formulas.json,data_json,free_chlorine,5,ppm,"""workedExample"": ""Pool: 20,000 gallons. Current FC: 1 ppm. Combined Chlorine: 0.5 ppm. Breakpoint target = 10 × 0.5 = 5 ppm. Using 65% cal-h",pool,chlorine,shock,data/formulas.json:158,"(data file, no direct generator)",claim,CONTEXTUAL
data/formulas.json,data_json,free_chlorine,5,ppm,"""workedExample"": ""Pool: 20,000 gallons. Current FC: 1 ppm. Combined Chlorine: 0.5 ppm. Breakpoint target = 10 × 0.5 = 5 ppm. Using 65% cal-h",pool,chlorine,shock,data/formulas.json:158,"(data file, no direct generator)",claim,CONTEXTUAL
data/formulas.json,data_json,free_chlorine,4,ppm,"""workedExample"": ""Pool: 20,000 gallons. Current FC: 1 ppm. Combined Chlorine: 0.5 ppm. Breakpoint target = 10 × 0.5 = 5 ppm. Using 65% cal-h",pool,chlorine,shock,data/formulas.json:158,"(data file, no direct generator)",claim,CONTEXTUAL
data/formulas.json,data_json,free_chlorine,1.54,lbs,"""workedExample"": ""Pool: 20,000 gallons. Current FC: 1 ppm. Combined Chlorine: 0.5 ppm. Breakpoint target = 10 × 0.5 = 5 ppm. Using 65% cal-h",pool,chlorine,shock,data/formulas.json:158,"(data file, no direct generator)",claim,REQUIRES_REVIEW
data/formulas.json,data_json,free_chlorine,1.5,lbs,"""workedExample"": ""Pool: 20,000 gallons. Current FC: 1 ppm. Combined Chlorine: 0.5 ppm. Breakpoint target = 10 × 0.5 = 5 ppm. Using 65% cal-h",pool,chlorine,shock,data/formulas.json:158,"(data file, no direct generator)",claim,REQUIRES_REVIEW
data/formulas.json,data_json,ph,0,gal,"""description"": ""Approximation constant for 100% acid per 10,000 gal per pH unit at TA ≈ 100 ppm"",",unspecified,unspecified,target_range,data/formulas.json:207,"(data file, no direct generator)",claim,REQUIRES_REVIEW
data/formulas.json,data_json,ph,100,ppm,"""description"": ""Approximation constant for 100% acid per 10,000 gal per pH unit at TA ≈ 100 ppm"",",unspecified,unspecified,target_range,data/formulas.json:207,"(data file, no direct generator)",claim,REQUIRES_REVIEW
data/formulas.json,data_json,ph,6,oz,"""explanation"": ""pH adjustment dose depends on three factors: the amount of pH change required, the pool volume, and the total alkalinity — w",pool,unspecified,target_range,data/formulas.json:216,"(data file, no direct generator)",claim,REQUIRES_REVIEW
data/formulas.json,data_json,ph,0,gallons,"""explanation"": ""pH adjustment dose depends on three factors: the amount of pH change required, the pool volume, and the total alkalinity — w",pool,unspecified,target_range,data/formulas.json:216,"(data file, no direct generator)",claim,REQUIRES_REVIEW
data/formulas.json,data_json,ph,0,gallons,"""workedExample"": ""Pool: 15,000 gallons. Current pH: 7.8. Target pH: 7.4. Using 31.5% muriatic acid. TA is 100 ppm (typical).\n\n- ΔpH = 7.8 ",pool,unspecified,target_range,data/formulas.json:217,"(data file, no direct generator)",claim,REQUIRES_REVIEW
data/formulas.json,data_json,ph,100,ppm,"""workedExample"": ""Pool: 15,000 gallons. Current pH: 7.8. Target pH: 7.4. Using 31.5% muriatic acid. TA is 100 ppm (typical).\n\n- ΔpH = 7.8 ",pool,unspecified,target_range,data/formulas.json:217,"(data file, no direct generator)",claim,REQUIRES_REVIEW
data/formulas.json,data_json,ph,0,gal,"""workedExample"": ""Pool: 15,000 gallons. Current pH: 7.8. Target pH: 7.4. Using 31.5% muriatic acid. TA is 100 ppm (typical).\n\n- ΔpH = 7.8 ",pool,unspecified,target_range,data/formulas.json:217,"(data file, no direct generator)",claim,REQUIRES_REVIEW
data/formulas.json,data_json,ph,0,gal,"""workedExample"": ""Pool: 15,000 gallons. Current pH: 7.8. Target pH: 7.4. Using 31.5% muriatic acid. TA is 100 ppm (typical).\n\n- ΔpH = 7.8 ",pool,unspecified,target_range,data/formulas.json:217,"(data file, no direct generator)",claim,REQUIRES_REVIEW
data/formulas.json,data_json,ph,0,gal,"""workedExample"": ""Pool: 15,000 gallons. Current pH: 7.8. Target pH: 7.4. Using 31.5% muriatic acid. TA is 100 ppm (typical).\n\n- ΔpH = 7.8 ",pool,unspecified,target_range,data/formulas.json:217,"(data file, no direct generator)",claim,REQUIRES_REVIEW
data/formulas.json,data_json,ph,0,gal,"""workedExample"": ""Pool: 15,000 gallons. Current pH: 7.8. Target pH: 7.4. Using 31.5% muriatic acid. TA is 100 ppm (typical).\n\n- ΔpH = 7.8 ",pool,unspecified,target_range,data/formulas.json:217,"(data file, no direct generator)",claim,REQUIRES_REVIEW
data/formulas.json,data_json,ph,150,ppm,"""limitations"": ""These are starting-dose approximations. Total alkalinity has a major effect on how much pH shifts per dose of acid — high al",unspecified,unspecified,target_range,data/formulas.json:218,"(data file, no direct generator)",claim,REQUIRES_REVIEW
data/formulas.json,data_json,ph,1.5,lbs,"""explanation"": ""Total alkalinity (TA) is the pool's buffering capacity — it resists pH changes. Low TA causes pH to swing wildly with minor ",pool,unspecified,target_range,data/formulas.json:269,"(data file, no direct generator)",claim,REQUIRES_REVIEW
data/formulas.json,data_json,ph,0,gallons,"""explanation"": ""Total alkalinity (TA) is the pool's buffering capacity — it resists pH changes. Low TA causes pH to swing wildly with minor ",pool,unspecified,target_range,data/formulas.json:269,"(data file, no direct generator)",claim,REQUIRES_REVIEW
data/formulas.json,data_json,ph,10,ppm,"""explanation"": ""Total alkalinity (TA) is the pool's buffering capacity — it resists pH changes. Low TA causes pH to swing wildly with minor ",pool,unspecified,target_range,data/formulas.json:269,"(data file, no direct generator)",claim,REQUIRES_REVIEW
data/formulas.json,data_json,ph,1.5,lbs,"""explanation"": ""Total alkalinity (TA) is the pool's buffering capacity — it resists pH changes. Low TA causes pH to swing wildly with minor ",pool,unspecified,target_range,data/formulas.json:269,"(data file, no direct generator)",claim,REQUIRES_REVIEW
data/formulas.json,data_json,ph,10,ppm,"""explanation"": ""Total alkalinity (TA) is the pool's buffering capacity — it resists pH changes. Low TA causes pH to swing wildly with minor ",pool,unspecified,target_range,data/formulas.json:269,"(data file, no direct generator)",claim,REQUIRES_REVIEW
data/formulas.json,data_json,ph,0,gallons,"""explanation"": ""Total alkalinity (TA) is the pool's buffering capacity — it resists pH changes. Low TA causes pH to swing wildly with minor ",pool,unspecified,target_range,data/formulas.json:269,"(data file, no direct generator)",claim,REQUIRES_REVIEW
data/formulas.json,data_json,total_alkalinity,0,gallons,"""workedExample"": ""Pool: 18,000 gallons. Current TA: 60 ppm. Target TA: 100 ppm.\n\n- TA increase needed = 100 − 60 = 40 ppm\n- Dose = 40 × 1",pool,unspecified,target_range,data/formulas.json:270,"(data file, no direct generator)",claim,REQUIRES_REVIEW
data/formulas.json,data_json,total_alkalinity,60,ppm,"""workedExample"": ""Pool: 18,000 gallons. Current TA: 60 ppm. Target TA: 100 ppm.\n\n- TA increase needed = 100 − 60 = 40 ppm\n- Dose = 40 × 1",pool,unspecified,target_range,data/formulas.json:270,"(data file, no direct generator)",claim,CONTEXTUAL
data/formulas.json,data_json,total_alkalinity,100,ppm,"""workedExample"": ""Pool: 18,000 gallons. Current TA: 60 ppm. Target TA: 100 ppm.\n\n- TA increase needed = 100 − 60 = 40 ppm\n- Dose = 40 × 1",pool,unspecified,target_range,data/formulas.json:270,"(data file, no direct generator)",claim,CONTEXTUAL
data/formulas.json,data_json,total_alkalinity,40,ppm,"""workedExample"": ""Pool: 18,000 gallons. Current TA: 60 ppm. Target TA: 100 ppm.\n\n- TA increase needed = 100 − 60 = 40 ppm\n- Dose = 40 × 1",pool,unspecified,target_range,data/formulas.json:270,"(data file, no direct generator)",claim,REQUIRES_REVIEW
data/formulas.json,data_json,total_alkalinity,864,oz,"""workedExample"": ""Pool: 18,000 gallons. Current TA: 60 ppm. Target TA: 100 ppm.\n\n- TA increase needed = 100 − 60 = 40 ppm\n- Dose = 40 × 1",pool,unspecified,target_range,data/formulas.json:270,"(data file, no direct generator)",claim,REQUIRES_REVIEW
data/formulas.json,data_json,total_alkalinity,1.5,lbs,"""workedExample"": ""Pool: 18,000 gallons. Current TA: 60 ppm. Target TA: 100 ppm.\n\n- TA increase needed = 100 − 60 = 40 ppm\n- Dose = 40 × 1",pool,unspecified,target_range,data/formulas.json:270,"(data file, no direct generator)",claim,REQUIRES_REVIEW
data/formulas.json,data_json,total_alkalinity,0,gal,"""workedExample"": ""Pool: 18,000 gallons. Current TA: 60 ppm. Target TA: 100 ppm.\n\n- TA increase needed = 100 − 60 = 40 ppm\n- Dose = 40 × 1",pool,unspecified,target_range,data/formulas.json:270,"(data file, no direct generator)",claim,REQUIRES_REVIEW
data/formulas.json,data_json,total_alkalinity,10,ppm,"""workedExample"": ""Pool: 18,000 gallons. Current TA: 60 ppm. Target TA: 100 ppm.\n\n- TA increase needed = 100 − 60 = 40 ppm\n- Dose = 40 × 1",pool,unspecified,target_range,data/formulas.json:270,"(data file, no direct generator)",claim,REQUIRES_REVIEW
data/formulas.json,data_json,total_alkalinity,40,ppm,"""workedExample"": ""Pool: 18,000 gallons. Current TA: 60 ppm. Target TA: 100 ppm.\n\n- TA increase needed = 100 − 60 = 40 ppm\n- Dose = 40 × 1",pool,unspecified,target_range,data/formulas.json:270,"(data file, no direct generator)",claim,REQUIRES_REVIEW
data/formulas.json,data_json,total_alkalinity,6,lbs,"""workedExample"": ""Pool: 18,000 gallons. Current TA: 60 ppm. Target TA: 100 ppm.\n\n- TA increase needed = 100 − 60 = 40 ppm\n- Dose = 40 × 1",pool,unspecified,target_range,data/formulas.json:270,"(data file, no direct generator)",claim,REQUIRES_REVIEW
data/formulas.json,data_json,total_alkalinity,0,gal,"""workedExample"": ""Pool: 18,000 gallons. Current TA: 60 ppm. Target TA: 100 ppm.\n\n- TA increase needed = 100 − 60 = 40 ppm\n- Dose = 40 × 1",pool,unspecified,target_range,data/formulas.json:270,"(data file, no direct generator)",claim,REQUIRES_REVIEW
data/formulas.json,data_json,total_alkalinity,0,gal,"""workedExample"": ""Pool: 18,000 gallons. Current TA: 60 ppm. Target TA: 100 ppm.\n\n- TA increase needed = 100 − 60 = 40 ppm\n- Dose = 40 × 1",pool,unspecified,target_range,data/formulas.json:270,"(data file, no direct generator)",claim,REQUIRES_REVIEW
data/formulas.json,data_json,total_alkalinity,10.8,lbs,"""workedExample"": ""Pool: 18,000 gallons. Current TA: 60 ppm. Target TA: 100 ppm.\n\n- TA increase needed = 100 − 60 = 40 ppm\n- Dose = 40 × 1",pool,unspecified,target_range,data/formulas.json:270,"(data file, no direct generator)",claim,REQUIRES_REVIEW
data/formulas.json,data_json,total_alkalinity,11,lbs,"""workedExample"": ""Pool: 18,000 gallons. Current TA: 60 ppm. Target TA: 100 ppm.\n\n- TA increase needed = 100 − 60 = 40 ppm\n- Dose = 40 × 1",pool,unspecified,target_range,data/formulas.json:270,"(data file, no direct generator)",claim,REQUIRES_REVIEW
data/formulas.json,data_json,salt,200,ppm,"""description"": ""Desired salt concentration (typically 3,000–3,200 ppm)"",",unspecified,saltwater_chlorine_generator,target_range,data/formulas.json:307,"(data file, no direct generator)",claim,REQUIRES_REVIEW
data/formulas.json,data_json,salt,1,lb,"""description"": ""Pounds of salt per ppm per gallon (1 lb salt per 120 ppm per 10,000 gal)"",",unspecified,saltwater_chlorine_generator,target_range,data/formulas.json:322,"(data file, no direct generator)",claim,REQUIRES_REVIEW
data/formulas.json,data_json,salt,120,ppm,"""description"": ""Pounds of salt per ppm per gallon (1 lb salt per 120 ppm per 10,000 gal)"",",unspecified,saltwater_chlorine_generator,target_range,data/formulas.json:322,"(data file, no direct generator)",claim,REQUIRES_REVIEW
data/formulas.json,data_json,salt,0,gal,"""description"": ""Pounds of salt per ppm per gallon (1 lb salt per 120 ppm per 10,000 gal)"",",unspecified,saltwater_chlorine_generator,target_range,data/formulas.json:322,"(data file, no direct generator)",claim,REQUIRES_REVIEW
data/formulas.json,data_json,salt,400,ppm,"""explanation"": ""Salt chlorinator systems require a specific salt concentration to generate chlorine effectively. Below the minimum, chlorine",pool,saltwater_chlorine_generator,target_range,data/formulas.json:326,"(data file, no direct generator)",claim,REQUIRES_REVIEW
data/formulas.json,data_json,salt,1,lb,"""explanation"": ""Salt chlorinator systems require a specific salt concentration to generate chlorine effectively. Below the minimum, chlorine",pool,saltwater_chlorine_generator,target_range,data/formulas.json:326,"(data file, no direct generator)",claim,REQUIRES_REVIEW
data/formulas.json,data_json,salt,0,gallons,"""explanation"": ""Salt chlorinator systems require a specific salt concentration to generate chlorine effectively. Below the minimum, chlorine",pool,saltwater_chlorine_generator,target_range,data/formulas.json:326,"(data file, no direct generator)",claim,REQUIRES_REVIEW
data/formulas.json,data_json,salt,12,ppm,"""explanation"": ""Salt chlorinator systems require a specific salt concentration to generate chlorine effectively. Below the minimum, chlorine",pool,saltwater_chlorine_generator,target_range,data/formulas.json:326,"(data file, no direct generator)",claim,REQUIRES_REVIEW
data/formulas.json,data_json,salt,0,gallons,"""workedExample"": ""Salt pool: 20,000 gallons. Current salt: 2,400 ppm. Target: 3,200 ppm. System minimum: 2,700 ppm.\n\n- Increase needed = 3",pool,saltwater_chlorine_generator,target_range,data/formulas.json:327,"(data file, no direct generator)",claim,REQUIRES_REVIEW
data/formulas.json,data_json,salt,400,ppm,"""workedExample"": ""Salt pool: 20,000 gallons. Current salt: 2,400 ppm. Target: 3,200 ppm. System minimum: 2,700 ppm.\n\n- Increase needed = 3",pool,saltwater_chlorine_generator,target_range,data/formulas.json:327,"(data file, no direct generator)",claim,REQUIRES_REVIEW
data/formulas.json,data_json,salt,200,ppm,"""workedExample"": ""Salt pool: 20,000 gallons. Current salt: 2,400 ppm. Target: 3,200 ppm. System minimum: 2,700 ppm.\n\n- Increase needed = 3",pool,saltwater_chlorine_generator,target_range,data/formulas.json:327,"(data file, no direct generator)",claim,REQUIRES_REVIEW
data/formulas.json,data_json,salt,700,ppm,"""workedExample"": ""Salt pool: 20,000 gallons. Current salt: 2,400 ppm. Target: 3,200 ppm. System minimum: 2,700 ppm.\n\n- Increase needed = 3",pool,saltwater_chlorine_generator,target_range,data/formulas.json:327,"(data file, no direct generator)",claim,REQUIRES_REVIEW
data/formulas.json,data_json,salt,800,ppm,"""workedExample"": ""Salt pool: 20,000 gallons. Current salt: 2,400 ppm. Target: 3,200 ppm. System minimum: 2,700 ppm.\n\n- Increase needed = 3",pool,saltwater_chlorine_generator,target_range,data/formulas.json:327,"(data file, no direct generator)",claim,REQUIRES_REVIEW
data/formulas.json,data_json,salt,1,lb,"""workedExample"": ""Salt pool: 20,000 gallons. Current salt: 2,400 ppm. Target: 3,200 ppm. System minimum: 2,700 ppm.\n\n- Increase needed = 3",pool,saltwater_chlorine_generator,target_range,data/formulas.json:327,"(data file, no direct generator)",claim,REQUIRES_REVIEW
data/formulas.json,data_json,salt,0,gal,"""workedExample"": ""Salt pool: 20,000 gallons. Current salt: 2,400 ppm. Target: 3,200 ppm. System minimum: 2,700 ppm.\n\n- Increase needed = 3",pool,saltwater_chlorine_generator,target_range,data/formulas.json:327,"(data file, no direct generator)",claim,REQUIRES_REVIEW
data/formulas.json,data_json,salt,12,ppm,"""workedExample"": ""Salt pool: 20,000 gallons. Current salt: 2,400 ppm. Target: 3,200 ppm. System minimum: 2,700 ppm.\n\n- Increase needed = 3",pool,saltwater_chlorine_generator,target_range,data/formulas.json:327,"(data file, no direct generator)",claim,REQUIRES_REVIEW
data/formulas.json,data_json,salt,0,gal,"""workedExample"": ""Salt pool: 20,000 gallons. Current salt: 2,400 ppm. Target: 3,200 ppm. System minimum: 2,700 ppm.\n\n- Increase needed = 3",pool,saltwater_chlorine_generator,target_range,data/formulas.json:327,"(data file, no direct generator)",claim,REQUIRES_REVIEW
data/formulas.json,data_json,salt,800,ppm,"""workedExample"": ""Salt pool: 20,000 gallons. Current salt: 2,400 ppm. Target: 3,200 ppm. System minimum: 2,700 ppm.\n\n- Increase needed = 3",pool,saltwater_chlorine_generator,target_range,data/formulas.json:327,"(data file, no direct generator)",claim,REQUIRES_REVIEW
data/formulas.json,data_json,salt,66.7,lbs,"""workedExample"": ""Salt pool: 20,000 gallons. Current salt: 2,400 ppm. Target: 3,200 ppm. System minimum: 2,700 ppm.\n\n- Increase needed = 3",pool,saltwater_chlorine_generator,target_range,data/formulas.json:327,"(data file, no direct generator)",claim,REQUIRES_REVIEW
data/formulas.json,data_json,salt,0,gal,"""workedExample"": ""Salt pool: 20,000 gallons. Current salt: 2,400 ppm. Target: 3,200 ppm. System minimum: 2,700 ppm.\n\n- Increase needed = 3",pool,saltwater_chlorine_generator,target_range,data/formulas.json:327,"(data file, no direct generator)",claim,REQUIRES_REVIEW
data/formulas.json,data_json,salt,133,lbs,"""workedExample"": ""Salt pool: 20,000 gallons. Current salt: 2,400 ppm. Target: 3,200 ppm. System minimum: 2,700 ppm.\n\n- Increase needed = 3",pool,saltwater_chlorine_generator,target_range,data/formulas.json:327,"(data file, no direct generator)",claim,REQUIRES_REVIEW
data/formulas.json,data_json,salt,133,lbs,"""workedExample"": ""Salt pool: 20,000 gallons. Current salt: 2,400 ppm. Target: 3,200 ppm. System minimum: 2,700 ppm.\n\n- Increase needed = 3",pool,saltwater_chlorine_generator,target_range,data/formulas.json:327,"(data file, no direct generator)",claim,REQUIRES_REVIEW
data/formulas.json,data_json,cyanuric_acid,50,ppm,"""description"": ""Desired cyanuric acid level in ppm (outdoor pools: 30–50 ppm; salt pools: 60–80 ppm)"",",unspecified,saltwater_chlorine_generator,target_range,data/formulas.json:364,"(data file, no direct generator)",claim,REQUIRES_REVIEW
data/formulas.json,data_json,cyanuric_acid,80,ppm,"""description"": ""Desired cyanuric acid level in ppm (outdoor pools: 30–50 ppm; salt pools: 60–80 ppm)"",",unspecified,saltwater_chlorine_generator,target_range,data/formulas.json:364,"(data file, no direct generator)",claim,REQUIRES_REVIEW
data/formulas.json,data_json,cyanuric_acid,6,ppm,"""explanation"": ""Cyanuric acid (CYA) — also called stabiliser or conditioner — protects chlorine from UV light degradation. Without CYA, outd",pool,chlorine,target_range,data/formulas.json:383,"(data file, no direct generator)",claim,CONTEXTUAL
data/formulas.json,data_json,cyanuric_acid,0,gallons,"""explanation"": ""Cyanuric acid (CYA) — also called stabiliser or conditioner — protects chlorine from UV light degradation. Without CYA, outd",pool,chlorine,target_range,data/formulas.json:383,"(data file, no direct generator)",claim,REQUIRES_REVIEW
data/formulas.json,data_json,cyanuric_acid,80,ppm,"""explanation"": ""Cyanuric acid (CYA) — also called stabiliser or conditioner — protects chlorine from UV light degradation. Without CYA, outd",pool,chlorine,target_range,data/formulas.json:383,"(data file, no direct generator)",claim,REQUIRES_REVIEW
data/formulas.json,data_json,cyanuric_acid,13,oz,"""explanation"": ""Cyanuric acid (CYA) — also called stabiliser or conditioner — protects chlorine from UV light degradation. Without CYA, outd",pool,chlorine,target_range,data/formulas.json:383,"(data file, no direct generator)",claim,REQUIRES_REVIEW
data/formulas.json,data_json,cyanuric_acid,10,ppm,"""explanation"": ""Cyanuric acid (CYA) — also called stabiliser or conditioner — protects chlorine from UV light degradation. Without CYA, outd",pool,chlorine,target_range,data/formulas.json:383,"(data file, no direct generator)",claim,CONTEXTUAL
data/formulas.json,data_json,cyanuric_acid,0,gallons,"""workedExample"": ""Pool: 15,000 gallons. Current CYA: 20 ppm. Target CYA: 40 ppm.\n\n- Increase needed = 40 − 20 = 20 ppm\n- Using the rule: ",pool,unspecified,target_range,data/formulas.json:384,"(data file, no direct generator)",claim,REQUIRES_REVIEW
data/formulas.json,data_json,cyanuric_acid,20,ppm,"""workedExample"": ""Pool: 15,000 gallons. Current CYA: 20 ppm. Target CYA: 40 ppm.\n\n- Increase needed = 40 − 20 = 20 ppm\n- Using the rule: ",pool,unspecified,target_range,data/formulas.json:384,"(data file, no direct generator)",claim,REQUIRES_REVIEW
data/formulas.json,data_json,cyanuric_acid,40,ppm,"""workedExample"": ""Pool: 15,000 gallons. Current CYA: 20 ppm. Target CYA: 40 ppm.\n\n- Increase needed = 40 − 20 = 20 ppm\n- Using the rule: ",pool,unspecified,target_range,data/formulas.json:384,"(data file, no direct generator)",claim,REQUIRES_REVIEW
data/formulas.json,data_json,cyanuric_acid,20,ppm,"""workedExample"": ""Pool: 15,000 gallons. Current CYA: 20 ppm. Target CYA: 40 ppm.\n\n- Increase needed = 40 − 20 = 20 ppm\n- Using the rule: ",pool,unspecified,target_range,data/formulas.json:384,"(data file, no direct generator)",claim,REQUIRES_REVIEW
data/formulas.json,data_json,cyanuric_acid,13,oz,"""workedExample"": ""Pool: 15,000 gallons. Current CYA: 20 ppm. Target CYA: 40 ppm.\n\n- Increase needed = 40 − 20 = 20 ppm\n- Using the rule: ",pool,unspecified,target_range,data/formulas.json:384,"(data file, no direct generator)",claim,REQUIRES_REVIEW
data/formulas.json,data_json,cyanuric_acid,0,gal,"""workedExample"": ""Pool: 15,000 gallons. Current CYA: 20 ppm. Target CYA: 40 ppm.\n\n- Increase needed = 40 − 20 = 20 ppm\n- Using the rule: ",pool,unspecified,target_range,data/formulas.json:384,"(data file, no direct generator)",claim,REQUIRES_REVIEW
data/formulas.json,data_json,cyanuric_acid,10,ppm,"""workedExample"": ""Pool: 15,000 gallons. Current CYA: 20 ppm. Target CYA: 40 ppm.\n\n- Increase needed = 40 − 20 = 20 ppm\n- Using the rule: ",pool,unspecified,target_range,data/formulas.json:384,"(data file, no direct generator)",claim,CONTEXTUAL
data/formulas.json,data_json,cyanuric_acid,20,ppm,"""workedExample"": ""Pool: 15,000 gallons. Current CYA: 20 ppm. Target CYA: 40 ppm.\n\n- Increase needed = 40 − 20 = 20 ppm\n- Using the rule: ",pool,unspecified,target_range,data/formulas.json:384,"(data file, no direct generator)",claim,REQUIRES_REVIEW
data/formulas.json,data_json,cyanuric_acid,0,gal,"""workedExample"": ""Pool: 15,000 gallons. Current CYA: 20 ppm. Target CYA: 40 ppm.\n\n- Increase needed = 40 − 20 = 20 ppm\n- Using the rule: ",pool,unspecified,target_range,data/formulas.json:384,"(data file, no direct generator)",claim,REQUIRES_REVIEW
data/formulas.json,data_json,cyanuric_acid,26,oz,"""workedExample"": ""Pool: 15,000 gallons. Current CYA: 20 ppm. Target CYA: 40 ppm.\n\n- Increase needed = 40 − 20 = 20 ppm\n- Using the rule: ",pool,unspecified,target_range,data/formulas.json:384,"(data file, no direct generator)",claim,REQUIRES_REVIEW
data/formulas.json,data_json,cyanuric_acid,0,gal,"""workedExample"": ""Pool: 15,000 gallons. Current CYA: 20 ppm. Target CYA: 40 ppm.\n\n- Increase needed = 40 − 20 = 20 ppm\n- Using the rule: ",pool,unspecified,target_range,data/formulas.json:384,"(data file, no direct generator)",claim,REQUIRES_REVIEW
data/formulas.json,data_json,cyanuric_acid,39,oz,"""workedExample"": ""Pool: 15,000 gallons. Current CYA: 20 ppm. Target CYA: 40 ppm.\n\n- Increase needed = 40 − 20 = 20 ppm\n- Using the rule: ",pool,unspecified,target_range,data/formulas.json:384,"(data file, no direct generator)",claim,REQUIRES_REVIEW
data/formulas.json,data_json,cyanuric_acid,39,oz,"""workedExample"": ""Pool: 15,000 gallons. Current CYA: 20 ppm. Target CYA: 40 ppm.\n\n- Increase needed = 40 − 20 = 20 ppm\n- Using the rule: ",pool,unspecified,target_range,data/formulas.json:384,"(data file, no direct generator)",claim,REQUIRES_REVIEW
data/formulas.json,data_json,cyanuric_acid,2.4,lbs,"""workedExample"": ""Pool: 15,000 gallons. Current CYA: 20 ppm. Target CYA: 40 ppm.\n\n- Increase needed = 40 − 20 = 20 ppm\n- Using the rule: ",pool,unspecified,target_range,data/formulas.json:384,"(data file, no direct generator)",claim,REQUIRES_REVIEW
data/formulas.json,data_json,(unmatched),0,gallons,"""workedExample"": ""Pool: 18,000 gallons. Pump flow rate: 60 GPM.\n\n- GPH = 60 × 60 = 3,600\n- Turnover time = 18,000 ÷ 3,600 = 5 hours\n\nTh",pool,unspecified,target_range,data/formulas.json:438,"(data file, no direct generator)",calculation,REQUIRES_REVIEW
data/formulas.json,data_json,ph,80,°f,"""workedExample"": ""Pool conditions: pH 7.4, temp 80°F, calcium hardness 300 ppm, total alkalinity 100 ppm.\n\n- pH = 7.4\n- TF at 80°F = 0.6 ",pool,unspecified,target_range,data/formulas.json:503,"(data file, no direct generator)",claim,REQUIRES_REVIEW
data/formulas.json,data_json,ph,300,ppm,"""workedExample"": ""Pool conditions: pH 7.4, temp 80°F, calcium hardness 300 ppm, total alkalinity 100 ppm.\n\n- pH = 7.4\n- TF at 80°F = 0.6 ",pool,unspecified,target_range,data/formulas.json:503,"(data file, no direct generator)",claim,REQUIRES_REVIEW
data/formulas.json,data_json,ph,100,ppm,"""workedExample"": ""Pool conditions: pH 7.4, temp 80°F, calcium hardness 300 ppm, total alkalinity 100 ppm.\n\n- pH = 7.4\n- TF at 80°F = 0.6 ",pool,unspecified,target_range,data/formulas.json:503,"(data file, no direct generator)",claim,REQUIRES_REVIEW
data/formulas.json,data_json,ph,80,°f,"""workedExample"": ""Pool conditions: pH 7.4, temp 80°F, calcium hardness 300 ppm, total alkalinity 100 ppm.\n\n- pH = 7.4\n- TF at 80°F = 0.6 ",pool,unspecified,target_range,data/formulas.json:503,"(data file, no direct generator)",claim,REQUIRES_REVIEW
data/formulas.json,data_json,ph,300,ppm,"""workedExample"": ""Pool conditions: pH 7.4, temp 80°F, calcium hardness 300 ppm, total alkalinity 100 ppm.\n\n- pH = 7.4\n- TF at 80°F = 0.6 ",pool,unspecified,target_range,data/formulas.json:503,"(data file, no direct generator)",claim,REQUIRES_REVIEW
data/formulas.json,data_json,ph,100,ppm,"""workedExample"": ""Pool conditions: pH 7.4, temp 80°F, calcium hardness 300 ppm, total alkalinity 100 ppm.\n\n- pH = 7.4\n- TF at 80°F = 0.6 ",pool,unspecified,target_range,data/formulas.json:503,"(data file, no direct generator)",claim,REQUIRES_REVIEW
data/glossary.json,data_json,free_chlorine,0.5,ppm,"""whyItMatters"": ""Combined chlorine above 0.5 ppm indicates a need for shock treatment. It signals that free chlorine is being depleted faste",unspecified,chlorine,shock,data/glossary.json:32,"(data file, no direct generator)",claim,REQUIRES_REVIEW
data/glossary.json,data_json,free_chlorine,0,ppm,"""typicalValues"": ""Target: 0 ppm; Action threshold: 0.5 ppm; Calculated as: Total Chlorine minus Free Chlorine"",",unspecified,chlorine,target_range,data/glossary.json:33,"(data file, no direct generator)",calculation,REQUIRES_REVIEW
data/glossary.json,data_json,free_chlorine,0.5,ppm,"""typicalValues"": ""Target: 0 ppm; Action threshold: 0.5 ppm; Calculated as: Total Chlorine minus Free Chlorine"",",unspecified,chlorine,target_range,data/glossary.json:33,"(data file, no direct generator)",calculation,REQUIRES_REVIEW
data/glossary.json,data_json,bromine,3,ppm,"""typicalValues"": ""Chlorine: 1–3 ppm (pools); Bromine: 3–6 ppm"",",unspecified,bromine,target_range,data/glossary.json:89,"(data file, no direct generator)",claim,REQUIRES_REVIEW
data/glossary.json,data_json,bromine,6,ppm,"""typicalValues"": ""Chlorine: 1–3 ppm (pools); Bromine: 3–6 ppm"",",unspecified,bromine,target_range,data/glossary.json:89,"(data file, no direct generator)",claim,CONTEXTUAL
data/glossary.json,data_json,free_chlorine,10,ppm,"""explanation"": ""Pool shock products are typically calcium hypochlorite (65–73% available chlorine), sodium dichloro-isocyanurate (dichlor), ",pool,chlorine,shock,data/glossary.json:124,"(data file, no direct generator)",claim,REQUIRES_REVIEW
data/glossary.json,data_json,free_chlorine,10,ppm,"""typicalValues"": ""Standard shock target: 10 ppm FC; Green pool recovery: 30 ppm FC"",",pool,unspecified,shock,data/glossary.json:126,"(data file, no direct generator)",claim,REQUIRES_REVIEW
data/glossary.json,data_json,free_chlorine,30,ppm,"""typicalValues"": ""Standard shock target: 10 ppm FC; Green pool recovery: 30 ppm FC"",",pool,unspecified,shock,data/glossary.json:126,"(data file, no direct generator)",claim,REQUIRES_REVIEW
data/glossary.json,data_json,ph,120,ppm,"""explanation"": ""Total alkalinity acts as a pH buffer. When TA is in range (80–120 ppm), pH changes slowly after chemical additions or enviro",unspecified,unspecified,target_range,data/glossary.json:164,"(data file, no direct generator)",claim,REQUIRES_REVIEW
data/glossary.json,data_json,ph,60,ppm,"""explanation"": ""Total alkalinity acts as a pH buffer. When TA is in range (80–120 ppm), pH changes slowly after chemical additions or enviro",unspecified,unspecified,target_range,data/glossary.json:164,"(data file, no direct generator)",claim,REQUIRES_REVIEW
data/glossary.json,data_json,ph,200,ppm,"""explanation"": ""Total alkalinity acts as a pH buffer. When TA is in range (80–120 ppm), pH changes slowly after chemical additions or enviro",unspecified,unspecified,target_range,data/glossary.json:164,"(data file, no direct generator)",claim,REQUIRES_REVIEW
data/glossary.json,data_json,ph,400,ppm,"""explanation"": ""Calcium hardness determines whether water is aggressive (under-saturated, will dissolve calcium from surfaces) or scaling (o",unspecified,unspecified,target_range,data/glossary.json:184,"(data file, no direct generator)",claim,REQUIRES_REVIEW
data/glossary.json,data_json,ph,250,ppm,"""explanation"": ""Calcium hardness determines whether water is aggressive (under-saturated, will dissolve calcium from surfaces) or scaling (o",unspecified,unspecified,target_range,data/glossary.json:184,"(data file, no direct generator)",claim,REQUIRES_REVIEW
data/glossary.json,data_json,free_chlorine,80,ppm,"""explanation"": ""Without CYA, free chlorine in an outdoor pool is destroyed by direct sunlight within 2–3 hours. CYA forms a temporary bond w",pool,chlorine,target_range,data/glossary.json:204,"(data file, no direct generator)",claim,REQUIRES_REVIEW
data/glossary.json,data_json,cyanuric_acid,80,ppm,"""whyItMatters"": ""CYA is essential for outdoor pools using chlorine, but must be kept below 80 ppm. It cannot be reduced except by dilution (",unspecified,chlorine,target_range,data/glossary.json:205,"(data file, no direct generator)",claim,REQUIRES_REVIEW
data/glossary.json,data_json,salt,50,ppm,"""typicalValues"": ""Standard pools: 30–50 ppm; Salt pools: 60–80 ppm; Never above 100 ppm for normal pools"",",unspecified,saltwater_chlorine_generator,target_range,data/glossary.json:206,"(data file, no direct generator)",claim,REQUIRES_REVIEW
data/glossary.json,data_json,salt,80,ppm,"""typicalValues"": ""Standard pools: 30–50 ppm; Salt pools: 60–80 ppm; Never above 100 ppm for normal pools"",",unspecified,saltwater_chlorine_generator,target_range,data/glossary.json:206,"(data file, no direct generator)",claim,REQUIRES_REVIEW
data/glossary.json,data_json,salt,100,ppm,"""typicalValues"": ""Standard pools: 30–50 ppm; Salt pools: 60–80 ppm; Never above 100 ppm for normal pools"",",unspecified,saltwater_chlorine_generator,target_range,data/glossary.json:206,"(data file, no direct generator)",claim,REQUIRES_REVIEW
data/glossary.json,data_json,ph,90,°f,"""explanation"": ""LSI = pH + Temperature Factor + Calcium Factor + Alkalinity Factor - 12.1. A result of 0.0 is perfect balance. Negative valu",unspecified,unspecified,target_range,data/glossary.json:224,"(data file, no direct generator)",claim,REQUIRES_REVIEW
data/glossary.json,data_json,ph,70,°f,"""explanation"": ""LSI = pH + Temperature Factor + Calcium Factor + Alkalinity Factor - 12.1. A result of 0.0 is perfect balance. Negative valu",unspecified,unspecified,target_range,data/glossary.json:224,"(data file, no direct generator)",claim,REQUIRES_REVIEW
data/glossary.json,data_json,salt,500,ppm,"""typicalValues"": ""Hot tubs: change water when TDS exceeds 1,500 ppm over fill water baseline; Pools: monitor; Salt pools: 3,000–5,000 ppm (s",hot_tub,saltwater_chlorine_generator,target_range,data/glossary.json:262,"(data file, no direct generator)",claim,REQUIRES_REVIEW
data/glossary.json,data_json,salt,0,ppm,"""typicalValues"": ""Hot tubs: change water when TDS exceeds 1,500 ppm over fill water baseline; Pools: monitor; Salt pools: 3,000–5,000 ppm (s",hot_tub,saltwater_chlorine_generator,target_range,data/glossary.json:262,"(data file, no direct generator)",claim,REQUIRES_REVIEW
data/glossary.json,data_json,free_chlorine,10,ppm,"""definition"": ""Superchlorination is the practice of raising free chlorine to 10 ppm or higher to destroy chloramines, kill algae, or clear s",unspecified,chlorine,shock,data/glossary.json:368,"(data file, no direct generator)",claim,REQUIRES_REVIEW
data/glossary.json,data_json,free_chlorine,5,ppm,"""explanation"": ""Superchlorination and breakpoint chlorination are closely related — both involve adding enough chlorine to destroy combined ",pool,chlorine,shock,data/glossary.json:369,"(data file, no direct generator)",claim,CONTEXTUAL
data/glossary.json,data_json,free_chlorine,10,ppm,"""typicalValues"": ""Target FC: 10 ppm (minimum); Green pool: 30 ppm"",",pool,unspecified,target_range,data/glossary.json:371,"(data file, no direct generator)",claim,REQUIRES_REVIEW
data/glossary.json,data_json,free_chlorine,30,ppm,"""typicalValues"": ""Target FC: 10 ppm (minimum); Green pool: 30 ppm"",",pool,unspecified,target_range,data/glossary.json:371,"(data file, no direct generator)",claim,REQUIRES_REVIEW
data/glossary.json,data_json,combined_chlorine,0.5,ppm,"""typicalValues"": ""Action threshold: 0.5 ppm combined chlorine"",",unspecified,chlorine,target_range,data/glossary.json:390,"(data file, no direct generator)",claim,REQUIRES_REVIEW
data/glossary.json,data_json,ph,6,ppm,"""explanation"": ""Bromine works similarly to chlorine but has key differences: it is more stable at high temperatures (preferred for hot tubs)",hot_tub,bromine,target_range,data/glossary.json:485,"(data file, no direct generator)",claim,REQUIRES_REVIEW
data/glossary.json,data_json,ph,3,ppm,"""explanation"": ""Bromine works similarly to chlorine but has key differences: it is more stable at high temperatures (preferred for hot tubs)",hot_tub,bromine,target_range,data/glossary.json:485,"(data file, no direct generator)",claim,REQUIRES_REVIEW
data/glossary.json,data_json,cyanuric_acid,400,ppm,"""typicalValues"": ""Salt level: 2,700–3,400 ppm; CYA for salt pools: 60–80 ppm"",",unspecified,saltwater_chlorine_generator,target_range,data/glossary.json:519,"(data file, no direct generator)",claim,REQUIRES_REVIEW
data/glossary.json,data_json,cyanuric_acid,80,ppm,"""typicalValues"": ""Salt level: 2,700–3,400 ppm; CYA for salt pools: 60–80 ppm"",",unspecified,saltwater_chlorine_generator,target_range,data/glossary.json:519,"(data file, no direct generator)",claim,REQUIRES_REVIEW
data/glossary.json,data_json,(unmatched),1,ppm,"""typicalValues"": ""Requires a chlorine residual of 0.5–1.0 ppm minimum with UV supplementation"",",unspecified,chlorine,target_range,data/glossary.json:538,"(data file, no direct generator)",claim,REQUIRES_REVIEW
data/glossary.json,data_json,chlorine_demand,1,ppm,"""typicalValues"": ""Reduces chlorine demand by 60–90%; Chlorine residual still required: 0.5–1.0 ppm minimum"",",unspecified,chlorine,target_range,data/glossary.json:553,"(data file, no direct generator)",claim,REQUIRES_REVIEW
data/glossary.json,data_json,ph,0,gallons,"""typicalValues"": ""Raises pH by approximately 0.2 units per pound per 10,000 gallons"",",unspecified,unspecified,target_range,data/glossary.json:585,"(data file, no direct generator)",claim,REQUIRES_REVIEW
data/glossary.json,data_json,ph,6.7,ppm,"""explanation"": ""Sodium bicarbonate (NaHCO3) dissolves slowly in pool water and primarily raises total alkalinity with a modest effect on pH.",pool,unspecified,target_range,data/glossary.json:602,"(data file, no direct generator)",claim,REQUIRES_REVIEW
data/glossary.json,data_json,ph,0,gallons,"""explanation"": ""Sodium bicarbonate (NaHCO3) dissolves slowly in pool water and primarily raises total alkalinity with a modest effect on pH.",pool,unspecified,target_range,data/glossary.json:602,"(data file, no direct generator)",claim,REQUIRES_REVIEW
data/glossary.json,data_json,ph,6.7,ppm,"""typicalValues"": ""Raises TA by 6.7 ppm per pound per 10,000 gallons; minimal pH effect"",",unspecified,unspecified,target_range,data/glossary.json:604,"(data file, no direct generator)",claim,REQUIRES_REVIEW
data/glossary.json,data_json,ph,0,gallons,"""typicalValues"": ""Raises TA by 6.7 ppm per pound per 10,000 gallons; minimal pH effect"",",unspecified,unspecified,target_range,data/glossary.json:604,"(data file, no direct generator)",claim,REQUIRES_REVIEW
data/glossary.json,data_json,ph,60,ppm,"""explanation"": ""When total alkalinity is below 60 ppm, the buffering capacity of the water is inadequate. Small additions of acid or base, r",unspecified,unspecified,troubleshooting,data/glossary.json:640,"(data file, no direct generator)",claim,REQUIRES_REVIEW
data/glossary.json,data_json,ph,120,ppm,"""explanation"": ""When total alkalinity is below 60 ppm, the buffering capacity of the water is inadequate. Small additions of acid or base, r",unspecified,unspecified,troubleshooting,data/glossary.json:640,"(data file, no direct generator)",claim,REQUIRES_REVIEW
data/glossary.json,data_json,total_alkalinity,60,ppm,"""typicalValues"": ""Occurs when TA is below 60 ppm"",",unspecified,unspecified,target_range,data/glossary.json:642,"(data file, no direct generator)",claim,CONTEXTUAL
data/glossary.json,data_json,salt,50,ppm,"""typicalValues"": ""Target: 30–50 ppm (standard pools); 60–80 ppm (salt pools)"",",unspecified,saltwater_chlorine_generator,target_range,data/glossary.json:661,"(data file, no direct generator)",claim,REQUIRES_REVIEW
data/glossary.json,data_json,salt,80,ppm,"""typicalValues"": ""Target: 30–50 ppm (standard pools); 60–80 ppm (salt pools)"",",unspecified,saltwater_chlorine_generator,target_range,data/glossary.json:661,"(data file, no direct generator)",claim,REQUIRES_REVIEW
data/glossary.json,data_json,free_chlorine,1,ppm,"""explanation"": ""Algae blooms begin when free chlorine drops below the effective minimum (often below 1 ppm, or below the CYA-adjusted minimu",pool,chlorine,target_range,data/glossary.json:698,"(data file, no direct generator)",claim,CONTEXTUAL
data/glossary.json,data_json,free_chlorine,30,ppm,"""typicalValues"": ""Shock dose for active bloom: 30 ppm FC; Prevention: maintain FC above 1 ppm at all times"",",unspecified,unspecified,shock,data/glossary.json:700,"(data file, no direct generator)",claim,REQUIRES_REVIEW
data/glossary.json,data_json,free_chlorine,1,ppm,"""typicalValues"": ""Shock dose for active bloom: 30 ppm FC; Prevention: maintain FC above 1 ppm at all times"",",unspecified,unspecified,shock,data/glossary.json:700,"(data file, no direct generator)",claim,CONTEXTUAL
data/glossary.json,data_json,free_chlorine,30,ppm,"""typicalValues"": ""Kill dose: 30 ppm FC (active bloom); Maintain 1–3 ppm FC to prevent"",",unspecified,unspecified,target_range,data/glossary.json:719,"(data file, no direct generator)",claim,REQUIRES_REVIEW
data/glossary.json,data_json,free_chlorine,3,ppm,"""typicalValues"": ""Kill dose: 30 ppm FC (active bloom); Maintain 1–3 ppm FC to prevent"",",unspecified,unspecified,target_range,data/glossary.json:719,"(data file, no direct generator)",claim,CONTEXTUAL
data/glossary.json,data_json,free_chlorine,30,ppm,"""explanation"": ""Despite its name, black algae is a cyanobacterium rather than a true algae. It establishes a protective outer layer (sheath)",unspecified,chlorine,target_range,data/glossary.json:736,"(data file, no direct generator)",claim,REQUIRES_REVIEW
data/glossary.json,data_json,free_chlorine,30,ppm,"""typicalValues"": ""Treatment: 20–30 ppm FC maintained for 3–5 days; requires vigorous brushing"",",unspecified,unspecified,target_range,data/glossary.json:738,"(data file, no direct generator)",claim,REQUIRES_REVIEW
data/glossary.json,data_json,free_chlorine,30,ppm,"""explanation"": ""Mustard algae (Phaeophyta variants) deposits as a powdery yellow or mustard-coloured substance on pool walls and floors, par",pool,chlorine,shock,data/glossary.json:755,"(data file, no direct generator)",claim,REQUIRES_REVIEW
data/glossary.json,data_json,free_chlorine,30,ppm,"""typicalValues"": ""Treatment: 30 ppm FC; wash all swimwear and equipment during treatment"",",unspecified,unspecified,target_range,data/glossary.json:757,"(data file, no direct generator)",claim,REQUIRES_REVIEW
data/glossary.json,data_json,free_chlorine,3,ppm,"""typicalValues"": ""FC: 1–3 ppm; TA: 80–120 ppm; CH: 200–400 ppm; Salt: 2,700–3,400 ppm"",",unspecified,saltwater_chlorine_generator,target_range,data/glossary.json:925,"(data file, no direct generator)",claim,CONTEXTUAL
data/glossary.json,data_json,free_chlorine,120,ppm,"""typicalValues"": ""FC: 1–3 ppm; TA: 80–120 ppm; CH: 200–400 ppm; Salt: 2,700–3,400 ppm"",",unspecified,saltwater_chlorine_generator,target_range,data/glossary.json:925,"(data file, no direct generator)",claim,REQUIRES_REVIEW
data/glossary.json,data_json,free_chlorine,400,ppm,"""typicalValues"": ""FC: 1–3 ppm; TA: 80–120 ppm; CH: 200–400 ppm; Salt: 2,700–3,400 ppm"",",unspecified,saltwater_chlorine_generator,target_range,data/glossary.json:925,"(data file, no direct generator)",claim,REQUIRES_REVIEW
data/glossary.json,data_json,free_chlorine,400,ppm,"""typicalValues"": ""FC: 1–3 ppm; TA: 80–120 ppm; CH: 200–400 ppm; Salt: 2,700–3,400 ppm"",",unspecified,saltwater_chlorine_generator,target_range,data/glossary.json:925,"(data file, no direct generator)",claim,REQUIRES_REVIEW
data/glossary.json,data_json,total_alkalinity,600,gallons,"""explanation"": ""Dilution reduces all dissolved chemicals proportionally. A 10% dilution (replacing 10% of pool volume with fresh water) redu",pool,saltwater_chlorine_generator,target_range,data/glossary.json:1176,"(data file, no direct generator)",claim,REQUIRES_REVIEW
data/glossary.json,data_json,calcium_hardness,100,ppm,"""explanation"": ""Partial drains are used to reduce CYA, calcium hardness, TDS, and salt that cannot be lowered by chemical treatment. A 25% p",unspecified,saltwater_chlorine_generator,target_range,data/glossary.json:1272,"(data file, no direct generator)",claim,REQUIRES_REVIEW
data/glossary.json,data_json,calcium_hardness,50,ppm,"""explanation"": ""Partial drains are used to reduce CYA, calcium hardness, TDS, and salt that cannot be lowered by chemical treatment. A 25% p",unspecified,saltwater_chlorine_generator,target_range,data/glossary.json:1272,"(data file, no direct generator)",claim,REQUIRES_REVIEW
data/glossary.json,data_json,ph,10,°f,"""explanation"": ""Chlorine degrades approximately twice as fast for every 10°F increase in water temperature. pH drifts upward faster in warm ",both,chlorine,target_range,data/glossary.json:1323,"(data file, no direct generator)",claim,REQUIRES_REVIEW
data/glossary.json,data_json,ph,84,°f,"""explanation"": ""Chlorine degrades approximately twice as fast for every 10°F increase in water temperature. pH drifts upward faster in warm ",both,chlorine,target_range,data/glossary.json:1323,"(data file, no direct generator)",claim,REQUIRES_REVIEW
data/glossary.json,data_json,ph,104,°f,"""explanation"": ""Chlorine degrades approximately twice as fast for every 10°F increase in water temperature. pH drifts upward faster in warm ",both,chlorine,target_range,data/glossary.json:1323,"(data file, no direct generator)",claim,REQUIRES_REVIEW
data/glossary.json,data_json,salt,400,ppm,"""typicalValues"": ""Salt pool target: approximately 5,000–6,000 µS/cm (corresponds to ~3,000–3,400 ppm salt)"",",pool,saltwater_chlorine_generator,target_range,data/glossary.json:1449,"(data file, no direct generator)",claim,REQUIRES_REVIEW
data/glossary.json,data_json,free_chlorine,10,ppm,"""explanation"": ""Standard maintenance shock raises FC to 10 ppm. Recovery shock for green pools targets 30 ppm. The dosage depends on: pool v",pool,chlorine,shock,data/glossary.json:1464,"(data file, no direct generator)",calculation,REQUIRES_REVIEW
data/glossary.json,data_json,free_chlorine,30,ppm,"""explanation"": ""Standard maintenance shock raises FC to 10 ppm. Recovery shock for green pools targets 30 ppm. The dosage depends on: pool v",pool,chlorine,shock,data/glossary.json:1464,"(data file, no direct generator)",calculation,REQUIRES_REVIEW
data/glossary.json,data_json,free_chlorine,1,lb,"""typicalValues"": ""Maintenance: 1 lb cal-hypo per 10,000 gal raises FC by ~6.5 ppm; Green pool: multiple doses needed"",",pool,unspecified,target_range,data/glossary.json:1466,"(data file, no direct generator)",claim,REQUIRES_REVIEW
data/glossary.json,data_json,free_chlorine,0,gal,"""typicalValues"": ""Maintenance: 1 lb cal-hypo per 10,000 gal raises FC by ~6.5 ppm; Green pool: multiple doses needed"",",pool,unspecified,target_range,data/glossary.json:1466,"(data file, no direct generator)",claim,REQUIRES_REVIEW
data/glossary.json,data_json,free_chlorine,6.5,ppm,"""typicalValues"": ""Maintenance: 1 lb cal-hypo per 10,000 gal raises FC by ~6.5 ppm; Green pool: multiple doses needed"",",pool,unspecified,target_range,data/glossary.json:1466,"(data file, no direct generator)",claim,REQUIRES_REVIEW
data/glossary.json,data_json,ph,120,ppm,"""explanation"": ""A water balance checklist typically covers: 1) Test all parameters. 2) Adjust total alkalinity to 80–120 ppm. 3) Test again ",unspecified,chlorine,target_range,data/glossary.json:1539,"(data file, no direct generator)",calculation,REQUIRES_REVIEW
data/glossary.json,data_json,ph,3,ppm,"""explanation"": ""Pool chemistry references compile the target ranges for FC (1–3 ppm), pH (7.2–7.6), TA (80–120 ppm), CH (200–400 ppm for pla",pool,saltwater_chlorine_generator,target_range,data/glossary.json:1556,"(data file, no direct generator)",claim,REQUIRES_REVIEW
data/glossary.json,data_json,ph,120,ppm,"""explanation"": ""Pool chemistry references compile the target ranges for FC (1–3 ppm), pH (7.2–7.6), TA (80–120 ppm), CH (200–400 ppm for pla",pool,saltwater_chlorine_generator,target_range,data/glossary.json:1556,"(data file, no direct generator)",claim,REQUIRES_REVIEW
data/glossary.json,data_json,ph,400,ppm,"""explanation"": ""Pool chemistry references compile the target ranges for FC (1–3 ppm), pH (7.2–7.6), TA (80–120 ppm), CH (200–400 ppm for pla",pool,saltwater_chlorine_generator,target_range,data/glossary.json:1556,"(data file, no direct generator)",claim,REQUIRES_REVIEW
data/glossary.json,data_json,ph,50,ppm,"""explanation"": ""Pool chemistry references compile the target ranges for FC (1–3 ppm), pH (7.2–7.6), TA (80–120 ppm), CH (200–400 ppm for pla",pool,saltwater_chlorine_generator,target_range,data/glossary.json:1556,"(data file, no direct generator)",claim,REQUIRES_REVIEW
data/glossary.json,data_json,ph,400,ppm,"""explanation"": ""Pool chemistry references compile the target ranges for FC (1–3 ppm), pH (7.2–7.6), TA (80–120 ppm), CH (200–400 ppm for pla",pool,saltwater_chlorine_generator,target_range,data/glossary.json:1556,"(data file, no direct generator)",claim,REQUIRES_REVIEW
data/glossary.json,data_json,combined_chlorine,0.5,ppm,"""explanation"": ""A typical shock schedule: shock once per week on the same night (after the pump has run during the day for chemical distribu",unspecified,chlorine,shock,data/glossary.json:1588,"(data file, no direct generator)",claim,REQUIRES_REVIEW
data/glossary.json,data_json,combined_chlorine,2,lbs,"""explanation"": ""A typical shock schedule: shock once per week on the same night (after the pump has run during the day for chemical distribu",unspecified,chlorine,shock,data/glossary.json:1588,"(data file, no direct generator)",claim,REQUIRES_REVIEW
data/glossary.json,data_json,combined_chlorine,0,gallons,"""explanation"": ""A typical shock schedule: shock once per week on the same night (after the pump has run during the day for chemical distribu",unspecified,chlorine,shock,data/glossary.json:1588,"(data file, no direct generator)",claim,REQUIRES_REVIEW
data/glossary.json,data_json,free_chlorine,10,ppm,"""typicalValues"": ""Weekly maintenance: shock to 10 ppm FC; Emergency recovery: shock to 30 ppm FC"",",unspecified,unspecified,shock,data/glossary.json:1590,"(data file, no direct generator)",claim,REQUIRES_REVIEW
data/glossary.json,data_json,free_chlorine,30,ppm,"""typicalValues"": ""Weekly maintenance: shock to 10 ppm FC; Emergency recovery: shock to 30 ppm FC"",",unspecified,unspecified,shock,data/glossary.json:1590,"(data file, no direct generator)",claim,REQUIRES_REVIEW
data/glossary.json,data_json,free_chlorine,0.8,ppm,"""explanation"": ""Breakpoint dose = 10 × (combined chlorine reading in ppm). If CC = 0.8 ppm, breakpoint dose = 8 ppm of additional FC. The cu",pool,chlorine,shock,data/glossary.json:1637,"(data file, no direct generator)",claim,REQUIRES_REVIEW
data/glossary.json,data_json,free_chlorine,8,ppm,"""explanation"": ""Breakpoint dose = 10 × (combined chlorine reading in ppm). If CC = 0.8 ppm, breakpoint dose = 8 ppm of additional FC. The cu",pool,chlorine,shock,data/glossary.json:1637,"(data file, no direct generator)",claim,REQUIRES_REVIEW
data/glossary.json,data_json,free_chlorine,1.5,ppm,"""explanation"": ""Breakpoint dose = 10 × (combined chlorine reading in ppm). If CC = 0.8 ppm, breakpoint dose = 8 ppm of additional FC. The cu",pool,chlorine,shock,data/glossary.json:1637,"(data file, no direct generator)",claim,CONTEXTUAL
data/glossary.json,data_json,free_chlorine,8,ppm,"""explanation"": ""Breakpoint dose = 10 × (combined chlorine reading in ppm). If CC = 0.8 ppm, breakpoint dose = 8 ppm of additional FC. The cu",pool,chlorine,shock,data/glossary.json:1637,"(data file, no direct generator)",claim,REQUIRES_REVIEW
data/glossary.json,data_json,free_chlorine,9.5,ppm,"""explanation"": ""Breakpoint dose = 10 × (combined chlorine reading in ppm). If CC = 0.8 ppm, breakpoint dose = 8 ppm of additional FC. The cu",pool,chlorine,shock,data/glossary.json:1637,"(data file, no direct generator)",claim,REQUIRES_REVIEW
data/glossary.json,data_json,free_chlorine,15,ppm,"""typicalValues"": ""Breakpoint dose = 10 × CC; typical: 5–15 ppm of additional FC"",",unspecified,unspecified,shock,data/glossary.json:1639,"(data file, no direct generator)",claim,REQUIRES_REVIEW
data/glossary.json,data_json,ph,0,gallons,"""typicalValues"": ""Raises pH by approximately 0.2 per pound per 10,000 gallons; dissolve before adding"",",unspecified,unspecified,target_range,data/glossary.json:1703,"(data file, no direct generator)",claim,REQUIRES_REVIEW
data/graph/entity-index.json,data_json,free_chlorine,1,ppm,"""idealRange"": ""N/A (residual; used with 0.5–1 ppm FC)"",",unspecified,unspecified,target_range,data/graph/entity-index.json:587,"(data file, no direct generator)",claim,CONTEXTUAL
data/graph/entity-index.json,data_json,salt,400,ppm,"""idealRange"": ""N/A (requires 2,700–3,400 ppm salt)"",",unspecified,saltwater_chlorine_generator,target_range,data/graph/entity-index.json:1340,"(data file, no direct generator)",claim,REQUIRES_REVIEW
data/graph/entity-index.json,data_json,free_chlorine,30,ppm,"""idealRange"": ""N/A (raises FC to 10–30 ppm temporarily)"",",unspecified,unspecified,target_range,data/graph/entity-index.json:1485,"(data file, no direct generator)",claim,REQUIRES_REVIEW
data/graph/entity-index.json,data_json,combined_chlorine,0.5,ppm,"""idealRange"": ""N/A (prevented by keeping CC < 0.5 ppm)"",",unspecified,unspecified,target_range,data/graph/entity-index.json:2534,"(data file, no direct generator)",claim,REQUIRES_REVIEW
data/graph/entity-index.json,data_json,free_chlorine,5,ppm,"""shortDescription"": ""Free chlorine above 5 ppm causing bleaching, eye/skin irritation, and swimmer discomfort."",",unspecified,chlorine,target_range,data/graph/entity-index.json:2692,"(data file, no direct generator)",claim,CONTEXTUAL
data/graph/entity-index.json,data_json,calcium_hardness,400,ppm,"""shortDescription"": ""A plastered or pebbled concrete pool requiring higher calcium hardness (200–400 ppm)."",",pool,unspecified,target_range,data/graph/entity-index.json:3200,"(data file, no direct generator)",claim,CONTEXTUAL
data/graph/entity-index.json,data_json,salt,40,lb,"""40 lb salt bag""",unspecified,saltwater_chlorine_generator,target_range,data/graph/entity-index.json:3638,"(data file, no direct generator)",claim,REQUIRES_REVIEW
data/navigation.json,data_json,sanitizer,5,ppm,"""description"": ""Hit 3–5 ppm sanitizer in seconds: enter spa gallons + test strip readings for exact chlorine ounces. Avoid over-chlorination",hot_tub,chlorine,target_range,data/navigation.json:34,"(data file, no direct generator)",claim,REQUIRES_REVIEW
data/navigation.json,data_json,(unmatched),30,ppm,"""title"": ""Pool Shock Calculator (10–30 ppm Dose in 30 Seconds)"",",pool,unspecified,shock,data/navigation.json:124,"(data file, no direct generator)",claim,REQUIRES_REVIEW
data/navigation.json,data_json,free_chlorine,10,ppm,"""description"": ""Superchlorination is the practice of raising free chlorine to 10 ppm or higher to destroy chloramines, kill algae, or clear ",pool,chlorine,shock,data/navigation.json:2928,"(data file, no direct generator)",claim,REQUIRES_REVIEW
data/navigation.json,data_json,calcium_hardness,400,ppm,"""description"": ""Calcium hardness in pools explained: ideal range 200–400 ppm, what low and high calcium does to surfaces and water, and how ",unspecified,unspecified,target_range,data/navigation.json:3136,"(data file, no direct generator)",claim,CONTEXTUAL
data/navigation.json,data_json,free_chlorine,3,ppm,"""description"": ""Chlorine in pools explained: free chlorine vs combined chlorine vs total chlorine, ideal ranges 1–3 ppm, what causes it to d",unspecified,chlorine,target_range,data/navigation.json:3234,"(data file, no direct generator)",claim,CONTEXTUAL
data/navigation.json,data_json,combined_chlorine,0.5,ppm,"""description"": ""Combined chlorine (chloramines) explained: what causes it, why it causes pool smell and eye irritation, the 0.5 ppm limit, a",pool,chlorine,target_range,data/navigation.json:3247,"(data file, no direct generator)",claim,REQUIRES_REVIEW
data/navigation.json,data_json,cyanuric_acid,50,ppm,"""description"": ""Cyanuric acid (CYA) explained: how pool stabilizer protects chlorine from UV, ideal range 30–50 ppm, what chlorine lock is, ",pool,chlorine,target_range,data/navigation.json:3289,"(data file, no direct generator)",claim,REQUIRES_REVIEW
data/navigation.json,data_json,ph,3,ppm,"""description"": ""Free chlorine explained: what it is, why it's the only active sanitizer, how pH affects it, target range 1–3 ppm, and how to",unspecified,chlorine,target_range,data/navigation.json:3541,"(data file, no direct generator)",claim,REQUIRES_REVIEW
data/navigation.json,data_json,salt,3400,ppm,"""description"": ""Salt water generator explained: how electrolytic chlorine generation works, salt levels 2700–3400 ppm, chemistry management,",unspecified,saltwater_chlorine_generator,target_range,data/navigation.json:3730,"(data file, no direct generator)",claim,REQUIRES_REVIEW
data/navigation.json,data_json,ph,120,ppm,"""description"": ""Total alkalinity explained: how it buffers pH, ideal range 80–120 ppm, symptoms of low and high TA, and how to raise or lowe",unspecified,unspecified,target_range,data/navigation.json:3786,"(data file, no direct generator)",claim,REQUIRES_REVIEW
data/navigation.json,data_json,ph,150,ppm,"""description"": ""Hot tub total alkalinity too high? Above 150 ppm causes cloudy water, scale, and pH that won't stay down. Step-by-step fix.""",hot_tub,unspecified,troubleshooting,data/navigation.json:4144,"(data file, no direct generator)",claim,REQUIRES_REVIEW
data/navigation.json,data_json,free_chlorine,10,ppm,"""description"": ""Hot tub chlorine too high? FC above 10 ppm causes irritation. Steps to lower it fast: remove cover, run jets, or dilute. Ful",hot_tub,chlorine,target_range,data/navigation.json:4157,"(data file, no direct generator)",claim,REQUIRES_REVIEW
data/navigation.json,data_json,(unmatched),1,ppm,"""description"": ""Hot tub chlorine too low? Below 1 ppm, bacteria can grow in minutes at spa temperatures. Causes, fast fix, and prevention gu",hot_tub,chlorine,troubleshooting,data/navigation.json:4170,"(data file, no direct generator)",claim,REQUIRES_REVIEW
data/navigation.json,data_json,free_chlorine,5,ppm,"""description"": ""Can you swim after shocking a pool? Wait until FC drops below 5 ppm — usually 8–24 hours. Wait times by shock dose, and how ",pool,unspecified,shock,data/navigation.json:4339,"(data file, no direct generator)",claim,CONTEXTUAL
data/navigation.json,data_json,free_chlorine,0.5,ppm,"""description"": ""Free chlorine vs total chlorine explained: FC sanitizes, TC = FC + combined chlorine. How to interpret test results and when",unspecified,chlorine,target_range,data/navigation.json:4508,"(data file, no direct generator)",claim,REQUIRES_REVIEW
data/navigation.json,data_json,calcium_hardness,400,ppm,"""description"": ""A plastered or pebbled concrete pool requiring higher calcium hardness (200–400 ppm)."",",pool,unspecified,target_range,data/navigation.json:5197,"(data file, no direct generator)",claim,CONTEXTUAL
data/navigation.json,data_json,free_chlorine,5,ppm,"""description"": ""Free chlorine above 5 ppm causing bleaching, eye/skin irritation, and swimmer discomfort."",",unspecified,chlorine,target_range,data/navigation.json:5418,"(data file, no direct generator)",claim,CONTEXTUAL
data/navigation.json,data_json,(unmatched),5,ppm,"""description"": ""Hot tub chlorine levels chart: ideal 3–5 ppm, safe swim threshold, what too high and too low means for health and equipment.",hot_tub,chlorine,target_range,data/navigation.json:6302,"(data file, no direct generator)",claim,REQUIRES_REVIEW
data/navigation.json,data_json,ph,120,ppm,"""description"": ""Pool total alkalinity levels chart: ideal 80–120 ppm. What happens if low or high, and how alkalinity affects pH stability.""",pool,unspecified,target_range,data/navigation.json:6406,"(data file, no direct generator)",claim,REQUIRES_REVIEW
data/navigation.json,data_json,(unmatched),3,ppm,"""title"": ""Pool Chlorine Levels Chart (1–3 ppm + Shock Targets)"",",pool,chlorine,shock,data/navigation.json:6444,"(data file, no direct generator)",claim,REQUIRES_REVIEW
data/navigation.json,data_json,cyanuric_acid,3,ppm,"""description"": ""Pool chlorine levels chart: 1–3 ppm targets, shock ranges, and CYA context—free table + calculator links."",",pool,chlorine,shock,data/navigation.json:6445,"(data file, no direct generator)",claim,CONTEXTUAL
data/navigation.json,data_json,cyanuric_acid,50,ppm,"""description"": ""Pool CYA levels chart: ideal range 30–50 ppm, what is too high, and how CYA affects chlorine effectiveness. Quick reference ",pool,chlorine,target_range,data/navigation.json:6458,"(data file, no direct generator)",claim,REQUIRES_REVIEW
data/reference.json,data_json,combined_chlorine,0.5,ppm,"""Combined chlorine above 0.5 ppm requires shock treatment.""",unspecified,chlorine,shock,data/reference.json:145,"(data file, no direct generator)",claim,REQUIRES_REVIEW
data/reference.json,data_json,water_temperature,104,°f,"""CPSC and PHTA maximum safe hot tub temperature: 104°F (40°C)."",",hot_tub,unspecified,target_range,data/reference.json:377,"(data file, no direct generator)",claim,REQUIRES_REVIEW
data/reference.json,data_json,water_temperature,40,°c,"""CPSC and PHTA maximum safe hot tub temperature: 104°F (40°C)."",",hot_tub,unspecified,target_range,data/reference.json:377,"(data file, no direct generator)",claim,REQUIRES_REVIEW
data/reference.json,data_json,combined_chlorine,1,ppm,"""Breakpoint CC 1 ppm"",",unspecified,unspecified,shock,data/reference.json:511,"(data file, no direct generator)",claim,REQUIRES_REVIEW
data/reference.json,data_json,combined_chlorine,2,ppm,"""Breakpoint CC 2 ppm"",",unspecified,unspecified,shock,data/reference.json:512,"(data file, no direct generator)",claim,REQUIRES_REVIEW
data/reference.json,data_json,algae,30,ppm,"""Green Pool (30 ppm)""",pool,unspecified,target_range,data/reference.json:513,"(data file, no direct generator)",claim,REQUIRES_REVIEW
data/reference.json,data_json,free_chlorine,10,ppm,"""Maintenance dose raises FC to approximately 10 ppm. Breakpoint dose is 10x the combined chlorine level. Green pool dose targets 30 ppm FC.""",pool,chlorine,shock,data/reference.json:583,"(data file, no direct generator)",claim,REQUIRES_REVIEW
data/reference.json,data_json,free_chlorine,30,ppm,"""Maintenance dose raises FC to approximately 10 ppm. Breakpoint dose is 10x the combined chlorine level. Green pool dose targets 30 ppm FC.""",pool,chlorine,shock,data/reference.json:583,"(data file, no direct generator)",claim,REQUIRES_REVIEW
data/reference.json,data_json,free_chlorine,5,ppm,"""Add after dark. Run pump overnight. Do not allow swimming until FC drops below 5 ppm."",",unspecified,unspecified,target_range,data/reference.json:585,"(data file, no direct generator)",claim,CONTEXTUAL
data/reference.json,data_json,free_chlorine,1,ppm,"""overview"": ""CYA protects chlorine from UV but reduces its activity. The minimum free chlorine to maintain effective sanitation must increas",unspecified,chlorine,target_range,data/reference.json:740,"(data file, no direct generator)",claim,CONTEXTUAL
data/reference.json,data_json,free_chlorine,30,ppm,"""overview"": ""CYA protects chlorine from UV but reduces its activity. The minimum free chlorine to maintain effective sanitation must increas",unspecified,chlorine,target_range,data/reference.json:740,"(data file, no direct generator)",claim,REQUIRES_REVIEW
data/reference.json,data_json,cyanuric_acid,100,ppm,"""CYA above 100 ppm: plan a 40–50% partial drain and refill.""",unspecified,unspecified,target_range,data/reference.json:811,"(data file, no direct generator)",claim,REQUIRES_REVIEW
data/reference.json,data_json,total_alkalinity,1.5,lb,"""title"": ""Sodium Bicarbonate to Raise Alkalinity (1.5 lb raises TA by 10 ppm per 10,000 gal)"",",unspecified,unspecified,target_range,data/reference.json:838,"(data file, no direct generator)",claim,REQUIRES_REVIEW
data/reference.json,data_json,total_alkalinity,10,ppm,"""title"": ""Sodium Bicarbonate to Raise Alkalinity (1.5 lb raises TA by 10 ppm per 10,000 gal)"",",unspecified,unspecified,target_range,data/reference.json:838,"(data file, no direct generator)",claim,REQUIRES_REVIEW
data/reference.json,data_json,total_alkalinity,0,gal,"""title"": ""Sodium Bicarbonate to Raise Alkalinity (1.5 lb raises TA by 10 ppm per 10,000 gal)"",",unspecified,unspecified,target_range,data/reference.json:838,"(data file, no direct generator)",claim,REQUIRES_REVIEW
data/reference.json,data_json,ph,120,ppm,"""title"": ""Muriatic Acid (31.45%) to Lower pH — TA at 80–120 ppm"",",unspecified,unspecified,target_range,data/reference.json:948,"(data file, no direct generator)",claim,REQUIRES_REVIEW
data/reference.json,data_json,ph,120,ppm,"""title"": ""Sodium Carbonate (Soda Ash) to Raise pH — TA at 80–120 ppm"",",unspecified,unspecified,target_range,data/reference.json:989,"(data file, no direct generator)",claim,REQUIRES_REVIEW
data/reference.json,data_json,ph,150,ppm,"""High alkalinity (above 150 ppm) makes pH much harder to lower — may need 2–3x these doses."",",unspecified,unspecified,target_range,data/reference.json:1020,"(data file, no direct generator)",claim,REQUIRES_REVIEW
data/reference.json,data_json,ph,77,°f,"""title"": ""HOCl Percentage at Different pH (at 77°F / 25°C)"",",unspecified,unspecified,target_range,data/reference.json:1046,"(data file, no direct generator)",claim,REQUIRES_REVIEW
data/reference.json,data_json,ph,25,°c,"""title"": ""HOCl Percentage at Different pH (at 77°F / 25°C)"",",unspecified,unspecified,target_range,data/reference.json:1046,"(data file, no direct generator)",claim,REQUIRES_REVIEW
data/reference.json,data_json,free_chlorine,2,ppm,"""Effective FC at 2 ppm Total FC""",unspecified,unspecified,target_range,data/reference.json:1051,"(data file, no direct generator)",claim,CONTEXTUAL
data/reference.json,data_json,free_chlorine,5,ppm,"""15 min (if FC <5 ppm)"",",unspecified,unspecified,target_range,data/reference.json:1152,"(data file, no direct generator)",claim,CONTEXTUAL
data/reference.json,data_json,free_chlorine,5,ppm,"""Until FC < 5 ppm"",",unspecified,unspecified,target_range,data/reference.json:1158,"(data file, no direct generator)",claim,CONTEXTUAL
data/reference.json,data_json,free_chlorine,5,ppm,"""Re-entry after shock is safe when FC tests below 5 ppm — not based on time alone."",",unspecified,unspecified,shock,data/reference.json:1214,"(data file, no direct generator)",claim,CONTEXTUAL
data/reference.json,data_json,salt,0,ppm,"""Above 3,000 ppm (non-salt)"",",unspecified,saltwater_chlorine_generator,target_range,data/reference.json:1483,"(data file, no direct generator)",claim,REQUIRES_REVIEW
data/reference.json,data_json,total_alkalinity,120,ppm,"""Step 3: Adjust total alkalinity to 80–120 ppm. Use sodium bicarbonate to raise; muriatic acid to lower."",",unspecified,unspecified,target_range,data/reference.json:2030,"(data file, no direct generator)",claim,CONTEXTUAL
data/reference.json,data_json,free_chlorine,3,ppm,"""Step 10: Adjust free chlorine to 1–3 ppm using liquid chlorine or cal-hypo shock."",",unspecified,chlorine,shock,data/reference.json:2037,"(data file, no direct generator)",claim,CONTEXTUAL
data/reference.json,data_json,free_chlorine,1,ppm,"""Close pool to guests if FC is below 1 ppm (pool) or 3 ppm (hot tub) until corrected.""",both,unspecified,target_range,data/reference.json:2157,"(data file, no direct generator)",claim,CONTEXTUAL
data/reference.json,data_json,free_chlorine,3,ppm,"""Close pool to guests if FC is below 1 ppm (pool) or 3 ppm (hot tub) until corrected.""",both,unspecified,target_range,data/reference.json:2157,"(data file, no direct generator)",claim,CONTEXTUAL
data/reference.json,data_json,free_chlorine,30,ppm,"""Step 3: Add shock to achieve 30 ppm FC — use the shock calculator for exact dose."",",unspecified,unspecified,shock,data/reference.json:2196,"(data file, no direct generator)",claim,REQUIRES_REVIEW
data/reference.json,data_json,free_chlorine,10,ppm,"""Step 5: Test FC every 4–6 hours. If below 10 ppm, add more chlorine to maintain 10+ ppm."",",unspecified,chlorine,target_range,data/reference.json:2198,"(data file, no direct generator)",claim,REQUIRES_REVIEW
data/reference.json,data_json,free_chlorine,5,ppm,"""Step 7: Continue filtering until FC drops naturally to 5 ppm or below."",",unspecified,unspecified,target_range,data/reference.json:2200,"(data file, no direct generator)",claim,CONTEXTUAL
data/reference.json,data_json,free_chlorine,10,ppm,"""Step 3: Shock to 10 ppm FC."",",unspecified,unspecified,shock,data/reference.json:2211,"(data file, no direct generator)",claim,REQUIRES_REVIEW
data/search-index.json,data_json,sanitizer,5,ppm,"""description"": ""Hit 3–5 ppm sanitizer in seconds: enter spa gallons + test strip readings for exact chlorine ounces. Avoid over-chlorination",hot_tub,chlorine,target_range,data/search-index.json:25,"(data file, no direct generator)",claim,REQUIRES_REVIEW
data/search-index.json,data_json,(unmatched),30,ppm,"""title"": ""Pool Shock Calculator (10–30 ppm Dose in 30 Seconds)"",",pool,unspecified,shock,data/search-index.json:94,"(data file, no direct generator)",claim,REQUIRES_REVIEW
data/search-index.json,data_json,free_chlorine,10,ppm,"""description"": ""Superchlorination is the practice of raising free chlorine to 10 ppm or higher to destroy chloramines, kill algae, or clear ",unspecified,chlorine,shock,data/search-index.json:1805,"(data file, no direct generator)",claim,REQUIRES_REVIEW
data/search-index.json,data_json,calcium_hardness,400,ppm,"""description"": ""Calcium hardness in pools explained: ideal range 200–400 ppm, what low and high calcium does to surfaces and water, and how ",unspecified,unspecified,target_range,data/search-index.json:1955,"(data file, no direct generator)",claim,CONTEXTUAL
data/search-index.json,data_json,free_chlorine,3,ppm,"""description"": ""Chlorine in pools explained: free chlorine vs combined chlorine vs total chlorine, ideal ranges 1–3 ppm, what causes it to d",unspecified,chlorine,target_range,data/search-index.json:2025,"(data file, no direct generator)",claim,CONTEXTUAL
data/search-index.json,data_json,combined_chlorine,0.5,ppm,"""description"": ""Combined chlorine (chloramines) explained: what causes it, why it causes pool smell and eye irritation, the 0.5 ppm limit, a",pool,chlorine,target_range,data/search-index.json:2035,"(data file, no direct generator)",claim,REQUIRES_REVIEW
data/search-index.json,data_json,cyanuric_acid,50,ppm,"""description"": ""Cyanuric acid (CYA) explained: how pool stabilizer protects chlorine from UV, ideal range 30–50 ppm, what chlorine lock is, ",pool,chlorine,target_range,data/search-index.json:2065,"(data file, no direct generator)",claim,REQUIRES_REVIEW
data/search-index.json,data_json,ph,3,ppm,"""description"": ""Free chlorine explained: what it is, why it's the only active sanitizer, how pH affects it, target range 1–3 ppm, and how to",unspecified,chlorine,target_range,data/search-index.json:2095,"(data file, no direct generator)",claim,REQUIRES_REVIEW
data/search-index.json,data_json,salt,3400,ppm,"""description"": ""Salt water generator explained: how electrolytic chlorine generation works, salt levels 2700–3400 ppm, chemistry management,",unspecified,saltwater_chlorine_generator,target_range,data/search-index.json:2225,"(data file, no direct generator)",claim,REQUIRES_REVIEW
data/search-index.json,data_json,ph,120,ppm,"""description"": ""Total alkalinity explained: how it buffers pH, ideal range 80–120 ppm, symptoms of low and high TA, and how to raise or lowe",unspecified,unspecified,target_range,data/search-index.json:2265,"(data file, no direct generator)",claim,REQUIRES_REVIEW
data/search-index.json,data_json,ph,150,ppm,"""description"": ""Hot tub total alkalinity too high? Above 150 ppm causes cloudy water, scale, and pH that won't stay down. Step-by-step fix.""",hot_tub,unspecified,troubleshooting,data/search-index.json:2535,"(data file, no direct generator)",claim,REQUIRES_REVIEW
data/search-index.json,data_json,free_chlorine,10,ppm,"""description"": ""Hot tub chlorine too high? FC above 10 ppm causes irritation. Steps to lower it fast: remove cover, run jets, or dilute. Ful",hot_tub,chlorine,target_range,data/search-index.json:2545,"(data file, no direct generator)",claim,REQUIRES_REVIEW
data/search-index.json,data_json,(unmatched),1,ppm,"""description"": ""Hot tub chlorine too low? Below 1 ppm, bacteria can grow in minutes at spa temperatures. Causes, fast fix, and prevention gu",hot_tub,chlorine,troubleshooting,data/search-index.json:2555,"(data file, no direct generator)",claim,REQUIRES_REVIEW
data/search-index.json,data_json,free_chlorine,5,ppm,"""description"": ""Can you swim after shocking a pool? Wait until FC drops below 5 ppm — usually 8–24 hours. Wait times by shock dose, and how ",pool,unspecified,shock,data/search-index.json:2685,"(data file, no direct generator)",claim,CONTEXTUAL
data/search-index.json,data_json,free_chlorine,0.5,ppm,"""description"": ""Free chlorine vs total chlorine explained: FC sanitizes, TC = FC + combined chlorine. How to interpret test results and when",unspecified,chlorine,target_range,data/search-index.json:2815,"(data file, no direct generator)",claim,REQUIRES_REVIEW
data/search-index.json,data_json,calcium_hardness,400,ppm,"""description"": ""A plastered or pebbled concrete pool requiring higher calcium hardness (200–400 ppm)."",",pool,unspecified,target_range,data/search-index.json:3205,"(data file, no direct generator)",claim,CONTEXTUAL
data/search-index.json,data_json,free_chlorine,5,ppm,"""description"": ""Free chlorine above 5 ppm causing bleaching, eye/skin irritation, and swimmer discomfort."",",unspecified,chlorine,target_range,data/search-index.json:3375,"(data file, no direct generator)",claim,CONTEXTUAL
data/search-index.json,data_json,(unmatched),5,ppm,"""description"": ""Hot tub chlorine levels chart: ideal 3–5 ppm, safe swim threshold, what too high and too low means for health and equipment.",hot_tub,chlorine,target_range,data/search-index.json:4055,"(data file, no direct generator)",claim,REQUIRES_REVIEW
data/search-index.json,data_json,ph,120,ppm,"""description"": ""Pool total alkalinity levels chart: ideal 80–120 ppm. What happens if low or high, and how alkalinity affects pH stability.""",pool,unspecified,target_range,data/search-index.json:4135,"(data file, no direct generator)",claim,REQUIRES_REVIEW
data/search-index.json,data_json,(unmatched),3,ppm,"""title"": ""Pool Chlorine Levels Chart (1–3 ppm + Shock Targets)"",",pool,chlorine,shock,data/search-index.json:4164,"(data file, no direct generator)",claim,REQUIRES_REVIEW
data/search-index.json,data_json,cyanuric_acid,3,ppm,"""description"": ""Pool chlorine levels chart: 1–3 ppm targets, shock ranges, and CYA context—free table + calculator links."",",pool,chlorine,shock,data/search-index.json:4165,"(data file, no direct generator)",claim,CONTEXTUAL
data/search-index.json,data_json,cyanuric_acid,50,ppm,"""description"": ""Pool CYA levels chart: ideal range 30–50 ppm, what is too high, and how CYA affects chlorine effectiveness. Quick reference ",pool,chlorine,target_range,data/search-index.json:4175,"(data file, no direct generator)",claim,REQUIRES_REVIEW
data/shock-dosage.json,data_json,(unmatched),10,ppm,"""_comment"": ""Granular shock: oz = (gallons * ppm) / 10000. Standard shock = 10 ppm."",",unspecified,unspecified,shock,data/shock-dosage.json:2,"(data file, no direct generator)",claim,REQUIRES_REVIEW
data/trust/confidence.json,data_json,water_temperature,104,°f,"""Maximum hot tub temperature (104°F — CPSC/PHTA)"",",hot_tub,unspecified,target_range,data/trust/confidence.json:14,"(data file, no direct generator)",claim,REQUIRES_REVIEW
data/trust/confidence.json,data_json,free_chlorine,3,ppm,"""Residential pool FC target 1–3 ppm"",",pool,unspecified,target_range,data/trust/confidence.json:30,"(data file, no direct generator)",claim,CONTEXTUAL
data/trust/datasets.json,data_json,(unmatched),5,ppm,"""notes"": ""Uses hot-tub-free-chlorine range (3–5 ppm) from chemical-ranges.json.""",hot_tub,chlorine,target_range,data/trust/datasets.json:218,"(data file, no direct generator)",claim,REQUIRES_REVIEW
data/trust/methodology.json,data_json,free_chlorine,2,ppm,"""body"": ""FC change needed: calculated as 2.00 ppm → displayed as \""2.0 ppm\"". Muriatic acid dose: calculated as 9.876 fl oz → displayed as \",pool,unspecified,target_range,data/trust/methodology.json:163,"(data file, no direct generator)",calculation,CONTEXTUAL
data/trust/methodology.json,data_json,free_chlorine,2,ppm,"""body"": ""FC change needed: calculated as 2.00 ppm → displayed as \""2.0 ppm\"". Muriatic acid dose: calculated as 9.876 fl oz → displayed as \",pool,unspecified,target_range,data/trust/methodology.json:163,"(data file, no direct generator)",calculation,CONTEXTUAL
data/trust/methodology.json,data_json,free_chlorine,831.4,gallons,"""body"": ""FC change needed: calculated as 2.00 ppm → displayed as \""2.0 ppm\"". Muriatic acid dose: calculated as 9.876 fl oz → displayed as \",pool,unspecified,target_range,data/trust/methodology.json:163,"(data file, no direct generator)",calculation,REQUIRES_REVIEW
data/trust/methodology.json,data_json,free_chlorine,831,gallons,"""body"": ""FC change needed: calculated as 2.00 ppm → displayed as \""2.0 ppm\"". Muriatic acid dose: calculated as 9.876 fl oz → displayed as \",pool,unspecified,target_range,data/trust/methodology.json:163,"(data file, no direct generator)",calculation,REQUIRES_REVIEW
data/trust/methodology.json,data_json,ph,0.5,ppm,"""body"": ""Pool water test results have inherent uncertainty based on the test method used. Test strips: ±0.5 ppm FC, ±0.5 pH. Liquid DPD drop",pool,unspecified,target_range,data/trust/methodology.json:193,"(data file, no direct generator)",claim,REQUIRES_REVIEW
data/trust/methodology.json,data_json,ph,0.2,ppm,"""body"": ""Pool water test results have inherent uncertainty based on the test method used. Test strips: ±0.5 ppm FC, ±0.5 pH. Liquid DPD drop",pool,unspecified,target_range,data/trust/methodology.json:193,"(data file, no direct generator)",claim,REQUIRES_REVIEW
data/trust/methodology.json,data_json,ph,0.05,ppm,"""body"": ""Pool water test results have inherent uncertainty based on the test method used. Test strips: ±0.5 ppm FC, ±0.5 pH. Liquid DPD drop",pool,unspecified,target_range,data/trust/methodology.json:193,"(data file, no direct generator)",claim,REQUIRES_REVIEW
data/trust/methodology.json,data_json,water_temperature,104,°f,"""body"": ""Pool chemistry guidance varies in its evidentiary basis. The 104°F hot tub maximum temperature has Very High confidence because it ",both,unspecified,safety_guidance,data/trust/methodology.json:261,"(data file, no direct generator)",claim,REQUIRES_REVIEW
