url,page_type,cluster,primary_intent,secondary_intent,word_count,content_quality_status,duplication_risk,seasonality,topical_depth,evidence_status,action,priority,reason
"https://waterbalancetools.com/404","error","root","root","informational","25","WEAK","LOW","not_applicable","standalone","uncited","IMPROVE","P2","word_count=25 -- thin content risk for AdSense/quality."
"https://waterbalancetools.com/about/","trust","about","about","informational","228","ADEQUATE","LOW","not_applicable","standalone","uncited","KEEP","P3","No P0/P1/P2 signal triggered by this audit pass."
"https://waterbalancetools.com/academy/equipment/automatic-chlorinators","academy-article","academy/equipment","equipment","calculation","724","STRONG","LOW","pool_season_leaning","clustered","cited","KEEP","P3","overall_quality_score=2.2 -- strong across the rubric."
"https://waterbalancetools.com/academy/equipment/","academy-article","academy/equipment","equipment","informational","219","ADEQUATE","LOW","pool_season_leaning","clustered","uncited","KEEP","P3","No P0/P1/P2 signal triggered by this audit pass."
"https://waterbalancetools.com/academy/equipment/pool-filters","academy-article","academy/equipment","equipment","calculation","747","ADEQUATE","MEDIUM","pool_season_leaning","clustered","cited","DIFFERENTIATE","P3","No P0/P1/P2 signal triggered by this audit pass."
"https://waterbalancetools.com/academy/equipment/pool-pumps","academy-article","academy/equipment","equipment","calculation","677","ADEQUATE","LOW","pool_season_leaning","clustered","cited","KEEP","P3","No P0/P1/P2 signal triggered by this audit pass."
"https://waterbalancetools.com/academy/equipment/pool-skimmers","academy-article","academy/equipment","equipment","calculation","750","ADEQUATE","LOW","pool_season_leaning","clustered","cited","KEEP","P3","No P0/P1/P2 signal triggered by this audit pass."
"https://waterbalancetools.com/academy/equipment/salt-systems","academy-article","academy/equipment","equipment","calculation","773","STRONG","LOW","pool_season_leaning","clustered","cited","KEEP","P3","overall_quality_score=2.2 -- strong across the rubric."
"https://waterbalancetools.com/academy/equipment/sand-vs-cartridge-filters","academy-article","academy/equipment","equipment","calculation","704","ADEQUATE","LOW","pool_season_leaning","clustered","cited","KEEP","P3","No P0/P1/P2 signal triggered by this audit pass."
"https://waterbalancetools.com/academy/fundamentals/how-temperature-changes-water-chemistry","academy-article","academy/fundamentals","fundamentals","calculation","647","STRONG","LOW","pool_season_leaning","clustered","cited","IMPROVE","P3","On-page SEO issues: TITLE_TOO_LONG."
"https://waterbalancetools.com/academy/fundamentals/how-water-balance-works","academy-article","academy/fundamentals","fundamentals","calculation","656","ADEQUATE","MEDIUM","pool_season_leaning","clustered","cited","DIFFERENTIATE","P3","No P0/P1/P2 signal triggered by this audit pass."
"https://waterbalancetools.com/academy/fundamentals/","academy-article","academy/fundamentals","fundamentals","informational","220","ADEQUATE","LOW","pool_season_leaning","clustered","uncited","KEEP","P3","No P0/P1/P2 signal triggered by this audit pass."
"https://waterbalancetools.com/academy/fundamentals/pool-vs-hot-tub-chemistry","academy-article","academy/fundamentals","fundamentals","calculation","684","STRONG","LOW","pool_season_leaning","clustered","cited","KEEP","P3","overall_quality_score=2.2 -- strong across the rubric."
"https://waterbalancetools.com/academy/fundamentals/the-four-core-water-tests","academy-article","academy/fundamentals","fundamentals","calculation","670","ADEQUATE","MEDIUM","pool_season_leaning","clustered","cited","DIFFERENTIATE","P3","No P0/P1/P2 signal triggered by this audit pass."
"https://waterbalancetools.com/academy/fundamentals/understanding-pool-water-chemistry","academy-article","academy/fundamentals","fundamentals","calculation","686","STRONG","LOW","pool_season_leaning","clustered","cited","KEEP","P3","overall_quality_score=2.2 -- strong across the rubric."
"https://waterbalancetools.com/academy/fundamentals/why-water-testing-matters","academy-article","academy/fundamentals","fundamentals","calculation","643","STRONG","LOW","pool_season_leaning","clustered","cited","KEEP","P3","overall_quality_score=2.2 -- strong across the rubric."
"https://waterbalancetools.com/academy/hot-tubs/daily-spa-maintenance","academy-article","academy/hot-tubs","hot_tubs","calculation","672","STRONG","LOW","hot_tub_year_round","clustered","cited","KEEP","P3","overall_quality_score=2.2 -- strong across the rubric."
"https://waterbalancetools.com/academy/hot-tubs/","academy-article","academy/hot-tubs","hot_tubs","informational","231","ADEQUATE","LOW","hot_tub_year_round","clustered","uncited","KEEP","P3","No P0/P1/P2 signal triggered by this audit pass."
"https://waterbalancetools.com/academy/hot-tubs/monthly-spa-maintenance","academy-article","academy/hot-tubs","hot_tubs","calculation","694","STRONG","LOW","hot_tub_year_round","clustered","cited","KEEP","P3","overall_quality_score=2.2 -- strong across the rubric."
"https://waterbalancetools.com/academy/hot-tubs/refilling-your-hot-tub","academy-article","academy/hot-tubs","hot_tubs","calculation","790","STRONG","LOW","hot_tub_year_round","clustered","cited","KEEP","P3","overall_quality_score=2.2 -- strong across the rubric."
"https://waterbalancetools.com/academy/hot-tubs/shock-after-heavy-use","academy-article","academy/hot-tubs","hot_tubs","calculation","740","STRONG","LOW","hot_tub_year_round","clustered","cited","KEEP","P3","overall_quality_score=2.2 -- strong across the rubric."
"https://waterbalancetools.com/academy/hot-tubs/weekly-spa-maintenance","academy-article","academy/hot-tubs","hot_tubs","calculation","698","ADEQUATE","LOW","hot_tub_year_round","clustered","cited","KEEP","P3","No P0/P1/P2 signal triggered by this audit pass."
"https://waterbalancetools.com/academy/hot-tubs/winter-spa-care","academy-article","academy/hot-tubs","hot_tubs","calculation","790","STRONG","LOW","hot_tub_year_round","clustered","cited","KEEP","P3","overall_quality_score=2.2 -- strong across the rubric."
"https://waterbalancetools.com/academy/","academy-hub","academy","academy","informational","156","ADEQUATE","LOW","not_applicable","standalone","uncited","KEEP","P3","No P0/P1/P2 signal triggered by this audit pass."
"https://waterbalancetools.com/academy/sanitizers/breakpoint-chlorination","academy-article","academy/sanitizers","chlorine","calculation","723","ADEQUATE","LOW","pool_season_leaning","clustered","cited","KEEP","P3","No P0/P1/P2 signal triggered by this audit pass."
"https://waterbalancetools.com/academy/sanitizers/bromine-vs-chlorine","academy-article","academy/sanitizers","chlorine","calculation","705","ADEQUATE","LOW","pool_season_leaning","clustered","cited","KEEP","P3","No P0/P1/P2 signal triggered by this audit pass."
"https://waterbalancetools.com/academy/sanitizers/combined-chlorine-explained","academy-article","academy/sanitizers","chlorine","calculation","653","ADEQUATE","MEDIUM","pool_season_leaning","clustered","cited","DIFFERENTIATE","P3","No P0/P1/P2 signal triggered by this audit pass."
"https://waterbalancetools.com/academy/sanitizers/","academy-article","academy/sanitizers","chlorine","informational","230","ADEQUATE","LOW","pool_season_leaning","clustered","uncited","KEEP","P3","No P0/P1/P2 signal triggered by this audit pass."
"https://waterbalancetools.com/academy/sanitizers/liquid-chlorine-vs-tablets","academy-article","academy/sanitizers","chlorine","calculation","698","ADEQUATE","MEDIUM","pool_season_leaning","clustered","cited","DIFFERENTIATE","P3","No P0/P1/P2 signal triggered by this audit pass."
"https://waterbalancetools.com/academy/sanitizers/shock-treatments-explained","academy-article","academy/sanitizers","chlorine","calculation","671","ADEQUATE","LOW","pool_season_leaning","clustered","cited","KEEP","P3","No P0/P1/P2 signal triggered by this audit pass."
"https://waterbalancetools.com/academy/sanitizers/understanding-free-chlorine","academy-article","academy/sanitizers","chlorine","calculation","681","ADEQUATE","MEDIUM","pool_season_leaning","clustered","cited","DIFFERENTIATE","P3","No P0/P1/P2 signal triggered by this audit pass."
"https://waterbalancetools.com/academy/testing/common-testing-mistakes","academy-article","academy/testing","testing","calculation","677","ADEQUATE","LOW","pool_season_leaning","clustered","cited","KEEP","P3","No P0/P1/P2 signal triggered by this audit pass."
"https://waterbalancetools.com/academy/testing/digital-pool-testers","academy-article","academy/testing","testing","calculation","634","ADEQUATE","MEDIUM","pool_season_leaning","clustered","cited","DIFFERENTIATE","P3","No P0/P1/P2 signal triggered by this audit pass."
"https://waterbalancetools.com/academy/testing/how-often-to-test-water","academy-article","academy/testing","testing","calculation","639","ADEQUATE","LOW","pool_season_leaning","clustered","cited","KEEP","P3","No P0/P1/P2 signal triggered by this audit pass."
"https://waterbalancetools.com/academy/testing/","academy-article","academy/testing","testing","informational","216","ADEQUATE","LOW","pool_season_leaning","clustered","uncited","KEEP","P3","No P0/P1/P2 signal triggered by this audit pass."
"https://waterbalancetools.com/academy/testing/understanding-test-results","academy-article","academy/testing","testing","calculation","723","STRONG","LOW","pool_season_leaning","clustered","cited","KEEP","P3","overall_quality_score=2.3 -- strong across the rubric."
"https://waterbalancetools.com/academy/testing/using-liquid-test-kits","academy-article","academy/testing","testing","calculation","669","ADEQUATE","MEDIUM","pool_season_leaning","clustered","cited","DIFFERENTIATE","P3","No P0/P1/P2 signal triggered by this audit pass."
"https://waterbalancetools.com/academy/testing/using-test-strips","academy-article","academy/testing","testing","calculation","663","ADEQUATE","LOW","pool_season_leaning","clustered","cited","KEEP","P3","No P0/P1/P2 signal triggered by this audit pass."
"https://waterbalancetools.com/academy/troubleshooting/cloudy-water","academy-article","academy/troubleshooting","troubleshooting","calculation","767","STRONG","LOW","pool_season_leaning","clustered","cited","IMPROVE","P3","On-page SEO issues: TITLE_TOO_LONG."
"https://waterbalancetools.com/academy/troubleshooting/corrosion","academy-article","academy/troubleshooting","troubleshooting","calculation","762","STRONG","LOW","pool_season_leaning","clustered","cited","IMPROVE","P3","On-page SEO issues: TITLE_TOO_LONG."
"https://waterbalancetools.com/academy/troubleshooting/foaming-hot-tubs","academy-article","academy/troubleshooting","troubleshooting","calculation","699","STRONG","LOW","pool_season_leaning","clustered","cited","IMPROVE","P3","On-page SEO issues: TITLE_TOO_LONG."
"https://waterbalancetools.com/academy/troubleshooting/green-water","academy-article","academy/troubleshooting","troubleshooting","calculation","844","STRONG","LOW","pool_season_leaning","clustered","cited","KEEP","P3","overall_quality_score=2.2 -- strong across the rubric."
"https://waterbalancetools.com/academy/troubleshooting/","academy-article","academy/troubleshooting","troubleshooting","informational","235","ADEQUATE","LOW","pool_season_leaning","clustered","uncited","KEEP","P3","No P0/P1/P2 signal triggered by this audit pass."
"https://waterbalancetools.com/academy/troubleshooting/scaling","academy-article","academy/troubleshooting","troubleshooting","calculation","757","STRONG","LOW","pool_season_leaning","clustered","cited","KEEP","P3","overall_quality_score=2.2 -- strong across the rubric."
"https://waterbalancetools.com/academy/troubleshooting/strong-chlorine-smell","academy-article","academy/troubleshooting","troubleshooting","calculation","760","STRONG","LOW","pool_season_leaning","clustered","cited","IMPROVE","P3","On-page SEO issues: TITLE_TOO_LONG."
"https://waterbalancetools.com/academy/vacation-rentals/chemical-log-sheets","academy-article","academy/vacation-rentals","vacation_rentals","calculation","765","ADEQUATE","LOW","pool_season_leaning","clustered","cited","IMPROVE","P3","On-page SEO issues: TITLE_TOO_LONG."
"https://waterbalancetools.com/academy/vacation-rentals/emergency-water-recovery","academy-article","academy/vacation-rentals","vacation_rentals","calculation","837","STRONG","LOW","pool_season_leaning","clustered","cited","IMPROVE","P3","On-page SEO issues: TITLE_TOO_LONG."
"https://waterbalancetools.com/academy/vacation-rentals/guest-safety","academy-article","academy/vacation-rentals","vacation_rentals","calculation","718","ADEQUATE","LOW","pool_season_leaning","clustered","cited","IMPROVE","P3","On-page SEO issues: TITLE_TOO_LONG."
"https://waterbalancetools.com/academy/vacation-rentals/","academy-article","academy/vacation-rentals","vacation_rentals","informational","230","ADEQUATE","LOW","pool_season_leaning","clustered","uncited","KEEP","P3","No P0/P1/P2 signal triggered by this audit pass."
"https://waterbalancetools.com/academy/vacation-rentals/maintenance-schedule","academy-article","academy/vacation-rentals","vacation_rentals","calculation","673","ADEQUATE","LOW","pool_season_leaning","clustered","cited","IMPROVE","P3","On-page SEO issues: TITLE_TOO_LONG."
"https://waterbalancetools.com/academy/vacation-rentals/turnover-checklist","academy-article","academy/vacation-rentals","vacation_rentals","calculation","731","STRONG","LOW","pool_season_leaning","clustered","cited","IMPROVE","P3","On-page SEO issues: TITLE_TOO_LONG."
"https://waterbalancetools.com/academy/vacation-rentals/weekly-inspection","academy-article","academy/vacation-rentals","vacation_rentals","calculation","709","ADEQUATE","LOW","pool_season_leaning","clustered","cited","IMPROVE","P3","On-page SEO issues: TITLE_TOO_LONG."
"https://waterbalancetools.com/academy/water-balance/","academy-article","academy/water-balance","water_balance","informational","221","ADEQUATE","LOW","pool_season_leaning","clustered","uncited","KEEP","P3","No P0/P1/P2 signal triggered by this audit pass."
"https://waterbalancetools.com/academy/water-balance/understanding-calcium-hardness","academy-article","academy/water-balance","water_balance","calculation","696","STRONG","LOW","pool_season_leaning","clustered","cited","KEEP","P3","overall_quality_score=2.3 -- strong across the rubric."
"https://waterbalancetools.com/academy/water-balance/understanding-cyanuric-acid","academy-article","academy/water-balance","water_balance","calculation","747","STRONG","LOW","pool_season_leaning","clustered","cited","KEEP","P3","overall_quality_score=2.2 -- strong across the rubric."
"https://waterbalancetools.com/academy/water-balance/understanding-lsi","academy-article","academy/water-balance","water_balance","calculation","728","ADEQUATE","LOW","pool_season_leaning","clustered","cited","IMPROVE","P3","On-page SEO issues: TITLE_TOO_LONG."
"https://waterbalancetools.com/academy/water-balance/understanding-ph","academy-article","academy/water-balance","water_balance","calculation","723","STRONG","LOW","pool_season_leaning","clustered","cited","KEEP","P3","overall_quality_score=2.2 -- strong across the rubric."
"https://waterbalancetools.com/academy/water-balance/understanding-total-alkalinity","academy-article","academy/water-balance","water_balance","calculation","708","STRONG","LOW","pool_season_leaning","clustered","cited","KEEP","P3","overall_quality_score=2.2 -- strong across the rubric."
"https://waterbalancetools.com/academy/water-balance/water-balance-order","academy-article","academy/water-balance","water_balance","calculation","719","STRONG","LOW","pool_season_leaning","clustered","cited","IMPROVE","P3","On-page SEO issues: TITLE_TOO_LONG."
"https://waterbalancetools.com/all-pages","crawl-hub","root","root","informational","729","ADEQUATE","LOW","not_applicable","standalone","uncited","KEEP","P3","No P0/P1/P2 signal triggered by this audit pass."
"https://waterbalancetools.com/audit/google/authority-flow","internal-dashboard","audit/google","audit/google","informational","545","ADEQUATE","LOW","not_applicable","standalone","uncited","KEEP","P3","No P0/P1/P2 signal triggered by this audit pass."
"https://waterbalancetools.com/audit/google/crawl-depth","internal-dashboard","audit/google","audit/google","informational","3429","ADEQUATE","LOW","not_applicable","standalone","uncited","KEEP","P3","No P0/P1/P2 signal triggered by this audit pass."
"https://waterbalancetools.com/audit/google/freshness","internal-dashboard","audit/google","audit/google","informational","408","ADEQUATE","LOW","not_applicable","standalone","uncited","IMPROVE","P3","On-page SEO issues: META_DESCRIPTION_TOO_SHORT."
"https://waterbalancetools.com/audit/google/","internal-dashboard","audit/google","audit/google","informational","29","WEAK","LOW","not_applicable","standalone","uncited","IMPROVE","P2","word_count=29 -- thin content risk for AdSense/quality."
"https://waterbalancetools.com/audit/google/priority-report","internal-dashboard","audit/google","audit/google","informational","2234","ADEQUATE","LOW","not_applicable","standalone","uncited","KEEP","P3","No P0/P1/P2 signal triggered by this audit pass."
"https://waterbalancetools.com/audit/google/search-console-helper","internal-dashboard","audit/google","audit/google","informational","17","WEAK","LOW","not_applicable","standalone","uncited","IMPROVE","P2","word_count=17 -- thin content risk for AdSense/quality."
"https://waterbalancetools.com/audit/google/weak-pages","internal-dashboard","audit/google","audit/google","informational","834","ADEQUATE","LOW","not_applicable","standalone","uncited","KEEP","P3","No P0/P1/P2 signal triggered by this audit pass."
"https://waterbalancetools.com/calculators/chemical-calculator","calculator","calculators","calculator","calculation","913","STRONG","LOW","not_applicable","clustered","formula_based","KEEP","P3","overall_quality_score=2.7 -- strong across the rubric."
"https://waterbalancetools.com/calculators/hot-tub-chlorine-calculator","calculator","calculators","calculator","calculation","735","STRONG","MEDIUM","not_applicable","clustered","formula_based","DIFFERENTIATE","P3","overall_quality_score=2.5 -- strong across the rubric."
"https://waterbalancetools.com/calculators/hot-tub-ph-calculator","calculator","calculators","calculator","calculation","319","ADEQUATE","LOW","not_applicable","clustered","formula_based","KEEP","P3","No P0/P1/P2 signal triggered by this audit pass."
"https://waterbalancetools.com/calculators/hot-tub-shock-calculator","calculator","calculators","calculator","calculation","362","ADEQUATE","LOW","not_applicable","clustered","formula_based","KEEP","P3","No P0/P1/P2 signal triggered by this audit pass."
"https://waterbalancetools.com/calculators/","calculator-hub","calculators","calculator","informational","551","ADEQUATE","LOW","not_applicable","clustered","uncited","KEEP","P3","No P0/P1/P2 signal triggered by this audit pass."
"https://waterbalancetools.com/calculators/pool-alkalinity-calculator","calculator","calculators","calculator","calculation","338","ADEQUATE","LOW","not_applicable","clustered","formula_based","KEEP","P3","No P0/P1/P2 signal triggered by this audit pass."
"https://waterbalancetools.com/calculators/pool-chlorine-calculator","calculator","calculators","calculator","calculation","493","STRONG","MEDIUM","not_applicable","clustered","formula_based","DIFFERENTIATE","P3","overall_quality_score=2.4 -- strong across the rubric."
"https://waterbalancetools.com/calculators/pool-cyanuric-acid-calculator","calculator","calculators","calculator","calculation","368","ADEQUATE","LOW","not_applicable","clustered","formula_based","KEEP","P3","No P0/P1/P2 signal triggered by this audit pass."
"https://waterbalancetools.com/calculators/pool-ph-calculator","calculator","calculators","calculator","calculation","676","STRONG","LOW","not_applicable","clustered","formula_based","KEEP","P3","overall_quality_score=2.5 -- strong across the rubric."
"https://waterbalancetools.com/calculators/pool-shock-calculator","calculator","calculators","calculator","calculation","686","STRONG","LOW","not_applicable","clustered","formula_based","KEEP","P3","overall_quality_score=2.6 -- strong across the rubric."
"https://waterbalancetools.com/calculators/pool-turnover-rate-calculator","calculator","calculators","calculator","calculation","346","ADEQUATE","LOW","not_applicable","clustered","formula_based","KEEP","P3","No P0/P1/P2 signal triggered by this audit pass."
"https://waterbalancetools.com/calculators/pool-volume-calculator","calculator","calculators","calculator","calculation","358","ADEQUATE","LOW","not_applicable","clustered","formula_based","KEEP","P3","No P0/P1/P2 signal triggered by this audit pass."
"https://waterbalancetools.com/calculators/saltwater-pool-salt-calculator","calculator","calculators","calculator","calculation","360","ADEQUATE","LOW","not_applicable","clustered","formula_based","KEEP","P3","No P0/P1/P2 signal triggered by this audit pass."
"https://waterbalancetools.com/calculators/spa-volume-calculator","calculator","calculators","calculator","calculation","332","ADEQUATE","LOW","not_applicable","clustered","formula_based","KEEP","P3","No P0/P1/P2 signal triggered by this audit pass."
"https://waterbalancetools.com/calculators/volume-calculator","calculator","calculators","calculator","calculation","340","ADEQUATE","LOW","not_applicable","clustered","formula_based","IMPROVE","P3","On-page SEO issues: TITLE_TOO_LONG;CANONICAL_MISMATCH."
"https://waterbalancetools.com/charts/hot-tub-chemical-levels-chart","chart","charts","chart","informational","132","ADEQUATE","LOW","not_applicable","clustered","uncited","IMPROVE","P2","word_count=132 -- thin content risk for AdSense/quality."
"https://waterbalancetools.com/charts/","chart","charts","chart","informational","243","ADEQUATE","LOW","not_applicable","clustered","uncited","KEEP","P3","No P0/P1/P2 signal triggered by this audit pass."
"https://waterbalancetools.com/charts/pool-chemical-levels-chart","chart","charts","chart","informational","210","ADEQUATE","LOW","not_applicable","clustered","uncited","IMPROVE","P3","On-page SEO issues: CANONICAL_MISMATCH."
"https://waterbalancetools.com/charts/pool-water-balance-chart","chart","charts","chart","informational","163","ADEQUATE","LOW","not_applicable","clustered","uncited","KEEP","P3","No P0/P1/P2 signal triggered by this audit pass."
"https://waterbalancetools.com/comparisons/chlorine-vs-bromine-hot-tub","comparison","comparisons","comparison","informational","215","ADEQUATE","LOW","not_applicable","clustered","uncited","KEEP","P3","No P0/P1/P2 signal triggered by this audit pass."
"https://waterbalancetools.com/comparisons/chlorine-vs-bromine","comparison","comparisons","comparison","informational","658","STRONG","LOW","not_applicable","clustered","uncited","IMPROVE","P3","On-page SEO issues: TITLE_TOO_LONG."
"https://waterbalancetools.com/comparisons/free-chlorine-vs-total-chlorine","comparison","comparisons","comparison","informational","709","STRONG","LOW","not_applicable","clustered","uncited","IMPROVE","P3","On-page SEO issues: TITLE_TOO_LONG."
"https://waterbalancetools.com/comparisons/","comparison-hub","comparisons","comparison","informational","544","ADEQUATE","MEDIUM","not_applicable","clustered","uncited","DIFFERENTIATE","P3","No P0/P1/P2 signal triggered by this audit pass."
"https://waterbalancetools.com/comparisons/liquid-chlorine-vs-tablets","comparison","comparisons","comparison","informational","726","STRONG","LOW","not_applicable","clustered","uncited","IMPROVE","P3","On-page SEO issues: TITLE_TOO_LONG."
"https://waterbalancetools.com/comparisons/pool-shock-vs-chlorine","comparison","comparisons","comparison","informational","648","STRONG","LOW","not_applicable","clustered","uncited","IMPROVE","P3","On-page SEO issues: TITLE_TOO_LONG."
"https://waterbalancetools.com/comparisons/salt-water-pool-vs-chlorine-pool","comparison","comparisons","comparison","informational","710","STRONG","LOW","not_applicable","clustered","uncited","IMPROVE","P3","On-page SEO issues: TITLE_TOO_LONG."
"https://waterbalancetools.com/comparisons/saltwater-pool-vs-chlorine","comparison","comparisons","comparison","informational","247","ADEQUATE","LOW","not_applicable","clustered","uncited","KEEP","P3","No P0/P1/P2 signal triggered by this audit pass."
"https://waterbalancetools.com/editorial/content-standards/","editorial-policy","editorial/content-standards","editorial/content-standards","informational","271","ADEQUATE","LOW","not_applicable","standalone","uncited","KEEP","P3","No P0/P1/P2 signal triggered by this audit pass."
"https://waterbalancetools.com/editorial/correction-policy/","editorial-policy","editorial/correction-policy","editorial/correction-policy","informational","262","ADEQUATE","LOW","not_applicable","standalone","uncited","KEEP","P3","No P0/P1/P2 signal triggered by this audit pass."
"https://waterbalancetools.com/editorial/editorial-policy/","editorial-policy","editorial/editorial-policy","editorial/editorial-policy","informational","373","ADEQUATE","LOW","not_applicable","standalone","uncited","KEEP","P3","No P0/P1/P2 signal triggered by this audit pass."
"https://waterbalancetools.com/editorial/","editorial-policy","editorial","editorial","informational","129","ADEQUATE","LOW","not_applicable","standalone","uncited","IMPROVE","P2","word_count=129 -- thin content risk for AdSense/quality."
"https://waterbalancetools.com/editorial/review-process/","editorial-policy","editorial/review-process","editorial/review-process","informational","286","ADEQUATE","LOW","not_applicable","standalone","uncited","KEEP","P3","No P0/P1/P2 signal triggered by this audit pass."
"https://waterbalancetools.com/editorial/update-policy/","editorial-policy","editorial/update-policy","editorial/update-policy","informational","256","ADEQUATE","LOW","not_applicable","standalone","uncited","KEEP","P3","No P0/P1/P2 signal triggered by this audit pass."
"https://waterbalancetools.com/entities/algae","entity","entities","entity","informational","278","ADEQUATE","MEDIUM","not_applicable","clustered","uncited","DIFFERENTIATE","P3","No P0/P1/P2 signal triggered by this audit pass."
"https://waterbalancetools.com/entities/alkalinity","entity","entities","entity","informational","384","ADEQUATE","MEDIUM","not_applicable","clustered","uncited","DIFFERENTIATE","P3","No P0/P1/P2 signal triggered by this audit pass."
"https://waterbalancetools.com/entities/automatic-chlorinator","entity","entities","entity","informational","234","ADEQUATE","LOW","not_applicable","clustered","uncited","KEEP","P3","No P0/P1/P2 signal triggered by this audit pass."
"https://waterbalancetools.com/entities/backwashing","entity","entities","entity","informational","292","ADEQUATE","LOW","not_applicable","clustered","uncited","KEEP","P3","No P0/P1/P2 signal triggered by this audit pass."
"https://waterbalancetools.com/entities/baking-soda","entity","entities","entity","informational","237","ADEQUATE","LOW","not_applicable","clustered","uncited","KEEP","P3","No P0/P1/P2 signal triggered by this audit pass."
"https://waterbalancetools.com/entities/balancing","entity","entities","entity","informational","337","ADEQUATE","MEDIUM","not_applicable","clustered","uncited","DIFFERENTIATE","P3","No P0/P1/P2 signal triggered by this audit pass."
"https://waterbalancetools.com/entities/biguanide","entity","entities","entity","informational","180","ADEQUATE","LOW","not_applicable","clustered","uncited","KEEP","P3","No P0/P1/P2 signal triggered by this audit pass."
"https://waterbalancetools.com/entities/breakpoint-chlorination","entity","entities","entity","informational","283","ADEQUATE","LOW","not_applicable","clustered","uncited","KEEP","P3","No P0/P1/P2 signal triggered by this audit pass."
"https://waterbalancetools.com/entities/bromine","entity","entities","entity","informational","262","ADEQUATE","LOW","not_applicable","clustered","uncited","KEEP","P3","No P0/P1/P2 signal triggered by this audit pass."
"https://waterbalancetools.com/entities/calcium-chloride","entity","entities","entity","informational","215","ADEQUATE","LOW","not_applicable","clustered","uncited","KEEP","P3","No P0/P1/P2 signal triggered by this audit pass."
"https://waterbalancetools.com/entities/calcium-hardness","entity","entities","entity","informational","409","ADEQUATE","MEDIUM","not_applicable","clustered","uncited","DIFFERENTIATE","P2","repetition_score=0: page shares several exact boilerplate paragraph/FAQ/table blocks with sibling pages despite otherwise original prose (originality_score=3) -- see programmatic-duplication.csv for family ""entities""."
"https://waterbalancetools.com/entities/calcium-hypochlorite","entity","entities","entity","informational","267","ADEQUATE","MEDIUM","not_applicable","clustered","uncited","DIFFERENTIATE","P3","No P0/P1/P2 signal triggered by this audit pass."
"https://waterbalancetools.com/entities/cartridge-filter","entity","entities","entity","informational","239","WEAK","MEDIUM","not_applicable","clustered","uncited","DIFFERENTIATE","P3","No P0/P1/P2 signal triggered by this audit pass."
"https://waterbalancetools.com/entities/cdc","entity","entities","entity","informational","139","ADEQUATE","LOW","not_applicable","clustered","uncited","IMPROVE","P2","word_count=139 -- thin content risk for AdSense/quality."
"https://waterbalancetools.com/entities/chemical-feeder","entity","entities","entity","informational","170","WEAK","MEDIUM","not_applicable","clustered","uncited","DIFFERENTIATE","P3","No P0/P1/P2 signal triggered by this audit pass."
"https://waterbalancetools.com/entities/chemical-log","entity","entities","entity","informational","180","ADEQUATE","LOW","not_applicable","clustered","uncited","KEEP","P3","No P0/P1/P2 signal triggered by this audit pass."
"https://waterbalancetools.com/entities/closing-checklist","entity","entities","entity","informational","142","ADEQUATE","LOW","not_applicable","clustered","uncited","IMPROVE","P2","word_count=142 -- thin content risk for AdSense/quality."
"https://waterbalancetools.com/entities/cloudy-water","entity","entities","entity","informational","294","WEAK","MEDIUM","not_applicable","clustered","uncited","DIFFERENTIATE","P2","repetition_score=0: page shares several exact boilerplate paragraph/FAQ/table blocks with sibling pages despite otherwise original prose (originality_score=3) -- see programmatic-duplication.csv for family ""entities""."
"https://waterbalancetools.com/entities/combined-chlorine","entity","entities","entity","informational","336","ADEQUATE","MEDIUM","not_applicable","clustered","uncited","DIFFERENTIATE","P3","No P0/P1/P2 signal triggered by this audit pass."
"https://waterbalancetools.com/entities/commercial-pool","entity","entities","entity","informational","259","ADEQUATE","MEDIUM","not_applicable","clustered","uncited","DIFFERENTIATE","P3","No P0/P1/P2 signal triggered by this audit pass."
"https://waterbalancetools.com/entities/concrete-pool","entity","entities","entity","informational","237","ADEQUATE","MEDIUM","not_applicable","clustered","uncited","DIFFERENTIATE","P3","No P0/P1/P2 signal triggered by this audit pass."
"https://waterbalancetools.com/entities/copper","entity","entities","entity","informational","197","ADEQUATE","LOW","not_applicable","clustered","uncited","KEEP","P3","No P0/P1/P2 signal triggered by this audit pass."
"https://waterbalancetools.com/entities/corrosion","entity","entities","entity","informational","333","ADEQUATE","MEDIUM","not_applicable","clustered","uncited","DIFFERENTIATE","P3","No P0/P1/P2 signal triggered by this audit pass."
"https://waterbalancetools.com/entities/cover","entity","entities","entity","informational","225","ADEQUATE","LOW","not_applicable","clustered","uncited","KEEP","P3","No P0/P1/P2 signal triggered by this audit pass."
"https://waterbalancetools.com/entities/cyanuric-acid","entity","entities","entity","informational","331","ADEQUATE","LOW","not_applicable","clustered","uncited","KEEP","P3","No P0/P1/P2 signal triggered by this audit pass."
"https://waterbalancetools.com/entities/de-filter","entity","entities","entity","informational","270","WEAK","MEDIUM","not_applicable","clustered","uncited","DIFFERENTIATE","P3","No P0/P1/P2 signal triggered by this audit pass."
"https://waterbalancetools.com/entities/emergency-reference","entity","entities","entity","informational","192","WEAK","MEDIUM","not_applicable","clustered","uncited","DIFFERENTIATE","P3","No P0/P1/P2 signal triggered by this audit pass."
"https://waterbalancetools.com/entities/epa","entity","entities","entity","informational","128","ADEQUATE","LOW","not_applicable","clustered","uncited","IMPROVE","P2","word_count=128 -- thin content risk for AdSense/quality."
"https://waterbalancetools.com/entities/eye-irritation","entity","entities","entity","informational","211","ADEQUATE","LOW","not_applicable","clustered","uncited","KEEP","P3","No P0/P1/P2 signal triggered by this audit pass."
"https://waterbalancetools.com/entities/fiberglass-pool","entity","entities","entity","informational","193","WEAK","MEDIUM","not_applicable","clustered","uncited","DIFFERENTIATE","P3","No P0/P1/P2 signal triggered by this audit pass."
"https://waterbalancetools.com/entities/filtration","entity","entities","entity","informational","350","ADEQUATE","MEDIUM","not_applicable","clustered","uncited","DIFFERENTIATE","P3","No P0/P1/P2 signal triggered by this audit pass."
"https://waterbalancetools.com/entities/flow-rate","entity","entities","entity","informational","290","ADEQUATE","MEDIUM","not_applicable","clustered","uncited","DIFFERENTIATE","P3","No P0/P1/P2 signal triggered by this audit pass."
"https://waterbalancetools.com/entities/foaming","entity","entities","entity","informational","207","ADEQUATE","MEDIUM","not_applicable","clustered","uncited","DIFFERENTIATE","P3","No P0/P1/P2 signal triggered by this audit pass."
"https://waterbalancetools.com/entities/free-chlorine","entity","entities","entity","informational","457","ADEQUATE","MEDIUM","not_applicable","clustered","uncited","DIFFERENTIATE","P3","No P0/P1/P2 signal triggered by this audit pass."
"https://waterbalancetools.com/entities/gallons","entity","entities","entity","informational","209","ADEQUATE","LOW","not_applicable","clustered","uncited","KEEP","P3","No P0/P1/P2 signal triggered by this audit pass."
"https://waterbalancetools.com/entities/green-water","entity","entities","entity","informational","308","ADEQUATE","MEDIUM","not_applicable","clustered","uncited","DIFFERENTIATE","P3","No P0/P1/P2 signal triggered by this audit pass."
"https://waterbalancetools.com/entities/heater","entity","entities","entity","informational","217","ADEQUATE","MEDIUM","not_applicable","clustered","uncited","DIFFERENTIATE","P3","No P0/P1/P2 signal triggered by this audit pass."
"https://waterbalancetools.com/entities/high-chlorine","entity","entities","entity","informational","205","ADEQUATE","LOW","not_applicable","clustered","uncited","KEEP","P3","No P0/P1/P2 signal triggered by this audit pass."
"https://waterbalancetools.com/entities/high-ph","entity","entities","entity","informational","303","ADEQUATE","MEDIUM","not_applicable","clustered","uncited","DIFFERENTIATE","P3","No P0/P1/P2 signal triggered by this audit pass."
"https://waterbalancetools.com/entities/hot-tub","entity","entities","entity","informational","370","ADEQUATE","MEDIUM","not_applicable","clustered","uncited","DIFFERENTIATE","P3","No P0/P1/P2 signal triggered by this audit pass."
"https://waterbalancetools.com/entities/hydrogen-peroxide","entity","entities","entity","informational","190","ADEQUATE","LOW","not_applicable","clustered","uncited","KEEP","P3","No P0/P1/P2 signal triggered by this audit pass."
"https://waterbalancetools.com/entities/","entity","entities","entity","informational","1657","ADEQUATE","LOW","not_applicable","clustered","uncited","KEEP","P3","No P0/P1/P2 signal triggered by this audit pass."
"https://waterbalancetools.com/entities/indoor-pool","entity","entities","entity","informational","199","ADEQUATE","LOW","not_applicable","clustered","uncited","KEEP","P3","No P0/P1/P2 signal triggered by this audit pass."
"https://waterbalancetools.com/entities/iron","entity","entities","entity","informational","192","ADEQUATE","LOW","not_applicable","clustered","uncited","KEEP","P3","No P0/P1/P2 signal triggered by this audit pass."
"https://waterbalancetools.com/entities/lamotte","entity","entities","entity","informational","125","ADEQUATE","LOW","not_applicable","clustered","uncited","IMPROVE","P2","word_count=125 -- thin content risk for AdSense/quality."
"https://waterbalancetools.com/entities/liquid-chlorine","entity","entities","entity","informational","236","ADEQUATE","LOW","not_applicable","clustered","uncited","KEEP","P3","No P0/P1/P2 signal triggered by this audit pass."
"https://waterbalancetools.com/entities/liters","entity","entities","entity","informational","160","ADEQUATE","LOW","not_applicable","clustered","uncited","KEEP","P3","No P0/P1/P2 signal triggered by this audit pass."
"https://waterbalancetools.com/entities/low-chlorine","entity","entities","entity","informational","288","ADEQUATE","MEDIUM","not_applicable","clustered","uncited","DIFFERENTIATE","P3","No P0/P1/P2 signal triggered by this audit pass."
"https://waterbalancetools.com/entities/low-ph","entity","entities","entity","informational","269","ADEQUATE","MEDIUM","not_applicable","clustered","uncited","DIFFERENTIATE","P3","No P0/P1/P2 signal triggered by this audit pass."
"https://waterbalancetools.com/entities/lsi","entity","entities","entity","informational","376","WEAK","MEDIUM","not_applicable","clustered","uncited","DIFFERENTIATE","P2","repetition_score=0: page shares several exact boilerplate paragraph/FAQ/table blocks with sibling pages despite otherwise original prose (originality_score=3) -- see programmatic-duplication.csv for family ""entities""."
"https://waterbalancetools.com/entities/maintenance-checklist","entity","entities","entity","informational","196","WEAK","MEDIUM","not_applicable","clustered","uncited","DIFFERENTIATE","P3","No P0/P1/P2 signal triggered by this audit pass."
"https://waterbalancetools.com/entities/maintenance-log","entity","entities","entity","informational","174","ADEQUATE","LOW","not_applicable","clustered","uncited","KEEP","P3","No P0/P1/P2 signal triggered by this audit pass."
"https://waterbalancetools.com/entities/manganese","entity","entities","entity","informational","168","ADEQUATE","LOW","not_applicable","clustered","uncited","KEEP","P3","No P0/P1/P2 signal triggered by this audit pass."
"https://waterbalancetools.com/entities/muriatic-acid","entity","entities","entity","informational","302","ADEQUATE","MEDIUM","not_applicable","clustered","uncited","DIFFERENTIATE","P3","No P0/P1/P2 signal triggered by this audit pass."
"https://waterbalancetools.com/entities/nsf","entity","entities","entity","informational","120","ADEQUATE","LOW","not_applicable","clustered","uncited","IMPROVE","P2","word_count=120 -- thin content risk for AdSense/quality."
"https://waterbalancetools.com/entities/opening-checklist","entity","entities","entity","informational","153","ADEQUATE","LOW","not_applicable","clustered","uncited","KEEP","P3","No P0/P1/P2 signal triggered by this audit pass."
"https://waterbalancetools.com/entities/orp","entity","entities","entity","informational","204","ADEQUATE","LOW","not_applicable","clustered","uncited","KEEP","P3","No P0/P1/P2 signal triggered by this audit pass."
"https://waterbalancetools.com/entities/outdoor-pool","entity","entities","entity","informational","225","ADEQUATE","MEDIUM","not_applicable","clustered","uncited","DIFFERENTIATE","P3","No P0/P1/P2 signal triggered by this audit pass."
"https://waterbalancetools.com/entities/oxidation","entity","entities","entity","informational","207","ADEQUATE","MEDIUM","not_applicable","clustered","uncited","DIFFERENTIATE","P3","No P0/P1/P2 signal triggered by this audit pass."
"https://waterbalancetools.com/entities/ozone","entity","entities","entity","informational","202","ADEQUATE","LOW","not_applicable","clustered","uncited","KEEP","P3","No P0/P1/P2 signal triggered by this audit pass."
"https://waterbalancetools.com/entities/ph","entity","entities","entity","informational","489","ADEQUATE","MEDIUM","not_applicable","clustered","uncited","DIFFERENTIATE","P2","repetition_score=0: page shares several exact boilerplate paragraph/FAQ/table blocks with sibling pages despite otherwise original prose (originality_score=3) -- see programmatic-duplication.csv for family ""entities""."
"https://waterbalancetools.com/entities/phosphate","entity","entities","entity","informational","200","ADEQUATE","LOW","not_applicable","clustered","uncited","KEEP","P3","No P0/P1/P2 signal triggered by this audit pass."
"https://waterbalancetools.com/entities/phta","entity","entities","entity","informational","204","ADEQUATE","LOW","not_applicable","clustered","uncited","KEEP","P3","No P0/P1/P2 signal triggered by this audit pass."
"https://waterbalancetools.com/entities/pool-opening","entity","entities","entity","informational","230","ADEQUATE","MEDIUM","not_applicable","clustered","uncited","DIFFERENTIATE","P3","No P0/P1/P2 signal triggered by this audit pass."
"https://waterbalancetools.com/entities/pool-salt","entity","entities","entity","informational","200","ADEQUATE","LOW","not_applicable","clustered","uncited","KEEP","P3","No P0/P1/P2 signal triggered by this audit pass."
"https://waterbalancetools.com/entities/ppm","entity","entities","entity","informational","233","ADEQUATE","MEDIUM","not_applicable","clustered","uncited","DIFFERENTIATE","P3","No P0/P1/P2 signal triggered by this audit pass."
"https://waterbalancetools.com/entities/pump","entity","entities","entity","informational","339","ADEQUATE","MEDIUM","not_applicable","clustered","uncited","DIFFERENTIATE","P3","No P0/P1/P2 signal triggered by this audit pass."
"https://waterbalancetools.com/entities/salt-chlorinator","entity","entities","entity","informational","308","ADEQUATE","MEDIUM","not_applicable","clustered","uncited","DIFFERENTIATE","P3","No P0/P1/P2 signal triggered by this audit pass."
"https://waterbalancetools.com/entities/salt","entity","entities","entity","informational","307","ADEQUATE","MEDIUM","not_applicable","clustered","uncited","DIFFERENTIATE","P3","No P0/P1/P2 signal triggered by this audit pass."
"https://waterbalancetools.com/entities/saltwater-pool","entity","entities","entity","informational","306","ADEQUATE","MEDIUM","not_applicable","clustered","uncited","DIFFERENTIATE","P3","No P0/P1/P2 signal triggered by this audit pass."
"https://waterbalancetools.com/entities/sand-filter","entity","entities","entity","informational","275","WEAK","MEDIUM","not_applicable","clustered","uncited","DIFFERENTIATE","P3","No P0/P1/P2 signal triggered by this audit pass."
"https://waterbalancetools.com/entities/sanitizing","entity","entities","entity","informational","313","ADEQUATE","LOW","not_applicable","clustered","uncited","KEEP","P3","No P0/P1/P2 signal triggered by this audit pass."
"https://waterbalancetools.com/entities/scaling","entity","entities","entity","informational","314","ADEQUATE","MEDIUM","not_applicable","clustered","uncited","DIFFERENTIATE","P3","No P0/P1/P2 signal triggered by this audit pass."
"https://waterbalancetools.com/entities/shock-treatment","entity","entities","entity","informational","438","ADEQUATE","MEDIUM","not_applicable","clustered","uncited","DIFFERENTIATE","P3","No P0/P1/P2 signal triggered by this audit pass."
"https://waterbalancetools.com/entities/skimmer","entity","entities","entity","informational","184","ADEQUATE","LOW","not_applicable","clustered","uncited","KEEP","P3","No P0/P1/P2 signal triggered by this audit pass."
"https://waterbalancetools.com/entities/skin-irritation","entity","entities","entity","informational","225","ADEQUATE","MEDIUM","not_applicable","clustered","uncited","DIFFERENTIATE","P3","No P0/P1/P2 signal triggered by this audit pass."
"https://waterbalancetools.com/entities/soda-ash","entity","entities","entity","informational","226","ADEQUATE","LOW","not_applicable","clustered","uncited","KEEP","P3","No P0/P1/P2 signal triggered by this audit pass."
"https://waterbalancetools.com/entities/sodium-dichlor","entity","entities","entity","informational","218","ADEQUATE","LOW","not_applicable","clustered","uncited","KEEP","P3","No P0/P1/P2 signal triggered by this audit pass."
"https://waterbalancetools.com/entities/stabilizer","entity","entities","entity","informational","218","ADEQUATE","LOW","not_applicable","clustered","uncited","KEEP","P3","No P0/P1/P2 signal triggered by this audit pass."
"https://waterbalancetools.com/entities/strong-chlorine-smell","entity","entities","entity","informational","258","ADEQUATE","MEDIUM","not_applicable","clustered","uncited","DIFFERENTIATE","P3","No P0/P1/P2 signal triggered by this audit pass."
"https://waterbalancetools.com/entities/swim-spa","entity","entities","entity","informational","228","ADEQUATE","MEDIUM","not_applicable","clustered","uncited","DIFFERENTIATE","P3","No P0/P1/P2 signal triggered by this audit pass."
"https://waterbalancetools.com/entities/swimming-pool","entity","entities","entity","informational","331","ADEQUATE","LOW","not_applicable","clustered","uncited","KEEP","P3","No P0/P1/P2 signal triggered by this audit pass."
"https://waterbalancetools.com/entities/taylor-technologies","entity","entities","entity","informational","174","ADEQUATE","LOW","not_applicable","clustered","uncited","KEEP","P3","No P0/P1/P2 signal triggered by this audit pass."
"https://waterbalancetools.com/entities/temperature","entity","entities","entity","informational","298","ADEQUATE","MEDIUM","not_applicable","clustered","uncited","DIFFERENTIATE","P3","No P0/P1/P2 signal triggered by this audit pass."
"https://waterbalancetools.com/entities/testing","entity","entities","entity","informational","336","ADEQUATE","MEDIUM","not_applicable","clustered","uncited","DIFFERENTIATE","P3","No P0/P1/P2 signal triggered by this audit pass."
"https://waterbalancetools.com/entities/total-chlorine","entity","entities","entity","informational","215","ADEQUATE","LOW","not_applicable","clustered","uncited","KEEP","P3","No P0/P1/P2 signal triggered by this audit pass."
"https://waterbalancetools.com/entities/total-dissolved-solids","entity","entities","entity","informational","244","ADEQUATE","LOW","not_applicable","clustered","uncited","KEEP","P3","No P0/P1/P2 signal triggered by this audit pass."
"https://waterbalancetools.com/entities/trichlor-tablets","entity","entities","entity","informational","289","ADEQUATE","LOW","not_applicable","clustered","uncited","KEEP","P3","No P0/P1/P2 signal triggered by this audit pass."
"https://waterbalancetools.com/entities/turnover-time","entity","entities","entity","informational","285","ADEQUATE","MEDIUM","not_applicable","clustered","uncited","DIFFERENTIATE","P3","No P0/P1/P2 signal triggered by this audit pass."
"https://waterbalancetools.com/entities/unit-celsius","entity","entities","entity","informational","105","ADEQUATE","LOW","not_applicable","clustered","uncited","IMPROVE","P2","word_count=105 -- thin content risk for AdSense/quality."
"https://waterbalancetools.com/entities/unit-days","entity","entities","entity","informational","130","ADEQUATE","LOW","not_applicable","clustered","uncited","IMPROVE","P2","word_count=130 -- thin content risk for AdSense/quality."
"https://waterbalancetools.com/entities/unit-fahrenheit","entity","entities","entity","informational","126","ADEQUATE","LOW","not_applicable","clustered","uncited","IMPROVE","P2","word_count=126 -- thin content risk for AdSense/quality."
"https://waterbalancetools.com/entities/unit-gallons","entity","entities","entity","informational","129","ADEQUATE","LOW","not_applicable","clustered","uncited","IMPROVE","P2","word_count=129 -- thin content risk for AdSense/quality."
"https://waterbalancetools.com/entities/unit-hours","entity","entities","entity","informational","150","ADEQUATE","LOW","not_applicable","clustered","uncited","KEEP","P3","No P0/P1/P2 signal triggered by this audit pass."
"https://waterbalancetools.com/entities/unit-liters","entity","entities","entity","informational","116","ADEQUATE","LOW","not_applicable","clustered","uncited","IMPROVE","P2","word_count=116 -- thin content risk for AdSense/quality."
"https://waterbalancetools.com/entities/unit-mg-l","entity","entities","entity","informational","117","ADEQUATE","LOW","not_applicable","clustered","uncited","IMPROVE","P2","word_count=117 -- thin content risk for AdSense/quality."
"https://waterbalancetools.com/entities/unit-minutes","entity","entities","entity","informational","133","ADEQUATE","LOW","not_applicable","clustered","uncited","IMPROVE","P2","word_count=133 -- thin content risk for AdSense/quality."
"https://waterbalancetools.com/entities/unit-months","entity","entities","entity","informational","135","ADEQUATE","LOW","not_applicable","clustered","uncited","IMPROVE","P2","word_count=135 -- thin content risk for AdSense/quality."
"https://waterbalancetools.com/entities/unit-ppm","entity","entities","entity","informational","139","ADEQUATE","MEDIUM","not_applicable","clustered","uncited","DIFFERENTIATE","P2","word_count=139 -- thin content risk for AdSense/quality."
"https://waterbalancetools.com/entities/unit-weeks","entity","entities","entity","informational","126","ADEQUATE","LOW","not_applicable","clustered","uncited","IMPROVE","P2","word_count=126 -- thin content risk for AdSense/quality."
"https://waterbalancetools.com/entities/vacation-rental-checklist","entity","entities","entity","informational","231","ADEQUATE","MEDIUM","not_applicable","clustered","uncited","DIFFERENTIATE","P3","No P0/P1/P2 signal triggered by this audit pass."
"https://waterbalancetools.com/entities/vinyl-pool","entity","entities","entity","informational","221","ADEQUATE","MEDIUM","not_applicable","clustered","uncited","DIFFERENTIATE","P3","No P0/P1/P2 signal triggered by this audit pass."
"https://waterbalancetools.com/entities/water-replacement","entity","entities","entity","informational","266","ADEQUATE","MEDIUM","not_applicable","clustered","uncited","DIFFERENTIATE","P3","No P0/P1/P2 signal triggered by this audit pass."
"https://waterbalancetools.com/entities/water-test-sheet","entity","entities","entity","informational","182","ADEQUATE","LOW","not_applicable","clustered","uncited","KEEP","P3","No P0/P1/P2 signal triggered by this audit pass."
"https://waterbalancetools.com/entities/winterization","entity","entities","entity","informational","247","ADEQUATE","MEDIUM","not_applicable","clustered","uncited","DIFFERENTIATE","P3","No P0/P1/P2 signal triggered by this audit pass."
"https://waterbalancetools.com/formulas/alkalinity-formula","formula-page","formulas","formula","calculation","375","STRONG","LOW","not_applicable","clustered","cited","IMPROVE","P3","On-page SEO issues: TITLE_TOO_LONG."
"https://waterbalancetools.com/formulas/cya-formula","formula-page","formulas","formula","calculation","396","STRONG","LOW","not_applicable","clustered","cited","IMPROVE","P3","On-page SEO issues: TITLE_TOO_LONG."
"https://waterbalancetools.com/formulas/","formula-hub","formulas","formula","informational","245","ADEQUATE","LOW","not_applicable","clustered","uncited","KEEP","P3","No P0/P1/P2 signal triggered by this audit pass."
"https://waterbalancetools.com/formulas/liquid-chlorine-formula","formula-page","formulas","formula","calculation","475","STRONG","LOW","not_applicable","clustered","cited","IMPROVE","P3","On-page SEO issues: TITLE_TOO_LONG."
"https://waterbalancetools.com/formulas/lsi-formula","formula-page","formulas","formula","calculation","454","STRONG","LOW","not_applicable","clustered","cited","IMPROVE","P3","On-page SEO issues: TITLE_TOO_LONG."
"https://waterbalancetools.com/formulas/ph-adjustment-formula","formula-page","formulas","formula","calculation","433","STRONG","LOW","not_applicable","clustered","cited","KEEP","P3","overall_quality_score=2.5 -- strong across the rubric."
"https://waterbalancetools.com/formulas/pool-volume-formula","formula-page","formulas","formula","calculation","355","STRONG","LOW","not_applicable","clustered","cited","KEEP","P3","overall_quality_score=2.3 -- strong across the rubric."
"https://waterbalancetools.com/formulas/salt-formula","formula-page","formulas","formula","calculation","381","STRONG","LOW","not_applicable","clustered","cited","KEEP","P3","overall_quality_score=2.4 -- strong across the rubric."
"https://waterbalancetools.com/formulas/shock-formula","formula-page","formulas","formula","calculation","395","STRONG","LOW","not_applicable","clustered","cited","KEEP","P3","overall_quality_score=2.4 -- strong across the rubric."
"https://waterbalancetools.com/formulas/turnover-formula","formula-page","formulas","formula","calculation","331","STRONG","LOW","not_applicable","clustered","cited","KEEP","P3","overall_quality_score=2.3 -- strong across the rubric."
"https://waterbalancetools.com/glossary/aggressive-water","glossary-term","glossary","glossary","informational","169","ADEQUATE","LOW","not_applicable","clustered","cited","KEEP","P3","No P0/P1/P2 signal triggered by this audit pass."
"https://waterbalancetools.com/glossary/algae-bloom","glossary-term","glossary","glossary","informational","183","ADEQUATE","LOW","not_applicable","clustered","cited","KEEP","P3","No P0/P1/P2 signal triggered by this audit pass."
"https://waterbalancetools.com/glossary/algaecide","glossary-term","glossary","glossary","informational","185","ADEQUATE","LOW","not_applicable","clustered","cited","KEEP","P3","No P0/P1/P2 signal triggered by this audit pass."
"https://waterbalancetools.com/glossary/ammonia","glossary-term","glossary","glossary","informational","182","ADEQUATE","LOW","not_applicable","clustered","cited","KEEP","P3","No P0/P1/P2 signal triggered by this audit pass."
"https://waterbalancetools.com/glossary/backwashing","glossary-term","glossary","glossary","informational","221","ADEQUATE","LOW","not_applicable","clustered","cited","KEEP","P3","No P0/P1/P2 signal triggered by this audit pass."
"https://waterbalancetools.com/glossary/bather-load","glossary-term","glossary","glossary","informational","202","ADEQUATE","LOW","not_applicable","clustered","cited","KEEP","P3","No P0/P1/P2 signal triggered by this audit pass."
"https://waterbalancetools.com/glossary/bcdmh","glossary-term","glossary","glossary","informational","207","ADEQUATE","LOW","not_applicable","clustered","cited","KEEP","P3","No P0/P1/P2 signal triggered by this audit pass."
"https://waterbalancetools.com/glossary/bicarbonate-alkalinity","glossary-term","glossary","glossary","informational","209","ADEQUATE","LOW","not_applicable","clustered","cited","KEEP","P3","No P0/P1/P2 signal triggered by this audit pass."
"https://waterbalancetools.com/glossary/biofilm","glossary-term","glossary","glossary","informational","178","ADEQUATE","LOW","not_applicable","clustered","cited","KEEP","P3","No P0/P1/P2 signal triggered by this audit pass."
"https://waterbalancetools.com/glossary/black-algae","glossary-term","glossary","glossary","informational","174","ADEQUATE","LOW","not_applicable","clustered","cited","KEEP","P3","No P0/P1/P2 signal triggered by this audit pass."
"https://waterbalancetools.com/glossary/breakpoint-chlorination","glossary-term","glossary","glossary","informational","212","ADEQUATE","LOW","not_applicable","clustered","cited","KEEP","P3","No P0/P1/P2 signal triggered by this audit pass."
"https://waterbalancetools.com/glossary/breakpoint-dose","glossary-term","glossary","glossary","informational","205","ADEQUATE","LOW","not_applicable","clustered","cited","KEEP","P3","No P0/P1/P2 signal triggered by this audit pass."
"https://waterbalancetools.com/glossary/bromine","glossary-term","glossary","glossary","informational","230","ADEQUATE","LOW","not_applicable","clustered","cited","KEEP","P3","No P0/P1/P2 signal triggered by this audit pass."
"https://waterbalancetools.com/glossary/calcium-hardness","glossary-term","glossary","glossary","informational","193","ADEQUATE","LOW","not_applicable","clustered","cited","KEEP","P3","No P0/P1/P2 signal triggered by this audit pass."
"https://waterbalancetools.com/glossary/calcium-hypochlorite","glossary-term","glossary","glossary","informational","206","ADEQUATE","LOW","not_applicable","clustered","cited","KEEP","P3","No P0/P1/P2 signal triggered by this audit pass."
"https://waterbalancetools.com/glossary/carbon-dioxide","glossary-term","glossary","glossary","informational","183","ADEQUATE","LOW","not_applicable","clustered","cited","KEEP","P3","No P0/P1/P2 signal triggered by this audit pass."
"https://waterbalancetools.com/glossary/cartridge-filter","glossary-term","glossary","glossary","informational","204","ADEQUATE","LOW","not_applicable","clustered","cited","KEEP","P3","No P0/P1/P2 signal triggered by this audit pass."
"https://waterbalancetools.com/glossary/chemical-compatibility","glossary-term","glossary","glossary","informational","162","ADEQUATE","LOW","not_applicable","clustered","cited","KEEP","P3","No P0/P1/P2 signal triggered by this audit pass."
"https://waterbalancetools.com/glossary/chemical-log","glossary-term","glossary","glossary","informational","206","ADEQUATE","LOW","not_applicable","clustered","cited","KEEP","P3","No P0/P1/P2 signal triggered by this audit pass."
"https://waterbalancetools.com/glossary/chemical-storage","glossary-term","glossary","glossary","informational","177","ADEQUATE","LOW","not_applicable","clustered","cited","KEEP","P3","No P0/P1/P2 signal triggered by this audit pass."
"https://waterbalancetools.com/glossary/chloramine","glossary-term","glossary","glossary","informational","203","ADEQUATE","LOW","not_applicable","clustered","cited","KEEP","P3","No P0/P1/P2 signal triggered by this audit pass."
"https://waterbalancetools.com/glossary/chlorine-demand","glossary-term","glossary","glossary","informational","201","ADEQUATE","LOW","not_applicable","clustered","cited","KEEP","P3","No P0/P1/P2 signal triggered by this audit pass."
"https://waterbalancetools.com/glossary/chlorine-stabilizer","glossary-term","glossary","glossary","informational","209","ADEQUATE","LOW","not_applicable","clustered","cited","KEEP","P3","No P0/P1/P2 signal triggered by this audit pass."
"https://waterbalancetools.com/glossary/clarifier","glossary-term","glossary","glossary","informational","179","ADEQUATE","LOW","not_applicable","clustered","cited","KEEP","P3","No P0/P1/P2 signal triggered by this audit pass."
"https://waterbalancetools.com/glossary/closing-chemical-kit","glossary-term","glossary","glossary","informational","164","ADEQUATE","LOW","not_applicable","clustered","cited","KEEP","P3","No P0/P1/P2 signal triggered by this audit pass."
"https://waterbalancetools.com/glossary/colorimetric-test","glossary-term","glossary","glossary","informational","183","ADEQUATE","LOW","not_applicable","clustered","cited","KEEP","P3","No P0/P1/P2 signal triggered by this audit pass."
"https://waterbalancetools.com/glossary/combined-chlorine","glossary-term","glossary","glossary","informational","225","ADEQUATE","LOW","not_applicable","clustered","cited","KEEP","P3","No P0/P1/P2 signal triggered by this audit pass."
"https://waterbalancetools.com/glossary/conductivity","glossary-term","glossary","glossary","informational","172","ADEQUATE","LOW","not_applicable","clustered","cited","KEEP","P3","No P0/P1/P2 signal triggered by this audit pass."
"https://waterbalancetools.com/glossary/copper","glossary-term","glossary","glossary","informational","190","ADEQUATE","LOW","not_applicable","clustered","cited","KEEP","P3","No P0/P1/P2 signal triggered by this audit pass."
"https://waterbalancetools.com/glossary/cyanuric-acid","glossary-term","glossary","glossary","informational","223","ADEQUATE","LOW","not_applicable","clustered","cited","KEEP","P3","No P0/P1/P2 signal triggered by this audit pass."
"https://waterbalancetools.com/glossary/de-filter","glossary-term","glossary","glossary","informational","211","ADEQUATE","LOW","not_applicable","clustered","cited","KEEP","P3","No P0/P1/P2 signal triggered by this audit pass."
"https://waterbalancetools.com/glossary/dead-algae","glossary-term","glossary","glossary","informational","183","ADEQUATE","LOW","not_applicable","clustered","cited","KEEP","P3","No P0/P1/P2 signal triggered by this audit pass."
"https://waterbalancetools.com/glossary/dichlor","glossary-term","glossary","glossary","informational","216","ADEQUATE","LOW","not_applicable","clustered","cited","KEEP","P3","No P0/P1/P2 signal triggered by this audit pass."
"https://waterbalancetools.com/glossary/dilution","glossary-term","glossary","glossary","informational","185","ADEQUATE","LOW","not_applicable","clustered","cited","KEEP","P3","No P0/P1/P2 signal triggered by this audit pass."
"https://waterbalancetools.com/glossary/dpd-test","glossary-term","glossary","glossary","informational","174","ADEQUATE","LOW","not_applicable","clustered","cited","KEEP","P3","No P0/P1/P2 signal triggered by this audit pass."
"https://waterbalancetools.com/glossary/evaporation","glossary-term","glossary","glossary","informational","181","ADEQUATE","LOW","not_applicable","clustered","cited","KEEP","P3","No P0/P1/P2 signal triggered by this audit pass."
"https://waterbalancetools.com/glossary/filter-pressure","glossary-term","glossary","glossary","informational","179","ADEQUATE","LOW","not_applicable","clustered","cited","KEEP","P3","No P0/P1/P2 signal triggered by this audit pass."
"https://waterbalancetools.com/glossary/flocculant","glossary-term","glossary","glossary","informational","193","ADEQUATE","LOW","not_applicable","clustered","cited","KEEP","P3","No P0/P1/P2 signal triggered by this audit pass."
"https://waterbalancetools.com/glossary/free-chlorine","glossary-term","glossary","glossary","informational","215","ADEQUATE","LOW","not_applicable","clustered","cited","KEEP","P3","No P0/P1/P2 signal triggered by this audit pass."
"https://waterbalancetools.com/glossary/gpm","glossary-term","glossary","glossary","informational","209","ADEQUATE","LOW","not_applicable","clustered","cited","KEEP","P3","No P0/P1/P2 signal triggered by this audit pass."
"https://waterbalancetools.com/glossary/green-algae","glossary-term","glossary","glossary","informational","182","ADEQUATE","LOW","not_applicable","clustered","cited","KEEP","P3","No P0/P1/P2 signal triggered by this audit pass."
"https://waterbalancetools.com/glossary/hypochlorous-acid","glossary-term","glossary","glossary","informational","191","ADEQUATE","LOW","not_applicable","clustered","cited","KEEP","P3","No P0/P1/P2 signal triggered by this audit pass."
"https://waterbalancetools.com/glossary/","glossary-term","glossary","glossary","informational","2298","ADEQUATE","LOW","not_applicable","clustered","uncited","KEEP","P3","No P0/P1/P2 signal triggered by this audit pass."
"https://waterbalancetools.com/glossary/iron","glossary-term","glossary","glossary","informational","192","ADEQUATE","LOW","not_applicable","clustered","cited","KEEP","P3","No P0/P1/P2 signal triggered by this audit pass."
"https://waterbalancetools.com/glossary/langelier-saturation-index","glossary-term","glossary","glossary","informational","226","ADEQUATE","LOW","not_applicable","clustered","cited","KEEP","P3","No P0/P1/P2 signal triggered by this audit pass."
"https://waterbalancetools.com/glossary/main-drain","glossary-term","glossary","glossary","informational","198","ADEQUATE","LOW","not_applicable","clustered","cited","KEEP","P3","No P0/P1/P2 signal triggered by this audit pass."
"https://waterbalancetools.com/glossary/metal-sequestrant","glossary-term","glossary","glossary","informational","192","ADEQUATE","LOW","not_applicable","clustered","cited","KEEP","P3","No P0/P1/P2 signal triggered by this audit pass."
"https://waterbalancetools.com/glossary/multiport-valve","glossary-term","glossary","glossary","informational","183","ADEQUATE","LOW","not_applicable","clustered","cited","KEEP","P3","No P0/P1/P2 signal triggered by this audit pass."
"https://waterbalancetools.com/glossary/muriatic-acid","glossary-term","glossary","glossary","informational","200","ADEQUATE","LOW","not_applicable","clustered","cited","KEEP","P3","No P0/P1/P2 signal triggered by this audit pass."
"https://waterbalancetools.com/glossary/mustard-algae","glossary-term","glossary","glossary","informational","188","ADEQUATE","LOW","not_applicable","clustered","cited","KEEP","P3","No P0/P1/P2 signal triggered by this audit pass."
"https://waterbalancetools.com/glossary/opening-chemical-kit","glossary-term","glossary","glossary","informational","195","ADEQUATE","LOW","not_applicable","clustered","cited","KEEP","P3","No P0/P1/P2 signal triggered by this audit pass."
"https://waterbalancetools.com/glossary/orp","glossary-term","glossary","glossary","informational","196","ADEQUATE","LOW","not_applicable","clustered","cited","KEEP","P3","No P0/P1/P2 signal triggered by this audit pass."
"https://waterbalancetools.com/glossary/oto-test","glossary-term","glossary","glossary","informational","175","ADEQUATE","LOW","not_applicable","clustered","cited","KEEP","P3","No P0/P1/P2 signal triggered by this audit pass."
"https://waterbalancetools.com/glossary/oxidizer","glossary-term","glossary","glossary","informational","159","ADEQUATE","LOW","not_applicable","clustered","cited","KEEP","P3","No P0/P1/P2 signal triggered by this audit pass."
"https://waterbalancetools.com/glossary/ozone","glossary-term","glossary","glossary","informational","202","ADEQUATE","LOW","not_applicable","clustered","cited","KEEP","P3","No P0/P1/P2 signal triggered by this audit pass."
"https://waterbalancetools.com/glossary/partial-drain","glossary-term","glossary","glossary","informational","208","ADEQUATE","LOW","not_applicable","clustered","cited","KEEP","P3","No P0/P1/P2 signal triggered by this audit pass."
"https://waterbalancetools.com/glossary/parts-per-million","glossary-term","glossary","glossary","informational","219","ADEQUATE","LOW","not_applicable","clustered","cited","KEEP","P3","No P0/P1/P2 signal triggered by this audit pass."
"https://waterbalancetools.com/glossary/ph-bounce","glossary-term","glossary","glossary","informational","174","ADEQUATE","LOW","not_applicable","clustered","cited","KEEP","P3","No P0/P1/P2 signal triggered by this audit pass."
"https://waterbalancetools.com/glossary/ph-increaser","glossary-term","glossary","glossary","informational","210","ADEQUATE","LOW","not_applicable","clustered","cited","KEEP","P3","No P0/P1/P2 signal triggered by this audit pass."
"https://waterbalancetools.com/glossary/ph","glossary-term","glossary","glossary","informational","232","ADEQUATE","LOW","not_applicable","clustered","cited","KEEP","P3","No P0/P1/P2 signal triggered by this audit pass."
"https://waterbalancetools.com/glossary/phosphates","glossary-term","glossary","glossary","informational","206","ADEQUATE","LOW","not_applicable","clustered","cited","KEEP","P3","No P0/P1/P2 signal triggered by this audit pass."
"https://waterbalancetools.com/glossary/pink-slime","glossary-term","glossary","glossary","informational","193","ADEQUATE","LOW","not_applicable","clustered","cited","KEEP","P3","No P0/P1/P2 signal triggered by this audit pass."
"https://waterbalancetools.com/glossary/pool-chemistry-reference","glossary-term","glossary","glossary","informational","163","ADEQUATE","LOW","not_applicable","clustered","cited","KEEP","P3","No P0/P1/P2 signal triggered by this audit pass."
"https://waterbalancetools.com/glossary/pool-maintenance-schedule","glossary-term","glossary","glossary","informational","167","ADEQUATE","LOW","not_applicable","clustered","cited","KEEP","P3","No P0/P1/P2 signal triggered by this audit pass."
"https://waterbalancetools.com/glossary/pool-pump","glossary-term","glossary","glossary","informational","217","ADEQUATE","LOW","not_applicable","clustered","cited","KEEP","P3","No P0/P1/P2 signal triggered by this audit pass."
"https://waterbalancetools.com/glossary/pool-safety-equipment","glossary-term","glossary","glossary","informational","189","ADEQUATE","LOW","not_applicable","clustered","cited","KEEP","P3","No P0/P1/P2 signal triggered by this audit pass."
"https://waterbalancetools.com/glossary/pool-shock-schedule","glossary-term","glossary","glossary","informational","179","ADEQUATE","LOW","not_applicable","clustered","cited","KEEP","P3","No P0/P1/P2 signal triggered by this audit pass."
"https://waterbalancetools.com/glossary/pool-turnover-rate","glossary-term","glossary","glossary","informational","185","ADEQUATE","LOW","not_applicable","clustered","cited","KEEP","P3","No P0/P1/P2 signal triggered by this audit pass."
"https://waterbalancetools.com/glossary/pool-volume-reference","glossary-term","glossary","glossary","informational","164","ADEQUATE","LOW","not_applicable","clustered","cited","KEEP","P3","No P0/P1/P2 signal triggered by this audit pass."
"https://waterbalancetools.com/glossary/pool-volume","glossary-term","glossary","glossary","informational","207","ADEQUATE","LOW","not_applicable","clustered","cited","KEEP","P3","No P0/P1/P2 signal triggered by this audit pass."
"https://waterbalancetools.com/glossary/pressure-gauge","glossary-term","glossary","glossary","informational","174","ADEQUATE","LOW","not_applicable","clustered","cited","KEEP","P3","No P0/P1/P2 signal triggered by this audit pass."
"https://waterbalancetools.com/glossary/pump-turnover","glossary-term","glossary","glossary","informational","227","ADEQUATE","LOW","not_applicable","clustered","cited","KEEP","P3","No P0/P1/P2 signal triggered by this audit pass."
"https://waterbalancetools.com/glossary/reagent","glossary-term","glossary","glossary","informational","172","ADEQUATE","LOW","not_applicable","clustered","cited","KEEP","P3","No P0/P1/P2 signal triggered by this audit pass."
"https://waterbalancetools.com/glossary/return-jet","glossary-term","glossary","glossary","informational","176","ADEQUATE","LOW","not_applicable","clustered","cited","KEEP","P3","No P0/P1/P2 signal triggered by this audit pass."
"https://waterbalancetools.com/glossary/salt-chlorination","glossary-term","glossary","glossary","informational","178","ADEQUATE","LOW","not_applicable","clustered","cited","KEEP","P3","No P0/P1/P2 signal triggered by this audit pass."
"https://waterbalancetools.com/glossary/sand-filter","glossary-term","glossary","glossary","informational","210","ADEQUATE","LOW","not_applicable","clustered","cited","KEEP","P3","No P0/P1/P2 signal triggered by this audit pass."
"https://waterbalancetools.com/glossary/sanitizer","glossary-term","glossary","glossary","informational","162","ADEQUATE","LOW","not_applicable","clustered","cited","KEEP","P3","No P0/P1/P2 signal triggered by this audit pass."
"https://waterbalancetools.com/glossary/saturated-ph","glossary-term","glossary","glossary","informational","188","ADEQUATE","LOW","not_applicable","clustered","cited","KEEP","P3","No P0/P1/P2 signal triggered by this audit pass."
"https://waterbalancetools.com/glossary/saturation-index","glossary-term","glossary","glossary","informational","196","ADEQUATE","LOW","not_applicable","clustered","cited","KEEP","P3","No P0/P1/P2 signal triggered by this audit pass."
"https://waterbalancetools.com/glossary/scale-inhibitor","glossary-term","glossary","glossary","informational","161","ADEQUATE","LOW","not_applicable","clustered","cited","KEEP","P3","No P0/P1/P2 signal triggered by this audit pass."
"https://waterbalancetools.com/glossary/scaling-water","glossary-term","glossary","glossary","informational","164","ADEQUATE","LOW","not_applicable","clustered","cited","KEEP","P3","No P0/P1/P2 signal triggered by this audit pass."
"https://waterbalancetools.com/glossary/shock-dosage","glossary-term","glossary","glossary","informational","200","ADEQUATE","LOW","not_applicable","clustered","cited","KEEP","P3","No P0/P1/P2 signal triggered by this audit pass."
"https://waterbalancetools.com/glossary/shock","glossary-term","glossary","glossary","informational","233","ADEQUATE","LOW","not_applicable","clustered","cited","KEEP","P3","No P0/P1/P2 signal triggered by this audit pass."
"https://waterbalancetools.com/glossary/skimmer","glossary-term","glossary","glossary","informational","210","ADEQUATE","LOW","not_applicable","clustered","cited","KEEP","P3","No P0/P1/P2 signal triggered by this audit pass."
"https://waterbalancetools.com/glossary/sodium-bicarbonate","glossary-term","glossary","glossary","informational","205","ADEQUATE","LOW","not_applicable","clustered","cited","KEEP","P3","No P0/P1/P2 signal triggered by this audit pass."
"https://waterbalancetools.com/glossary/sodium-bisulfate","glossary-term","glossary","glossary","informational","202","ADEQUATE","LOW","not_applicable","clustered","cited","KEEP","P3","No P0/P1/P2 signal triggered by this audit pass."
"https://waterbalancetools.com/glossary/sodium-carbonate","glossary-term","glossary","glossary","informational","198","ADEQUATE","LOW","not_applicable","clustered","cited","KEEP","P3","No P0/P1/P2 signal triggered by this audit pass."
"https://waterbalancetools.com/glossary/sodium-hypochlorite","glossary-term","glossary","glossary","informational","208","ADEQUATE","LOW","not_applicable","clustered","cited","KEEP","P3","No P0/P1/P2 signal triggered by this audit pass."
"https://waterbalancetools.com/glossary/superchlorination","glossary-term","glossary","glossary","informational","223","ADEQUATE","LOW","not_applicable","clustered","cited","KEEP","P3","No P0/P1/P2 signal triggered by this audit pass."
"https://waterbalancetools.com/glossary/test-strip","glossary-term","glossary","glossary","informational","186","ADEQUATE","LOW","not_applicable","clustered","cited","KEEP","P3","No P0/P1/P2 signal triggered by this audit pass."
"https://waterbalancetools.com/glossary/total-alkalinity","glossary-term","glossary","glossary","informational","233","ADEQUATE","LOW","not_applicable","clustered","cited","KEEP","P3","No P0/P1/P2 signal triggered by this audit pass."
"https://waterbalancetools.com/glossary/total-chlorine","glossary-term","glossary","glossary","informational","207","ADEQUATE","LOW","not_applicable","clustered","cited","KEEP","P3","No P0/P1/P2 signal triggered by this audit pass."
"https://waterbalancetools.com/glossary/total-dissolved-solids","glossary-term","glossary","glossary","informational","236","ADEQUATE","LOW","not_applicable","clustered","cited","KEEP","P3","No P0/P1/P2 signal triggered by this audit pass."
"https://waterbalancetools.com/glossary/total-hardness","glossary-term","glossary","glossary","informational","195","ADEQUATE","LOW","not_applicable","clustered","cited","KEEP","P3","No P0/P1/P2 signal triggered by this audit pass."
"https://waterbalancetools.com/glossary/trichlor","glossary-term","glossary","glossary","informational","220","ADEQUATE","LOW","not_applicable","clustered","cited","KEEP","P3","No P0/P1/P2 signal triggered by this audit pass."
"https://waterbalancetools.com/glossary/turbidity","glossary-term","glossary","glossary","informational","173","ADEQUATE","LOW","not_applicable","clustered","cited","KEEP","P3","No P0/P1/P2 signal triggered by this audit pass."
"https://waterbalancetools.com/glossary/uv-sanitization","glossary-term","glossary","glossary","informational","184","ADEQUATE","LOW","not_applicable","clustered","cited","KEEP","P3","No P0/P1/P2 signal triggered by this audit pass."
"https://waterbalancetools.com/glossary/water-balance-checklist","glossary-term","glossary","glossary","informational","187","ADEQUATE","LOW","not_applicable","clustered","cited","KEEP","P3","No P0/P1/P2 signal triggered by this audit pass."
"https://waterbalancetools.com/glossary/water-temperature","glossary-term","glossary","glossary","informational","198","ADEQUATE","LOW","not_applicable","clustered","cited","KEEP","P3","No P0/P1/P2 signal triggered by this audit pass."
"https://waterbalancetools.com/glossary/water-test-log","glossary-term","glossary","glossary","informational","191","ADEQUATE","LOW","not_applicable","clustered","cited","KEEP","P3","No P0/P1/P2 signal triggered by this audit pass."
"https://waterbalancetools.com/glossary/winterization","glossary-term","glossary","glossary","informational","219","ADEQUATE","LOW","not_applicable","clustered","cited","KEEP","P3","No P0/P1/P2 signal triggered by this audit pass."
"https://waterbalancetools.com/guides/advanced/chlorine-breakdown-sunlight","guide","guides/advanced","advanced","question_answer","407","STRONG","LOW","pool_season_leaning","clustered","uncited","IMPROVE","P3","On-page SEO issues: TITLE_TOO_LONG."
"https://waterbalancetools.com/guides/advanced/chlorine-vs-saltwater","guide","guides/advanced","advanced","question_answer","465","STRONG","LOW","pool_season_leaning","clustered","uncited","IMPROVE","P3","On-page SEO issues: TITLE_TOO_LONG."
"https://waterbalancetools.com/guides/advanced/cya-stabilizer-explained","guide","guides/advanced","advanced","question_answer","356","ADEQUATE","LOW","pool_season_leaning","clustered","uncited","IMPROVE","P3","On-page SEO issues: TITLE_TOO_LONG."
"https://waterbalancetools.com/guides/advanced/","guide","guides/advanced","advanced","informational","382","ADEQUATE","LOW","pool_season_leaning","clustered","uncited","KEEP","P3","No P0/P1/P2 signal triggered by this audit pass."
"https://waterbalancetools.com/guides/advanced/pool-chemistry-balance-explained","guide","guides/advanced","advanced","question_answer","393","ADEQUATE","LOW","pool_season_leaning","clustered","uncited","IMPROVE","P3","On-page SEO issues: TITLE_TOO_LONG."
"https://waterbalancetools.com/guides/alkalinity-guide","guide","guides","guides","informational","213","ADEQUATE","MEDIUM","not_applicable","standalone","uncited","DIFFERENTIATE","P3","No P0/P1/P2 signal triggered by this audit pass."
"https://waterbalancetools.com/guides/chlorine-guide","guide","guides","guides","informational","356","ADEQUATE","MEDIUM","not_applicable","standalone","uncited","DIFFERENTIATE","P3","No P0/P1/P2 signal triggered by this audit pass."
"https://waterbalancetools.com/guides/chlorine/chlorine-too-high-after-shocking","guide","guides/chlorine","chlorine","informational","441","STRONG","LOW","pool_season_leaning","clustered","uncited","KEEP","P3","overall_quality_score=2.5 -- strong across the rubric."
"https://waterbalancetools.com/guides/chlorine/free-chlorine-vs-total-chlorine","guide","guides/chlorine","chlorine","informational","436","STRONG","LOW","pool_season_leaning","clustered","uncited","KEEP","P3","overall_quality_score=2.5 -- strong across the rubric."
"https://waterbalancetools.com/guides/chlorine/how-often-should-i-shock-my-pool","guide","guides/chlorine","chlorine","informational","485","STRONG","LOW","pool_season_leaning","clustered","uncited","KEEP","P3","overall_quality_score=2.5 -- strong across the rubric."
"https://waterbalancetools.com/guides/chlorine/","guide","guides/chlorine","chlorine","informational","453","ADEQUATE","LOW","pool_season_leaning","clustered","uncited","KEEP","P3","No P0/P1/P2 signal triggered by this audit pass."
"https://waterbalancetools.com/guides/chlorine/why-pool-chlorine-disappears-overnight","guide","guides/chlorine","chlorine","informational","474","STRONG","LOW","pool_season_leaning","clustered","uncited","KEEP","P3","overall_quality_score=2.5 -- strong across the rubric."
"https://waterbalancetools.com/guides/chlorine/why-pool-wont-hold-chlorine","guide","guides/chlorine","chlorine","informational","412","STRONG","LOW","pool_season_leaning","clustered","uncited","IMPROVE","P3","On-page SEO issues: TITLE_TOO_LONG."
"https://waterbalancetools.com/guides/edge-cases/high-cya-chlorine-lock","guide","guides/edge-cases","edge_cases","informational","247","ADEQUATE","LOW","pool_season_leaning","clustered","uncited","IMPROVE","P3","On-page SEO issues: TITLE_TOO_LONG."
"https://waterbalancetools.com/guides/edge-cases/","guide","guides/edge-cases","edge_cases","informational","472","ADEQUATE","LOW","pool_season_leaning","clustered","uncited","KEEP","P3","No P0/P1/P2 signal triggered by this audit pass."
"https://waterbalancetools.com/guides/edge-cases/over-shocking-pool-effects","guide","guides/edge-cases","edge_cases","informational","237","ADEQUATE","LOW","pool_season_leaning","clustered","uncited","IMPROVE","P3","On-page SEO issues: TITLE_TOO_LONG."
"https://waterbalancetools.com/guides/edge-cases/pool-temperature-effect-chlorine","guide","guides/edge-cases","edge_cases","informational","230","ADEQUATE","LOW","pool_season_leaning","clustered","uncited","IMPROVE","P3","On-page SEO issues: TITLE_TOO_LONG."
"https://waterbalancetools.com/guides/edge-cases/rain-effect-on-pool-chemistry","guide","guides/edge-cases","edge_cases","informational","238","ADEQUATE","LOW","pool_season_leaning","clustered","uncited","IMPROVE","P3","On-page SEO issues: TITLE_TOO_LONG."
"https://waterbalancetools.com/guides/edge-cases/swimming-after-shocking-pool","guide","guides/edge-cases","edge_cases","informational","252","ADEQUATE","LOW","pool_season_leaning","clustered","uncited","IMPROVE","P3","On-page SEO issues: TITLE_TOO_LONG."
"https://waterbalancetools.com/guides/hot-tub-chemistry","guide","guides","guides","informational","213","ADEQUATE","MEDIUM","not_applicable","standalone","uncited","DIFFERENTIATE","P3","No P0/P1/P2 signal triggered by this audit pass."
"https://waterbalancetools.com/guides/hot-tub-maintenance","guide","guides","guides","informational","223","ADEQUATE","MEDIUM","not_applicable","standalone","uncited","DIFFERENTIATE","P3","No P0/P1/P2 signal triggered by this audit pass."
"https://waterbalancetools.com/guides/hot-tub/hot-tub-alkalinity-too-high","guide","guides/hot-tub","hot_tubs","informational","415","STRONG","LOW","pool_season_leaning","clustered","uncited","KEEP","P3","overall_quality_score=2.5 -- strong across the rubric."
"https://waterbalancetools.com/guides/hot-tub/hot-tub-chlorine-too-high","guide","guides/hot-tub","hot_tubs","informational","446","STRONG","LOW","pool_season_leaning","clustered","uncited","KEEP","P3","overall_quality_score=2.5 -- strong across the rubric."
"https://waterbalancetools.com/guides/hot-tub/hot-tub-chlorine-too-low","guide","guides/hot-tub","hot_tubs","informational","409","STRONG","LOW","pool_season_leaning","clustered","uncited","KEEP","P3","overall_quality_score=2.5 -- strong across the rubric."
"https://waterbalancetools.com/guides/hot-tub/hot-tub-ph-too-low","guide","guides/hot-tub","hot_tubs","informational","416","STRONG","LOW","pool_season_leaning","clustered","uncited","KEEP","P3","overall_quality_score=2.4 -- strong across the rubric."
"https://waterbalancetools.com/guides/hot-tub/how-often-to-shock-a-hot-tub","guide","guides/hot-tub","hot_tubs","informational","408","STRONG","LOW","pool_season_leaning","clustered","uncited","KEEP","P3","overall_quality_score=2.4 -- strong across the rubric."
"https://waterbalancetools.com/guides/hot-tub/","guide","guides/hot-tub","hot_tubs","informational","466","ADEQUATE","LOW","pool_season_leaning","clustered","uncited","KEEP","P3","No P0/P1/P2 signal triggered by this audit pass."
"https://waterbalancetools.com/guides/","guide-hub","guides","guides","informational","472","ADEQUATE","LOW","not_applicable","standalone","uncited","KEEP","P3","No P0/P1/P2 signal triggered by this audit pass."
"https://waterbalancetools.com/guides/ph-guide","guide","guides","guides","informational","244","ADEQUATE","MEDIUM","not_applicable","standalone","uncited","DIFFERENTIATE","P3","No P0/P1/P2 signal triggered by this audit pass."
"https://waterbalancetools.com/guides/ph/can-you-swim-in-high-ph-water","guide","guides/ph","ph","question_answer","491","STRONG","LOW","pool_season_leaning","clustered","uncited","KEEP","P3","overall_quality_score=2.6 -- strong across the rubric."
"https://waterbalancetools.com/guides/ph/does-rain-lower-pool-ph","guide","guides/ph","ph","question_answer","496","STRONG","LOW","pool_season_leaning","clustered","uncited","KEEP","P3","overall_quality_score=2.5 -- strong across the rubric."
"https://waterbalancetools.com/guides/ph/how-to-lower-pool-ph","guide","guides/ph","ph","question_answer","572","STRONG","LOW","pool_season_leaning","clustered","uncited","KEEP","P3","overall_quality_score=2.6 -- strong across the rubric."
"https://waterbalancetools.com/guides/ph/","guide","guides/ph","ph","informational","438","ADEQUATE","LOW","pool_season_leaning","clustered","uncited","KEEP","P3","No P0/P1/P2 signal triggered by this audit pass."
"https://waterbalancetools.com/guides/ph/what-causes-high-pool-ph","guide","guides/ph","ph","question_answer","523","STRONG","LOW","pool_season_leaning","clustered","uncited","KEEP","P3","overall_quality_score=2.6 -- strong across the rubric."
"https://waterbalancetools.com/guides/ph/why-pool-ph-keeps-rising","guide","guides/ph","ph","question_answer","581","STRONG","LOW","pool_season_leaning","clustered","uncited","KEEP","P3","overall_quality_score=2.6 -- strong across the rubric."
"https://waterbalancetools.com/guides/pool-chemistry-basics","guide","guides","guides","informational","314","ADEQUATE","MEDIUM","not_applicable","standalone","uncited","DIFFERENTIATE","P3","No P0/P1/P2 signal triggered by this audit pass."
"https://waterbalancetools.com/guides/questions/can-rain-affect-pool-chemistry","question-page","guides/questions","guides/questions","question_answer","689","STRONG","LOW","pool_season_leaning","standalone","uncited","KEEP","P3","overall_quality_score=2.6 -- strong across the rubric."
"https://waterbalancetools.com/guides/questions/can-you-swim-after-shocking-a-pool","question-page","guides/questions","guides/questions","question_answer","720","STRONG","LOW","pool_season_leaning","standalone","uncited","KEEP","P3","overall_quality_score=2.6 -- strong across the rubric."
"https://waterbalancetools.com/guides/questions/","question-page","guides/questions","guides/questions","informational","520","ADEQUATE","MEDIUM","pool_season_leaning","standalone","uncited","DIFFERENTIATE","P3","No P0/P1/P2 signal triggered by this audit pass."
"https://waterbalancetools.com/guides/questions/why-does-hot-tub-water-smell","question-page","guides/questions","guides/questions","question_answer","775","STRONG","LOW","pool_season_leaning","standalone","uncited","KEEP","P3","overall_quality_score=2.6 -- strong across the rubric."
"https://waterbalancetools.com/guides/questions/why-does-pool-water-turn-cloudy","question-page","guides/questions","guides/questions","question_answer","746","STRONG","LOW","pool_season_leaning","standalone","uncited","KEEP","P3","overall_quality_score=2.6 -- strong across the rubric."
"https://waterbalancetools.com/guides/questions/why-is-my-hot-tub-foamy","question-page","guides/questions","guides/questions","question_answer","769","STRONG","LOW","pool_season_leaning","standalone","uncited","KEEP","P3","overall_quality_score=2.6 -- strong across the rubric."
"https://waterbalancetools.com/guides/questions/why-is-my-pool-green-but-chlorine-is-high","question-page","guides/questions","guides/questions","question_answer","772","STRONG","LOW","pool_season_leaning","standalone","uncited","KEEP","P3","overall_quality_score=2.6 -- strong across the rubric."
"https://waterbalancetools.com/guides/seasonal/closing-pool-chemistry-winter","guide","guides/seasonal","seasonal","informational","230","ADEQUATE","LOW","hot_tub_year_round","clustered","uncited","IMPROVE","P3","On-page SEO issues: TITLE_TOO_LONG."
"https://waterbalancetools.com/guides/seasonal/","guide","guides/seasonal","seasonal","informational","386","ADEQUATE","LOW","hot_tub_year_round","clustered","uncited","KEEP","P3","No P0/P1/P2 signal triggered by this audit pass."
"https://waterbalancetools.com/guides/seasonal/opening-pool-chemistry-checklist","guide","guides/seasonal","seasonal","informational","257","ADEQUATE","LOW","hot_tub_year_round","clustered","uncited","IMPROVE","P3","On-page SEO issues: TITLE_TOO_LONG."
"https://waterbalancetools.com/guides/seasonal/summer-high-chlorine-demand","guide","guides/seasonal","seasonal","informational","218","ADEQUATE","LOW","hot_tub_year_round","clustered","uncited","IMPROVE","P3","On-page SEO issues: TITLE_TOO_LONG."
"https://waterbalancetools.com/guides/seasonal/winter-pool-maintenance-chemistry","guide","guides/seasonal","seasonal","informational","242","ADEQUATE","LOW","hot_tub_year_round","clustered","uncited","IMPROVE","P3","On-page SEO issues: TITLE_TOO_LONG."
"https://waterbalancetools.com/hot-tub-chemical-levels-chart","chart","root","root","question_answer","412","STRONG","LOW","not_applicable","standalone","uncited","IMPROVE","P3","On-page SEO issues: TITLE_TOO_LONG."
"https://waterbalancetools.com/hot-tub-chlorine-levels-chart","chart","root","root","question_answer","426","STRONG","LOW","not_applicable","standalone","uncited","KEEP","P3","overall_quality_score=2.8 -- strong across the rubric."
"https://waterbalancetools.com/","homepage","root","root","question_answer","368","STRONG","LOW","not_applicable","standalone","uncited","KEEP","P3","overall_quality_score=2.3 -- strong across the rubric."
"https://waterbalancetools.com/legal/","legal","legal","legal","informational","246","ADEQUATE","LOW","not_applicable","standalone","uncited","KEEP","P3","No P0/P1/P2 signal triggered by this audit pass."
"https://waterbalancetools.com/legal/legal","legal","legal","legal","informational","427","ADEQUATE","LOW","not_applicable","standalone","uncited","KEEP","P3","No P0/P1/P2 signal triggered by this audit pass."
"https://waterbalancetools.com/legal/ownership","legal","legal","legal","informational","82","ADEQUATE","LOW","not_applicable","standalone","uncited","IMPROVE","P2","word_count=82 -- thin content risk for AdSense/quality."
"https://waterbalancetools.com/maintenance/how-often-add-chlorine-pool","maintenance-guide","maintenance","maintenance","question_answer","205","STRONG","LOW","not_applicable","standalone","uncited","KEEP","P3","overall_quality_score=2.3 -- strong across the rubric."
"https://waterbalancetools.com/maintenance/how-to-balance-pool-water","maintenance-guide","maintenance","maintenance","informational","158","ADEQUATE","LOW","not_applicable","standalone","uncited","KEEP","P3","No P0/P1/P2 signal triggered by this audit pass."
"https://waterbalancetools.com/maintenance/how-to-fix-cloudy-hot-tub","maintenance-guide","maintenance","maintenance","informational","172","ADEQUATE","LOW","not_applicable","standalone","uncited","KEEP","P3","No P0/P1/P2 signal triggered by this audit pass."
"https://waterbalancetools.com/maintenance/","maintenance-hub","maintenance","maintenance","informational","336","ADEQUATE","LOW","not_applicable","standalone","uncited","KEEP","P3","No P0/P1/P2 signal triggered by this audit pass."
"https://waterbalancetools.com/methodology/calculation-assumptions/","methodology","methodology/calculation-assumptions","methodology/calculation-assumptions","informational","386","ADEQUATE","LOW","not_applicable","standalone","uncited","KEEP","P3","No P0/P1/P2 signal triggered by this audit pass."
"https://waterbalancetools.com/methodology/calculation-methodology/","methodology","methodology/calculation-methodology","methodology/calculation-methodology","informational","377","ADEQUATE","LOW","not_applicable","standalone","uncited","KEEP","P3","No P0/P1/P2 signal triggered by this audit pass."
"https://waterbalancetools.com/methodology/confidence-system/","methodology","methodology/confidence-system","methodology/confidence-system","informational","296","ADEQUATE","LOW","not_applicable","standalone","uncited","KEEP","P3","No P0/P1/P2 signal triggered by this audit pass."
"https://waterbalancetools.com/methodology/formula-selection/","methodology","methodology/formula-selection","methodology/formula-selection","informational","276","ADEQUATE","LOW","not_applicable","standalone","uncited","KEEP","P3","No P0/P1/P2 signal triggered by this audit pass."
"https://waterbalancetools.com/methodology/","methodology","methodology","methodology","informational","54","WEAK","LOW","not_applicable","standalone","uncited","IMPROVE","P2","word_count=54 -- thin content risk for AdSense/quality."
"https://waterbalancetools.com/methodology/known-limitations/","methodology","methodology/known-limitations","methodology/known-limitations","informational","384","ADEQUATE","LOW","not_applicable","standalone","uncited","KEEP","P3","No P0/P1/P2 signal triggered by this audit pass."
"https://waterbalancetools.com/methodology/precision-policy/","methodology","methodology/precision-policy","methodology/precision-policy","informational","297","ADEQUATE","LOW","not_applicable","standalone","uncited","KEEP","P3","No P0/P1/P2 signal triggered by this audit pass."
"https://waterbalancetools.com/methodology/rounding-policy/","methodology","methodology/rounding-policy","methodology/rounding-policy","informational","327","ADEQUATE","LOW","not_applicable","standalone","uncited","KEEP","P3","No P0/P1/P2 signal triggered by this audit pass."
"https://waterbalancetools.com/pool-alkalinity-levels-chart","chart","root","root","question_answer","407","STRONG","LOW","not_applicable","standalone","uncited","KEEP","P3","overall_quality_score=2.6 -- strong across the rubric."
"https://waterbalancetools.com/pool-chemical-levels-chart","chart","root","root","question_answer","357","STRONG","LOW","not_applicable","standalone","uncited","IMPROVE","P3","On-page SEO issues: TITLE_TOO_LONG."
"https://waterbalancetools.com/pool-chemistry-system","chart","root","root","informational","1212","STRONG","LOW","not_applicable","standalone","uncited","IMPROVE","P3","On-page SEO issues: TITLE_TOO_LONG."
"https://waterbalancetools.com/pool-chlorine-levels-chart","chart","root","root","question_answer","389","STRONG","LOW","not_applicable","standalone","uncited","IMPROVE","P3","On-page SEO issues: TITLE_TOO_LONG."
"https://waterbalancetools.com/pool-cya-levels-chart","chart","root","root","question_answer","367","STRONG","LOW","not_applicable","standalone","uncited","KEEP","P3","overall_quality_score=2.6 -- strong across the rubric."
"https://waterbalancetools.com/pool-ph-levels-chart","chart","root","root","question_answer","297","STRONG","LOW","not_applicable","standalone","uncited","KEEP","P3","overall_quality_score=2.4 -- strong across the rubric."
"https://waterbalancetools.com/printable/maintenance-checklist","printable","printable","printable","informational","91","ADEQUATE","LOW","not_applicable","standalone","uncited","IMPROVE","P2","word_count=91 -- thin content risk for AdSense/quality."
"https://waterbalancetools.com/printables/airbnb-pool-turnover-checklist","printable","printables","printables","informational","124","ADEQUATE","LOW","not_applicable","standalone","uncited","IMPROVE","P2","word_count=124 -- thin content risk for AdSense/quality."
"https://waterbalancetools.com/printables/hot-tub-maintenance-log","printable","printables","printables","informational","30","WEAK","LOW","not_applicable","standalone","uncited","IMPROVE","P2","word_count=30 -- thin content risk for AdSense/quality."
"https://waterbalancetools.com/printables/pool-maintenance-checklist","printable","printables","printables","informational","84","ADEQUATE","LOW","not_applicable","standalone","uncited","IMPROVE","P2","word_count=84 -- thin content risk for AdSense/quality."
"https://waterbalancetools.com/programmatic/behavior/how-often-to-shock-pool","programmatic-longtail","programmatic/behavior","programmatic/behavior","question_answer","516","ADEQUATE","LOW","pool_season_leaning","standalone","uncited","DIFFERENTIATE","P2","repetition_score=0: page shares several exact boilerplate paragraph/FAQ/table blocks with sibling pages despite otherwise original prose (originality_score=3) -- see programmatic-duplication.csv for family ""programmatic/behavior""."
"https://waterbalancetools.com/programmatic/behavior/how-often-to-test-pool-water","programmatic-longtail","programmatic/behavior","programmatic/behavior","question_answer","505","ADEQUATE","LOW","pool_season_leaning","standalone","uncited","DIFFERENTIATE","P2","repetition_score=0: page shares several exact boilerplate paragraph/FAQ/table blocks with sibling pages despite otherwise original prose (originality_score=3) -- see programmatic-duplication.csv for family ""programmatic/behavior""."
"https://waterbalancetools.com/programmatic/behavior/","programmatic-subhub","programmatic/behavior","programmatic/behavior","informational","384","ADEQUATE","LOW","pool_season_leaning","standalone","uncited","KEEP","P3","No P0/P1/P2 signal triggered by this audit pass."
"https://waterbalancetools.com/programmatic/behavior/when-to-add-chlorine","programmatic-longtail","programmatic/behavior","programmatic/behavior","question_answer","532","ADEQUATE","LOW","pool_season_leaning","standalone","uncited","DIFFERENTIATE","P2","repetition_score=0: page shares several exact boilerplate paragraph/FAQ/table blocks with sibling pages despite otherwise original prose (originality_score=3) -- see programmatic-duplication.csv for family ""programmatic/behavior""."
"https://waterbalancetools.com/programmatic/chlorine/how-much-chlorine-for-10000-gallon-pool","programmatic-longtail","programmatic/chlorine","chlorine","question_answer","699","ADEQUATE","HIGH","pool_season_leaning","clustered","uncited","MERGE_CANDIDATE","P1","originality_score=1 (near-duplicate of a sibling page's body text) -- see programmatic-duplication.csv for family ""programmatic/chlorine""."
"https://waterbalancetools.com/programmatic/chlorine/how-much-chlorine-for-12000-gallon-pool","programmatic-longtail","programmatic/chlorine","chlorine","question_answer","699","ADEQUATE","HIGH","pool_season_leaning","clustered","uncited","MERGE_CANDIDATE","P1","originality_score=1 (near-duplicate of a sibling page's body text) -- see programmatic-duplication.csv for family ""programmatic/chlorine""."
"https://waterbalancetools.com/programmatic/chlorine/how-much-chlorine-for-15000-gallon-pool","programmatic-longtail","programmatic/chlorine","chlorine","question_answer","700","ADEQUATE","HIGH","pool_season_leaning","clustered","uncited","MERGE_CANDIDATE","P1","originality_score=1 (near-duplicate of a sibling page's body text) -- see programmatic-duplication.csv for family ""programmatic/chlorine""."
"https://waterbalancetools.com/programmatic/chlorine/how-much-chlorine-for-18000-gallon-pool","programmatic-longtail","programmatic/chlorine","chlorine","question_answer","699","ADEQUATE","HIGH","pool_season_leaning","clustered","uncited","MERGE_CANDIDATE","P1","originality_score=1 (near-duplicate of a sibling page's body text) -- see programmatic-duplication.csv for family ""programmatic/chlorine""."
"https://waterbalancetools.com/programmatic/chlorine/how-much-chlorine-for-20000-gallon-pool","programmatic-longtail","programmatic/chlorine","chlorine","question_answer","698","ADEQUATE","HIGH","pool_season_leaning","clustered","uncited","MERGE_CANDIDATE","P1","originality_score=1 (near-duplicate of a sibling page's body text) -- see programmatic-duplication.csv for family ""programmatic/chlorine""."
"https://waterbalancetools.com/programmatic/chlorine/how-much-chlorine-for-25000-gallon-pool","programmatic-longtail","programmatic/chlorine","chlorine","question_answer","698","ADEQUATE","HIGH","pool_season_leaning","clustered","uncited","MERGE_CANDIDATE","P1","originality_score=1 (near-duplicate of a sibling page's body text) -- see programmatic-duplication.csv for family ""programmatic/chlorine""."
"https://waterbalancetools.com/programmatic/chlorine/how-much-chlorine-for-30000-gallon-pool","programmatic-longtail","programmatic/chlorine","chlorine","question_answer","701","ADEQUATE","HIGH","pool_season_leaning","clustered","uncited","MERGE_CANDIDATE","P1","originality_score=1 (near-duplicate of a sibling page's body text) -- see programmatic-duplication.csv for family ""programmatic/chlorine""."
"https://waterbalancetools.com/programmatic/chlorine/how-much-chlorine-for-5000-gallon-pool","programmatic-longtail","programmatic/chlorine","chlorine","question_answer","698","ADEQUATE","HIGH","pool_season_leaning","clustered","uncited","MERGE_CANDIDATE","P1","originality_score=1 (near-duplicate of a sibling page's body text) -- see programmatic-duplication.csv for family ""programmatic/chlorine""."
"https://waterbalancetools.com/programmatic/chlorine/how-much-chlorine-for-7000-gallon-pool","programmatic-longtail","programmatic/chlorine","chlorine","question_answer","697","ADEQUATE","HIGH","pool_season_leaning","clustered","uncited","MERGE_CANDIDATE","P1","originality_score=1 (near-duplicate of a sibling page's body text) -- see programmatic-duplication.csv for family ""programmatic/chlorine""."
"https://waterbalancetools.com/programmatic/chlorine/how-much-chlorine-for-8000-gallon-pool","programmatic-longtail","programmatic/chlorine","chlorine","question_answer","697","ADEQUATE","HIGH","pool_season_leaning","clustered","uncited","MERGE_CANDIDATE","P1","originality_score=1 (near-duplicate of a sibling page's body text) -- see programmatic-duplication.csv for family ""programmatic/chlorine""."
"https://waterbalancetools.com/programmatic/chlorine/how-much-chlorine-for-9000-gallon-pool","programmatic-longtail","programmatic/chlorine","chlorine","question_answer","695","ADEQUATE","HIGH","pool_season_leaning","clustered","uncited","MERGE_CANDIDATE","P1","originality_score=1 (near-duplicate of a sibling page's body text) -- see programmatic-duplication.csv for family ""programmatic/chlorine""."
"https://waterbalancetools.com/programmatic/chlorine/","programmatic-subhub","programmatic/chlorine","chlorine","informational","771","ADEQUATE","HIGH","pool_season_leaning","clustered","uncited","DIFFERENTIATE","P2","repetition_score=0: page shares several exact boilerplate paragraph/FAQ/table blocks with sibling pages despite otherwise original prose (originality_score=3) -- see programmatic-duplication.csv for family ""programmatic/chlorine""."
"https://waterbalancetools.com/programmatic/explanations/","programmatic-subhub","programmatic/explanations","programmatic/explanations","informational","358","ADEQUATE","LOW","pool_season_leaning","standalone","uncited","KEEP","P3","No P0/P1/P2 signal triggered by this audit pass."
"https://waterbalancetools.com/programmatic/explanations/what-is-pool-alkalinity","programmatic-longtail","programmatic/explanations","programmatic/explanations","question_answer","531","ADEQUATE","LOW","pool_season_leaning","standalone","uncited","DIFFERENTIATE","P2","repetition_score=0: page shares several exact boilerplate paragraph/FAQ/table blocks with sibling pages despite otherwise original prose (originality_score=3) -- see programmatic-duplication.csv for family ""programmatic/explanations""."
"https://waterbalancetools.com/programmatic/explanations/why-ph-affects-chlorine","programmatic-longtail","programmatic/explanations","programmatic/explanations","question_answer","567","ADEQUATE","LOW","pool_season_leaning","standalone","uncited","DIFFERENTIATE","P2","repetition_score=0: page shares several exact boilerplate paragraph/FAQ/table blocks with sibling pages despite otherwise original prose (originality_score=3) -- see programmatic-duplication.csv for family ""programmatic/explanations""."
"https://waterbalancetools.com/programmatic/explanations/why-shower-before-pool","programmatic-longtail","programmatic/explanations","programmatic/explanations","question_answer","549","ADEQUATE","LOW","pool_season_leaning","standalone","uncited","DIFFERENTIATE","P2","repetition_score=0: page shares several exact boilerplate paragraph/FAQ/table blocks with sibling pages despite otherwise original prose (originality_score=3) -- see programmatic-duplication.csv for family ""programmatic/explanations""."
"https://waterbalancetools.com/programmatic/hot-tubs/hot-tub-chemicals-for-200-gallons","programmatic-longtail","programmatic/hot-tubs","hot_tubs","question_answer","639","ADEQUATE","HIGH","hot_tub_year_round","clustered","uncited","MERGE_CANDIDATE","P1","originality_score=0 (near-duplicate of a sibling page's body text) -- see programmatic-duplication.csv for family ""programmatic/hot-tubs""."
"https://waterbalancetools.com/programmatic/hot-tubs/hot-tub-chemicals-for-300-gallons","programmatic-longtail","programmatic/hot-tubs","hot_tubs","question_answer","641","ADEQUATE","HIGH","hot_tub_year_round","clustered","uncited","MERGE_CANDIDATE","P1","originality_score=0 (near-duplicate of a sibling page's body text) -- see programmatic-duplication.csv for family ""programmatic/hot-tubs""."
"https://waterbalancetools.com/programmatic/hot-tubs/hot-tub-chemicals-for-400-gallons","programmatic-longtail","programmatic/hot-tubs","hot_tubs","question_answer","638","ADEQUATE","HIGH","hot_tub_year_round","clustered","uncited","MERGE_CANDIDATE","P1","originality_score=1 (near-duplicate of a sibling page's body text) -- see programmatic-duplication.csv for family ""programmatic/hot-tubs""."
"https://waterbalancetools.com/programmatic/hot-tubs/hot-tub-chemicals-for-500-gallons","programmatic-longtail","programmatic/hot-tubs","hot_tubs","question_answer","640","ADEQUATE","HIGH","hot_tub_year_round","clustered","uncited","MERGE_CANDIDATE","P1","originality_score=0 (near-duplicate of a sibling page's body text) -- see programmatic-duplication.csv for family ""programmatic/hot-tubs""."
"https://waterbalancetools.com/programmatic/hot-tubs/hot-tub-chemicals-for-600-gallons","programmatic-longtail","programmatic/hot-tubs","hot_tubs","question_answer","645","ADEQUATE","HIGH","hot_tub_year_round","clustered","uncited","MERGE_CANDIDATE","P1","originality_score=0 (near-duplicate of a sibling page's body text) -- see programmatic-duplication.csv for family ""programmatic/hot-tubs""."
"https://waterbalancetools.com/programmatic/hot-tubs/","programmatic-subhub","programmatic/hot-tubs","hot_tubs","informational","520","ADEQUATE","HIGH","hot_tub_year_round","clustered","uncited","DIFFERENTIATE","P3","No P0/P1/P2 signal triggered by this audit pass."
"https://waterbalancetools.com/programmatic/","programmatic-hub","programmatic","programmatic","informational","555","ADEQUATE","LOW","not_applicable","standalone","uncited","KEEP","P3","No P0/P1/P2 signal triggered by this audit pass."
"https://waterbalancetools.com/programmatic/ph/how-to-adjust-ph-from-6-8-to-7-2","programmatic-longtail","programmatic/ph","ph","question_answer","616","ADEQUATE","HIGH","pool_season_leaning","clustered","uncited","MERGE_CANDIDATE","P1","originality_score=1 (near-duplicate of a sibling page's body text) -- see programmatic-duplication.csv for family ""programmatic/ph""."
"https://waterbalancetools.com/programmatic/ph/how-to-adjust-ph-from-7-8-to-7-4","programmatic-longtail","programmatic/ph","ph","question_answer","600","ADEQUATE","HIGH","pool_season_leaning","clustered","uncited","MERGE_CANDIDATE","P1","originality_score=1 (near-duplicate of a sibling page's body text) -- see programmatic-duplication.csv for family ""programmatic/ph""."
"https://waterbalancetools.com/programmatic/ph/how-to-adjust-ph-from-7-to-7-4","programmatic-longtail","programmatic/ph","ph","question_answer","616","ADEQUATE","HIGH","pool_season_leaning","clustered","uncited","MERGE_CANDIDATE","P1","originality_score=1 (near-duplicate of a sibling page's body text) -- see programmatic-duplication.csv for family ""programmatic/ph""."
"https://waterbalancetools.com/programmatic/ph/how-to-adjust-ph-from-8-to-7-5","programmatic-longtail","programmatic/ph","ph","question_answer","602","ADEQUATE","HIGH","pool_season_leaning","clustered","uncited","MERGE_CANDIDATE","P1","originality_score=1 (near-duplicate of a sibling page's body text) -- see programmatic-duplication.csv for family ""programmatic/ph""."
"https://waterbalancetools.com/programmatic/ph/","programmatic-subhub","programmatic/ph","ph","informational","507","ADEQUATE","HIGH","pool_season_leaning","clustered","uncited","DIFFERENTIATE","P3","No P0/P1/P2 signal triggered by this audit pass."
"https://waterbalancetools.com/programmatic/problems/cloudy-pool-fix","programmatic-longtail","programmatic/problems","programmatic/problems","question_answer","585","ADEQUATE","LOW","pool_season_leaning","standalone","uncited","DIFFERENTIATE","P2","repetition_score=0: page shares several exact boilerplate paragraph/FAQ/table blocks with sibling pages despite otherwise original prose (originality_score=3) -- see programmatic-duplication.csv for family ""programmatic/problems""."
"https://waterbalancetools.com/programmatic/problems/green-pool-how-much-chlorine","programmatic-longtail","programmatic/problems","programmatic/problems","question_answer","608","ADEQUATE","LOW","pool_season_leaning","standalone","uncited","DIFFERENTIATE","P2","repetition_score=0: page shares several exact boilerplate paragraph/FAQ/table blocks with sibling pages despite otherwise original prose (originality_score=3) -- see programmatic-duplication.csv for family ""programmatic/problems""."
"https://waterbalancetools.com/programmatic/problems/high-chlorine-how-to-lower","programmatic-longtail","programmatic/problems","programmatic/problems","question_answer","566","ADEQUATE","LOW","pool_season_leaning","standalone","uncited","DIFFERENTIATE","P2","repetition_score=0: page shares several exact boilerplate paragraph/FAQ/table blocks with sibling pages despite otherwise original prose (originality_score=3) -- see programmatic-duplication.csv for family ""programmatic/problems""."
"https://waterbalancetools.com/programmatic/problems/","programmatic-subhub","programmatic/problems","programmatic/problems","informational","429","ADEQUATE","LOW","pool_season_leaning","standalone","uncited","KEEP","P3","No P0/P1/P2 signal triggered by this audit pass."
"https://waterbalancetools.com/programmatic/problems/low-alkalinity-symptoms","programmatic-longtail","programmatic/problems","programmatic/problems","question_answer","563","ADEQUATE","LOW","pool_season_leaning","standalone","uncited","DIFFERENTIATE","P2","repetition_score=0: page shares several exact boilerplate paragraph/FAQ/table blocks with sibling pages despite otherwise original prose (originality_score=3) -- see programmatic-duplication.csv for family ""programmatic/problems""."
"https://waterbalancetools.com/programmatic/shock/how-much-shock-for-10000-gallon-pool","programmatic-longtail","programmatic/shock","shock","question_answer","725","ADEQUATE","HIGH","pool_season_leaning","clustered","uncited","MERGE_CANDIDATE","P1","originality_score=0 (near-duplicate of a sibling page's body text) -- see programmatic-duplication.csv for family ""programmatic/shock""."
"https://waterbalancetools.com/programmatic/shock/how-much-shock-for-15000-gallon-pool","programmatic-longtail","programmatic/shock","shock","question_answer","731","ADEQUATE","HIGH","pool_season_leaning","clustered","uncited","MERGE_CANDIDATE","P1","originality_score=1 (near-duplicate of a sibling page's body text) -- see programmatic-duplication.csv for family ""programmatic/shock""."
"https://waterbalancetools.com/programmatic/shock/how-much-shock-for-20000-gallon-pool","programmatic-longtail","programmatic/shock","shock","question_answer","725","ADEQUATE","HIGH","pool_season_leaning","clustered","uncited","MERGE_CANDIDATE","P1","originality_score=0 (near-duplicate of a sibling page's body text) -- see programmatic-duplication.csv for family ""programmatic/shock""."
"https://waterbalancetools.com/programmatic/shock/how-much-shock-for-25000-gallon-pool","programmatic-longtail","programmatic/shock","shock","question_answer","729","ADEQUATE","HIGH","pool_season_leaning","clustered","uncited","MERGE_CANDIDATE","P1","originality_score=1 (near-duplicate of a sibling page's body text) -- see programmatic-duplication.csv for family ""programmatic/shock""."
"https://waterbalancetools.com/programmatic/shock/how-much-shock-for-30000-gallon-pool","programmatic-longtail","programmatic/shock","shock","question_answer","722","ADEQUATE","HIGH","pool_season_leaning","clustered","uncited","MERGE_CANDIDATE","P1","originality_score=1 (near-duplicate of a sibling page's body text) -- see programmatic-duplication.csv for family ""programmatic/shock""."
"https://waterbalancetools.com/programmatic/shock/how-much-shock-for-5000-gallon-pool","programmatic-longtail","programmatic/shock","shock","question_answer","729","ADEQUATE","HIGH","pool_season_leaning","clustered","uncited","MERGE_CANDIDATE","P1","originality_score=1 (near-duplicate of a sibling page's body text) -- see programmatic-duplication.csv for family ""programmatic/shock""."
"https://waterbalancetools.com/programmatic/shock/","programmatic-subhub","programmatic/shock","shock","informational","596","ADEQUATE","HIGH","pool_season_leaning","clustered","uncited","KEEP","P3","No P0/P1/P2 signal triggered by this audit pass."
"https://waterbalancetools.com/provenance/","provenance","provenance","provenance","informational","228","ADEQUATE","LOW","not_applicable","standalone","uncited","KEEP","P3","No P0/P1/P2 signal triggered by this audit pass."
"https://waterbalancetools.com/qa/certification","qa-internal","qa","qa","informational","98","WEAK","LOW","not_applicable","standalone","uncited","IMPROVE","P2","word_count=98 -- thin content risk for AdSense/quality."
"https://waterbalancetools.com/qa/","qa-internal","qa","qa","informational","171","ADEQUATE","LOW","not_applicable","standalone","uncited","IMPROVE","P3","On-page SEO issues: MISSING_META_DESCRIPTION."
"https://waterbalancetools.com/reference/alkalinity-table","reference-page","reference","reference","calculation","229","STRONG","LOW","not_applicable","clustered","cited","KEEP","P3","overall_quality_score=2.3 -- strong across the rubric."
"https://waterbalancetools.com/reference/calcium-hardness-explained","reference-page","reference","reference","question_answer","898","STRONG","LOW","not_applicable","clustered","uncited","KEEP","P3","overall_quality_score=2.7 -- strong across the rubric."
"https://waterbalancetools.com/reference/calculator-directory","reference-page","reference","reference","calculation","255","STRONG","LOW","not_applicable","clustered","cited","KEEP","P3","overall_quality_score=2.3 -- strong across the rubric."
"https://waterbalancetools.com/reference/chemical-compatibility","reference-page","reference","reference","informational","238","ADEQUATE","LOW","not_applicable","clustered","cited","KEEP","P3","No P0/P1/P2 signal triggered by this audit pass."
"https://waterbalancetools.com/reference/chemical-conversion-tables","reference-page","reference","reference","calculation","154","STRONG","LOW","not_applicable","clustered","cited","KEEP","P3","overall_quality_score=2.2 -- strong across the rubric."
"https://waterbalancetools.com/reference/chemical-safety","reference-page","reference","reference","informational","324","ADEQUATE","LOW","not_applicable","clustered","cited","KEEP","P3","No P0/P1/P2 signal triggered by this audit pass."
"https://waterbalancetools.com/reference/chemical-storage-guide","reference-page","reference","reference","informational","274","ADEQUATE","LOW","not_applicable","clustered","cited","KEEP","P3","No P0/P1/P2 signal triggered by this audit pass."
"https://waterbalancetools.com/reference/chlorine-effectiveness-chart","reference-page","reference","reference","calculation","207","STRONG","LOW","not_applicable","clustered","cited","KEEP","P3","overall_quality_score=2.3 -- strong across the rubric."
"https://waterbalancetools.com/reference/chlorine-explained","reference-page","reference","reference","question_answer","877","STRONG","LOW","not_applicable","clustered","uncited","KEEP","P3","overall_quality_score=2.7 -- strong across the rubric."
"https://waterbalancetools.com/reference/combined-chlorine-explained","reference-page","reference","reference","question_answer","950","STRONG","LOW","not_applicable","clustered","uncited","KEEP","P3","overall_quality_score=2.7 -- strong across the rubric."
"https://waterbalancetools.com/reference/common-pool-chemistry-mistakes","reference-page","reference","reference","informational","228","ADEQUATE","LOW","not_applicable","clustered","uncited","KEEP","P3","No P0/P1/P2 signal triggered by this audit pass."
"https://waterbalancetools.com/reference/cya-matrix","reference-page","reference","reference","calculation","223","STRONG","LOW","not_applicable","clustered","cited","KEEP","P3","overall_quality_score=2.3 -- strong across the rubric."
"https://waterbalancetools.com/reference/cyanuric-acid-explained","reference-page","reference","reference","question_answer","953","STRONG","LOW","not_applicable","clustered","uncited","KEEP","P3","overall_quality_score=2.7 -- strong across the rubric."
"https://waterbalancetools.com/reference/datasets/chemical-properties/","dataset-page","reference/datasets","reference/datasets","informational","1056","ADEQUATE","LOW","not_applicable","standalone","cited","IMPROVE","P3","On-page SEO issues: TITLE_TOO_LONG."
"https://waterbalancetools.com/reference/datasets/chemical-ranges/","dataset-page","reference/datasets","reference/datasets","informational","961","STRONG","LOW","not_applicable","standalone","cited","KEEP","P3","overall_quality_score=2.2 -- strong across the rubric."
"https://waterbalancetools.com/reference/datasets/compatibility/","dataset-page","reference/datasets","reference/datasets","informational","650","ADEQUATE","LOW","not_applicable","standalone","cited","KEEP","P3","No P0/P1/P2 signal triggered by this audit pass."
"https://waterbalancetools.com/reference/datasets/confidence-levels/","dataset-page","reference/datasets","reference/datasets","informational","266","ADEQUATE","LOW","not_applicable","standalone","cited","IMPROVE","P3","On-page SEO issues: TITLE_TOO_LONG."
"https://waterbalancetools.com/reference/datasets/conversion-factors/","dataset-page","reference/datasets","reference/datasets","informational","406","ADEQUATE","LOW","not_applicable","standalone","cited","IMPROVE","P3","On-page SEO issues: TITLE_TOO_LONG."
"https://waterbalancetools.com/reference/datasets/dosage-matrices/","dataset-page","reference/datasets","reference/datasets","informational","780","STRONG","LOW","not_applicable","standalone","cited","KEEP","P3","overall_quality_score=2.2 -- strong across the rubric."
"https://waterbalancetools.com/reference/datasets/hot-tub-ranges/","dataset-page","reference/datasets","reference/datasets","informational","209","ADEQUATE","LOW","not_applicable","standalone","cited","IMPROVE","P3","On-page SEO issues: META_DESCRIPTION_TOO_SHORT."
"https://waterbalancetools.com/reference/datasets/","dataset-page","reference/datasets","reference/datasets","informational","241","ADEQUATE","LOW","not_applicable","standalone","uncited","IMPROVE","P3","On-page SEO issues: TITLE_TOO_LONG."
"https://waterbalancetools.com/reference/datasets/maintenance-schedules/","dataset-page","reference/datasets","reference/datasets","informational","432","ADEQUATE","LOW","not_applicable","standalone","cited","IMPROVE","P3","On-page SEO issues: TITLE_TOO_LONG."
"https://waterbalancetools.com/reference/datasets/pool-types/","dataset-page","reference/datasets","reference/datasets","informational","261","ADEQUATE","LOW","not_applicable","standalone","cited","KEEP","P3","No P0/P1/P2 signal triggered by this audit pass."
"https://waterbalancetools.com/reference/datasets/temperature-guidelines/","dataset-page","reference/datasets","reference/datasets","informational","332","ADEQUATE","LOW","not_applicable","standalone","cited","IMPROVE","P3","On-page SEO issues: TITLE_TOO_LONG."
"https://waterbalancetools.com/reference/datasets/testing-frequency/","dataset-page","reference/datasets","reference/datasets","informational","343","ADEQUATE","LOW","not_applicable","standalone","cited","IMPROVE","P3","On-page SEO issues: TITLE_TOO_LONG."
"https://waterbalancetools.com/reference/datasets/units/","dataset-page","reference/datasets","reference/datasets","informational","483","ADEQUATE","LOW","not_applicable","standalone","cited","KEEP","P3","No P0/P1/P2 signal triggered by this audit pass."
"https://waterbalancetools.com/reference/datasets/version/","dataset-page","reference/datasets","reference/datasets","informational","160","ADEQUATE","LOW","not_applicable","standalone","uncited","KEEP","P3","No P0/P1/P2 signal triggered by this audit pass."
"https://waterbalancetools.com/reference/datasets/water-balance/","dataset-page","reference/datasets","reference/datasets","informational","295","ADEQUATE","LOW","not_applicable","standalone","cited","IMPROVE","P3","On-page SEO issues: TITLE_TOO_LONG."
"https://waterbalancetools.com/reference/datasets/water-problems/","dataset-page","reference/datasets","reference/datasets","informational","436","ADEQUATE","LOW","not_applicable","standalone","cited","KEEP","P3","No P0/P1/P2 signal triggered by this audit pass."
"https://waterbalancetools.com/reference/emergency-recovery","reference-page","reference","reference","calculation","330","STRONG","LOW","not_applicable","clustered","cited","KEEP","P3","overall_quality_score=2.2 -- strong across the rubric."
"https://waterbalancetools.com/reference/filter-comparison","reference-page","reference","reference","calculation","207","STRONG","LOW","not_applicable","clustered","cited","KEEP","P3","overall_quality_score=2.2 -- strong across the rubric."
"https://waterbalancetools.com/reference/free-chlorine-explained","reference-page","reference","reference","question_answer","896","STRONG","LOW","not_applicable","clustered","uncited","KEEP","P3","overall_quality_score=2.7 -- strong across the rubric."
"https://waterbalancetools.com/reference/ideal-pool-levels","reference-page","reference","reference","calculation","248","STRONG","LOW","not_applicable","clustered","cited","KEEP","P3","overall_quality_score=2.2 -- strong across the rubric."
"https://waterbalancetools.com/reference/ideal-spa-levels","reference-page","reference","reference","calculation","183","STRONG","LOW","not_applicable","clustered","cited","KEEP","P3","overall_quality_score=2.2 -- strong across the rubric."
"https://waterbalancetools.com/reference/","reference-hub","reference","reference","informational","252","ADEQUATE","LOW","not_applicable","clustered","uncited","KEEP","P3","No P0/P1/P2 signal triggered by this audit pass."
"https://waterbalancetools.com/reference/ph-table","reference-page","reference","reference","calculation","242","STRONG","LOW","not_applicable","clustered","cited","KEEP","P3","overall_quality_score=2.3 -- strong across the rubric."
"https://waterbalancetools.com/reference/pool-chemical-timeline","reference-page","reference","reference","calculation","237","STRONG","LOW","not_applicable","clustered","cited","KEEP","P3","overall_quality_score=2.2 -- strong across the rubric."
"https://waterbalancetools.com/reference/pool-chemicals-explained","reference-page","reference","reference","informational","234","ADEQUATE","LOW","not_applicable","clustered","uncited","KEEP","P3","No P0/P1/P2 signal triggered by this audit pass."
"https://waterbalancetools.com/reference/pool-chemistry-reference","reference-page","reference","reference","informational","649","STRONG","LOW","not_applicable","clustered","uncited","KEEP","P3","overall_quality_score=2.3 -- strong across the rubric."
"https://waterbalancetools.com/reference/pool-shape-guide","reference-page","reference","reference","calculation","223","STRONG","LOW","not_applicable","clustered","cited","KEEP","P3","overall_quality_score=2.2 -- strong across the rubric."
"https://waterbalancetools.com/reference/pool-volume-reference","reference-page","reference","reference","calculation","177","ADEQUATE","LOW","not_applicable","clustered","cited","KEEP","P3","No P0/P1/P2 signal triggered by this audit pass."
"https://waterbalancetools.com/reference/printable-resources-index","reference-page","reference","reference","informational","132","ADEQUATE","LOW","not_applicable","clustered","cited","IMPROVE","P2","word_count=132 -- thin content risk for AdSense/quality."
"https://waterbalancetools.com/reference/pump-sizing","reference-page","reference","reference","calculation","225","STRONG","LOW","not_applicable","clustered","cited","KEEP","P3","overall_quality_score=2.3 -- strong across the rubric."
"https://waterbalancetools.com/reference/recommended-water-temperature","reference-page","reference","reference","calculation","240","STRONG","LOW","not_applicable","clustered","cited","KEEP","P3","overall_quality_score=2.3 -- strong across the rubric."
"https://waterbalancetools.com/reference/salt-matrix","reference-page","reference","reference","calculation","257","STRONG","LOW","not_applicable","clustered","cited","KEEP","P3","overall_quality_score=2.3 -- strong across the rubric."
"https://waterbalancetools.com/reference/salt-water-generator-explained","reference-page","reference","reference","question_answer","993","STRONG","LOW","not_applicable","clustered","uncited","KEEP","P3","overall_quality_score=2.7 -- strong across the rubric."
"https://waterbalancetools.com/reference/shock-dosage-matrix","reference-page","reference","reference","calculation","251","STRONG","LOW","not_applicable","clustered","cited","KEEP","P3","overall_quality_score=2.4 -- strong across the rubric."
"https://waterbalancetools.com/reference/shock-treatment-explained","reference-page","reference","reference","question_answer","928","STRONG","LOW","not_applicable","clustered","uncited","KEEP","P3","overall_quality_score=2.7 -- strong across the rubric."
"https://waterbalancetools.com/reference/testing-frequency","reference-page","reference","reference","calculation","218","STRONG","LOW","not_applicable","clustered","cited","KEEP","P3","overall_quality_score=2.2 -- strong across the rubric."
"https://waterbalancetools.com/reference/total-alkalinity-explained","reference-page","reference","reference","question_answer","886","STRONG","LOW","not_applicable","clustered","uncited","KEEP","P3","overall_quality_score=2.7 -- strong across the rubric."
"https://waterbalancetools.com/reference/vacation-rental-maintenance-schedule","reference-page","reference","reference","calculation","231","STRONG","LOW","not_applicable","clustered","cited","KEEP","P3","overall_quality_score=2.2 -- strong across the rubric."
"https://waterbalancetools.com/reference/water-balance-checklist","reference-page","reference","reference","calculation","231","ADEQUATE","LOW","not_applicable","clustered","cited","KEEP","P3","No P0/P1/P2 signal triggered by this audit pass."
"https://waterbalancetools.com/reference/water-replacement-guidelines","reference-page","reference","reference","calculation","245","STRONG","LOW","not_applicable","clustered","cited","KEEP","P3","overall_quality_score=2.2 -- strong across the rubric."
"https://waterbalancetools.com/releases/1.0.0","release-notes","releases","releases","informational","206","ADEQUATE","MEDIUM","not_applicable","standalone","uncited","DIFFERENTIATE","P2","repetition_score=0: page shares several exact boilerplate paragraph/FAQ/table blocks with sibling pages despite otherwise original prose (originality_score=2) -- see programmatic-duplication.csv for family ""releases""."
"https://waterbalancetools.com/releases/1.1.0","release-notes","releases","releases","informational","189","WEAK","MEDIUM","not_applicable","standalone","uncited","DIFFERENTIATE","P2","repetition_score=0: page shares several exact boilerplate paragraph/FAQ/table blocks with sibling pages despite otherwise original prose (originality_score=2) -- see programmatic-duplication.csv for family ""releases""."
"https://waterbalancetools.com/releases/compatibility","release-notes","releases","releases","informational","60","WEAK","LOW","not_applicable","standalone","uncited","IMPROVE","P2","word_count=60 -- thin content risk for AdSense/quality."
"https://waterbalancetools.com/releases/","release-notes","releases","releases","informational","40","WEAK","LOW","not_applicable","standalone","uncited","IMPROVE","P2","word_count=40 -- thin content risk for AdSense/quality."
"https://waterbalancetools.com/reports/accessibility","internal-dashboard","reports","reports","informational","71","WEAK","LOW","not_applicable","standalone","uncited","IMPROVE","P2","word_count=71 -- thin content risk for AdSense/quality."
"https://waterbalancetools.com/reports/ai-readiness","internal-dashboard","reports","reports","informational","81","WEAK","LOW","not_applicable","standalone","uncited","IMPROVE","P2","word_count=81 -- thin content risk for AdSense/quality."
"https://waterbalancetools.com/reports/architecture","internal-dashboard","reports","reports","informational","114","ADEQUATE","LOW","not_applicable","standalone","uncited","IMPROVE","P2","word_count=114 -- thin content risk for AdSense/quality."
"https://waterbalancetools.com/reports/calculators","internal-dashboard","reports","reports","informational","64","WEAK","LOW","not_applicable","standalone","uncited","IMPROVE","P2","word_count=64 -- thin content risk for AdSense/quality."
"https://waterbalancetools.com/reports/content","internal-dashboard","reports","reports","informational","134","WEAK","LOW","not_applicable","standalone","uncited","IMPROVE","P2","word_count=134 -- thin content risk for AdSense/quality."
"https://waterbalancetools.com/reports/datasets","internal-dashboard","reports","reports","informational","59","WEAK","LOW","not_applicable","standalone","uncited","IMPROVE","P2","word_count=59 -- thin content risk for AdSense/quality."
"https://waterbalancetools.com/reports/entities","internal-dashboard","reports","reports","informational","64","WEAK","LOW","not_applicable","standalone","uncited","IMPROVE","P2","word_count=64 -- thin content risk for AdSense/quality."
"https://waterbalancetools.com/reports/indexing-intelligence","internal-dashboard","reports","reports","informational","83","WEAK","LOW","not_applicable","standalone","uncited","IMPROVE","P2","word_count=83 -- thin content risk for AdSense/quality."
"https://waterbalancetools.com/reports/links","internal-dashboard","reports","reports","informational","101","WEAK","LOW","not_applicable","standalone","uncited","IMPROVE","P2","word_count=101 -- thin content risk for AdSense/quality."
"https://waterbalancetools.com/reports/mobile","internal-dashboard","reports","reports","informational","90","WEAK","LOW","not_applicable","standalone","uncited","IMPROVE","P2","word_count=90 -- thin content risk for AdSense/quality."
"https://waterbalancetools.com/reports/performance","internal-dashboard","reports","reports","informational","72","WEAK","LOW","not_applicable","standalone","uncited","IMPROVE","P2","word_count=72 -- thin content risk for AdSense/quality."
"https://waterbalancetools.com/reports/schema","internal-dashboard","reports","reports","informational","53","WEAK","LOW","not_applicable","standalone","uncited","IMPROVE","P2","word_count=53 -- thin content risk for AdSense/quality."
"https://waterbalancetools.com/reports/seo","internal-dashboard","reports","reports","informational","107","WEAK","LOW","not_applicable","standalone","uncited","IMPROVE","P2","word_count=107 -- thin content risk for AdSense/quality."
"https://waterbalancetools.com/resources/airbnb-pool-turnover-checklist","resource","resources","resources","calculation","226","ADEQUATE","LOW","not_applicable","standalone","formula_based","IMPROVE","P3","On-page SEO issues: TITLE_TOO_LONG."
"https://waterbalancetools.com/resources/hot-tub-maintenance-log","resource","resources","resources","calculation","128","ADEQUATE","LOW","not_applicable","standalone","formula_based","IMPROVE","P2","word_count=128 -- thin content risk for AdSense/quality."
"https://waterbalancetools.com/resources/","resource-hub","resources","resources","informational","308","ADEQUATE","LOW","not_applicable","standalone","uncited","KEEP","P3","No P0/P1/P2 signal triggered by this audit pass."
"https://waterbalancetools.com/resources/pool-chemical-log-sheet","resource","resources","resources","calculation","141","ADEQUATE","LOW","not_applicable","standalone","formula_based","IMPROVE","P2","word_count=141 -- thin content risk for AdSense/quality."
"https://waterbalancetools.com/resources/pool-closing-checklist","resource","resources","resources","calculation","239","ADEQUATE","LOW","not_applicable","standalone","formula_based","KEEP","P3","No P0/P1/P2 signal triggered by this audit pass."
"https://waterbalancetools.com/resources/pool-maintenance-checklist","resource","resources","resources","calculation","228","ADEQUATE","LOW","not_applicable","standalone","formula_based","KEEP","P3","No P0/P1/P2 signal triggered by this audit pass."
"https://waterbalancetools.com/resources/pool-opening-checklist","resource","resources","resources","calculation","254","ADEQUATE","LOW","not_applicable","standalone","formula_based","KEEP","P3","No P0/P1/P2 signal triggered by this audit pass."
"https://waterbalancetools.com/resources/pool-shock-log","resource","resources","resources","calculation","143","ADEQUATE","LOW","not_applicable","standalone","formula_based","IMPROVE","P2","word_count=143 -- thin content risk for AdSense/quality."
"https://waterbalancetools.com/resources/water-test-log","resource","resources","resources","calculation","140","ADEQUATE","LOW","not_applicable","standalone","formula_based","IMPROVE","P2","word_count=140 -- thin content risk for AdSense/quality."
"https://waterbalancetools.com/revisions/","revision-log","revisions","revisions","informational","178","ADEQUATE","LOW","not_applicable","standalone","uncited","KEEP","P3","No P0/P1/P2 signal triggered by this audit pass."
"https://waterbalancetools.com/salt-water-pool-chemical-levels-chart","chart","root","root","question_answer","419","STRONG","LOW","not_applicable","standalone","uncited","KEEP","P3","overall_quality_score=2.7 -- strong across the rubric."
"https://waterbalancetools.com/search/","utility","search","search","informational","10","WEAK","LOW","not_applicable","standalone","uncited","IMPROVE","P2","word_count=10 -- thin content risk for AdSense/quality."
"https://waterbalancetools.com/tools/","utility","tools","tools","informational","353","ADEQUATE","LOW","not_applicable","standalone","uncited","KEEP","P3","No P0/P1/P2 signal triggered by this audit pass."
