claim_id,page_url,source_claim,parameter_id,environment,claim_type,current_production_statement,evidence_statement,source_registry_ids,decision,decision_reason,production_action,review_date
3c256b70dc1e3ce2,hot-tub-chemical-levels-chart.html,"Hot Tub Chemical Levels Chart Quick Answer Ideal hot tub chemical levels: free chlorine 3–5 ppm, pH 7.2–7.8, total alkalinity 80–120 ppm, calcium hardness 150–250 ppm, CYA 30–50 ppm (if using unstabilized chlorine).",cyanuric_acid,hot_tub,RANGE,"Hot Tub Chemical Levels Chart Quick Answer Ideal hot tub chemical levels: free chlorine 3–5 ppm, pH 7.2–7.8, total alkalinity 80–120 ppm, calcium hardness 150–250 ppm, CYA 30–50 ppm (if using unstabilized chlorine).","extraction_status=CORRECT_EXTRACTION, scientific_review_status=REQUIRES_REVIEW",,CORRECT_REQUIRED,CDC recommends against CYA/stabilized chlorine in hot tubs; corrected chart row and quick-answer text.,CORRECT_VALUE,2026-08-18
317e0ea96af98f4f,reference/combined-chlorine-explained.html,"Combined chlorine (CC) = Total chlorine − Free chlorine; target CC below 0.5 ppm The ""pool smell"" is chloramines, not excess free chlorine — CC is the warning sign CC above 0.5 ppm requires breakpoint chlorination: FC raised to 10× the CC reading Bather hygiene (showering before swimming) dramatical…",combined_chlorine,pool,RANGE,"Combined chlorine (CC) = Total chlorine − Free chlorine; target CC below 0.5 ppm The ""pool smell"" is chloramines, not excess free chlorine — CC is the warning sign CC above 0.5 ppm requires breakpoint chlorination: FC raised to 10× the CC reading Bather hygiene (showering before swimming) dramatical…","extraction_status=CORRECT_EXTRACTION, scientific_review_status=REQUIRES_REVIEW",,SUPPORTED_WITH_CONTEXT,Residential 0.5 ppm convention is real but site also has the stricter 0.4 ppm MAHC figure elsewhere; added context on the technical reference page.,ADD_CONTEXT,2026-08-18
9b5883473f17b6cd,academy/hot-tubs/shock-after-heavy-use.html,"Key Facts Test combined chlorine after heavy use — if above 0.5 ppm, a shock treatment is required.",combined_chlorine,unspecified,RANGE,"Key Facts Test combined chlorine after heavy use — if above 0.5 ppm, a shock treatment is required.","extraction_status=CORRECT_EXTRACTION, scientific_review_status=REQUIRES_REVIEW",,SUPPORTED_WITH_CONTEXT,"Same underlying finding as above; this page is a quick-answer callout, context added at the reference page instead (smallest correction principle).",NO_PRODUCTION_ACTION,2026-08-18
608025031537cf13,glossary/pool-shock-schedule.html,"Shock immediately after any heavy bather load, storm, or combined chlorine reading above 0.5 ppm.",combined_chlorine,unspecified,RANGE,"Shock immediately after any heavy bather load, storm, or combined chlorine reading above 0.5 ppm.","extraction_status=CORRECT_EXTRACTION, scientific_review_status=REQUIRES_REVIEW",,SUPPORTED_WITH_CONTEXT,"Same underlying finding; glossary quick-trigger entry, same reasoning as above.",NO_PRODUCTION_ACTION,2026-08-18
3bb0e016bca28ac0,comparisons/free-chlorine-vs-total-chlorine.html,"Free chlorine (FC) is the only form that actively kills bacteria and algae Total chlorine (TC) = Free Chlorine + Combined Chlorine Combined chlorine (CC = TC − FC) causes pool odor and eye irritation When CC exceeds 0.5 ppm, shock to 10× CC reading to eliminate chloramines Feature Comparison Feature…",combined_chlorine,pool,RANGE,"Free chlorine (FC) is the only form that actively kills bacteria and algae Total chlorine (TC) = Free Chlorine + Combined Chlorine Combined chlorine (CC = TC − FC) causes pool odor and eye irritation When CC exceeds 0.5 ppm, shock to 10× CC reading to eliminate chloramines Feature Comparison Feature…","extraction_status=CORRECT_EXTRACTION, scientific_review_status=REQUIRES_REVIEW",,SUPPORTED_WITH_CONTEXT,"Same underlying finding; comparison-table cell, same reasoning as above.",NO_PRODUCTION_ACTION,2026-08-18
afafa0a42ca5ecd7,calculators/spa-volume-calculator.html,Typical hot tubs are 300–500 gallons.,pool_volume,hot_tub,RANGE,Typical hot tubs are 300–500 gallons.,"extraction_status=CORRECT_EXTRACTION, scientific_review_status=AMBIGUOUS",,NOT_A_CLAIM,"Typical hot tub volume (300-500 gal) is a physical-capacity fact, not a chemistry source-checkable claim.",NO_PRODUCTION_ACTION,2026-08-18
95ff7debc53ce62f,pool-alkalinity-levels-chart.html,"Use 1.5 lb per 10,000 gallons to raise TA by approximately 10 ppm.",pool_volume,unspecified,RULE_OF_THUMB,"Use 1.5 lb per 10,000 gallons to raise TA by approximately 10 ppm.","extraction_status=CORRECT_EXTRACTION, scientific_review_status=AMBIGUOUS",,DEFERRED,"Alkalinity dosing coefficient -- already disclosed via Phase 7F Trust Panel correction (formula-alkalinity-adjustment, confidence=limited).",NO_PRODUCTION_ACTION,2026-08-18
dd0df4b5d44367b9,pool-chlorine-levels-chart.html,Chlorine targets (table) Scenario Free chlorine (typical) What it means Normal swimming 1–3 ppm Sanitize without excess irritation Heavy use / rain Top of range or brief bump Demand spikes; retest sooner Standard shock (example) ~+10 ppm granular raise One common product curve—verify with calculator…,chlorine_demand,unspecified,RANGE,Chlorine targets (table) Scenario Free chlorine (typical) What it means Normal swimming 1–3 ppm Sanitize without excess irritation Heavy use / rain Top of range or brief bump Demand spikes; retest sooner Standard shock (example) ~+10 ppm granular raise One common product curve—verify with calculator…,"extraction_status=CARRIED_CONTEXT, scientific_review_status=AMBIGUOUS",,DEFERRED,Shock dosing example -- already covered by SHOCK-CLAIM-FAMILY-DECISION.md (Phase 7E.1).,NO_PRODUCTION_ACTION,2026-08-18
7b592a388e5514ac,academy/fundamentals/how-temperature-changes-water-chemistry.html,"This is why pool pH tends to be higher in summer and why pools with waterfalls, fountains, or high-speed jets see faster pH rise — all of those features accelerate CO2 off-gassing.",ph,,,"This is why pool pH tends to be higher in summer and why pools with waterfalls, fountains, or high-speed jets see faster pH rise — all of those features accelerate CO2 off-gassing.",mechanical_category=DEFERRED,,DEFERRED,"No confident automated classification and not individually reviewed this phase -- genuinely lower priority per Step 11/12 (not safety-critical, not Tier-1, not a confirmed source conflict). Deferred, not resolved.",NO_PRODUCTION_ACTION,2026-08-18
3473187f4ce9851e,academy/sanitizers/liquid-chlorine-vs-tablets.html,It raises pH slightly (typically by 0.1–0.2 per dose for average pools) and does not add cyanuric acid.,ph,,,It raises pH slightly (typically by 0.1–0.2 per dose for average pools) and does not add cyanuric acid.,mechanical_category=DEFERRED,,DEFERRED,"No confident automated classification and not individually reviewed this phase -- genuinely lower priority per Step 11/12 (not safety-critical, not Tier-1, not a confirmed source conflict). Deferred, not resolved.",NO_PRODUCTION_ACTION,2026-08-18
40fb9a355eaa851e,academy/testing/common-testing-mistakes.html,Examples Solving Chronic Low Chlorine Readings A pool owner has been adding extra chlorine every week because readings consistently show FC near 0.5 ppm — yet the pool stays clear.,free_chlorine,,,Examples Solving Chronic Low Chlorine Readings A pool owner has been adding extra chlorine every week because readings consistently show FC near 0.5 ppm — yet the pool stays clear.,mechanical_category=EXAMPLE_CALCULATION,,NOT_A_CLAIM,"Troubleshooting worked-example section (""Examples...""/""Test(s) shows:..."") -- describes a specific scenario's readings, not a general recommendation. The original claim_type detector only recognizes ""for example""/""suppose""-style phrasing, missing this section-heading pattern -- a real, newly-found detection gap, not corrected in the extractor this phase (out of scope; documented for a future extraction pass).",NO_PRODUCTION_ACTION,2026-08-18
f64fef9bfcbcbf3e,academy/testing/understanding-test-results.html,"Is pH very high (above 8.0), making chlorine nearly inactive?",ph,,,"Is pH very high (above 8.0), making chlorine nearly inactive?",mechanical_category=DEFERRED,,DEFERRED,"No confident automated classification and not individually reviewed this phase -- genuinely lower priority per Step 11/12 (not safety-critical, not Tier-1, not a confirmed source conflict). Deferred, not resolved.",NO_PRODUCTION_ACTION,2026-08-18
9b3a54181522ecb9,academy/testing/understanding-test-results.html,"Examples Prioritising a Multi-Parameter Problem Test shows: FC 0.5 ppm, pH 7.9, TA 60 ppm, hardness 120 ppm.",free_chlorine,,,"Examples Prioritising a Multi-Parameter Problem Test shows: FC 0.5 ppm, pH 7.9, TA 60 ppm, hardness 120 ppm.",mechanical_category=EXAMPLE_CALCULATION,,NOT_A_CLAIM,"Troubleshooting worked-example section (""Examples...""/""Test(s) shows:..."") -- describes a specific scenario's readings, not a general recommendation. The original claim_type detector only recognizes ""for example""/""suppose""-style phrasing, missing this section-heading pattern -- a real, newly-found detection gap, not corrected in the extractor this phase (out of scope; documented for a future extraction pass).",NO_PRODUCTION_ACTION,2026-08-18
ba934eac9250f383,academy/testing/understanding-test-results.html,"Examples Prioritising a Multi-Parameter Problem Test shows: FC 0.5 ppm, pH 7.9, TA 60 ppm, hardness 120 ppm.",ph,,,"Examples Prioritising a Multi-Parameter Problem Test shows: FC 0.5 ppm, pH 7.9, TA 60 ppm, hardness 120 ppm.",mechanical_category=EXAMPLE_CALCULATION,,NOT_A_CLAIM,"Troubleshooting worked-example section (""Examples...""/""Test(s) shows:..."") -- describes a specific scenario's readings, not a general recommendation. The original claim_type detector only recognizes ""for example""/""suppose""-style phrasing, missing this section-heading pattern -- a real, newly-found detection gap, not corrected in the extractor this phase (out of scope; documented for a future extraction pass).",NO_PRODUCTION_ACTION,2026-08-18
31d15b31aab1c809,academy/testing/understanding-test-results.html,"Examples Prioritising a Multi-Parameter Problem Test shows: FC 0.5 ppm, pH 7.9, TA 60 ppm, hardness 120 ppm.",calcium_hardness,,,"Examples Prioritising a Multi-Parameter Problem Test shows: FC 0.5 ppm, pH 7.9, TA 60 ppm, hardness 120 ppm.",mechanical_category=EXAMPLE_CALCULATION,,NOT_A_CLAIM,"Troubleshooting worked-example section (""Examples...""/""Test(s) shows:..."") -- describes a specific scenario's readings, not a general recommendation. The original claim_type detector only recognizes ""for example""/""suppose""-style phrasing, missing this section-heading pattern -- a real, newly-found detection gap, not corrected in the extractor this phase (out of scope; documented for a future extraction pass).",NO_PRODUCTION_ACTION,2026-08-18
418c037e1d017895,academy/testing/using-test-strips.html,Re-testing with a liquid kit the next morning shows FC at 8 ppm — dangerous for swimming.,free_chlorine,,,Re-testing with a liquid kit the next morning shows FC at 8 ppm — dangerous for swimming.,mechanical_category=DEFERRED,,DEFERRED,"No confident automated classification and not individually reviewed this phase -- genuinely lower priority per Step 11/12 (not safety-critical, not Tier-1, not a confirmed source conflict). Deferred, not resolved.",NO_PRODUCTION_ACTION,2026-08-18
0a0a7b8ef6cefe4b,academy/troubleshooting/cloudy-water.html,"Examples Clearing Cloudy Water in 48 Hours Pool tests: FC 0.8 ppm, pH 7.9, TA 110 ppm.",free_chlorine,,,"Examples Clearing Cloudy Water in 48 Hours Pool tests: FC 0.8 ppm, pH 7.9, TA 110 ppm.",mechanical_category=EXAMPLE_CALCULATION,,NOT_A_CLAIM,"Troubleshooting worked-example section (""Examples...""/""Test(s) shows:..."") -- describes a specific scenario's readings, not a general recommendation. The original claim_type detector only recognizes ""for example""/""suppose""-style phrasing, missing this section-heading pattern -- a real, newly-found detection gap, not corrected in the extractor this phase (out of scope; documented for a future extraction pass).",NO_PRODUCTION_ACTION,2026-08-18
2040b58bbe1c925b,academy/troubleshooting/cloudy-water.html,"Examples Clearing Cloudy Water in 48 Hours Pool tests: FC 0.8 ppm, pH 7.9, TA 110 ppm.",ph,,,"Examples Clearing Cloudy Water in 48 Hours Pool tests: FC 0.8 ppm, pH 7.9, TA 110 ppm.",mechanical_category=EXAMPLE_CALCULATION,,NOT_A_CLAIM,"Troubleshooting worked-example section (""Examples...""/""Test(s) shows:..."") -- describes a specific scenario's readings, not a general recommendation. The original claim_type detector only recognizes ""for example""/""suppose""-style phrasing, missing this section-heading pattern -- a real, newly-found detection gap, not corrected in the extractor this phase (out of scope; documented for a future extraction pass).",NO_PRODUCTION_ACTION,2026-08-18
84a95e3fbf929872,academy/troubleshooting/corrosion.html,Testing shows pH 7.1 and Ca hardness 100 ppm — an LSI of approximately -1.0.,calcium_hardness,,,Testing shows pH 7.1 and Ca hardness 100 ppm — an LSI of approximately -1.0.,mechanical_category=DEFERRED,,DEFERRED,"No confident automated classification and not individually reviewed this phase -- genuinely lower priority per Step 11/12 (not safety-critical, not Tier-1, not a confirmed source conflict). Deferred, not resolved.",NO_PRODUCTION_ACTION,2026-08-18
4a69db2dd89752a3,academy/troubleshooting/scaling.html,"The fix: lower pH to 7.4 immediately (largest LSI impact), lower TA to 90 ppm, and plan a 30% partial drain to reduce hardness to ~340 ppm.",calcium_hardness,,,"The fix: lower pH to 7.4 immediately (largest LSI impact), lower TA to 90 ppm, and plan a 30% partial drain to reduce hardness to ~340 ppm.",mechanical_category=DEFERRED,,DEFERRED,"No confident automated classification and not individually reviewed this phase -- genuinely lower priority per Step 11/12 (not safety-critical, not Tier-1, not a confirmed source conflict). Deferred, not resolved.",NO_PRODUCTION_ACTION,2026-08-18
64590da4c954e6cc,academy/vacation-rentals/emergency-water-recovery.html,Step 5: Test every 4–6 hours and add more chlorine if FC drops below 10 ppm (sign that active algae or high chlorine demand is still consuming it).,free_chlorine,,,Step 5: Test every 4–6 hours and add more chlorine if FC drops below 10 ppm (sign that active algae or high chlorine demand is still consuming it).,mechanical_category=DEFERRED,,DEFERRED,"No confident automated classification and not individually reviewed this phase -- genuinely lower priority per Step 11/12 (not safety-critical, not Tier-1, not a confirmed source conflict). Deferred, not resolved.",NO_PRODUCTION_ACTION,2026-08-18
f5d774c25138e0f4,academy/vacation-rentals/emergency-water-recovery.html,"FC is zero, pH 8.1.",ph,,,"FC is zero, pH 8.1.",mechanical_category=DEFERRED,,DEFERRED,"No confident automated classification and not individually reviewed this phase -- genuinely lower priority per Step 11/12 (not safety-critical, not Tier-1, not a confirmed source conflict). Deferred, not resolved.",NO_PRODUCTION_ACTION,2026-08-18
8e3605b6538a01dc,academy/water-balance/understanding-calcium-hardness.html,"Typical dose for raising hardness by 10 ppm in a 10,000-gallon pool is approximately 1.25 lbs.",calcium_hardness,,,"Typical dose for raising hardness by 10 ppm in a 10,000-gallon pool is approximately 1.25 lbs.",mechanical_category=NON_CHEMISTRY_ARTIFACT,,NOT_A_CLAIM,"Dosage coefficient / formula constant, not a target range -- same category as the already-disclosed calculator dosing-constant findings (Phase 7F Trust Language Audit).",NO_PRODUCTION_ACTION,2026-08-18
16274f4e389c358b,academy/water-balance/understanding-cyanuric-acid.html,"Without CYA in an outdoor pool, chlorine exposed to direct sunlight at midday will deplete by 90% within two to three hours.",cyanuric_acid,,,"Without CYA in an outdoor pool, chlorine exposed to direct sunlight at midday will deplete by 90% within two to three hours.",mechanical_category=DEFERRED,,DEFERRED,"No confident automated classification and not individually reviewed this phase -- genuinely lower priority per Step 11/12 (not safety-critical, not Tier-1, not a confirmed source conflict). Deferred, not resolved.",NO_PRODUCTION_ACTION,2026-08-18
093ccad19793fcb4,academy/water-balance/understanding-cyanuric-acid.html,"At CYA 100 ppm and the same pH, only 6–7% is active.",cyanuric_acid,,,"At CYA 100 ppm and the same pH, only 6–7% is active.",mechanical_category=NON_CHEMISTRY_ARTIFACT,,NOT_A_CLAIM,"Describes what fraction/percentage of the parameter is in an active chemical form (e.g. ""22% remains as HOCl""), a chemistry-equilibrium fact, not a concentration target -- not comparable to a canonical range.",NO_PRODUCTION_ACTION,2026-08-18
e9421d8769be79c4,academy/water-balance/understanding-lsi.html,"Of the adjustable variables, pH has the largest impact on LSI because the pH factor in the formula is the raw pH value, not a lookup number — a 0.1 pH change shifts LSI by 0.1 directly.",ph,,,"Of the adjustable variables, pH has the largest impact on LSI because the pH factor in the formula is the raw pH value, not a lookup number — a 0.1 pH change shifts LSI by 0.1 directly.",mechanical_category=DEFERRED,,DEFERRED,"No confident automated classification and not individually reviewed this phase -- genuinely lower priority per Step 11/12 (not safety-critical, not Tier-1, not a confirmed source conflict). Deferred, not resolved.",NO_PRODUCTION_ACTION,2026-08-18
93dcf35c0bbb9853,academy/water-balance/understanding-ph.html,"At pH 8.0, only 22% remains as HOCl.",ph,,,"At pH 8.0, only 22% remains as HOCl.",mechanical_category=NON_CHEMISTRY_ARTIFACT,,NOT_A_CLAIM,"Describes what fraction/percentage of the parameter is in an active chemical form (e.g. ""22% remains as HOCl""), a chemistry-equilibrium fact, not a concentration target -- not comparable to a canonical range.",NO_PRODUCTION_ACTION,2026-08-18
2498d519df23327e,academy/water-balance/understanding-ph.html,This means a pool with 2 ppm FC at pH 7.2 has roughly the same effective sanitation as a pool with 6 ppm FC at pH 8.0.,free_chlorine,,,This means a pool with 2 ppm FC at pH 7.2 has roughly the same effective sanitation as a pool with 6 ppm FC at pH 8.0.,mechanical_category=CONTEXTUAL_DIFFERENCE,,SUPPORTED_WITH_CONTEXT,"Comparison/equivalence statement between two different readings or scenarios, not an assertion that either value is itself a target.",NO_PRODUCTION_ACTION,2026-08-18
9b80e2cb8d605ec1,academy/water-balance/understanding-ph.html,This means a pool with 2 ppm FC at pH 7.2 has roughly the same effective sanitation as a pool with 6 ppm FC at pH 8.0.,ph,,,This means a pool with 2 ppm FC at pH 7.2 has roughly the same effective sanitation as a pool with 6 ppm FC at pH 8.0.,mechanical_category=CONTEXTUAL_DIFFERENCE,,SUPPORTED_WITH_CONTEXT,"Comparison/equivalence statement between two different readings or scenarios, not an assertion that either value is itself a target.",NO_PRODUCTION_ACTION,2026-08-18
454da4a22bf5f8e4,academy/water-balance/water-balance-order.html,"Examples Full Rebalancing Sequence An opening test shows: TA 50 ppm, pH 7.0, CH 100 ppm, FC 0.",total_alkalinity,,,"Examples Full Rebalancing Sequence An opening test shows: TA 50 ppm, pH 7.0, CH 100 ppm, FC 0.",mechanical_category=EXAMPLE_CALCULATION,,NOT_A_CLAIM,"Troubleshooting worked-example section (""Examples...""/""Test(s) shows:..."") -- describes a specific scenario's readings, not a general recommendation. The original claim_type detector only recognizes ""for example""/""suppose""-style phrasing, missing this section-heading pattern -- a real, newly-found detection gap, not corrected in the extractor this phase (out of scope; documented for a future extraction pass).",NO_PRODUCTION_ACTION,2026-08-18
59ed7f611dc0ba7f,academy/water-balance/water-balance-order.html,"Examples Full Rebalancing Sequence An opening test shows: TA 50 ppm, pH 7.0, CH 100 ppm, FC 0.",calcium_hardness,,,"Examples Full Rebalancing Sequence An opening test shows: TA 50 ppm, pH 7.0, CH 100 ppm, FC 0.",mechanical_category=EXAMPLE_CALCULATION,,NOT_A_CLAIM,"Troubleshooting worked-example section (""Examples...""/""Test(s) shows:..."") -- describes a specific scenario's readings, not a general recommendation. The original claim_type detector only recognizes ""for example""/""suppose""-style phrasing, missing this section-heading pattern -- a real, newly-found detection gap, not corrected in the extractor this phase (out of scope; documented for a future extraction pass).",NO_PRODUCTION_ACTION,2026-08-18
2fc8022383997c62,audit/google/crawl-depth.html,"(Dilution, pH & Chlorine) 2 /guides/edge-cases/swimming-after-shocking-pool How Long After Shocking a Pool Can You Swim?",ph,,,"(Dilution, pH & Chlorine) 2 /guides/edge-cases/swimming-after-shocking-pool How Long After Shocking a Pool Can You Swim?",mechanical_category=DEFERRED,,DEFERRED,"No confident automated classification and not individually reviewed this phase -- genuinely lower priority per Step 11/12 (not safety-critical, not Tier-1, not a confirmed source conflict). Deferred, not resolved.",NO_PRODUCTION_ACTION,2026-08-18
2d9b4af858a56337,comparisons/index.html,How to interpret test results and when CC above 0.5 ppm requires action.,combined_chlorine,,,How to interpret test results and when CC above 0.5 ppm requires action.,mechanical_category=DEFERRED,,DEFERRED,"No confident automated classification and not individually reviewed this phase -- genuinely lower priority per Step 11/12 (not safety-critical, not Tier-1, not a confirmed source conflict). Deferred, not resolved.",NO_PRODUCTION_ACTION,2026-08-18
76f42a60ed0a11ee,entities/index.html,Measurement (10) pH — The measure of hydrogen ion concentration indicating acidity or alkalinity of pool water.,ph,,,Measurement (10) pH — The measure of hydrogen ion concentration indicating acidity or alkalinity of pool water.,mechanical_category=DEFERRED,,DEFERRED,"No confident automated classification and not individually reviewed this phase -- genuinely lower priority per Step 11/12 (not safety-critical, not Tier-1, not a confirmed source conflict). Deferred, not resolved.",NO_PRODUCTION_ACTION,2026-08-18
69218482f6f75dd0,entities/pool-salt.html,Definition Quick Facts Relationships Calculators Related Entities Definition High-purity sodium chloride (99.8%+) for use in saltwater pool systems.,salt,,,Definition Quick Facts Relationships Calculators Related Entities Definition High-purity sodium chloride (99.8%+) for use in saltwater pool systems.,mechanical_category=DEFERRED,,DEFERRED,"No confident automated classification and not individually reviewed this phase -- genuinely lower priority per Step 11/12 (not safety-critical, not Tier-1, not a confirmed source conflict). Deferred, not resolved.",NO_PRODUCTION_ACTION,2026-08-18
85cb9e09a9140606,formulas/alkalinity-formula.html,"To raise alkalinity: sodium bicarbonate (baking soda). 1.5 lbs per 10,000 gallons raises TA by approximately 10 ppm.",total_alkalinity,,,"To raise alkalinity: sodium bicarbonate (baking soda). 1.5 lbs per 10,000 gallons raises TA by approximately 10 ppm.",mechanical_category=NON_CHEMISTRY_ARTIFACT,,NOT_A_CLAIM,"Dosage coefficient / formula constant, not a target range -- same category as the already-disclosed calculator dosing-constant findings (Phase 7F Trust Language Audit).",NO_PRODUCTION_ACTION,2026-08-18
44f8f7b82bc4c705,formulas/alkalinity-formula.html,Limitations & Notes Sodium bicarbonate also causes a slight pH increase — usually 0.1 to 0.2 pH units for typical doses.,ph,,,Limitations & Notes Sodium bicarbonate also causes a slight pH increase — usually 0.1 to 0.2 pH units for typical doses.,mechanical_category=DEFERRED,,DEFERRED,"No confident automated classification and not individually reviewed this phase -- genuinely lower priority per Step 11/12 (not safety-critical, not Tier-1, not a confirmed source conflict). Deferred, not resolved.",NO_PRODUCTION_ACTION,2026-08-18
cebb56e104077c75,formulas/ph-adjustment-formula.html,"To raise pH: use sodium carbonate (soda ash) — approximately 6 oz per 10,000 gallons per 0.2 pH unit increase.",ph,,,"To raise pH: use sodium carbonate (soda ash) — approximately 6 oz per 10,000 gallons per 0.2 pH unit increase.",mechanical_category=NON_CHEMISTRY_ARTIFACT,,NOT_A_CLAIM,"Dosage coefficient / formula constant, not a target range -- same category as the already-disclosed calculator dosing-constant findings (Phase 7F Trust Language Audit).",NO_PRODUCTION_ACTION,2026-08-18
9edbb678ce36f0b9,formulas/ph-adjustment-formula.html,Accuracy decreases for adjustments > ±0.5 pH units.,ph,,,Accuracy decreases for adjustments > ±0.5 pH units.,mechanical_category=DEFERRED,,DEFERRED,"No confident automated classification and not individually reviewed this phase -- genuinely lower priority per Step 11/12 (not safety-critical, not Tier-1, not a confirmed source conflict). Deferred, not resolved.",NO_PRODUCTION_ACTION,2026-08-18
7e0f558879172a0a,formulas/salt-formula.html,Pool-grade salt is 99.8%+ pure sodium chloride — do not use rock salt or water softener salt with additives.,salt,,,Pool-grade salt is 99.8%+ pure sodium chloride — do not use rock salt or water softener salt with additives.,mechanical_category=DEFERRED,,DEFERRED,"No confident automated classification and not individually reviewed this phase -- genuinely lower priority per Step 11/12 (not safety-critical, not Tier-1, not a confirmed source conflict). Deferred, not resolved.",NO_PRODUCTION_ACTION,2026-08-18
e4720708b5b23e6a,formulas/salt-formula.html,"It only needs to be replenished after significant water loss (drain, splash-out, backwash) or heavy rainfall (dilution). 1 lb of salt per 10,000 gallons raises salt level by approximately 12 ppm.",salt,,,"It only needs to be replenished after significant water loss (drain, splash-out, backwash) or heavy rainfall (dilution). 1 lb of salt per 10,000 gallons raises salt level by approximately 12 ppm.",mechanical_category=NON_CHEMISTRY_ARTIFACT,,NOT_A_CLAIM,"Dosage coefficient / formula constant, not a target range -- same category as the already-disclosed calculator dosing-constant findings (Phase 7F Trust Language Audit).",NO_PRODUCTION_ACTION,2026-08-18
d77fd506ec0b8ca4,formulas/shock-formula.html,Algae recovery typically requires 20–30 ppm FC.,free_chlorine,,,Algae recovery typically requires 20–30 ppm FC.,mechanical_category=DEFERRED,,DEFERRED,"No confident automated classification and not individually reviewed this phase -- genuinely lower priority per Step 11/12 (not safety-critical, not Tier-1, not a confirmed source conflict). Deferred, not resolved.",NO_PRODUCTION_ACTION,2026-08-18
acf78727cc9cf3b7,glossary/black-algae.html,"Definition Details Values Definition Black algae is a stubborn, deeply rooted algae species that forms black or dark blue-green spots on pool plaster surfaces. &#127919; Typical Values: Treatment: 20–30 ppm FC maintained for 3–5 days; requires vigorous brushing In Plain Language Despite its name, bl…",free_chlorine,,,"Definition Details Values Definition Black algae is a stubborn, deeply rooted algae species that forms black or dark blue-green spots on pool plaster surfaces. &#127919; Typical Values: Treatment: 20–30 ppm FC maintained for 3–5 days; requires vigorous brushing In Plain Language Despite its name, bl…",mechanical_category=DEFERRED,,DEFERRED,"No confident automated classification and not individually reviewed this phase -- genuinely lower priority per Step 11/12 (not safety-critical, not Tier-1, not a confirmed source conflict). Deferred, not resolved.",NO_PRODUCTION_ACTION,2026-08-18
967a7fd1a6b0bdb7,glossary/black-algae.html,"Treatment requires physically scrubbing the spots aggressively with a stiff brush to break the protective layer, then maintaining very high FC levels (20–30 ppm) for several days.",free_chlorine,,,"Treatment requires physically scrubbing the spots aggressively with a stiff brush to break the protective layer, then maintaining very high FC levels (20–30 ppm) for several days.",mechanical_category=DEFERRED,,DEFERRED,"No confident automated classification and not individually reviewed this phase -- genuinely lower priority per Step 11/12 (not safety-critical, not Tier-1, not a confirmed source conflict). Deferred, not resolved.",NO_PRODUCTION_ACTION,2026-08-18
fd36093250221e4d,glossary/carbon-dioxide.html,"Pools with high aeration (waterfalls, fountains, spa jets) off-gas CO2 rapidly, which raises pH as the acidic CO2 leaves the water.",ph,,,"Pools with high aeration (waterfalls, fountains, spa jets) off-gas CO2 rapidly, which raises pH as the acidic CO2 leaves the water.",mechanical_category=DEFERRED,,DEFERRED,"No confident automated classification and not individually reviewed this phase -- genuinely lower priority per Step 11/12 (not safety-critical, not Tier-1, not a confirmed source conflict). Deferred, not resolved.",NO_PRODUCTION_ACTION,2026-08-18
f86db4e02b320ce5,glossary/carbon-dioxide.html,"Conversely, adding CO2 gas (through a CO2 injection system) is an alternative to muriatic acid for pH control in commercial pools — it is safer and provides precise pH management.",ph,,,"Conversely, adding CO2 gas (through a CO2 injection system) is an alternative to muriatic acid for pH control in commercial pools — it is safer and provides precise pH management.",mechanical_category=DEFERRED,,DEFERRED,"No confident automated classification and not individually reviewed this phase -- genuinely lower priority per Step 11/12 (not safety-critical, not Tier-1, not a confirmed source conflict). Deferred, not resolved.",NO_PRODUCTION_ACTION,2026-08-18
415c4fde4133185a,glossary/carbon-dioxide.html,"Conversely, adding CO2 gas (through a CO2 injection system) is an alternative to muriatic acid for pH control in commercial pools — it is safer and provides precise pH management.",ph,,,"Conversely, adding CO2 gas (through a CO2 injection system) is an alternative to muriatic acid for pH control in commercial pools — it is safer and provides precise pH management.",mechanical_category=DEFERRED,,DEFERRED,"No confident automated classification and not individually reviewed this phase -- genuinely lower priority per Step 11/12 (not safety-critical, not Tier-1, not a confirmed source conflict). Deferred, not resolved.",NO_PRODUCTION_ACTION,2026-08-18
1156c31fad77947c,glossary/chloramine.html,"They are the primary cause of pool odour and eye irritation. &#127919; Typical Values: Action threshold: 0.5 ppm combined chlorine In Plain Language The main chloramines in pool water are monochloramine (NH2Cl), dichloramine (NHCl2), and nitrogen trichloride (NCl3).",combined_chlorine,,,"They are the primary cause of pool odour and eye irritation. &#127919; Typical Values: Action threshold: 0.5 ppm combined chlorine In Plain Language The main chloramines in pool water are monochloramine (NH2Cl), dichloramine (NHCl2), and nitrogen trichloride (NCl3).",mechanical_category=DEFERRED,,DEFERRED,"No confident automated classification and not individually reviewed this phase -- genuinely lower priority per Step 11/12 (not safety-critical, not Tier-1, not a confirmed source conflict). Deferred, not resolved.",NO_PRODUCTION_ACTION,2026-08-18
c5603fbc359a4b45,glossary/cyanuric-acid.html,"Definition Details Values Definition Cyanuric acid is a stabilizing compound that forms a reversible bond with free chlorine in pool water, protecting it from UV degradation. &#127919; Typical Values: Standard pools: 30–50 ppm; Salt pools: 60–80 ppm; Never above 100 ppm for normal pools In Plain Lan…",salt,,,"Definition Details Values Definition Cyanuric acid is a stabilizing compound that forms a reversible bond with free chlorine in pool water, protecting it from UV degradation. &#127919; Typical Values: Standard pools: 30–50 ppm; Salt pools: 60–80 ppm; Never above 100 ppm for normal pools In Plain Lan…",mechanical_category=DEFERRED,,DEFERRED,"No confident automated classification and not individually reviewed this phase -- genuinely lower priority per Step 11/12 (not safety-critical, not Tier-1, not a confirmed source conflict). Deferred, not resolved.",NO_PRODUCTION_ACTION,2026-08-18
b1f821a6668088c6,glossary/cyanuric-acid.html,"Definition Details Values Definition Cyanuric acid is a stabilizing compound that forms a reversible bond with free chlorine in pool water, protecting it from UV degradation. &#127919; Typical Values: Standard pools: 30–50 ppm; Salt pools: 60–80 ppm; Never above 100 ppm for normal pools In Plain Lan…",salt,,,"Definition Details Values Definition Cyanuric acid is a stabilizing compound that forms a reversible bond with free chlorine in pool water, protecting it from UV degradation. &#127919; Typical Values: Standard pools: 30–50 ppm; Salt pools: 60–80 ppm; Never above 100 ppm for normal pools In Plain Lan…",mechanical_category=DEFERRED,,DEFERRED,"No confident automated classification and not individually reviewed this phase -- genuinely lower priority per Step 11/12 (not safety-critical, not Tier-1, not a confirmed source conflict). Deferred, not resolved.",NO_PRODUCTION_ACTION,2026-08-18
d064285c8d34de18,glossary/free-chlorine.html,"Definition Details Values Definition Free chlorine is the concentration of active, unsaturated chlorine available in pool water to sanitise and disinfect. &#127919; Typical Values: Pools: 1–3 ppm; Hot tubs: 3–5 ppm; Minimum safe: 1.0 ppm In Plain Language Free chlorine consists of two forms: hypochl…",free_chlorine,,,"Definition Details Values Definition Free chlorine is the concentration of active, unsaturated chlorine available in pool water to sanitise and disinfect. &#127919; Typical Values: Pools: 1–3 ppm; Hot tubs: 3–5 ppm; Minimum safe: 1.0 ppm In Plain Language Free chlorine consists of two forms: hypochl…",mechanical_category=DEFERRED,,DEFERRED,"No confident automated classification and not individually reviewed this phase -- genuinely lower priority per Step 11/12 (not safety-critical, not Tier-1, not a confirmed source conflict). Deferred, not resolved.",NO_PRODUCTION_ACTION,2026-08-18
64d72250b0a6acd9,glossary/green-algae.html,"Definition Details Values Definition Green algae is the most common pool algae species, causing water to turn green or teal and surfaces to become slippery. &#127919; Typical Values: Kill dose: 30 ppm FC (active bloom); Maintain 1–3 ppm FC to prevent In Plain Language Green algae (Chlorophyta) is fr…",free_chlorine,,,"Definition Details Values Definition Green algae is the most common pool algae species, causing water to turn green or teal and surfaces to become slippery. &#127919; Typical Values: Kill dose: 30 ppm FC (active bloom); Maintain 1–3 ppm FC to prevent In Plain Language Green algae (Chlorophyta) is fr…",mechanical_category=DEFERRED,,DEFERRED,"No confident automated classification and not individually reviewed this phase -- genuinely lower priority per Step 11/12 (not safety-critical, not Tier-1, not a confirmed source conflict). Deferred, not resolved.",NO_PRODUCTION_ACTION,2026-08-18
7e855272dcd2c18e,glossary/hypochlorous-acid.html,"The proportion of HOCl is controlled entirely by pH — at pH 7.2, about 67% is HOCl; at pH 8.0, only 22% is HOCl.",ph,,,"The proportion of HOCl is controlled entirely by pH — at pH 7.2, about 67% is HOCl; at pH 8.0, only 22% is HOCl.",mechanical_category=DEFERRED,,DEFERRED,"No confident automated classification and not individually reviewed this phase -- genuinely lower priority per Step 11/12 (not safety-critical, not Tier-1, not a confirmed source conflict). Deferred, not resolved.",NO_PRODUCTION_ACTION,2026-08-18
166cc39500b89698,glossary/mustard-algae.html,"Definition Details Values Definition Mustard algae is a yellow-brown pool algae species that brushes off easily but quickly returns, caused by a chlorine-resistant strain. &#127919; Typical Values: Treatment: 30 ppm FC; wash all swimwear and equipment during treatment In Plain Language Mustard algae…",free_chlorine,,,"Definition Details Values Definition Mustard algae is a yellow-brown pool algae species that brushes off easily but quickly returns, caused by a chlorine-resistant strain. &#127919; Typical Values: Treatment: 30 ppm FC; wash all swimwear and equipment during treatment In Plain Language Mustard algae…",mechanical_category=DEFERRED,,DEFERRED,"No confident automated classification and not individually reviewed this phase -- genuinely lower priority per Step 11/12 (not safety-critical, not Tier-1, not a confirmed source conflict). Deferred, not resolved.",NO_PRODUCTION_ACTION,2026-08-18
913db1838d10d258,glossary/mustard-algae.html,It is resistant to normal chlorine levels but is effectively treated with a thorough superchlorination of 30 ppm FC and simultaneous treatment of all equipment that contacted the water.,free_chlorine,,,It is resistant to normal chlorine levels but is effectively treated with a thorough superchlorination of 30 ppm FC and simultaneous treatment of all equipment that contacted the water.,mechanical_category=DEFERRED,,DEFERRED,"No confident automated classification and not individually reviewed this phase -- genuinely lower priority per Step 11/12 (not safety-critical, not Tier-1, not a confirmed source conflict). Deferred, not resolved.",NO_PRODUCTION_ACTION,2026-08-18
0489924a31af66a5,glossary/ph-bounce.html,"Small additions of acid or base, rain, or even bather activity can cause pH to swing by 0.5–1.0 units.",ph,,,"Small additions of acid or base, rain, or even bather activity can cause pH to swing by 0.5–1.0 units.",mechanical_category=DEFERRED,,DEFERRED,"No confident automated classification and not individually reviewed this phase -- genuinely lower priority per Step 11/12 (not safety-critical, not Tier-1, not a confirmed source conflict). Deferred, not resolved.",NO_PRODUCTION_ACTION,2026-08-18
8c80c9a5b619b270,glossary/ph-increaser.html,Sodium carbonate (Na2CO3) raises pH quickly with a modest alkalinity increase.,ph,,,Sodium carbonate (Na2CO3) raises pH quickly with a modest alkalinity increase.,mechanical_category=DEFERRED,,DEFERRED,"No confident automated classification and not individually reviewed this phase -- genuinely lower priority per Step 11/12 (not safety-critical, not Tier-1, not a confirmed source conflict). Deferred, not resolved.",NO_PRODUCTION_ACTION,2026-08-18
7a9c6ef12e2838c3,glossary/ph-increaser.html,Sodium carbonate (Na2CO3) raises pH quickly with a modest alkalinity increase.,ph,,,Sodium carbonate (Na2CO3) raises pH quickly with a modest alkalinity increase.,mechanical_category=DEFERRED,,DEFERRED,"No confident automated classification and not individually reviewed this phase -- genuinely lower priority per Step 11/12 (not safety-critical, not Tier-1, not a confirmed source conflict). Deferred, not resolved.",NO_PRODUCTION_ACTION,2026-08-18
4a4c77cbb6a5f301,glossary/ph.html,"At pH 8.0, only 22% is active. pH also affects swimmer comfort (human tears are pH 7.4), surface corrosion (low pH), and scaling (high pH). pH naturally drifts upward in pools as CO2 off-gasses from the water surface.",ph,,,"At pH 8.0, only 22% is active. pH also affects swimmer comfort (human tears are pH 7.4), surface corrosion (low pH), and scaling (high pH). pH naturally drifts upward in pools as CO2 off-gasses from the water surface.",mechanical_category=NON_CHEMISTRY_ARTIFACT,,NOT_A_CLAIM,"Describes what fraction/percentage of the parameter is in an active chemical form (e.g. ""22% remains as HOCl""), a chemistry-equilibrium fact, not a concentration target -- not comparable to a canonical range.",NO_PRODUCTION_ACTION,2026-08-18
d6f39703f2b1766e,glossary/ph.html,"At pH 8.0, only 22% is active. pH also affects swimmer comfort (human tears are pH 7.4), surface corrosion (low pH), and scaling (high pH). pH naturally drifts upward in pools as CO2 off-gasses from the water surface.",ph,,,"At pH 8.0, only 22% is active. pH also affects swimmer comfort (human tears are pH 7.4), surface corrosion (low pH), and scaling (high pH). pH naturally drifts upward in pools as CO2 off-gasses from the water surface.",mechanical_category=NON_CHEMISTRY_ARTIFACT,,NOT_A_CLAIM,"Describes what fraction/percentage of the parameter is in an active chemical form (e.g. ""22% remains as HOCl""), a chemistry-equilibrium fact, not a concentration target -- not comparable to a canonical range.",NO_PRODUCTION_ACTION,2026-08-18
be1d7d65526739bf,glossary/salt-chlorination.html,"Definition Details Values Definition Salt chlorination (salt water generation) is a system that produces free chlorine continuously by electrolyzing dissolved sodium chloride in pool water. &#127919; Typical Values: Salt level: 2,700–3,400 ppm; CYA for salt pools: 60–80 ppm In Plain Language Salt ch…",salt,,,"Definition Details Values Definition Salt chlorination (salt water generation) is a system that produces free chlorine continuously by electrolyzing dissolved sodium chloride in pool water. &#127919; Typical Values: Salt level: 2,700–3,400 ppm; CYA for salt pools: 60–80 ppm In Plain Language Salt ch…",mechanical_category=DEFERRED,,DEFERRED,"No confident automated classification and not individually reviewed this phase -- genuinely lower priority per Step 11/12 (not safety-critical, not Tier-1, not a confirmed source conflict). Deferred, not resolved.",NO_PRODUCTION_ACTION,2026-08-18
54289f9f4b181886,glossary/sodium-bicarbonate.html,"Definition Details Values Definition Sodium bicarbonate (baking soda) is the standard chemical for raising total alkalinity in pool water. &#127919; Typical Values: Raises TA by 6.7 ppm per pound per 10,000 gallons; minimal pH effect In Plain Language Sodium bicarbonate (NaHCO3) dissolves slowly in …",ph,,,"Definition Details Values Definition Sodium bicarbonate (baking soda) is the standard chemical for raising total alkalinity in pool water. &#127919; Typical Values: Raises TA by 6.7 ppm per pound per 10,000 gallons; minimal pH effect In Plain Language Sodium bicarbonate (NaHCO3) dissolves slowly in …",mechanical_category=NON_CHEMISTRY_ARTIFACT,,NOT_A_CLAIM,"Dosage coefficient / formula constant, not a target range -- same category as the already-disclosed calculator dosing-constant findings (Phase 7F Trust Language Audit).",NO_PRODUCTION_ACTION,2026-08-18
f46f4f5384f4ac6d,glossary/sodium-carbonate.html,"Definition Details Values Definition Sodium carbonate (soda ash) is used to raise pool water pH with minimal effect on total alkalinity. &#127919; Typical Values: Raises pH by approximately 0.2 units per pound per 10,000 gallons In Plain Language Soda ash (Na2CO3) dissolves quickly in pool water and…",ph,,,"Definition Details Values Definition Sodium carbonate (soda ash) is used to raise pool water pH with minimal effect on total alkalinity. &#127919; Typical Values: Raises pH by approximately 0.2 units per pound per 10,000 gallons In Plain Language Soda ash (Na2CO3) dissolves quickly in pool water and…",mechanical_category=NON_CHEMISTRY_ARTIFACT,,NOT_A_CLAIM,"Dosage coefficient / formula constant, not a target range -- same category as the already-disclosed calculator dosing-constant findings (Phase 7F Trust Language Audit).",NO_PRODUCTION_ACTION,2026-08-18
4ab425a859f4ca52,glossary/superchlorination.html,"After superchlorination, the pool must be closed to swimmers until FC drops below 5 ppm, typically within 24 hours with the pump running.",free_chlorine,,,"After superchlorination, the pool must be closed to swimmers until FC drops below 5 ppm, typically within 24 hours with the pump running.",mechanical_category=DEFERRED,,DEFERRED,"No confident automated classification and not individually reviewed this phase -- genuinely lower priority per Step 11/12 (not safety-critical, not Tier-1, not a confirmed source conflict). Deferred, not resolved.",NO_PRODUCTION_ACTION,2026-08-18
0b96dfec0d938636,guides/chlorine/why-pool-wont-hold-chlorine.html,Salt water pools can run slightly higher (60–80 ppm).,salt,,,Salt water pools can run slightly higher (60–80 ppm).,mechanical_category=DEFERRED,,DEFERRED,"No confident automated classification and not individually reviewed this phase -- genuinely lower priority per Step 11/12 (not safety-critical, not Tier-1, not a confirmed source conflict). Deferred, not resolved.",NO_PRODUCTION_ACTION,2026-08-18
45eb3062edb4c338,guides/ph-guide.html,Calculator Open pool pH calculator All pH-related pages Hot Tub Ph Calculator Pool Cyanuric Acid Calculator Pool Ph Calculator Why Ph Affects Chlorine Adjust pH 6.8 → 7.2 Adjust pH 7.8 → 7.4 Adjust pH 7 → 7.4 Adjust pH 8 → 7.5 ← Pool chemistry basics Typical range: 1–3 ppm chlorine Recommended pH: 7…,ph,,,Calculator Open pool pH calculator All pH-related pages Hot Tub Ph Calculator Pool Cyanuric Acid Calculator Pool Ph Calculator Why Ph Affects Chlorine Adjust pH 6.8 → 7.2 Adjust pH 7.8 → 7.4 Adjust pH 7 → 7.4 Adjust pH 8 → 7.5 ← Pool chemistry basics Typical range: 1–3 ppm chlorine Recommended pH: 7…,mechanical_category=DEFERRED,,DEFERRED,"No confident automated classification and not individually reviewed this phase -- genuinely lower priority per Step 11/12 (not safety-critical, not Tier-1, not a confirmed source conflict). Deferred, not resolved.",NO_PRODUCTION_ACTION,2026-08-18
8efd254b10c83499,guides/ph-guide.html,Calculator Open pool pH calculator All pH-related pages Hot Tub Ph Calculator Pool Cyanuric Acid Calculator Pool Ph Calculator Why Ph Affects Chlorine Adjust pH 6.8 → 7.2 Adjust pH 7.8 → 7.4 Adjust pH 7 → 7.4 Adjust pH 8 → 7.5 ← Pool chemistry basics Typical range: 1–3 ppm chlorine Recommended pH: 7…,ph,,,Calculator Open pool pH calculator All pH-related pages Hot Tub Ph Calculator Pool Cyanuric Acid Calculator Pool Ph Calculator Why Ph Affects Chlorine Adjust pH 6.8 → 7.2 Adjust pH 7.8 → 7.4 Adjust pH 7 → 7.4 Adjust pH 8 → 7.5 ← Pool chemistry basics Typical range: 1–3 ppm chlorine Recommended pH: 7…,mechanical_category=DEFERRED,,DEFERRED,"No confident automated classification and not individually reviewed this phase -- genuinely lower priority per Step 11/12 (not safety-critical, not Tier-1, not a confirmed source conflict). Deferred, not resolved.",NO_PRODUCTION_ACTION,2026-08-18
e90d45878615a9bd,guides/ph/can-you-swim-in-high-ph-water.html,"A pool at pH 8.0 with 2 ppm FC effectively has only 0.4 ppm of active sanitizer — far below safe levels. pH safety thresholds pH range Comfort Chlorine effectiveness Action 7.2–7.6 Ideal, comfortable 50–80% active HC1O None 7.6–7.8 Good 35–50% active Monitor; adjust if drifting higher 7.8–8.0 Mild i…",ph,,,"A pool at pH 8.0 with 2 ppm FC effectively has only 0.4 ppm of active sanitizer — far below safe levels. pH safety thresholds pH range Comfort Chlorine effectiveness Action 7.2–7.6 Ideal, comfortable 50–80% active HC1O None 7.6–7.8 Good 35–50% active Monitor; adjust if drifting higher 7.8–8.0 Mild i…",mechanical_category=DEFERRED,,DEFERRED,"No confident automated classification and not individually reviewed this phase -- genuinely lower priority per Step 11/12 (not safety-critical, not Tier-1, not a confirmed source conflict). Deferred, not resolved.",NO_PRODUCTION_ACTION,2026-08-18
f4f767f9849dbcca,guides/ph/can-you-swim-in-high-ph-water.html,"A pool at pH 8.0 with 2 ppm FC effectively has only 0.4 ppm of active sanitizer — far below safe levels. pH safety thresholds pH range Comfort Chlorine effectiveness Action 7.2–7.6 Ideal, comfortable 50–80% active HC1O None 7.6–7.8 Good 35–50% active Monitor; adjust if drifting higher 7.8–8.0 Mild i…",ph,,,"A pool at pH 8.0 with 2 ppm FC effectively has only 0.4 ppm of active sanitizer — far below safe levels. pH safety thresholds pH range Comfort Chlorine effectiveness Action 7.2–7.6 Ideal, comfortable 50–80% active HC1O None 7.6–7.8 Good 35–50% active Monitor; adjust if drifting higher 7.8–8.0 Mild i…",mechanical_category=DEFERRED,,DEFERRED,"No confident automated classification and not individually reviewed this phase -- genuinely lower priority per Step 11/12 (not safety-critical, not Tier-1, not a confirmed source conflict). Deferred, not resolved.",NO_PRODUCTION_ACTION,2026-08-18
d55a04240c5d54ae,guides/ph/can-you-swim-in-high-ph-water.html,A pool at pH 8.2 with 2 ppm FC is poorly sanitized and vulnerable to algae blooms.,ph,,,A pool at pH 8.2 with 2 ppm FC is poorly sanitized and vulnerable to algae blooms.,mechanical_category=DEFERRED,,DEFERRED,"No confident automated classification and not individually reviewed this phase -- genuinely lower priority per Step 11/12 (not safety-critical, not Tier-1, not a confirmed source conflict). Deferred, not resolved.",NO_PRODUCTION_ACTION,2026-08-18
31df7357dee28238,guides/ph/can-you-swim-in-high-ph-water.html,Can you swim in pH 8.0 water?,ph,,,Can you swim in pH 8.0 water?,mechanical_category=DEFERRED,,DEFERRED,"No confident automated classification and not individually reviewed this phase -- genuinely lower priority per Step 11/12 (not safety-critical, not Tier-1, not a confirmed source conflict). Deferred, not resolved.",NO_PRODUCTION_ACTION,2026-08-18
918e5bac52495112,guides/ph/can-you-swim-in-high-ph-water.html,"A brief swim is unlikely to cause serious harm, but prolonged swimming in pH 8.0 water will likely cause eye irritation.",ph,,,"A brief swim is unlikely to cause serious harm, but prolonged swimming in pH 8.0 water will likely cause eye irritation.",mechanical_category=DEFERRED,,DEFERRED,"No confident automated classification and not individually reviewed this phase -- genuinely lower priority per Step 11/12 (not safety-critical, not Tier-1, not a confirmed source conflict). Deferred, not resolved.",NO_PRODUCTION_ACTION,2026-08-18
b44117f8e0314fac,guides/ph/can-you-swim-in-high-ph-water.html,"It can strip natural oils from skin, cause dry skin and irritated eyes, and at extreme values (pH 10+) cause chemical burns — but pool water at pH 8.0–8.5 typically causes only mild discomfort.",ph,,,"It can strip natural oils from skin, cause dry skin and irritated eyes, and at extreme values (pH 10+) cause chemical burns — but pool water at pH 8.0–8.5 typically causes only mild discomfort.",mechanical_category=DEFERRED,,DEFERRED,"No confident automated classification and not individually reviewed this phase -- genuinely lower priority per Step 11/12 (not safety-critical, not Tier-1, not a confirmed source conflict). Deferred, not resolved.",NO_PRODUCTION_ACTION,2026-08-18
dbdd7151ad1fec12,guides/ph/can-you-swim-in-high-ph-water.html,"It can strip natural oils from skin, cause dry skin and irritated eyes, and at extreme values (pH 10+) cause chemical burns — but pool water at pH 8.0–8.5 typically causes only mild discomfort.",ph,,,"It can strip natural oils from skin, cause dry skin and irritated eyes, and at extreme values (pH 10+) cause chemical burns — but pool water at pH 8.0–8.5 typically causes only mild discomfort.",mechanical_category=DEFERRED,,DEFERRED,"No confident automated classification and not individually reviewed this phase -- genuinely lower priority per Step 11/12 (not safety-critical, not Tier-1, not a confirmed source conflict). Deferred, not resolved.",NO_PRODUCTION_ACTION,2026-08-18
1fa29782414c1c95,guides/ph/does-rain-lower-pool-ph.html,"Quick Answer Yes, rainwater is slightly acidic (typically pH 5.5–6.5) and does lower pool pH slightly.",ph,,,"Quick Answer Yes, rainwater is slightly acidic (typically pH 5.5–6.5) and does lower pool pH slightly.",mechanical_category=DEFERRED,,DEFERRED,"No confident automated classification and not individually reviewed this phase -- genuinely lower priority per Step 11/12 (not safety-critical, not Tier-1, not a confirmed source conflict). Deferred, not resolved.",NO_PRODUCTION_ACTION,2026-08-18
f11992f7c860cee8,guides/ph/does-rain-lower-pool-ph.html,"Rainwater pH is typically 5.5–6.5, lower than the ideal pool range of 7.2–7.6 A light rain has minimal effect; a heavy storm can significantly lower pH and dilute all chemicals After any significant rain, retest FC, pH, TA, and CYA Heavy rain can introduce organic debris that creates chlorine demand…",ph,,,"Rainwater pH is typically 5.5–6.5, lower than the ideal pool range of 7.2–7.6 A light rain has minimal effect; a heavy storm can significantly lower pH and dilute all chemicals After any significant rain, retest FC, pH, TA, and CYA Heavy rain can introduce organic debris that creates chlorine demand…",mechanical_category=DEFERRED,,DEFERRED,"No confident automated classification and not individually reviewed this phase -- genuinely lower priority per Step 11/12 (not safety-critical, not Tier-1, not a confirmed source conflict). Deferred, not resolved.",NO_PRODUCTION_ACTION,2026-08-18
a6505d63a26c32e3,guides/ph/does-rain-lower-pool-ph.html,"Rain event Expected pH change Action needed Light drizzle (under 0.5 in) Negligible (−0.1 or less) Test but likely no adjustment needed Moderate rain (0.5–1 in) −0.1 to −0.3 Retest; small acid or bicarb adjustment Heavy rain (1–3 in) −0.3 to −0.6 Retest all parameters; adjust FC, pH, TA Major storm …",ph,,,"Rain event Expected pH change Action needed Light drizzle (under 0.5 in) Negligible (−0.1 or less) Test but likely no adjustment needed Moderate rain (0.5–1 in) −0.1 to −0.3 Retest; small acid or bicarb adjustment Heavy rain (1–3 in) −0.3 to −0.6 Retest all parameters; adjust FC, pH, TA Major storm …",mechanical_category=DEFERRED,,DEFERRED,"No confident automated classification and not individually reviewed this phase -- genuinely lower priority per Step 11/12 (not safety-critical, not Tier-1, not a confirmed source conflict). Deferred, not resolved.",NO_PRODUCTION_ACTION,2026-08-18
0b99b8c2ce815057,guides/ph/does-rain-lower-pool-ph.html,"Rain event Expected pH change Action needed Light drizzle (under 0.5 in) Negligible (−0.1 or less) Test but likely no adjustment needed Moderate rain (0.5–1 in) −0.1 to −0.3 Retest; small acid or bicarb adjustment Heavy rain (1–3 in) −0.3 to −0.6 Retest all parameters; adjust FC, pH, TA Major storm …",ph,,,"Rain event Expected pH change Action needed Light drizzle (under 0.5 in) Negligible (−0.1 or less) Test but likely no adjustment needed Moderate rain (0.5–1 in) −0.1 to −0.3 Retest; small acid or bicarb adjustment Heavy rain (1–3 in) −0.3 to −0.6 Retest all parameters; adjust FC, pH, TA Major storm …",mechanical_category=DEFERRED,,DEFERRED,"No confident automated classification and not individually reviewed this phase -- genuinely lower priority per Step 11/12 (not safety-critical, not Tier-1, not a confirmed source conflict). Deferred, not resolved.",NO_PRODUCTION_ACTION,2026-08-18
a59c1039c801eb43,guides/ph/does-rain-lower-pool-ph.html,"Rain event Expected pH change Action needed Light drizzle (under 0.5 in) Negligible (−0.1 or less) Test but likely no adjustment needed Moderate rain (0.5–1 in) −0.1 to −0.3 Retest; small acid or bicarb adjustment Heavy rain (1–3 in) −0.3 to −0.6 Retest all parameters; adjust FC, pH, TA Major storm …",ph,,,"Rain event Expected pH change Action needed Light drizzle (under 0.5 in) Negligible (−0.1 or less) Test but likely no adjustment needed Moderate rain (0.5–1 in) −0.1 to −0.3 Retest; small acid or bicarb adjustment Heavy rain (1–3 in) −0.3 to −0.6 Retest all parameters; adjust FC, pH, TA Major storm …",mechanical_category=DEFERRED,,DEFERRED,"No confident automated classification and not individually reviewed this phase -- genuinely lower priority per Step 11/12 (not safety-critical, not Tier-1, not a confirmed source conflict). Deferred, not resolved.",NO_PRODUCTION_ACTION,2026-08-18
f9f30189e0eff6a0,guides/ph/does-rain-lower-pool-ph.html,"Rain event Expected pH change Action needed Light drizzle (under 0.5 in) Negligible (−0.1 or less) Test but likely no adjustment needed Moderate rain (0.5–1 in) −0.1 to −0.3 Retest; small acid or bicarb adjustment Heavy rain (1–3 in) −0.3 to −0.6 Retest all parameters; adjust FC, pH, TA Major storm …",ph,,,"Rain event Expected pH change Action needed Light drizzle (under 0.5 in) Negligible (−0.1 or less) Test but likely no adjustment needed Moderate rain (0.5–1 in) −0.1 to −0.3 Retest; small acid or bicarb adjustment Heavy rain (1–3 in) −0.3 to −0.6 Retest all parameters; adjust FC, pH, TA Major storm …",mechanical_category=DEFERRED,,DEFERRED,"No confident automated classification and not individually reviewed this phase -- genuinely lower priority per Step 11/12 (not safety-critical, not Tier-1, not a confirmed source conflict). Deferred, not resolved.",NO_PRODUCTION_ACTION,2026-08-18
f8e5b987995d1b46,guides/ph/does-rain-lower-pool-ph.html,"Rain event Expected pH change Action needed Light drizzle (under 0.5 in) Negligible (−0.1 or less) Test but likely no adjustment needed Moderate rain (0.5–1 in) −0.1 to −0.3 Retest; small acid or bicarb adjustment Heavy rain (1–3 in) −0.3 to −0.6 Retest all parameters; adjust FC, pH, TA Major storm …",ph,,,"Rain event Expected pH change Action needed Light drizzle (under 0.5 in) Negligible (−0.1 or less) Test but likely no adjustment needed Moderate rain (0.5–1 in) −0.1 to −0.3 Retest; small acid or bicarb adjustment Heavy rain (1–3 in) −0.3 to −0.6 Retest all parameters; adjust FC, pH, TA Major storm …",mechanical_category=DEFERRED,,DEFERRED,"No confident automated classification and not individually reviewed this phase -- genuinely lower priority per Step 11/12 (not safety-critical, not Tier-1, not a confirmed source conflict). Deferred, not resolved.",NO_PRODUCTION_ACTION,2026-08-18
d1391d356c17a6b7,guides/ph/does-rain-lower-pool-ph.html,"Rain event Expected pH change Action needed Light drizzle (under 0.5 in) Negligible (−0.1 or less) Test but likely no adjustment needed Moderate rain (0.5–1 in) −0.1 to −0.3 Retest; small acid or bicarb adjustment Heavy rain (1–3 in) −0.3 to −0.6 Retest all parameters; adjust FC, pH, TA Major storm …",ph,,,"Rain event Expected pH change Action needed Light drizzle (under 0.5 in) Negligible (−0.1 or less) Test but likely no adjustment needed Moderate rain (0.5–1 in) −0.1 to −0.3 Retest; small acid or bicarb adjustment Heavy rain (1–3 in) −0.3 to −0.6 Retest all parameters; adjust FC, pH, TA Major storm …",mechanical_category=DEFERRED,,DEFERRED,"No confident automated classification and not individually reviewed this phase -- genuinely lower priority per Step 11/12 (not safety-critical, not Tier-1, not a confirmed source conflict). Deferred, not resolved.",NO_PRODUCTION_ACTION,2026-08-18
1cce72974565c95b,guides/ph/does-rain-lower-pool-ph.html,"Rain event Expected pH change Action needed Light drizzle (under 0.5 in) Negligible (−0.1 or less) Test but likely no adjustment needed Moderate rain (0.5–1 in) −0.1 to −0.3 Retest; small acid or bicarb adjustment Heavy rain (1–3 in) −0.3 to −0.6 Retest all parameters; adjust FC, pH, TA Major storm …",ph,,,"Rain event Expected pH change Action needed Light drizzle (under 0.5 in) Negligible (−0.1 or less) Test but likely no adjustment needed Moderate rain (0.5–1 in) −0.1 to −0.3 Retest; small acid or bicarb adjustment Heavy rain (1–3 in) −0.3 to −0.6 Retest all parameters; adjust FC, pH, TA Major storm …",mechanical_category=DEFERRED,,DEFERRED,"No confident automated classification and not individually reviewed this phase -- genuinely lower priority per Step 11/12 (not safety-critical, not Tier-1, not a confirmed source conflict). Deferred, not resolved.",NO_PRODUCTION_ACTION,2026-08-18
9c3bcd18240ab258,guides/ph/does-rain-lower-pool-ph.html,"Rain event Expected pH change Action needed Light drizzle (under 0.5 in) Negligible (−0.1 or less) Test but likely no adjustment needed Moderate rain (0.5–1 in) −0.1 to −0.3 Retest; small acid or bicarb adjustment Heavy rain (1–3 in) −0.3 to −0.6 Retest all parameters; adjust FC, pH, TA Major storm …",ph,,,"Rain event Expected pH change Action needed Light drizzle (under 0.5 in) Negligible (−0.1 or less) Test but likely no adjustment needed Moderate rain (0.5–1 in) −0.1 to −0.3 Retest; small acid or bicarb adjustment Heavy rain (1–3 in) −0.3 to −0.6 Retest all parameters; adjust FC, pH, TA Major storm …",mechanical_category=DEFERRED,,DEFERRED,"No confident automated classification and not individually reviewed this phase -- genuinely lower priority per Step 11/12 (not safety-critical, not Tier-1, not a confirmed source conflict). Deferred, not resolved.",NO_PRODUCTION_ACTION,2026-08-18
74a0442c940f4f60,guides/ph/how-to-lower-pool-ph.html,"For a 10,000-gallon pool, 3–4 ounces of 31% muriatic acid typically lowers pH by about 0.2 points.",ph,,,"For a 10,000-gallon pool, 3–4 ounces of 31% muriatic acid typically lowers pH by about 0.2 points.",mechanical_category=DEFERRED,,DEFERRED,"No confident automated classification and not individually reviewed this phase -- genuinely lower priority per Step 11/12 (not safety-critical, not Tier-1, not a confirmed source conflict). Deferred, not resolved.",NO_PRODUCTION_ACTION,2026-08-18
68489a210a90fd05,guides/ph/index.html,Can you swim in high pH water? pH 7.8–8.0 is uncomfortable; above 8.0 risks irritation and drastically reduced chlorine.,ph,,,Can you swim in high pH water? pH 7.8–8.0 is uncomfortable; above 8.0 risks irritation and drastically reduced chlorine.,mechanical_category=DEFERRED,,DEFERRED,"No confident automated classification and not individually reviewed this phase -- genuinely lower priority per Step 11/12 (not safety-critical, not Tier-1, not a confirmed source conflict). Deferred, not resolved.",NO_PRODUCTION_ACTION,2026-08-18
7f45700360630d17,guides/ph/index.html,"Rainwater is acidic (pH ~5.6) but the effect on pool pH depends on pool volume, TA, and how much rain fell.",ph,,,"Rainwater is acidic (pH ~5.6) but the effect on pool pH depends on pool volume, TA, and how much rain fell.",mechanical_category=DEFERRED,,DEFERRED,"No confident automated classification and not individually reviewed this phase -- genuinely lower priority per Step 11/12 (not safety-critical, not Tier-1, not a confirmed source conflict). Deferred, not resolved.",NO_PRODUCTION_ACTION,2026-08-18
d44a460c16a5b70a,guides/ph/index.html,"High pool pH causes: CO2 off-gassing, high alkalinity, algae, aeration, SWG systems, and high-pH fill water.",ph,,,"High pool pH causes: CO2 off-gassing, high alkalinity, algae, aeration, SWG systems, and high-pH fill water.",mechanical_category=DEFERRED,,DEFERRED,"No confident automated classification and not individually reviewed this phase -- genuinely lower priority per Step 11/12 (not safety-critical, not Tier-1, not a confirmed source conflict). Deferred, not resolved.",NO_PRODUCTION_ACTION,2026-08-18
4acb081a1b1dd231,guides/ph/what-causes-high-pool-ph.html,"Quick Answer The main causes of high pool pH are CO2 off-gassing from the water surface, high total alkalinity (which resists downward correction), aeration from jets or waterfalls, algae growth consuming dissolved CO2, salt water chlorine generators, and fill water that enters with a high pH.",ph,,,"Quick Answer The main causes of high pool pH are CO2 off-gassing from the water surface, high total alkalinity (which resists downward correction), aeration from jets or waterfalls, algae growth consuming dissolved CO2, salt water chlorine generators, and fill water that enters with a high pH.",mechanical_category=DEFERRED,,DEFERRED,"No confident automated classification and not individually reviewed this phase -- genuinely lower priority per Step 11/12 (not safety-critical, not Tier-1, not a confirmed source conflict). Deferred, not resolved.",NO_PRODUCTION_ACTION,2026-08-18
8fa2a3835db7241d,guides/ph/what-causes-high-pool-ph.html,CO2 off-gassing is the universal cause of pH rise in all pools High total alkalinity amplifies pH drift and makes correction harder Salt chlorine generators and aeration features accelerate pH rise significantly Lowering TA to 80–90 ppm is the most effective long-term pH stabilizer Pool pH naturally…,ph,,,CO2 off-gassing is the universal cause of pH rise in all pools High total alkalinity amplifies pH drift and makes correction harder Salt chlorine generators and aeration features accelerate pH rise significantly Lowering TA to 80–90 ppm is the most effective long-term pH stabilizer Pool pH naturally…,mechanical_category=DEFERRED,,DEFERRED,"No confident automated classification and not individually reviewed this phase -- genuinely lower priority per Step 11/12 (not safety-critical, not Tier-1, not a confirmed source conflict). Deferred, not resolved.",NO_PRODUCTION_ACTION,2026-08-18
4031e14f0dada9ba,guides/ph/what-causes-high-pool-ph.html,"Root causes of high pool pH Cause Why it raises pH How to address CO2 off-gassing Dissolved CO2 forms carbonic acid; losing CO2 removes acid Regular acid additions; lower TA Total alkalinity too high TA buffers against acid; pH rebounds after each correction Lower TA to 80–100 ppm first Waterfalls, …",ph,,,"Root causes of high pool pH Cause Why it raises pH How to address CO2 off-gassing Dissolved CO2 forms carbonic acid; losing CO2 removes acid Regular acid additions; lower TA Total alkalinity too high TA buffers against acid; pH rebounds after each correction Lower TA to 80–100 ppm first Waterfalls, …",mechanical_category=DEFERRED,,DEFERRED,"No confident automated classification and not individually reviewed this phase -- genuinely lower priority per Step 11/12 (not safety-critical, not Tier-1, not a confirmed source conflict). Deferred, not resolved.",NO_PRODUCTION_ACTION,2026-08-18
9dee8cd324eeb13a,guides/ph/what-causes-high-pool-ph.html,"Root causes of high pool pH Cause Why it raises pH How to address CO2 off-gassing Dissolved CO2 forms carbonic acid; losing CO2 removes acid Regular acid additions; lower TA Total alkalinity too high TA buffers against acid; pH rebounds after each correction Lower TA to 80–100 ppm first Waterfalls, …",ph,,,"Root causes of high pool pH Cause Why it raises pH How to address CO2 off-gassing Dissolved CO2 forms carbonic acid; losing CO2 removes acid Regular acid additions; lower TA Total alkalinity too high TA buffers against acid; pH rebounds after each correction Lower TA to 80–100 ppm first Waterfalls, …",mechanical_category=DEFERRED,,DEFERRED,"No confident automated classification and not individually reviewed this phase -- genuinely lower priority per Step 11/12 (not safety-critical, not Tier-1, not a confirmed source conflict). Deferred, not resolved.",NO_PRODUCTION_ACTION,2026-08-18
31e599f7d97446c1,guides/ph/what-causes-high-pool-ph.html,"Root causes of high pool pH Cause Why it raises pH How to address CO2 off-gassing Dissolved CO2 forms carbonic acid; losing CO2 removes acid Regular acid additions; lower TA Total alkalinity too high TA buffers against acid; pH rebounds after each correction Lower TA to 80–100 ppm first Waterfalls, …",ph,,,"Root causes of high pool pH Cause Why it raises pH How to address CO2 off-gassing Dissolved CO2 forms carbonic acid; losing CO2 removes acid Regular acid additions; lower TA Total alkalinity too high TA buffers against acid; pH rebounds after each correction Lower TA to 80–100 ppm first Waterfalls, …",mechanical_category=DEFERRED,,DEFERRED,"No confident automated classification and not individually reviewed this phase -- genuinely lower priority per Step 11/12 (not safety-critical, not Tier-1, not a confirmed source conflict). Deferred, not resolved.",NO_PRODUCTION_ACTION,2026-08-18
53731e49e6992cd0,guides/ph/why-pool-ph-keeps-rising.html,"Why Pool pH Keeps Rising Quick Answer Pool pH rises naturally because CO2 constantly off-gasses from the water, which removes the acid that keeps pH stable.",ph,,,"Why Pool pH Keeps Rising Quick Answer Pool pH rises naturally because CO2 constantly off-gasses from the water, which removes the acid that keeps pH stable.",mechanical_category=DEFERRED,,DEFERRED,"No confident automated classification and not individually reviewed this phase -- genuinely lower priority per Step 11/12 (not safety-critical, not Tier-1, not a confirmed source conflict). Deferred, not resolved.",NO_PRODUCTION_ACTION,2026-08-18
c28a1873edc63f7b,guides/ph/why-pool-ph-keeps-rising.html,"Causes of rising pool pH Cause How it raises pH Solution CO2 off-gassing CO2 dissolved in water forms carbonic acid; as it escapes, acid is lost Add pH-down periodically High alkalinity TA acts as a pH buffer that resists lowering but accelerates rise Lower TA to 80–100 ppm Aeration (jets, waterfall…",ph,,,"Causes of rising pool pH Cause How it raises pH Solution CO2 off-gassing CO2 dissolved in water forms carbonic acid; as it escapes, acid is lost Add pH-down periodically High alkalinity TA acts as a pH buffer that resists lowering but accelerates rise Lower TA to 80–100 ppm Aeration (jets, waterfall…",mechanical_category=DEFERRED,,DEFERRED,"No confident automated classification and not individually reviewed this phase -- genuinely lower priority per Step 11/12 (not safety-critical, not Tier-1, not a confirmed source conflict). Deferred, not resolved.",NO_PRODUCTION_ACTION,2026-08-18
097ddf6d686fffcd,guides/ph/why-pool-ph-keeps-rising.html,"Causes of rising pool pH Cause How it raises pH Solution CO2 off-gassing CO2 dissolved in water forms carbonic acid; as it escapes, acid is lost Add pH-down periodically High alkalinity TA acts as a pH buffer that resists lowering but accelerates rise Lower TA to 80–100 ppm Aeration (jets, waterfall…",ph,,,"Causes of rising pool pH Cause How it raises pH Solution CO2 off-gassing CO2 dissolved in water forms carbonic acid; as it escapes, acid is lost Add pH-down periodically High alkalinity TA acts as a pH buffer that resists lowering but accelerates rise Lower TA to 80–100 ppm Aeration (jets, waterfall…",mechanical_category=DEFERRED,,DEFERRED,"No confident automated classification and not individually reviewed this phase -- genuinely lower priority per Step 11/12 (not safety-critical, not Tier-1, not a confirmed source conflict). Deferred, not resolved.",NO_PRODUCTION_ACTION,2026-08-18
6c4505b18aed9e30,guides/ph/why-pool-ph-keeps-rising.html,"Rainwater is slightly acidic (pH 5.6–6) and can briefly lower pool pH, but then accelerates CO2 off-gassing as the system equilibrates — often causing a net rise within 24 hours.",ph,,,"Rainwater is slightly acidic (pH 5.6–6) and can briefly lower pool pH, but then accelerates CO2 off-gassing as the system equilibrates — often causing a net rise within 24 hours.",mechanical_category=DEFERRED,,DEFERRED,"No confident automated classification and not individually reviewed this phase -- genuinely lower priority per Step 11/12 (not safety-critical, not Tier-1, not a confirmed source conflict). Deferred, not resolved.",NO_PRODUCTION_ACTION,2026-08-18
b265deb7e147fb9b,guides/ph/why-pool-ph-keeps-rising.html,"Rainwater is slightly acidic (pH 5.6–6) and can briefly lower pool pH, but then accelerates CO2 off-gassing as the system equilibrates — often causing a net rise within 24 hours.",ph,,,"Rainwater is slightly acidic (pH 5.6–6) and can briefly lower pool pH, but then accelerates CO2 off-gassing as the system equilibrates — often causing a net rise within 24 hours.",mechanical_category=DEFERRED,,DEFERRED,"No confident automated classification and not individually reviewed this phase -- genuinely lower priority per Step 11/12 (not safety-critical, not Tier-1, not a confirmed source conflict). Deferred, not resolved.",NO_PRODUCTION_ACTION,2026-08-18
5e708250fc2f0029,guides/questions/can-rain-affect-pool-chemistry.html,"Rain dilutes all pool water chemistry — FC, pH, TA, and CYA all drop after heavy rain Rainwater (pH 5.5–6.5) is acidic and lowers pool pH significantly in large amounts Organic debris from rain creates immediate chlorine demand Shock after every storm of 1 inch or more to prevent algae growth Direct…",ph,,,"Rain dilutes all pool water chemistry — FC, pH, TA, and CYA all drop after heavy rain Rainwater (pH 5.5–6.5) is acidic and lowers pool pH significantly in large amounts Organic debris from rain creates immediate chlorine demand Shock after every storm of 1 inch or more to prevent algae growth Direct…",mechanical_category=DEFERRED,,DEFERRED,"No confident automated classification and not individually reviewed this phase -- genuinely lower priority per Step 11/12 (not safety-critical, not Tier-1, not a confirmed source conflict). Deferred, not resolved.",NO_PRODUCTION_ACTION,2026-08-18
00d1697719d2d9f2,guides/questions/can-rain-affect-pool-chemistry.html,"Rainwater is slightly acidic (pH 5.5–6.5 typically), and in large volumes significantly lowers pool pH and total alkalinity.",ph,,,"Rainwater is slightly acidic (pH 5.5–6.5 typically), and in large volumes significantly lowers pool pH and total alkalinity.",mechanical_category=DEFERRED,,DEFERRED,"No confident automated classification and not individually reviewed this phase -- genuinely lower priority per Step 11/12 (not safety-critical, not Tier-1, not a confirmed source conflict). Deferred, not resolved.",NO_PRODUCTION_ACTION,2026-08-18
3747d5605a41c004,guides/questions/can-rain-affect-pool-chemistry.html,"Common Causes Rain Event Effect on Pool Chemistry Action Needed Light drizzle (<0.5 in) Negligible — minor dilution only Test; likely no major adjustment needed Moderate rain (0.5–1 in) FC drops 10–20%; pH may drop 0.1–0.3 Test FC, pH, TA; small adjustments likely needed Heavy rain (1–3 in) Signific…",free_chlorine,,,"Common Causes Rain Event Effect on Pool Chemistry Action Needed Light drizzle (<0.5 in) Negligible — minor dilution only Test; likely no major adjustment needed Moderate rain (0.5–1 in) FC drops 10–20%; pH may drop 0.1–0.3 Test FC, pH, TA; small adjustments likely needed Heavy rain (1–3 in) Signific…",mechanical_category=DEFERRED,,DEFERRED,"No confident automated classification and not individually reviewed this phase -- genuinely lower priority per Step 11/12 (not safety-critical, not Tier-1, not a confirmed source conflict). Deferred, not resolved.",NO_PRODUCTION_ACTION,2026-08-18
b01d7f87ae90ffc0,guides/questions/can-rain-affect-pool-chemistry.html,"Common Causes Rain Event Effect on Pool Chemistry Action Needed Light drizzle (<0.5 in) Negligible — minor dilution only Test; likely no major adjustment needed Moderate rain (0.5–1 in) FC drops 10–20%; pH may drop 0.1–0.3 Test FC, pH, TA; small adjustments likely needed Heavy rain (1–3 in) Signific…",ph,,,"Common Causes Rain Event Effect on Pool Chemistry Action Needed Light drizzle (<0.5 in) Negligible — minor dilution only Test; likely no major adjustment needed Moderate rain (0.5–1 in) FC drops 10–20%; pH may drop 0.1–0.3 Test FC, pH, TA; small adjustments likely needed Heavy rain (1–3 in) Signific…",mechanical_category=DEFERRED,,DEFERRED,"No confident automated classification and not individually reviewed this phase -- genuinely lower priority per Step 11/12 (not safety-critical, not Tier-1, not a confirmed source conflict). Deferred, not resolved.",NO_PRODUCTION_ACTION,2026-08-18
339f67494edfe920,guides/questions/can-you-swim-after-shocking-a-pool.html,"For algae treatment shocks (10–20 ppm FC), wait 24–48 hours.",free_chlorine,,,"For algae treatment shocks (10–20 ppm FC), wait 24–48 hours.",mechanical_category=DEFERRED,,DEFERRED,"No confident automated classification and not individually reviewed this phase -- genuinely lower priority per Step 11/12 (not safety-critical, not Tier-1, not a confirmed source conflict). Deferred, not resolved.",NO_PRODUCTION_ACTION,2026-08-18
643f760245f19138,guides/questions/why-is-my-pool-green-but-chlorine-is-high.html,Even 5 ppm FC at pH 8.0 effectively provides less sanitizing power than 1 ppm FC at pH 7.2.,ph,,,Even 5 ppm FC at pH 8.0 effectively provides less sanitizing power than 1 ppm FC at pH 7.2.,mechanical_category=DEFERRED,,DEFERRED,"No confident automated classification and not individually reviewed this phase -- genuinely lower priority per Step 11/12 (not safety-critical, not Tier-1, not a confirmed source conflict). Deferred, not resolved.",NO_PRODUCTION_ACTION,2026-08-18
167a0c0e6fb49a77,guides/questions/why-is-my-pool-green-but-chlorine-is-high.html,"Additionally, some test kits (particularly OTO kits using yellow/orange color comparison) measure total chlorine, not free chlorine — a pool with 0 ppm FC but high combined chlorine will test ""high"" but provide zero sanitation.",free_chlorine,,,"Additionally, some test kits (particularly OTO kits using yellow/orange color comparison) measure total chlorine, not free chlorine — a pool with 0 ppm FC but high combined chlorine will test ""high"" but provide zero sanitation.",mechanical_category=DEFERRED,,DEFERRED,"No confident automated classification and not individually reviewed this phase -- genuinely lower priority per Step 11/12 (not safety-critical, not Tier-1, not a confirmed source conflict). Deferred, not resolved.",NO_PRODUCTION_ACTION,2026-08-18
9987eac4693f2765,guides/questions/why-is-my-pool-green-but-chlorine-is-high.html,Common Causes Cause Why Chlorine Reads High But Is Ineffective Fix High pH (>7.8) FC mostly inactive at high pH; less than 20% is HOCl at pH 8.0 Lower pH to 7.2–7.4 first; then re-shock CYA too high (>100 ppm) Chlorine lock: FC bound by excess stabilizer and unavailable Drain 30–50%; refill; rebalan…,cyanuric_acid,,,Common Causes Cause Why Chlorine Reads High But Is Ineffective Fix High pH (>7.8) FC mostly inactive at high pH; less than 20% is HOCl at pH 8.0 Lower pH to 7.2–7.4 first; then re-shock CYA too high (>100 ppm) Chlorine lock: FC bound by excess stabilizer and unavailable Drain 30–50%; refill; rebalan…,mechanical_category=DEFERRED,,DEFERRED,"No confident automated classification and not individually reviewed this phase -- genuinely lower priority per Step 11/12 (not safety-critical, not Tier-1, not a confirmed source conflict). Deferred, not resolved.",NO_PRODUCTION_ACTION,2026-08-18
a4746a754d8a06a3,maintenance/how-to-balance-pool-water.html,Wait a few hours and re-test before moving to pH. 3.,ph,,,Wait a few hours and re-test before moving to pH. 3.,mechanical_category=DEFERRED,,DEFERRED,"No confident automated classification and not individually reviewed this phase -- genuinely lower priority per Step 11/12 (not safety-critical, not Tier-1, not a confirmed source conflict). Deferred, not resolved.",NO_PRODUCTION_ACTION,2026-08-18
38b7bbf167f531b7,methodology/precision-policy/index.html,"Test strips: ±0.5 ppm FC, ±0.5 pH.",free_chlorine,,,"Test strips: ±0.5 ppm FC, ±0.5 pH.",mechanical_category=DEFERRED,,DEFERRED,"No confident automated classification and not individually reviewed this phase -- genuinely lower priority per Step 11/12 (not safety-critical, not Tier-1, not a confirmed source conflict). Deferred, not resolved.",NO_PRODUCTION_ACTION,2026-08-18
cc5d866590f76342,methodology/precision-policy/index.html,"Test strips: ±0.5 ppm FC, ±0.5 pH.",ph,,,"Test strips: ±0.5 ppm FC, ±0.5 pH.",mechanical_category=DEFERRED,,DEFERRED,"No confident automated classification and not individually reviewed this phase -- genuinely lower priority per Step 11/12 (not safety-critical, not Tier-1, not a confirmed source conflict). Deferred, not resolved.",NO_PRODUCTION_ACTION,2026-08-18
5e928a75ff7bef3b,methodology/precision-policy/index.html,"Liquid DPD drop test (Taylor K-2006): ±0.2 ppm FC, ±0.2 pH.",free_chlorine,,,"Liquid DPD drop test (Taylor K-2006): ±0.2 ppm FC, ±0.2 pH.",mechanical_category=DEFERRED,,DEFERRED,"No confident automated classification and not individually reviewed this phase -- genuinely lower priority per Step 11/12 (not safety-critical, not Tier-1, not a confirmed source conflict). Deferred, not resolved.",NO_PRODUCTION_ACTION,2026-08-18
038de68736c19548,methodology/precision-policy/index.html,"Liquid DPD drop test (Taylor K-2006): ±0.2 ppm FC, ±0.2 pH.",ph,,,"Liquid DPD drop test (Taylor K-2006): ±0.2 ppm FC, ±0.2 pH.",mechanical_category=DEFERRED,,DEFERRED,"No confident automated classification and not individually reviewed this phase -- genuinely lower priority per Step 11/12 (not safety-critical, not Tier-1, not a confirmed source conflict). Deferred, not resolved.",NO_PRODUCTION_ACTION,2026-08-18
2c758da869570028,methodology/precision-policy/index.html,"Digital photometer: ±0.05 ppm FC, ±0.05 pH.",free_chlorine,,,"Digital photometer: ±0.05 ppm FC, ±0.05 pH.",mechanical_category=DEFERRED,,DEFERRED,"No confident automated classification and not individually reviewed this phase -- genuinely lower priority per Step 11/12 (not safety-critical, not Tier-1, not a confirmed source conflict). Deferred, not resolved.",NO_PRODUCTION_ACTION,2026-08-18
15b70d15c6777bac,methodology/precision-policy/index.html,"Digital photometer: ±0.05 ppm FC, ±0.05 pH.",ph,,,"Digital photometer: ±0.05 ppm FC, ±0.05 pH.",mechanical_category=DEFERRED,,DEFERRED,"No confident automated classification and not individually reviewed this phase -- genuinely lower priority per Step 11/12 (not safety-critical, not Tier-1, not a confirmed source conflict). Deferred, not resolved.",NO_PRODUCTION_ACTION,2026-08-18
cbe7a6a7d45c72d5,methodology/rounding-policy/index.html,Displayed Precision Chemical concentrations (ppm): displayed to 1 decimal place. pH: displayed to 2 decimal places.,ph,,,Displayed Precision Chemical concentrations (ppm): displayed to 1 decimal place. pH: displayed to 2 decimal places.,mechanical_category=DEFERRED,,DEFERRED,"No confident automated classification and not individually reviewed this phase -- genuinely lower priority per Step 11/12 (not safety-critical, not Tier-1, not a confirmed source conflict). Deferred, not resolved.",NO_PRODUCTION_ACTION,2026-08-18
a733924ab5cf12df,pool-chemistry-system.html,"All 8 chemistry parameters interact — changing one affects the others pH is the master lever: chlorine effectiveness, scaling risk, and equipment corrosion all depend on it CYA is mandatory for outdoor pools; without it, sunlight destroys FC in hours Always adjust parameters in the correct order: TA…",ph,,,"All 8 chemistry parameters interact — changing one affects the others pH is the master lever: chlorine effectiveness, scaling risk, and equipment corrosion all depend on it CYA is mandatory for outdoor pools; without it, sunlight destroys FC in hours Always adjust parameters in the correct order: TA…",mechanical_category=DEFERRED,,DEFERRED,"No confident automated classification and not individually reviewed this phase -- genuinely lower priority per Step 11/12 (not safety-critical, not Tier-1, not a confirmed source conflict). Deferred, not resolved.",NO_PRODUCTION_ACTION,2026-08-18
1dd31274cf0d47af,programmatic/explanations/why-ph-affects-chlorine.html,"Test kits usually report total or free chlorine, not “active disinfecting fraction” directly—so a normal-looking ppm at pH 8.0 can still underperform compared with the same ppm at 7.4.",ph,,,"Test kits usually report total or free chlorine, not “active disinfecting fraction” directly—so a normal-looking ppm at pH 8.0 can still underperform compared with the same ppm at 7.4.",mechanical_category=DEFERRED,,DEFERRED,"No confident automated classification and not individually reviewed this phase -- genuinely lower priority per Step 11/12 (not safety-critical, not Tier-1, not a confirmed source conflict). Deferred, not resolved.",NO_PRODUCTION_ACTION,2026-08-18
7080429f4bb23fe8,programmatic/ph/how-to-adjust-ph-from-6-8-to-7-2.html,"To raise pool pH from 6.8 toward 7.2, add pH increaser in small doses with the pump running—test frequently to avoid overshoot. pH moves best in small steps.",ph,,,"To raise pool pH from 6.8 toward 7.2, add pH increaser in small doses with the pump running—test frequently to avoid overshoot. pH moves best in small steps.",mechanical_category=DEFERRED,,DEFERRED,"No confident automated classification and not individually reviewed this phase -- genuinely lower priority per Step 11/12 (not safety-critical, not Tier-1, not a confirmed source conflict). Deferred, not resolved.",NO_PRODUCTION_ACTION,2026-08-18
d50a19b5cf96db40,programmatic/ph/how-to-adjust-ph-from-8-to-7-5.html,"To lower pool pH from 8 toward 7.5, add pH reducer gradually while circulating water and testing frequently. pH moves best in small steps.",ph,,,"To lower pool pH from 8 toward 7.5, add pH reducer gradually while circulating water and testing frequently. pH moves best in small steps.",mechanical_category=DEFERRED,,DEFERRED,"No confident automated classification and not individually reviewed this phase -- genuinely lower priority per Step 11/12 (not safety-critical, not Tier-1, not a confirmed source conflict). Deferred, not resolved.",NO_PRODUCTION_ACTION,2026-08-18
de705d8159293b1a,reference/alkalinity-table.html,"Sodium Bicarbonate to Raise Alkalinity (1.5 lb raises TA by 10 ppm per 10,000 gal) Pool Volume +10 ppm +20 ppm +30 ppm +40 ppm +50 ppm 8,000 gal 1.2 lb 2.4 lb 3.6 lb 4.8 lb 6.0 lb 10,000 gal 1.5 lb 3.0 lb 4.5 lb 6.0 lb 7.5 lb 12,000 gal 1.8 lb 3.6 lb 5.4 lb 7.2 lb 9.0 lb 15,000 gal 2.25 lb 4.5 lb 6.…",total_alkalinity,,,"Sodium Bicarbonate to Raise Alkalinity (1.5 lb raises TA by 10 ppm per 10,000 gal) Pool Volume +10 ppm +20 ppm +30 ppm +40 ppm +50 ppm 8,000 gal 1.2 lb 2.4 lb 3.6 lb 4.8 lb 6.0 lb 10,000 gal 1.5 lb 3.0 lb 4.5 lb 6.0 lb 7.5 lb 12,000 gal 1.8 lb 3.6 lb 5.4 lb 7.2 lb 9.0 lb 15,000 gal 2.25 lb 4.5 lb 6.…",mechanical_category=NON_CHEMISTRY_ARTIFACT,,NOT_A_CLAIM,"Dosage coefficient / formula constant, not a target range -- same category as the already-disclosed calculator dosing-constant findings (Phase 7F Trust Language Audit).",NO_PRODUCTION_ACTION,2026-08-18
8112b8024503269d,reference/calcium-hardness-explained.html,"About 12 ounces (340g) per 10,000 gallons raises CH by approximately 10 ppm.",calcium_hardness,,,"About 12 ounces (340g) per 10,000 gallons raises CH by approximately 10 ppm.",mechanical_category=NON_CHEMISTRY_ARTIFACT,,NOT_A_CLAIM,"Dosage coefficient / formula constant, not a target range -- same category as the already-disclosed calculator dosing-constant findings (Phase 7F Trust Language Audit).",NO_PRODUCTION_ACTION,2026-08-18
9cd40342c9782263,reference/chlorine-effectiveness-chart.html,"At pH 8.0, only one-fifth is.",ph,,,"At pH 8.0, only one-fifth is.",mechanical_category=DEFERRED,,DEFERRED,"No confident automated classification and not individually reviewed this phase -- genuinely lower priority per Step 11/12 (not safety-critical, not Tier-1, not a confirmed source conflict). Deferred, not resolved.",NO_PRODUCTION_ACTION,2026-08-18
c6dd4d69b756aa5a,reference/chlorine-effectiveness-chart.html,"At pH 8.0, you would need 3x the free chlorine to achieve the same active HOCl level as at pH 7.2.",ph,,,"At pH 8.0, you would need 3x the free chlorine to achieve the same active HOCl level as at pH 7.2.",mechanical_category=DEFERRED,,DEFERRED,"No confident automated classification and not individually reviewed this phase -- genuinely lower priority per Step 11/12 (not safety-critical, not Tier-1, not a confirmed source conflict). Deferred, not resolved.",NO_PRODUCTION_ACTION,2026-08-18
522f57de8a29d1cd,reference/combined-chlorine-explained.html,Target combined chlorine below 0.5 ppm.,combined_chlorine,,,Target combined chlorine below 0.5 ppm.,mechanical_category=DEFERRED,,DEFERRED,"No confident automated classification and not individually reviewed this phase -- genuinely lower priority per Step 11/12 (not safety-critical, not Tier-1, not a confirmed source conflict). Deferred, not resolved.",NO_PRODUCTION_ACTION,2026-08-18
f40c351ca4ba48e1,reference/datasets/chemical-properties/index.html,"Sulfuric acid titration (TA drop test), DPD combo kit ppm mg/L as CaCO₃ — — muriatic-acid baking-soda aeration co2-offgassing ph-parameter calcium-hardness lsi-parameter N/A — water parameter Low TA causes pH instability.",ph,,,"Sulfuric acid titration (TA drop test), DPD combo kit ppm mg/L as CaCO₃ — — muriatic-acid baking-soda aeration co2-offgassing ph-parameter calcium-hardness lsi-parameter N/A — water parameter Low TA causes pH instability.",mechanical_category=DEFERRED,,DEFERRED,"No confident automated classification and not individually reviewed this phase -- genuinely lower priority per Step 11/12 (not safety-critical, not Tier-1, not a confirmed source conflict). Deferred, not resolved.",NO_PRODUCTION_ACTION,2026-08-18
ebf8f3da28ef491d,reference/datasets/chemical-ranges/index.html,"At pH 8.0, only 22% is active. residential-pool-total-alkalinity residential-pool total-alkalinity ppm {""min"":80,""max"":120,""ideal"":100} {""low"":60,""high"":180} {""low"":40,""high"":240} Adjust TA before pH.",ph,,,"At pH 8.0, only 22% is active. residential-pool-total-alkalinity residential-pool total-alkalinity ppm {""min"":80,""max"":120,""ideal"":100} {""low"":60,""high"":180} {""low"":40,""high"":240} Adjust TA before pH.",mechanical_category=NON_CHEMISTRY_ARTIFACT,,NOT_A_CLAIM,"Describes what fraction/percentage of the parameter is in an active chemical form (e.g. ""22% remains as HOCl""), a chemistry-equilibrium fact, not a concentration target -- not comparable to a canonical range.",NO_PRODUCTION_ACTION,2026-08-18
af519b266378dc98,reference/datasets/chemical-ranges/index.html,"Salt chlorinator output may need adjustment seasonally. saltwater-pool-ph saltwater-pool ph pH {""min"":7.2,""max"":7.6,""ideal"":7.4} {""low"":7,""high"":7.8} {""low"":6.8,""high"":8.2} Salt pools tend to drift high pH due to electrolysis byproducts.",ph,,,"Salt chlorinator output may need adjustment seasonally. saltwater-pool-ph saltwater-pool ph pH {""min"":7.2,""max"":7.6,""ideal"":7.4} {""low"":7,""high"":7.8} {""low"":6.8,""high"":8.2} Salt pools tend to drift high pH due to electrolysis byproducts.",mechanical_category=DEFERRED,,DEFERRED,"No confident automated classification and not individually reviewed this phase -- genuinely lower priority per Step 11/12 (not safety-critical, not Tier-1, not a confirmed source conflict). Deferred, not resolved.",NO_PRODUCTION_ACTION,2026-08-18
a33b143b42a29759,reference/datasets/dosage-matrices/index.html,"Multiple treatments may be required. — — — soda-ash-100pct-ph Soda Ash (Sodium Carbonate, 100%) — pH Increase soda-ash 100 ph 0.2 10000 gallons 8 oz (dry) — residential-pool saltwater-pool hot-tub commercial-pool indoor-pool outdoor-pool — increase Approximate.",ph,,,"Multiple treatments may be required. — — — soda-ash-100pct-ph Soda Ash (Sodium Carbonate, 100%) — pH Increase soda-ash 100 ph 0.2 10000 gallons 8 oz (dry) — residential-pool saltwater-pool hot-tub commercial-pool indoor-pool outdoor-pool — increase Approximate.",mechanical_category=DEFERRED,,DEFERRED,"No confident automated classification and not individually reviewed this phase -- genuinely lower priority per Step 11/12 (not safety-critical, not Tier-1, not a confirmed source conflict). Deferred, not resolved.",NO_PRODUCTION_ACTION,2026-08-18
dc83b0ecdb3b33b5,reference/datasets/dosage-matrices/index.html,"Add around pool perimeter with pump running. — — 1.5 calcium-chloride-77pct-ch Calcium Chloride (Anhydrous, 77%) — Calcium Hardness Increase calcium-chloride 77 calcium-hardness 10 10000 gallons 27.2 oz (dry) — residential-pool saltwater-pool hot-tub commercial-pool indoor-pool outdoor-pool — none 1…",calcium_hardness,,,"Add around pool perimeter with pump running. — — 1.5 calcium-chloride-77pct-ch Calcium Chloride (Anhydrous, 77%) — Calcium Hardness Increase calcium-chloride 77 calcium-hardness 10 10000 gallons 27.2 oz (dry) — residential-pool saltwater-pool hot-tub commercial-pool indoor-pool outdoor-pool — none 1…",mechanical_category=DEFERRED,,DEFERRED,"No confident automated classification and not individually reviewed this phase -- genuinely lower priority per Step 11/12 (not safety-critical, not Tier-1, not a confirmed source conflict). Deferred, not resolved.",NO_PRODUCTION_ACTION,2026-08-18
b4e624ff33b50199,reference/ph-table.html,"Muriatic Acid (31.45%) to Lower pH — TA at 80–120 ppm Pool Volume pH 7.8 → 7.4 pH 8.0 → 7.4 pH 8.2 → 7.4 8,000 gal 8 fl oz 16 fl oz 24 fl oz 10,000 gal 10 fl oz 20 fl oz 30 fl oz 12,000 gal 12 fl oz 24 fl oz 36 fl oz 15,000 gal 15 fl oz 30 fl oz 45 fl oz 20,000 gal 20 fl oz 40 fl oz 60 fl oz Sodium …",ph,,,"Muriatic Acid (31.45%) to Lower pH — TA at 80–120 ppm Pool Volume pH 7.8 → 7.4 pH 8.0 → 7.4 pH 8.2 → 7.4 8,000 gal 8 fl oz 16 fl oz 24 fl oz 10,000 gal 10 fl oz 20 fl oz 30 fl oz 12,000 gal 12 fl oz 24 fl oz 36 fl oz 15,000 gal 15 fl oz 30 fl oz 45 fl oz 20,000 gal 20 fl oz 40 fl oz 60 fl oz Sodium …",mechanical_category=DEFERRED,,DEFERRED,"No confident automated classification and not individually reviewed this phase -- genuinely lower priority per Step 11/12 (not safety-critical, not Tier-1, not a confirmed source conflict). Deferred, not resolved.",NO_PRODUCTION_ACTION,2026-08-18
c487151a4894902f,reference/ph-table.html,"Muriatic Acid (31.45%) to Lower pH — TA at 80–120 ppm Pool Volume pH 7.8 → 7.4 pH 8.0 → 7.4 pH 8.2 → 7.4 8,000 gal 8 fl oz 16 fl oz 24 fl oz 10,000 gal 10 fl oz 20 fl oz 30 fl oz 12,000 gal 12 fl oz 24 fl oz 36 fl oz 15,000 gal 15 fl oz 30 fl oz 45 fl oz 20,000 gal 20 fl oz 40 fl oz 60 fl oz Sodium …",ph,,,"Muriatic Acid (31.45%) to Lower pH — TA at 80–120 ppm Pool Volume pH 7.8 → 7.4 pH 8.0 → 7.4 pH 8.2 → 7.4 8,000 gal 8 fl oz 16 fl oz 24 fl oz 10,000 gal 10 fl oz 20 fl oz 30 fl oz 12,000 gal 12 fl oz 24 fl oz 36 fl oz 15,000 gal 15 fl oz 30 fl oz 45 fl oz 20,000 gal 20 fl oz 40 fl oz 60 fl oz Sodium …",mechanical_category=DEFERRED,,DEFERRED,"No confident automated classification and not individually reviewed this phase -- genuinely lower priority per Step 11/12 (not safety-critical, not Tier-1, not a confirmed source conflict). Deferred, not resolved.",NO_PRODUCTION_ACTION,2026-08-18
3e38d7608fe37c76,reference/ph-table.html,"Muriatic Acid (31.45%) to Lower pH — TA at 80–120 ppm Pool Volume pH 7.8 → 7.4 pH 8.0 → 7.4 pH 8.2 → 7.4 8,000 gal 8 fl oz 16 fl oz 24 fl oz 10,000 gal 10 fl oz 20 fl oz 30 fl oz 12,000 gal 12 fl oz 24 fl oz 36 fl oz 15,000 gal 15 fl oz 30 fl oz 45 fl oz 20,000 gal 20 fl oz 40 fl oz 60 fl oz Sodium …",ph,,,"Muriatic Acid (31.45%) to Lower pH — TA at 80–120 ppm Pool Volume pH 7.8 → 7.4 pH 8.0 → 7.4 pH 8.2 → 7.4 8,000 gal 8 fl oz 16 fl oz 24 fl oz 10,000 gal 10 fl oz 20 fl oz 30 fl oz 12,000 gal 12 fl oz 24 fl oz 36 fl oz 15,000 gal 15 fl oz 30 fl oz 45 fl oz 20,000 gal 20 fl oz 40 fl oz 60 fl oz Sodium …",mechanical_category=DEFERRED,,DEFERRED,"No confident automated classification and not individually reviewed this phase -- genuinely lower priority per Step 11/12 (not safety-critical, not Tier-1, not a confirmed source conflict). Deferred, not resolved.",NO_PRODUCTION_ACTION,2026-08-18
5a829d91bd7ebc5b,reference/ph-table.html,"Muriatic Acid (31.45%) to Lower pH — TA at 80–120 ppm Pool Volume pH 7.8 → 7.4 pH 8.0 → 7.4 pH 8.2 → 7.4 8,000 gal 8 fl oz 16 fl oz 24 fl oz 10,000 gal 10 fl oz 20 fl oz 30 fl oz 12,000 gal 12 fl oz 24 fl oz 36 fl oz 15,000 gal 15 fl oz 30 fl oz 45 fl oz 20,000 gal 20 fl oz 40 fl oz 60 fl oz Sodium …",ph,,,"Muriatic Acid (31.45%) to Lower pH — TA at 80–120 ppm Pool Volume pH 7.8 → 7.4 pH 8.0 → 7.4 pH 8.2 → 7.4 8,000 gal 8 fl oz 16 fl oz 24 fl oz 10,000 gal 10 fl oz 20 fl oz 30 fl oz 12,000 gal 12 fl oz 24 fl oz 36 fl oz 15,000 gal 15 fl oz 30 fl oz 45 fl oz 20,000 gal 20 fl oz 40 fl oz 60 fl oz Sodium …",mechanical_category=DEFERRED,,DEFERRED,"No confident automated classification and not individually reviewed this phase -- genuinely lower priority per Step 11/12 (not safety-critical, not Tier-1, not a confirmed source conflict). Deferred, not resolved.",NO_PRODUCTION_ACTION,2026-08-18
88e5700847d5b324,reference/ph-table.html,"Muriatic Acid (31.45%) to Lower pH — TA at 80–120 ppm Pool Volume pH 7.8 → 7.4 pH 8.0 → 7.4 pH 8.2 → 7.4 8,000 gal 8 fl oz 16 fl oz 24 fl oz 10,000 gal 10 fl oz 20 fl oz 30 fl oz 12,000 gal 12 fl oz 24 fl oz 36 fl oz 15,000 gal 15 fl oz 30 fl oz 45 fl oz 20,000 gal 20 fl oz 40 fl oz 60 fl oz Sodium …",ph,,,"Muriatic Acid (31.45%) to Lower pH — TA at 80–120 ppm Pool Volume pH 7.8 → 7.4 pH 8.0 → 7.4 pH 8.2 → 7.4 8,000 gal 8 fl oz 16 fl oz 24 fl oz 10,000 gal 10 fl oz 20 fl oz 30 fl oz 12,000 gal 12 fl oz 24 fl oz 36 fl oz 15,000 gal 15 fl oz 30 fl oz 45 fl oz 20,000 gal 20 fl oz 40 fl oz 60 fl oz Sodium …",mechanical_category=DEFERRED,,DEFERRED,"No confident automated classification and not individually reviewed this phase -- genuinely lower priority per Step 11/12 (not safety-critical, not Tier-1, not a confirmed source conflict). Deferred, not resolved.",NO_PRODUCTION_ACTION,2026-08-18
bca9e28cdc707397,reference/ph-table.html,High alkalinity (above 150 ppm) makes pH much harder to lower — may need 2–3x these doses.,ph,,,High alkalinity (above 150 ppm) makes pH much harder to lower — may need 2–3x these doses.,mechanical_category=DEFERRED,,DEFERRED,"No confident automated classification and not individually reviewed this phase -- genuinely lower priority per Step 11/12 (not safety-critical, not Tier-1, not a confirmed source conflict). Deferred, not resolved.",NO_PRODUCTION_ACTION,2026-08-18
27b6f2ce18fec06a,reference/total-alkalinity-explained.html,"About 1.4 pounds per 10,000 gallons raises TA by approximately 10 ppm.",total_alkalinity,,,"About 1.4 pounds per 10,000 gallons raises TA by approximately 10 ppm.",mechanical_category=NON_CHEMISTRY_ARTIFACT,,NOT_A_CLAIM,"Dosage coefficient / formula constant, not a target range -- same category as the already-disclosed calculator dosing-constant findings (Phase 7F Trust Language Audit).",NO_PRODUCTION_ACTION,2026-08-18
3a08e9bb77078ed5,reference/water-replacement-guidelines.html,"Partial Drain Triggers Parameter Trigger Level Recommended Action CYA Above 80 ppm Partial drain (25–50%) and refill Calcium Hardness Above 500 ppm Partial drain (25–30%) and refill TDS (hot tubs) 1,500 ppm over baseline Complete water change TDS (pools) Above 3,000 ppm (non-salt) Partial drain (25%…",calcium_hardness,,,"Partial Drain Triggers Parameter Trigger Level Recommended Action CYA Above 80 ppm Partial drain (25–50%) and refill Calcium Hardness Above 500 ppm Partial drain (25–30%) and refill TDS (hot tubs) 1,500 ppm over baseline Complete water change TDS (pools) Above 3,000 ppm (non-salt) Partial drain (25%…",mechanical_category=DEFERRED,,DEFERRED,"No confident automated classification and not individually reviewed this phase -- genuinely lower priority per Step 11/12 (not safety-critical, not Tier-1, not a confirmed source conflict). Deferred, not resolved.",NO_PRODUCTION_ACTION,2026-08-18
3c267722d496be40,reference/water-replacement-guidelines.html,"Partial Drain Triggers Parameter Trigger Level Recommended Action CYA Above 80 ppm Partial drain (25–50%) and refill Calcium Hardness Above 500 ppm Partial drain (25–30%) and refill TDS (hot tubs) 1,500 ppm over baseline Complete water change TDS (pools) Above 3,000 ppm (non-salt) Partial drain (25%…",salt,,,"Partial Drain Triggers Parameter Trigger Level Recommended Action CYA Above 80 ppm Partial drain (25–50%) and refill Calcium Hardness Above 500 ppm Partial drain (25–30%) and refill TDS (hot tubs) 1,500 ppm over baseline Complete water change TDS (pools) Above 3,000 ppm (non-salt) Partial drain (25%…",mechanical_category=DEFERRED,,DEFERRED,"No confident automated classification and not individually reviewed this phase -- genuinely lower priority per Step 11/12 (not safety-critical, not Tier-1, not a confirmed source conflict). Deferred, not resolved.",NO_PRODUCTION_ACTION,2026-08-18
042f33d1e19c4ff0,reference/water-replacement-guidelines.html,"Partial Drain Triggers Parameter Trigger Level Recommended Action CYA Above 80 ppm Partial drain (25–50%) and refill Calcium Hardness Above 500 ppm Partial drain (25–30%) and refill TDS (hot tubs) 1,500 ppm over baseline Complete water change TDS (pools) Above 3,000 ppm (non-salt) Partial drain (25%…",salt,,,"Partial Drain Triggers Parameter Trigger Level Recommended Action CYA Above 80 ppm Partial drain (25–50%) and refill Calcium Hardness Above 500 ppm Partial drain (25–30%) and refill TDS (hot tubs) 1,500 ppm over baseline Complete water change TDS (pools) Above 3,000 ppm (non-salt) Partial drain (25%…",mechanical_category=DEFERRED,,DEFERRED,"No confident automated classification and not individually reviewed this phase -- genuinely lower priority per Step 11/12 (not safety-critical, not Tier-1, not a confirmed source conflict). Deferred, not resolved.",NO_PRODUCTION_ACTION,2026-08-18
2efabcfd1b09a551,resources/pool-closing-checklist.html,Print This Page &#8592; All Resources &#10003; Printable &#10003; Free Download &#10003; Letter & A4 Ready &#10003; One Page Preview & Print Chemistry Balance (1–2 Weeks Before) Shock pool with super-chlorination dose Adjust pH to 7.2–7.6 Adjust total alkalinity to 80–120 ppm Adjust calcium hardness…,ph,,,Print This Page &#8592; All Resources &#10003; Printable &#10003; Free Download &#10003; Letter & A4 Ready &#10003; One Page Preview & Print Chemistry Balance (1–2 Weeks Before) Shock pool with super-chlorination dose Adjust pH to 7.2–7.6 Adjust total alkalinity to 80–120 ppm Adjust calcium hardness…,mechanical_category=DEFERRED,,DEFERRED,"No confident automated classification and not individually reviewed this phase -- genuinely lower priority per Step 11/12 (not safety-critical, not Tier-1, not a confirmed source conflict). Deferred, not resolved.",NO_PRODUCTION_ACTION,2026-08-18
1e5feca770e62a2a,resources/pool-closing-checklist.html,Print This Page &#8592; All Resources &#10003; Printable &#10003; Free Download &#10003; Letter & A4 Ready &#10003; One Page Preview & Print Chemistry Balance (1–2 Weeks Before) Shock pool with super-chlorination dose Adjust pH to 7.2–7.6 Adjust total alkalinity to 80–120 ppm Adjust calcium hardness…,ph,,,Print This Page &#8592; All Resources &#10003; Printable &#10003; Free Download &#10003; Letter & A4 Ready &#10003; One Page Preview & Print Chemistry Balance (1–2 Weeks Before) Shock pool with super-chlorination dose Adjust pH to 7.2–7.6 Adjust total alkalinity to 80–120 ppm Adjust calcium hardness…,mechanical_category=DEFERRED,,DEFERRED,"No confident automated classification and not individually reviewed this phase -- genuinely lower priority per Step 11/12 (not safety-critical, not Tier-1, not a confirmed source conflict). Deferred, not resolved.",NO_PRODUCTION_ACTION,2026-08-18
303d88fbef65b8b6,resources/pool-closing-checklist.html,Print This Page &#8592; All Resources &#10003; Printable &#10003; Free Download &#10003; Letter & A4 Ready &#10003; One Page Preview & Print Chemistry Balance (1–2 Weeks Before) Shock pool with super-chlorination dose Adjust pH to 7.2–7.6 Adjust total alkalinity to 80–120 ppm Adjust calcium hardness…,calcium_hardness,,,Print This Page &#8592; All Resources &#10003; Printable &#10003; Free Download &#10003; Letter & A4 Ready &#10003; One Page Preview & Print Chemistry Balance (1–2 Weeks Before) Shock pool with super-chlorination dose Adjust pH to 7.2–7.6 Adjust total alkalinity to 80–120 ppm Adjust calcium hardness…,mechanical_category=DEFERRED,,DEFERRED,"No confident automated classification and not individually reviewed this phase -- genuinely lower priority per Step 11/12 (not safety-critical, not Tier-1, not a confirmed source conflict). Deferred, not resolved.",NO_PRODUCTION_ACTION,2026-08-18
