url,file_path,page_type,cluster,silo,generator,title,h1,meta_description,canonical,robots,word_count,visible_text_count,heading_count,internal_link_count,external_link_count,incoming_internal_links,outgoing_internal_links,schema_types,faq_count,quick_answer_present,key_takeaways_present,last_updated_present,author_present,source_links_present,calculator_present,table_present,primary_cta,indexability,sitemap_presence,redirect_status_if_known
https://waterbalancetools.com/404,404.html,error,root,core,unknown / manual,Page Not Found | WaterBalanceTools,Page not found,Home Page not found Page not found This URL does not match a page on WaterBalanceTools. Try the calculators or the full page list.,https://waterbalancetools.com/404,"noindex, follow",25,25,1,11,0,0,11,BreadcrumbList,0,false,false,true,false,false,false,false,none detected,NOINDEX,false,none
https://waterbalancetools.com/about/,about/index.html,trust,about,trust,generate-hub-pages.js / generate-hubs.js,About WaterBalanceTools | Albor Digital LLC | WaterBalanceTools,About WaterBalanceTools,"WaterBalanceTools is an independent pool and hot tub water chemistry reference, owned and operated by Albor Digital LLC.",https://waterbalancetools.com/about/,"index, follow",228,228,7,25,0,459,25,BreadcrumbList,0,false,false,true,false,false,false,false,none detected,INDEXABLE,true,none
https://waterbalancetools.com/academy/equipment/automatic-chlorinators,academy/equipment/automatic-chlorinators.html,academy-article,academy/equipment,academy,generate-academy.js,Automatic Chlorinators | Academy | WaterBalanceTools,Automatic Chlorinators,"Learn how automatic chlorine feeders work, the difference between inline and offline feeders, how to set the feed rate, and compatibility considerations.",https://waterbalancetools.com/academy/equipment/automatic-chlorinators,"index, follow",724,724,12,32,0,9,32,Article;BreadcrumbList,0,false,true,true,false,true,true,false,calculator interaction,INDEXABLE,true,none
https://waterbalancetools.com/academy/equipment/,academy/equipment/index.html,academy-article,academy/equipment,academy,generate-academy.js,Equipment | Academy | WaterBalanceTools,Equipment,"Pumps, filters, heaters, automation, and maintenance tips.",https://waterbalancetools.com/academy/equipment,"index, follow",219,219,3,28,0,7,28,BreadcrumbList,0,false,false,true,false,false,false,false,none detected,INDEXABLE,true,none
https://waterbalancetools.com/academy/equipment/pool-filters,academy/equipment/pool-filters.html,academy-article,academy/equipment,academy,generate-academy.js,Pool Filters: How They Work | Academy | WaterBalanceTools,Pool Filters: How They Work,"Learn how pool filters work, the three main filter types, what they remove from water, and how to maintain them correctly.",https://waterbalancetools.com/academy/equipment/pool-filters,"index, follow",747,747,12,34,0,16,34,Article;BreadcrumbList,0,false,true,true,false,true,true,false,calculator interaction,INDEXABLE,true,none
https://waterbalancetools.com/academy/equipment/pool-pumps,academy/equipment/pool-pumps.html,academy-article,academy/equipment,academy,generate-academy.js,Pool Pumps: Sizing and Turnover | Academy | WaterBalanceTools,Pool Pumps: Sizing and Turnover,"Learn how to size a pool pump correctly, calculate turnover rate, and understand why variable speed pumps save energy while improving water quality.",https://waterbalancetools.com/academy/equipment/pool-pumps,"index, follow",677,677,12,33,0,16,33,Article;BreadcrumbList,0,false,true,true,false,true,true,false,calculator interaction,INDEXABLE,true,none
https://waterbalancetools.com/academy/equipment/pool-skimmers,academy/equipment/pool-skimmers.html,academy-article,academy/equipment,academy,generate-academy.js,Pool Skimmers | Academy | WaterBalanceTools,Pool Skimmers,"Learn how pool skimmers work, why correct water level is essential for skimmer performance, and how to maintain them.",https://waterbalancetools.com/academy/equipment/pool-skimmers,"index, follow",750,750,12,32,0,8,32,Article;BreadcrumbList,0,false,true,true,false,true,true,false,calculator interaction,INDEXABLE,true,none
https://waterbalancetools.com/academy/equipment/salt-systems,academy/equipment/salt-systems.html,academy-article,academy/equipment,academy,generate-academy.js,Salt Chlorinator Systems | Academy | WaterBalanceTools,Salt Chlorinator Systems,"Learn how salt chlorinator systems generate chlorine from dissolved salt, what they require in terms of water chemistry, and how to maintain the salt cell.",https://waterbalancetools.com/academy/equipment/salt-systems,"index, follow",773,773,12,32,0,12,32,Article;BreadcrumbList,0,false,true,true,false,true,true,false,calculator interaction,INDEXABLE,true,none
https://waterbalancetools.com/academy/equipment/sand-vs-cartridge-filters,academy/equipment/sand-vs-cartridge-filters.html,academy-article,academy/equipment,academy,generate-academy.js,Sand Filters vs. Cartridge Filters | Academy | WaterBalanceTools,Sand Filters vs. Cartridge Filters,"Compare sand and cartridge pool filters on filtration quality, water usage, maintenance requirements, and which is the better choice for your pool.",https://waterbalancetools.com/academy/equipment/sand-vs-cartridge-filters,"index, follow",704,704,12,31,0,14,31,Article;BreadcrumbList,0,false,true,true,false,true,true,false,calculator interaction,INDEXABLE,true,none
https://waterbalancetools.com/academy/fundamentals/how-temperature-changes-water-chemistry,academy/fundamentals/how-temperature-changes-water-chemistry.html,academy-article,academy/fundamentals,academy,generate-academy.js,How Temperature Changes Water Chemistry | Academy | WaterBalanceTools,How Temperature Changes Water Chemistry,"Learn how rising water temperature affects chlorine demand, pH stability, calcium solubility, and the Langelier Saturation Index.",https://waterbalancetools.com/academy/fundamentals/how-temperature-changes-water-chemistry,"index, follow",647,647,12,34,0,10,34,Article;BreadcrumbList,0,false,true,true,false,true,true,false,calculator interaction,INDEXABLE,true,none
https://waterbalancetools.com/academy/fundamentals/how-water-balance-works,academy/fundamentals/how-water-balance-works.html,academy-article,academy/fundamentals,academy,generate-academy.js,How Water Balance Works | Academy | WaterBalanceTools,How Water Balance Works,"Understand what balanced pool water means, how the Langelier Saturation Index works, and why balance protects your pool surfaces and equipment.",https://waterbalancetools.com/academy/fundamentals/how-water-balance-works,"index, follow",656,656,12,36,0,15,36,Article;BreadcrumbList,0,false,true,true,false,true,true,false,calculator interaction,INDEXABLE,true,none
https://waterbalancetools.com/academy/fundamentals/,academy/fundamentals/index.html,academy-article,academy/fundamentals,academy,generate-academy.js,Fundamentals | Academy | WaterBalanceTools,Fundamentals,Core water chemistry concepts every pool owner needs to understand.,https://waterbalancetools.com/academy/fundamentals,"index, follow",220,220,3,28,0,7,28,BreadcrumbList,0,false,false,true,false,false,false,false,none detected,INDEXABLE,true,none
https://waterbalancetools.com/academy/fundamentals/pool-vs-hot-tub-chemistry,academy/fundamentals/pool-vs-hot-tub-chemistry.html,academy-article,academy/fundamentals,academy,generate-academy.js,Pool vs. Hot Tub Chemistry | Academy | WaterBalanceTools,Pool vs. Hot Tub Chemistry,"Understand how hot tub water chemistry differs from pool chemistry, including tighter target ranges, faster depletion, and more frequent testing.",https://waterbalancetools.com/academy/fundamentals/pool-vs-hot-tub-chemistry,"index, follow",684,684,12,36,0,12,36,Article;BreadcrumbList,0,false,true,true,false,true,true,false,calculator interaction,INDEXABLE,true,none
https://waterbalancetools.com/academy/fundamentals/the-four-core-water-tests,academy/fundamentals/the-four-core-water-tests.html,academy-article,academy/fundamentals,academy,generate-academy.js,The Four Core Water Tests | Academy | WaterBalanceTools,The Four Core Water Tests,"Learn which four water tests every pool owner must run, what each measures, and the target ranges for pools and hot tubs.",https://waterbalancetools.com/academy/fundamentals/the-four-core-water-tests,"index, follow",670,670,12,38,0,16,38,Article;BreadcrumbList,0,false,true,true,false,true,true,false,calculator interaction,INDEXABLE,true,none
https://waterbalancetools.com/academy/fundamentals/understanding-pool-water-chemistry,academy/fundamentals/understanding-pool-water-chemistry.html,academy-article,academy/fundamentals,academy,generate-academy.js,Understanding Pool Water Chemistry | Academy | WaterBalanceTools,Understanding Pool Water Chemistry,"Learn the four core water chemistry parameters that every pool owner needs to maintain safe, clear water.",https://waterbalancetools.com/academy/fundamentals/understanding-pool-water-chemistry,"index, follow",686,686,12,39,0,17,39,Article;BreadcrumbList,0,false,true,true,false,true,true,false,calculator interaction,INDEXABLE,true,none
https://waterbalancetools.com/academy/fundamentals/why-water-testing-matters,academy/fundamentals/why-water-testing-matters.html,academy-article,academy/fundamentals,academy,generate-academy.js,Why Water Testing Matters | Academy | WaterBalanceTools,Why Water Testing Matters,Understand why regular water testing is the most cost-effective pool maintenance habit and what happens when testing is skipped.,https://waterbalancetools.com/academy/fundamentals/why-water-testing-matters,"index, follow",643,643,12,33,0,9,33,Article;BreadcrumbList,0,false,true,true,false,true,true,false,calculator interaction,INDEXABLE,true,none
https://waterbalancetools.com/academy/hot-tubs/daily-spa-maintenance,academy/hot-tubs/daily-spa-maintenance.html,academy-article,academy/hot-tubs,academy,generate-academy.js,Daily Spa Maintenance | Academy | WaterBalanceTools,Daily Spa Maintenance,Learn the five-minute daily hot tub maintenance routine that prevents chemistry problems and keeps the water safe for every soak.,https://waterbalancetools.com/academy/hot-tubs/daily-spa-maintenance,"index, follow",672,672,12,34,0,11,34,Article;BreadcrumbList,0,false,true,true,false,true,true,false,calculator interaction,INDEXABLE,true,none
https://waterbalancetools.com/academy/hot-tubs/,academy/hot-tubs/index.html,academy-article,academy/hot-tubs,academy,generate-academy.js,Hot Tubs &amp; Spas | Academy | WaterBalanceTools,Hot Tubs & Spas,"Hot tub chemistry, maintenance schedules, and water care.",https://waterbalancetools.com/academy/hot-tubs,"index, follow",231,231,3,28,0,7,28,BreadcrumbList,0,false,false,true,false,false,false,false,none detected,INDEXABLE,true,none
https://waterbalancetools.com/academy/hot-tubs/monthly-spa-maintenance,academy/hot-tubs/monthly-spa-maintenance.html,academy-article,academy/hot-tubs,academy,generate-academy.js,Monthly Spa Maintenance | Academy | WaterBalanceTools,Monthly Spa Maintenance,"Learn the monthly hot tub maintenance tasks including deep filter cleaning, full water test, and what to check to keep the system running efficiently.",https://waterbalancetools.com/academy/hot-tubs/monthly-spa-maintenance,"index, follow",694,694,12,31,0,8,31,Article;BreadcrumbList,0,false,true,true,false,true,true,false,calculator interaction,INDEXABLE,true,none
https://waterbalancetools.com/academy/hot-tubs/refilling-your-hot-tub,academy/hot-tubs/refilling-your-hot-tub.html,academy-article,academy/hot-tubs,academy,generate-academy.js,Refilling Your Hot Tub | Academy | WaterBalanceTools,Refilling Your Hot Tub,"Learn how to drain, clean, and refill a hot tub correctly, and how to set up the chemistry of fresh water before the first soak.",https://waterbalancetools.com/academy/hot-tubs/refilling-your-hot-tub,"index, follow",790,790,12,36,0,14,36,Article;BreadcrumbList,0,false,true,true,false,true,true,false,calculator interaction,INDEXABLE,true,none
https://waterbalancetools.com/academy/hot-tubs/shock-after-heavy-use,academy/hot-tubs/shock-after-heavy-use.html,academy-article,academy/hot-tubs,academy,generate-academy.js,Shocking a Hot Tub After Heavy Use | Academy | WaterBalanceTools,Shocking a Hot Tub After Heavy Use,"Learn when and how to shock a hot tub after parties, heavy bather load, or other events that rapidly deplete sanitiser and create combined chlorine.",https://waterbalancetools.com/academy/hot-tubs/shock-after-heavy-use,"index, follow",740,740,12,32,0,9,32,Article;BreadcrumbList,0,false,true,true,false,true,true,false,calculator interaction,INDEXABLE,true,none
https://waterbalancetools.com/academy/hot-tubs/weekly-spa-maintenance,academy/hot-tubs/weekly-spa-maintenance.html,academy-article,academy/hot-tubs,academy,generate-academy.js,Weekly Spa Maintenance | Academy | WaterBalanceTools,Weekly Spa Maintenance,"Learn the complete weekly hot tub maintenance routine including full water testing, filter rinse, and chemical balancing.",https://waterbalancetools.com/academy/hot-tubs/weekly-spa-maintenance,"index, follow",698,698,12,34,0,11,34,Article;BreadcrumbList,0,false,true,true,false,true,true,false,calculator interaction,INDEXABLE,true,none
https://waterbalancetools.com/academy/hot-tubs/winter-spa-care,academy/hot-tubs/winter-spa-care.html,academy-article,academy/hot-tubs,academy,generate-academy.js,Winter Spa Care | Academy | WaterBalanceTools,Winter Spa Care,"Learn how to care for a hot tub during winter, whether you keep it running or winterize it, including chemical adjustments and freeze protection.",https://waterbalancetools.com/academy/hot-tubs/winter-spa-care,"index, follow",790,790,12,31,0,12,31,Article;BreadcrumbList,0,false,true,true,false,true,true,false,calculator interaction,INDEXABLE,true,none
https://waterbalancetools.com/academy/,academy/index.html,academy-hub,academy,academy,generate-academy.js,Pool &amp; Hot Tub Chemistry Academy | WaterBalanceTools,Pool & Hot Tub Chemistry Academy,"Learn pool and hot tub water chemistry with structured guides covering pH, chlorine, alkalinity, troubleshooting, and more.",https://waterbalancetools.com/academy,"index, follow",156,156,4,39,0,459,39,BreadcrumbList,0,false,false,true,false,false,false,false,none detected,INDEXABLE,true,none
https://waterbalancetools.com/academy/sanitizers/breakpoint-chlorination,academy/sanitizers/breakpoint-chlorination.html,academy-article,academy/sanitizers,academy,generate-academy.js,Breakpoint Chlorination | Academy | WaterBalanceTools,Breakpoint Chlorination,"Learn what breakpoint chlorination is, how to calculate the dose needed to destroy combined chlorine, and how to execute it correctly.",https://waterbalancetools.com/academy/sanitizers/breakpoint-chlorination,"index, follow",723,723,13,40,0,17,40,Article;BreadcrumbList,0,false,true,true,false,true,true,false,Full entity details →,INDEXABLE,true,none
https://waterbalancetools.com/academy/sanitizers/bromine-vs-chlorine,academy/sanitizers/bromine-vs-chlorine.html,academy-article,academy/sanitizers,academy,generate-academy.js,Bromine vs. Chlorine | Academy | WaterBalanceTools,Bromine vs. Chlorine,"Compare bromine and chlorine as pool and hot tub sanitizers, including effectiveness, cost, pH effects, and when each is the better choice.",https://waterbalancetools.com/academy/sanitizers/bromine-vs-chlorine,"index, follow",705,705,12,34,0,11,34,Article;BreadcrumbList,0,false,true,true,false,true,true,false,calculator interaction,INDEXABLE,true,none
https://waterbalancetools.com/academy/sanitizers/combined-chlorine-explained,academy/sanitizers/combined-chlorine-explained.html,academy-article,academy/sanitizers,academy,generate-academy.js,Combined Chlorine Explained | Academy | WaterBalanceTools,Combined Chlorine Explained,"Learn what combined chlorine is, why it forms in pools, how to measure it, and why it causes the irritating pool smell many people mistake for too much chlor...",https://waterbalancetools.com/academy/sanitizers/combined-chlorine-explained,"index, follow",653,653,12,34,0,15,34,Article;BreadcrumbList,0,false,true,true,false,true,true,false,calculator interaction,INDEXABLE,true,none
https://waterbalancetools.com/academy/sanitizers/,academy/sanitizers/index.html,academy-article,academy/sanitizers,academy,generate-academy.js,Sanitizers | Academy | WaterBalanceTools,Sanitizers,"Chlorine, bromine, salt, and alternative sanitization methods.",https://waterbalancetools.com/academy/sanitizers,"index, follow",230,230,3,28,0,7,28,BreadcrumbList,0,false,false,true,false,false,false,false,none detected,INDEXABLE,true,none
https://waterbalancetools.com/academy/sanitizers/liquid-chlorine-vs-tablets,academy/sanitizers/liquid-chlorine-vs-tablets.html,academy-article,academy/sanitizers,academy,generate-academy.js,Liquid Chlorine vs. Tablets | Academy | WaterBalanceTools,Liquid Chlorine vs. Tablets,Compare liquid chlorine (sodium hypochlorite) and chlorine tablets (trichlor/dichlor) to decide which is right for your pool.,https://waterbalancetools.com/academy/sanitizers/liquid-chlorine-vs-tablets,"index, follow",698,698,12,34,0,18,34,Article;BreadcrumbList,0,false,true,true,false,true,true,false,calculator interaction,INDEXABLE,true,none
https://waterbalancetools.com/academy/sanitizers/shock-treatments-explained,academy/sanitizers/shock-treatments-explained.html,academy-article,academy/sanitizers,academy,generate-academy.js,Shock Treatments Explained | Academy | WaterBalanceTools,Shock Treatments Explained,"Learn what pool shock is, when to shock your pool, which shock product to use, and how to do it correctly.",https://waterbalancetools.com/academy/sanitizers/shock-treatments-explained,"index, follow",671,671,12,34,0,30,34,Article;BreadcrumbList,0,false,true,true,false,true,true,false,calculator interaction,INDEXABLE,true,none
https://waterbalancetools.com/academy/sanitizers/understanding-free-chlorine,academy/sanitizers/understanding-free-chlorine.html,academy-article,academy/sanitizers,academy,generate-academy.js,Understanding Free Chlorine | Academy | WaterBalanceTools,Understanding Free Chlorine,"Learn what free chlorine is, how it kills pathogens, why pH controls its effectiveness, and how to maintain the right level in your pool.",https://waterbalancetools.com/academy/sanitizers/understanding-free-chlorine,"index, follow",681,681,12,37,0,17,37,Article;BreadcrumbList,0,false,true,true,false,true,true,false,calculator interaction,INDEXABLE,true,none
https://waterbalancetools.com/academy/testing/common-testing-mistakes,academy/testing/common-testing-mistakes.html,academy-article,academy/testing,academy,generate-academy.js,Common Pool Water Testing Mistakes | Academy | WaterBalanceTools,Common Pool Water Testing Mistakes,"Avoid the most common pool water testing errors that lead to incorrect results, unnecessary chemical additions, and ongoing chemistry problems.",https://waterbalancetools.com/academy/testing/common-testing-mistakes,"index, follow",677,677,12,32,0,8,32,Article;BreadcrumbList,0,false,true,true,false,true,true,false,calculator interaction,INDEXABLE,true,none
https://waterbalancetools.com/academy/testing/digital-pool-testers,academy/testing/digital-pool-testers.html,academy-article,academy/testing,academy,generate-academy.js,Digital Pool Testers | Academy | WaterBalanceTools,Digital Pool Testers,"Learn about digital pool testing devices, including photometers and ORP/pH probes, their accuracy, maintenance requirements, and which are worth buying.",https://waterbalancetools.com/academy/testing/digital-pool-testers,"index, follow",634,634,12,31,0,8,31,Article;BreadcrumbList,0,false,true,true,false,true,true,false,calculator interaction,INDEXABLE,true,none
https://waterbalancetools.com/academy/testing/how-often-to-test-water,academy/testing/how-often-to-test-water.html,academy-article,academy/testing,academy,generate-academy.js,How Often to Test Pool Water | Academy | WaterBalanceTools,How Often to Test Pool Water,"Learn the recommended pool water testing frequency for pools and hot tubs, and which parameters need to be tested daily, weekly, or monthly.",https://waterbalancetools.com/academy/testing/how-often-to-test-water,"index, follow",639,639,12,33,0,9,33,Article;BreadcrumbList,0,false,true,true,false,true,true,false,calculator interaction,INDEXABLE,true,none
https://waterbalancetools.com/academy/testing/,academy/testing/index.html,academy-article,academy/testing,academy,generate-academy.js,Testing | Academy | WaterBalanceTools,Testing,How to test pool water accurately and interpret results.,https://waterbalancetools.com/academy/testing,"index, follow",216,216,3,28,0,7,28,BreadcrumbList,0,false,false,true,false,false,false,false,none detected,INDEXABLE,true,none
https://waterbalancetools.com/academy/testing/understanding-test-results,academy/testing/understanding-test-results.html,academy-article,academy/testing,academy,generate-academy.js,Understanding Test Results | Academy | WaterBalanceTools,Understanding Test Results,"Learn how to interpret pool water test results, prioritise which parameters to address first, and decide when results require immediate action.",https://waterbalancetools.com/academy/testing/understanding-test-results,"index, follow",723,723,12,36,0,11,36,Article;BreadcrumbList,0,false,true,true,false,true,true,false,calculator interaction,INDEXABLE,true,none
https://waterbalancetools.com/academy/testing/using-liquid-test-kits,academy/testing/using-liquid-test-kits.html,academy-article,academy/testing,academy,generate-academy.js,Using Liquid Test Kits | Academy | WaterBalanceTools,Using Liquid Test Kits,"Learn how to use a liquid drop test kit for pool water, the difference between DPD and OTO tests, and how to get accurate results.",https://waterbalancetools.com/academy/testing/using-liquid-test-kits,"index, follow",669,669,12,32,0,14,32,Article;BreadcrumbList,0,false,true,true,false,true,true,false,calculator interaction,INDEXABLE,true,none
https://waterbalancetools.com/academy/testing/using-test-strips,academy/testing/using-test-strips.html,academy-article,academy/testing,academy,generate-academy.js,Using Test Strips | Academy | WaterBalanceTools,Using Test Strips,"Learn how to use pool test strips correctly, what each pad measures, and how to read results accurately to avoid common errors.",https://waterbalancetools.com/academy/testing/using-test-strips,"index, follow",663,663,12,32,0,8,32,Article;BreadcrumbList,0,false,true,true,false,true,true,false,calculator interaction,INDEXABLE,true,none
https://waterbalancetools.com/academy/troubleshooting/cloudy-water,academy/troubleshooting/cloudy-water.html,academy-article,academy/troubleshooting,academy,generate-academy.js,Cloudy Pool Water: Causes and Solutions | Academy | WaterBalanceTools,Cloudy Pool Water: Causes and Solutions,Learn the four main causes of cloudy pool water and the step-by-step process to diagnose and clear it correctly.,https://waterbalancetools.com/academy/troubleshooting/cloudy-water,"index, follow",767,767,13,45,0,12,45,Article;BreadcrumbList,0,false,true,true,false,true,true,false,Full entity details →,INDEXABLE,true,none
https://waterbalancetools.com/academy/troubleshooting/corrosion,academy/troubleshooting/corrosion.html,academy-article,academy/troubleshooting,academy,generate-academy.js,Pool Corrosion: Causes and Prevention | Academy | WaterBalanceTools,Pool Corrosion: Causes and Prevention,"Learn what causes corrosion in pools and hot tubs, how to identify it, and how to stop it by correcting water chemistry.",https://waterbalancetools.com/academy/troubleshooting/corrosion,"index, follow",762,762,13,41,0,18,41,Article;BreadcrumbList,0,false,true,true,false,true,true,false,Full entity details →,INDEXABLE,true,none
https://waterbalancetools.com/academy/troubleshooting/foaming-hot-tubs,academy/troubleshooting/foaming-hot-tubs.html,academy-article,academy/troubleshooting,academy,generate-academy.js,Foaming Hot Tubs: Causes and Solutions | Academy | WaterBalanceTools,Foaming Hot Tubs: Causes and Solutions,"Learn what causes hot tub foam, how to identify whether it is from chemistry or organics, and how to eliminate it permanently.",https://waterbalancetools.com/academy/troubleshooting/foaming-hot-tubs,"index, follow",699,699,12,32,0,8,32,Article;BreadcrumbList,0,false,true,true,false,true,true,false,calculator interaction,INDEXABLE,true,none
https://waterbalancetools.com/academy/troubleshooting/green-water,academy/troubleshooting/green-water.html,academy-article,academy/troubleshooting,academy,generate-academy.js,Green Pool Water: How to Fix It | Academy | WaterBalanceTools,Green Pool Water: How to Fix It,"Learn what causes green pool water, how to tell different types of algae apart, and the step-by-step protocol to restore clear, safe water.",https://waterbalancetools.com/academy/troubleshooting/green-water,"index, follow",844,844,13,44,0,20,44,Article;BreadcrumbList,0,false,true,true,false,true,true,false,Full entity details →,INDEXABLE,true,none
https://waterbalancetools.com/academy/troubleshooting/,academy/troubleshooting/index.html,academy-article,academy/troubleshooting,academy,generate-academy.js,Troubleshooting | Academy | WaterBalanceTools,Troubleshooting,"Diagnosing and fixing cloudy water, algae, staining, and more.",https://waterbalancetools.com/academy/troubleshooting,"index, follow",235,235,3,28,0,7,28,BreadcrumbList,0,false,false,true,false,false,false,false,none detected,INDEXABLE,true,none
https://waterbalancetools.com/academy/troubleshooting/scaling,academy/troubleshooting/scaling.html,academy-article,academy/troubleshooting,academy,generate-academy.js,Pool Scaling: Causes and Prevention | Academy | WaterBalanceTools,Pool Scaling: Causes and Prevention,"Learn what causes calcium scale deposits in pools and hot tubs, where scaling typically appears, and how to prevent and remove it.",https://waterbalancetools.com/academy/troubleshooting/scaling,"index, follow",757,757,13,41,0,16,41,Article;BreadcrumbList,0,false,true,true,false,true,true,false,Full entity details →,INDEXABLE,true,none
https://waterbalancetools.com/academy/troubleshooting/strong-chlorine-smell,academy/troubleshooting/strong-chlorine-smell.html,academy-article,academy/troubleshooting,academy,generate-academy.js,Strong Chlorine Smell: What It Really Means | Academy | WaterBalanceTools,Strong Chlorine Smell: What It Really Means,"Understand why a strong chlorine smell in a pool or hot tub indicates combined chlorine (chloramines), not excess free chlorine, and how to fix it.",https://waterbalancetools.com/academy/troubleshooting/strong-chlorine-smell,"index, follow",760,760,13,39,0,12,39,Article;BreadcrumbList,0,false,true,true,false,true,true,false,Full entity details →,INDEXABLE,true,none
https://waterbalancetools.com/academy/vacation-rentals/chemical-log-sheets,academy/vacation-rentals/chemical-log-sheets.html,academy-article,academy/vacation-rentals,academy,generate-academy.js,Chemical Log Sheets for Vacation Rentals | Academy | WaterBalanceTools,Chemical Log Sheets for Vacation Rentals,"Learn what a pool chemical log should record, why documentation protects vacation rental owners, and how to set up an effective logging system.",https://waterbalancetools.com/academy/vacation-rentals/chemical-log-sheets,"index, follow",765,765,12,34,0,10,34,Article;BreadcrumbList,0,false,true,true,false,true,true,false,calculator interaction,INDEXABLE,true,none
https://waterbalancetools.com/academy/vacation-rentals/emergency-water-recovery,academy/vacation-rentals/emergency-water-recovery.html,academy-article,academy/vacation-rentals,academy,generate-academy.js,Emergency Water Recovery for Vacation Rentals | Academy | WaterBalanceTools,Emergency Water Recovery for Vacation Rentals,Learn the step-by-step emergency protocol for recovering a pool or hot tub that has gone critically out of range between guest stays.,https://waterbalancetools.com/academy/vacation-rentals/emergency-water-recovery,"index, follow",837,837,12,38,0,10,38,Article;BreadcrumbList,0,false,true,true,false,true,true,false,calculator interaction,INDEXABLE,true,none
https://waterbalancetools.com/academy/vacation-rentals/guest-safety,academy/vacation-rentals/guest-safety.html,academy-article,academy/vacation-rentals,academy,generate-academy.js,Pool Guest Safety for Vacation Rentals | Academy | WaterBalanceTools,Pool Guest Safety for Vacation Rentals,"Learn the safety requirements, equipment, signage, and communication steps that protect vacation rental guests and limit owner liability.",https://waterbalancetools.com/academy/vacation-rentals/guest-safety,"index, follow",718,718,12,35,0,11,35,Article;BreadcrumbList,0,false,true,true,false,true,true,false,calculator interaction,INDEXABLE,true,none
https://waterbalancetools.com/academy/vacation-rentals/,academy/vacation-rentals/index.html,academy-article,academy/vacation-rentals,academy,generate-academy.js,Vacation Rentals | Academy | WaterBalanceTools,Vacation Rentals,Pool and hot tub management for Airbnb and short-term rentals.,https://waterbalancetools.com/academy/vacation-rentals,"index, follow",230,230,3,28,0,7,28,BreadcrumbList,0,false,false,true,false,false,false,false,none detected,INDEXABLE,true,none
https://waterbalancetools.com/academy/vacation-rentals/maintenance-schedule,academy/vacation-rentals/maintenance-schedule.html,academy-article,academy/vacation-rentals,academy,generate-academy.js,Pool Maintenance Schedule for Vacation Rentals | Academy | WaterBalanceTools,Pool Maintenance Schedule for Vacation Rentals,Build a structured maintenance schedule for a vacation rental pool or hot tub that accounts for variable guest occupancy and seasonal chemistry changes.,https://waterbalancetools.com/academy/vacation-rentals/maintenance-schedule,"index, follow",673,673,12,33,0,9,33,Article;BreadcrumbList,0,false,true,true,false,true,true,false,calculator interaction,INDEXABLE,true,none
https://waterbalancetools.com/academy/vacation-rentals/turnover-checklist,academy/vacation-rentals/turnover-checklist.html,academy-article,academy/vacation-rentals,academy,generate-academy.js,Pool Turnover Checklist for Vacation Rentals | Academy | WaterBalanceTools,Pool Turnover Checklist for Vacation Rentals,A step-by-step turnover checklist for Airbnb and vacation rental pool and hot tub management between guest stays.,https://waterbalancetools.com/academy/vacation-rentals/turnover-checklist,"index, follow",731,731,12,36,0,9,36,Article;BreadcrumbList,0,false,true,true,false,true,true,false,calculator interaction,INDEXABLE,true,none
https://waterbalancetools.com/academy/vacation-rentals/weekly-inspection,academy/vacation-rentals/weekly-inspection.html,academy-article,academy/vacation-rentals,academy,generate-academy.js,Weekly Pool Inspection for Vacation Rentals | Academy | WaterBalanceTools,Weekly Pool Inspection for Vacation Rentals,"Learn the comprehensive weekly inspection protocol for vacation rental pools that catches chemistry, equipment, and safety problems before guests experience ...",https://waterbalancetools.com/academy/vacation-rentals/weekly-inspection,"index, follow",709,709,12,34,0,8,34,Article;BreadcrumbList,0,false,true,true,false,true,true,false,calculator interaction,INDEXABLE,true,none
https://waterbalancetools.com/academy/water-balance/,academy/water-balance/index.html,academy-article,academy/water-balance,academy,generate-academy.js,Water Balance | Academy | WaterBalanceTools,Water Balance,"Balancing pH, alkalinity, hardness, and stabilizer for clear water.",https://waterbalancetools.com/academy/water-balance,"index, follow",221,221,3,28,0,7,28,BreadcrumbList,0,false,false,true,false,false,false,false,none detected,INDEXABLE,true,none
https://waterbalancetools.com/academy/water-balance/understanding-calcium-hardness,academy/water-balance/understanding-calcium-hardness.html,academy-article,academy/water-balance,academy,generate-academy.js,Understanding Calcium Hardness | Academy | WaterBalanceTools,Understanding Calcium Hardness,"Learn what calcium hardness is, why it matters for pool surfaces and equipment, and how to adjust it correctly.",https://waterbalancetools.com/academy/water-balance/understanding-calcium-hardness,"index, follow",696,696,12,32,0,17,32,Article;BreadcrumbList,0,false,true,true,false,true,true,false,calculator interaction,INDEXABLE,true,none
https://waterbalancetools.com/academy/water-balance/understanding-cyanuric-acid,academy/water-balance/understanding-cyanuric-acid.html,academy-article,academy/water-balance,academy,generate-academy.js,Understanding Cyanuric Acid | Academy | WaterBalanceTools,Understanding Cyanuric Acid,"Learn what cyanuric acid (CYA) does in pool water, the ideal CYA range, and how to manage buildup over time.",https://waterbalancetools.com/academy/water-balance/understanding-cyanuric-acid,"index, follow",747,747,12,34,0,19,34,Article;BreadcrumbList,0,false,true,true,false,true,true,false,calculator interaction,INDEXABLE,true,none
https://waterbalancetools.com/academy/water-balance/understanding-lsi,academy/water-balance/understanding-lsi.html,academy-article,academy/water-balance,academy,generate-academy.js,Understanding the Langelier Saturation Index | Academy | WaterBalanceTools,Understanding the Langelier Saturation Index,Learn how the Langelier Saturation Index (LSI) measures water balance and why it is the most complete indicator of whether pool water is corrosive or scaling.,https://waterbalancetools.com/academy/water-balance/understanding-lsi,"index, follow",728,728,12,32,0,17,32,Article;BreadcrumbList,0,false,true,true,false,true,true,false,calculator interaction,INDEXABLE,true,none
https://waterbalancetools.com/academy/water-balance/understanding-ph,academy/water-balance/understanding-ph.html,academy-article,academy/water-balance,academy,generate-academy.js,Understanding pH in Pool Water | Academy | WaterBalanceTools,Understanding pH in Pool Water,"Learn what pH measures, why pool water pH must be between 7.2 and 7.6, and how to raise or lower it correctly.",https://waterbalancetools.com/academy/water-balance/understanding-ph,"index, follow",723,723,12,37,0,23,37,Article;BreadcrumbList,0,false,true,true,false,true,true,false,calculator interaction,INDEXABLE,true,none
https://waterbalancetools.com/academy/water-balance/understanding-total-alkalinity,academy/water-balance/understanding-total-alkalinity.html,academy-article,academy/water-balance,academy,generate-academy.js,Understanding Total Alkalinity | Academy | WaterBalanceTools,Understanding Total Alkalinity,"Learn what total alkalinity is, why it acts as a pH buffer, and how to raise or lower alkalinity in your pool.",https://waterbalancetools.com/academy/water-balance/understanding-total-alkalinity,"index, follow",708,708,12,34,0,15,34,Article;BreadcrumbList,0,false,true,true,false,true,true,false,calculator interaction,INDEXABLE,true,none
https://waterbalancetools.com/academy/water-balance/water-balance-order,academy/water-balance/water-balance-order.html,academy-article,academy/water-balance,academy,generate-academy.js,Water Balance Order: The Correct Sequence | Academy | WaterBalanceTools,Water Balance Order: The Correct Sequence,"Learn the correct order for adjusting pool water chemistry parameters, and why adding chemicals in the wrong sequence creates more problems than it solves.",https://waterbalancetools.com/academy/water-balance/water-balance-order,"index, follow",719,719,12,37,0,16,37,Article;BreadcrumbList,0,false,true,true,false,true,true,false,calculator interaction,INDEXABLE,true,none
https://waterbalancetools.com/all-pages,all-pages.html,crawl-hub,root,core,unknown / manual,All Pool Chemistry Pages | WaterBalanceTools,All Pool Chemistry Pages,"Complete list of WaterBalanceTools pool chemistry calculators, guides, and topic pages—flat crawl hub.",https://waterbalancetools.com/all-pages,"index, follow",729,729,15,185,0,466,185,BreadcrumbList,0,false,false,true,false,false,false,false,none detected,INDEXABLE,true,none
https://waterbalancetools.com/audit/google/authority-flow,audit/google/authority-flow.html,internal-dashboard,audit/google,internal-tooling,unknown / manual,Authority Flow | WaterBalanceTools,Authority Flow,"Top authority pages, weak pages, orphan risk, and distribution metrics.",https://waterbalancetools.com/audit/google/authority-flow,"noindex, nofollow",545,545,1,0,0,1,0,,0,false,false,true,false,false,false,true,none detected,NOINDEX,false,none
https://waterbalancetools.com/audit/google/crawl-depth,audit/google/crawl-depth.html,internal-dashboard,audit/google,internal-tooling,unknown / manual,Crawl Depth Audit | WaterBalanceTools,Crawl Depth Audit,Maximum clicks: 6 · Average clicks: 2.40 · Above target (&gt;4): 43 · Unreachable: 35,https://waterbalancetools.com/audit/google/crawl-depth,"noindex, nofollow",3971,3971,1,0,0,1,0,,0,false,false,true,false,false,false,true,none detected,NOINDEX,false,none
https://waterbalancetools.com/audit/google/freshness,audit/google/freshness.html,internal-dashboard,audit/google,internal-tooling,unknown / manual,Freshness | WaterBalanceTools,Freshness,Freshness.,https://waterbalancetools.com/audit/google/freshness,"noindex, nofollow",408,408,1,0,0,1,0,,0,false,false,true,false,false,false,true,none detected,NOINDEX,false,none
https://waterbalancetools.com/audit/google/,audit/google/index.html,internal-dashboard,audit/google,internal-tooling,generate-hub-pages.js / generate-hubs.js,Google Indexing Dashboard | WaterBalanceTools,Google Indexing Optimization Dashboard,Google Indexing Dashboard.,https://waterbalancetools.com/audit/google,"noindex, nofollow",29,29,2,6,0,0,6,,0,false,false,true,false,false,false,false,none detected,NOINDEX,false,none
https://waterbalancetools.com/audit/google/priority-report,audit/google/priority-report.html,internal-dashboard,audit/google,internal-tooling,unknown / manual,Priority Report | WaterBalanceTools,Index Priority Report,Top and bottom 100 pages by indexing priority score (0–100).,https://waterbalancetools.com/audit/google/priority-report,"noindex, nofollow",2234,2234,3,0,0,1,0,,0,false,false,true,false,false,false,true,none detected,NOINDEX,false,none
https://waterbalancetools.com/audit/google/search-console-helper,audit/google/search-console-helper.html,internal-dashboard,audit/google,internal-tooling,unknown / manual,Search Console Helper | WaterBalanceTools,Search Console Helper,Use companion CSV files for validation and re-crawl requests.,https://waterbalancetools.com/audit/google/search-console-helper,"noindex, nofollow",17,17,1,0,0,1,0,,0,false,false,true,false,false,false,false,none detected,NOINDEX,false,none
https://waterbalancetools.com/audit/google/weak-pages,audit/google/weak-pages.html,internal-dashboard,audit/google,internal-tooling,unknown / manual,Weak Pages | WaterBalanceTools,Weak Pages,Recommendation report for low-authority and low-priority URLs.,https://waterbalancetools.com/audit/google/weak-pages,"noindex, nofollow",834,834,1,0,0,1,0,,0,false,false,true,false,false,false,true,none detected,NOINDEX,false,none
https://waterbalancetools.com/calculators/chemical-calculator,calculators/chemical-calculator.html,calculator,calculators,calculators,manual / calculator template,Pool Chemical Calculator (Exact Levels in 30 Seconds) | WaterBalanceTools,Pool & Hot Tub Chemical Calculator,"Calculate exact chlorine, pH, and alkalinity doses in seconds—enter gallons + test readings. Avoid over-treatment, cut guesswork, and keep water swim-ready.",https://waterbalancetools.com/calculators/chemical-calculator,"index, follow",767,767,25,71,0,464,71,BreadcrumbList,2,true,false,true,false,false,true,false,calculator interaction,INDEXABLE,true,none
https://waterbalancetools.com/calculators/hot-tub-chlorine-calculator,calculators/hot-tub-chlorine-calculator.html,calculator,calculators,calculators,manual / calculator template,Hot Tub Chemical Calculator (Safe Levels in 30 Seconds) | WaterBalanceTools,Hot Tub Chlorine Calculator,"Hit 3–5 ppm sanitizer in seconds: enter spa gallons + test strip readings for exact chlorine ounces. Avoid over-chlorination, rash risk, and cover damage.",https://waterbalancetools.com/calculators/hot-tub-chlorine-calculator,"index, follow",735,735,20,62,1,87,62,HowTo;BreadcrumbList,2,true,false,true,false,false,true,false,calculator interaction,INDEXABLE,true,none
https://waterbalancetools.com/calculators/hot-tub-ph-calculator,calculators/hot-tub-ph-calculator.html,calculator,calculators,calculators,manual / calculator template,Hot Tub pH Calculator | WaterBalanceTools,Hot Tub pH Calculator,Hot tub pH calculator. Enter spa gallons and current pH to get pH increaser or reducer amount. Free and fast.,https://waterbalancetools.com/calculators/hot-tub-ph-calculator,"index, follow",319,319,15,61,0,87,61,HowTo;BreadcrumbList,0,false,false,true,false,false,true,false,calculator interaction,INDEXABLE,true,none
https://waterbalancetools.com/calculators/hot-tub-shock-calculator,calculators/hot-tub-shock-calculator.html,calculator,calculators,calculators,manual / calculator template,Hot Tub Shock Calculator | WaterBalanceTools,Hot Tub Shock Calculator,Hot tub shock calculator. Enter spa gallons and shock type to get shock dosage. Free and fast.,https://waterbalancetools.com/calculators/hot-tub-shock-calculator,"index, follow",362,362,15,61,0,63,61,HowTo;BreadcrumbList,0,false,false,true,false,false,true,false,calculator interaction,INDEXABLE,true,none
https://waterbalancetools.com/calculators/,calculators/index.html,calculator-hub,calculators,calculators,generate-hub-pages.js / generate-hubs.js,Calculators Hub | WaterBalanceTools,Calculators Hub,All pool and hot tub calculators organized by use-case and maintenance workflow.,https://waterbalancetools.com/calculators,"index, follow",593,593,10,87,0,36,87,BreadcrumbList;CollectionPage,0,false,false,true,false,false,false,false,none detected,INDEXABLE,true,none
https://waterbalancetools.com/calculators/pool-alkalinity-calculator,calculators/pool-alkalinity-calculator.html,calculator,calculators,calculators,manual / calculator template,Pool Alkalinity Calculator | WaterBalanceTools,Pool Alkalinity Calculator,Pool alkalinity calculator. Enter pool gallons and current alkalinity to get alkalinity increaser amount. Free and fast.,https://waterbalancetools.com/calculators/pool-alkalinity-calculator,"index, follow",338,338,15,60,0,99,60,HowTo;BreadcrumbList,0,false,false,true,false,false,true,false,calculator interaction,INDEXABLE,true,none
https://waterbalancetools.com/calculators/pool-chlorine-calculator,calculators/pool-chlorine-calculator.html,calculator,calculators,calculators,manual / calculator template,Pool Chlorine Calculator (Ounces from Volume + ppm) | WaterBalanceTools,Pool Chlorine Calculator,"Pool chlorine calculator: gallons + ppm in → exact liquid or granular ounces out. For pH, alkalinity, and combined dosing, use the main Pool Chemical Calcula...",https://waterbalancetools.com/calculators/pool-chlorine-calculator,"index, follow",450,450,16,62,2,468,62,WebApplication;FAQPage;BreadcrumbList;HowTo,0,false,false,true,false,false,true,false,calculator interaction,INDEXABLE,true,none
https://waterbalancetools.com/calculators/pool-cyanuric-acid-calculator,calculators/pool-cyanuric-acid-calculator.html,calculator,calculators,calculators,manual / calculator template,Pool Cyanuric Acid Calculator | WaterBalanceTools,Pool Cyanuric Acid Calculator,Pool cyanuric acid (CYA) calculator. Enter pool gallons and current CYA to get stabilizer amount. Free and fast.,https://waterbalancetools.com/calculators/pool-cyanuric-acid-calculator,"index, follow",368,368,15,61,0,79,61,HowTo;BreadcrumbList,0,false,false,true,false,false,true,false,calculator interaction,INDEXABLE,true,none
https://waterbalancetools.com/calculators/pool-ph-calculator,calculators/pool-ph-calculator.html,calculator,calculators,calculators,manual / calculator template,Pool pH Calculator (Hit 7.2–7.6 Without Overshoot) | WaterBalanceTools,Pool pH Calculator,"Turn pH + gallon readings into exact increaser or reducer ounces in 30 seconds. Fewer wild swings, safer water for skin, liner, and chlorine performance.",https://waterbalancetools.com/calculators/pool-ph-calculator,"index, follow",615,615,19,62,0,467,62,HowTo;BreadcrumbList,2,true,false,true,false,false,true,false,calculator interaction,INDEXABLE,true,none
https://waterbalancetools.com/calculators/pool-shock-calculator,calculators/pool-shock-calculator.html,calculator,calculators,calculators,manual / calculator template,Pool Shock Calculator (10–30 ppm Dose in 30 Seconds) | WaterBalanceTools,Pool Shock Calculator,"Pool shock calculator: granular shock ounces from gallons + target ppm (10–30). For combined chlorine, pH, and alkalinity dosing, use the main Pool Chemical ...",https://waterbalancetools.com/calculators/pool-shock-calculator,"index, follow",686,686,19,63,0,467,63,HowTo;BreadcrumbList,2,true,false,true,false,false,true,false,calculator interaction,INDEXABLE,true,none
https://waterbalancetools.com/calculators/pool-turnover-rate-calculator,calculators/pool-turnover-rate-calculator.html,calculator,calculators,calculators,manual / calculator template,Pool Turnover Rate Calculator | WaterBalanceTools,Pool Turnover Rate Calculator,Pool turnover rate calculator. Enter pool volume and pump flow rate to get hours for full turnover. Free and fast.,https://waterbalancetools.com/calculators/pool-turnover-rate-calculator,"index, follow",346,346,15,61,0,33,61,HowTo;BreadcrumbList,0,false,false,true,false,false,true,false,calculator interaction,INDEXABLE,true,none
https://waterbalancetools.com/calculators/pool-volume-calculator,calculators/pool-volume-calculator.html,calculator,calculators,calculators,manual / calculator template,Pool Volume Calculator (calculators) | WaterBalanceTools,Pool Volume Calculator,"Pool volume calculator. Rectangular, circular, and oval shapes. Get gallons and liters. Free and fast.",https://waterbalancetools.com/calculators/pool-volume-calculator,"index, follow",358,358,18,62,0,466,62,HowTo;BreadcrumbList,0,false,false,true,false,false,true,false,calculator interaction,INDEXABLE,true,none
https://waterbalancetools.com/calculators/saltwater-pool-salt-calculator,calculators/saltwater-pool-salt-calculator.html,calculator,calculators,calculators,manual / calculator template,Saltwater Pool Salt Calculator | WaterBalanceTools,Saltwater Pool Salt Calculator,Saltwater pool salt calculator. Enter pool gallons and current salt level to get pounds of salt required. Free and fast.,https://waterbalancetools.com/calculators/saltwater-pool-salt-calculator,"index, follow",360,360,15,61,0,32,61,HowTo;BreadcrumbList,0,false,false,true,false,false,true,false,calculator interaction,INDEXABLE,true,none
https://waterbalancetools.com/calculators/spa-volume-calculator,calculators/spa-volume-calculator.html,calculator,calculators,calculators,manual / calculator template,Spa Volume Calculator | WaterBalanceTools,Spa Volume Calculator,Spa volume calculator. Enter diameter and depth to get hot tub volume in gallons. Free and fast.,https://waterbalancetools.com/calculators/spa-volume-calculator,"index, follow",332,332,15,61,0,28,61,HowTo;BreadcrumbList,0,false,false,true,false,false,true,false,calculator interaction,INDEXABLE,true,none
https://waterbalancetools.com/calculators/volume-calculator,calculators/volume-calculator.html,calculator,calculators,calculators,manual / calculator template,Pool Volume Calculator (calculators) (calculators) | WaterBalanceTools,Pool Volume Calculator,Calculate your pool or hot tub volume in gallons. Supports rectangular and circular shapes.,https://waterbalancetools.com/calculators/pool-volume-calculator,"noindex, follow",340,340,15,63,0,2,63,BreadcrumbList,0,false,false,true,false,false,true,false,calculator interaction,NOINDEX,false,HAS_LEGACY_REDIRECT_SOURCE_COLLISION
https://waterbalancetools.com/charts/hot-tub-chemical-levels-chart,charts/hot-tub-chemical-levels-chart.html,chart,charts,charts,generate-authority-charts.js,Hot Tub Chemical Levels Chart | WaterBalanceTools,Hot Tub Chemical Levels Chart,"Hot tub chemical levels chart: ideal ranges for chlorine, pH, and alkalinity in spas.",https://waterbalancetools.com/hot-tub-chemical-levels-chart,"noindex, follow",132,132,7,29,0,3,29,FAQPage;BreadcrumbList,0,false,false,true,false,false,false,true,none detected,NOINDEX,false,HAS_LEGACY_REDIRECT_SOURCE_COLLISION
https://waterbalancetools.com/charts/,charts/index.html,chart,charts,charts,generate-authority-charts.js,Charts Hub | WaterBalanceTools,Charts Hub,Visual range charts for pool and spa chemistry with supporting calculator paths.,https://waterbalancetools.com/charts,"index, follow",255,255,10,58,0,3,58,BreadcrumbList;CollectionPage,0,false,false,true,false,false,false,false,none detected,INDEXABLE,true,none
https://waterbalancetools.com/charts/pool-chemical-levels-chart,charts/pool-chemical-levels-chart.html,chart,charts,charts,generate-authority-charts.js,Pool Chemical Levels Chart | WaterBalanceTools,Pool Chemical Levels Chart,"Pool chemical levels chart: ideal ranges for chlorine, pH, alkalinity, calcium hardness, and cyanuric acid. Free reference.",https://waterbalancetools.com/pool-chemical-levels-chart,"noindex, follow",210,210,7,33,0,8,33,WebPage;FAQPage;BreadcrumbList,0,false,false,true,false,false,false,true,none detected,NOINDEX,false,HAS_LEGACY_REDIRECT_SOURCE_COLLISION
https://waterbalancetools.com/charts/pool-water-balance-chart,charts/pool-water-balance-chart.html,chart,charts,charts,generate-authority-charts.js,Pool Water Balance Chart | WaterBalanceTools,Pool Water Balance Chart,"How pH, alkalinity, and chlorine work together in pool water balance. Simple diagram and explanation.",https://waterbalancetools.com/charts/pool-water-balance-chart,"index, follow",163,163,6,29,0,12,29,BreadcrumbList,0,false,false,true,false,false,false,false,none detected,INDEXABLE,true,none
https://waterbalancetools.com/comparisons/chlorine-vs-bromine-hot-tub,comparisons/chlorine-vs-bromine-hot-tub.html,comparison,comparisons,comparisons,generate-comparison-pages.js,Chlorine vs Bromine for Hot Tubs | WaterBalanceTools,Chlorine vs Bromine for Hot Tubs,"Chlorine vs bromine for hot tubs: which sanitizer is better for spas? Compare pros, cons, and maintenance.",https://waterbalancetools.com/comparisons/chlorine-vs-bromine-hot-tub,"index, follow",215,215,10,34,0,11,34,BreadcrumbList,0,false,false,true,false,false,false,false,none detected,INDEXABLE,true,none
https://waterbalancetools.com/comparisons/chlorine-vs-bromine,comparisons/chlorine-vs-bromine.html,comparison,comparisons,comparisons,generate-comparison-pages.js,Chlorine vs Bromine: Which Is Better for Your Pool? | WaterBalanceTools,Chlorine vs Bromine: Which Is Better for Your Pool?,"Chlorine vs bromine comparison: cost, temperature stability, UV stability, odor, and best use cases. Which is better for pools vs hot tubs?",https://waterbalancetools.com/comparisons/chlorine-vs-bromine,"index, follow",658,658,16,32,0,8,32,BreadcrumbList,0,true,true,true,false,false,false,true,none detected,INDEXABLE,true,none
https://waterbalancetools.com/comparisons/free-chlorine-vs-total-chlorine,comparisons/free-chlorine-vs-total-chlorine.html,comparison,comparisons,comparisons,generate-comparison-pages.js,Free Chlorine vs Total Chlorine: What's the Difference? | WaterBalanceTools,Free Chlorine vs Total Chlorine: What's the Difference?,"Free chlorine vs total chlorine explained: FC sanitizes, TC = FC + combined chlorine. How to interpret test results and when CC above 0.5 ppm requires action.",https://waterbalancetools.com/comparisons/free-chlorine-vs-total-chlorine,"index, follow",709,709,16,32,0,5,32,BreadcrumbList,0,true,true,true,false,false,false,true,none detected,INDEXABLE,true,none
https://waterbalancetools.com/comparisons/,comparisons/index.html,comparison-hub,comparisons,comparisons,generate-comparison-pages.js,Comparisons Hub | WaterBalanceTools,Comparisons Hub,Side-by-side comparisons for core chemistry products and maintenance paths.,https://waterbalancetools.com/comparisons,"index, follow",556,556,9,74,0,9,74,BreadcrumbList;CollectionPage,0,false,false,true,false,false,false,false,none detected,INDEXABLE,true,none
https://waterbalancetools.com/comparisons/liquid-chlorine-vs-tablets,comparisons/liquid-chlorine-vs-tablets.html,comparison,comparisons,comparisons,generate-comparison-pages.js,Liquid Chlorine vs Chlorine Tablets: Which Is Better? | WaterBalanceTools,Liquid Chlorine vs Chlorine Tablets: Which Is Better?,"Liquid chlorine vs tablets: pH impact, CYA buildup, cost, speed, and SWG compatibility compared. When to use each for pools.",https://waterbalancetools.com/comparisons/liquid-chlorine-vs-tablets,"index, follow",726,726,16,33,0,6,33,BreadcrumbList,0,true,true,true,false,false,false,true,none detected,INDEXABLE,true,none
https://waterbalancetools.com/comparisons/pool-shock-vs-chlorine,comparisons/pool-shock-vs-chlorine.html,comparison,comparisons,comparisons,generate-comparison-pages.js,Pool Shock vs Chlorine: What's the Difference? | WaterBalanceTools,Pool Shock vs Chlorine: What's the Difference?,"Pool shock vs regular chlorine: how they differ in purpose, concentration, frequency, and when to use each. They work together, not as alternatives.",https://waterbalancetools.com/comparisons/pool-shock-vs-chlorine,"index, follow",648,648,16,33,0,10,33,BreadcrumbList,0,true,true,true,false,false,false,true,none detected,INDEXABLE,true,none
https://waterbalancetools.com/comparisons/salt-water-pool-vs-chlorine-pool,comparisons/salt-water-pool-vs-chlorine-pool.html,comparison,comparisons,comparisons,generate-comparison-pages.js,Salt Water Pool vs Chlorine Pool: Full Comparison | WaterBalanceTools,Salt Water Pool vs Chlorine Pool: Full Comparison,"Salt water pool vs traditional chlorine pool: upfront cost, ongoing cost, water feel, chemistry management, pH behavior, and which is better for your situation.",https://waterbalancetools.com/comparisons/salt-water-pool-vs-chlorine-pool,"index, follow",710,710,16,33,0,10,33,BreadcrumbList,0,true,true,true,false,false,false,true,none detected,INDEXABLE,true,none
https://waterbalancetools.com/comparisons/saltwater-pool-vs-chlorine,comparisons/saltwater-pool-vs-chlorine.html,comparison,comparisons,comparisons,generate-comparison-pages.js,Saltwater Pool vs Chlorine Pool | WaterBalanceTools,Saltwater Pool vs Chlorine Pool,"Saltwater pool vs chlorine pool: maintenance, cost, and chemistry compared.",https://waterbalancetools.com/comparisons/saltwater-pool-vs-chlorine,"index, follow",247,247,11,36,0,9,36,BreadcrumbList,0,false,false,true,false,false,false,false,none detected,INDEXABLE,true,none
https://waterbalancetools.com/editorial/content-standards/,editorial/content-standards/index.html,editorial-policy,editorial/content-standards,trust,generate-hub-pages.js / generate-hubs.js,Content Standards | WaterBalanceTools,Content Standards,"Standards for accuracy, clarity, and completeness applied to all WaterBalanceTools content.",https://waterbalancetools.com/editorial/content-standards/,"index, follow",271,271,9,4,0,1,4,,0,false,false,true,false,false,false,false,none detected,INDEXABLE,true,none
https://waterbalancetools.com/editorial/correction-policy/,editorial/correction-policy/index.html,editorial-policy,editorial/correction-policy,trust,generate-hub-pages.js / generate-hubs.js,Correction Policy | WaterBalanceTools,Correction Policy,How WaterBalanceTools handles corrections and updates to pool chemistry content.,https://waterbalancetools.com/editorial/correction-policy/,"index, follow",262,262,9,4,0,2,4,,0,false,false,true,false,false,false,false,none detected,INDEXABLE,true,none
https://waterbalancetools.com/editorial/editorial-policy/,editorial/editorial-policy/index.html,editorial-policy,editorial/editorial-policy,trust,generate-hub-pages.js / generate-hubs.js,Editorial Policy | WaterBalanceTools,Editorial Policy,"The editorial policy governing how WaterBalanceTools selects, produces, and publishes pool chemistry content.",https://waterbalancetools.com/editorial/editorial-policy/,"index, follow",373,373,9,4,0,23,4,,0,false,false,true,false,false,false,false,none detected,INDEXABLE,true,none
https://waterbalancetools.com/editorial/,editorial/index.html,editorial-policy,editorial,trust,generate-hub-pages.js / generate-hubs.js,Editorial Framework | WaterBalanceTools,Editorial Framework,"How WaterBalanceTools creates, reviews, and maintains pool chemistry content. Editorial standards, review processes, and correction policies.",https://waterbalancetools.com/editorial/,"index, follow",129,129,3,7,0,5,7,,0,false,false,true,false,false,false,false,none detected,INDEXABLE,true,none
https://waterbalancetools.com/editorial/review-process/,editorial/review-process/index.html,editorial-policy,editorial/review-process,trust,generate-hub-pages.js / generate-hubs.js,Review Process | WaterBalanceTools,Review Process,How WaterBalanceTools reviews and maintains the accuracy of its pool chemistry calculators and content.,https://waterbalancetools.com/editorial/review-process/,"index, follow",286,286,9,4,0,1,4,,0,false,false,true,false,false,false,false,none detected,INDEXABLE,true,none
https://waterbalancetools.com/editorial/update-policy/,editorial/update-policy/index.html,editorial-policy,editorial/update-policy,trust,generate-hub-pages.js / generate-hubs.js,Update Policy | WaterBalanceTools,Update Policy,"How WaterBalanceTools updates its content, datasets, and calculators over time.",https://waterbalancetools.com/editorial/update-policy/,"index, follow",256,256,9,4,0,2,4,,0,false,false,true,false,false,false,false,none detected,INDEXABLE,true,none
https://waterbalancetools.com/entities/algae,entities/algae.html,entity,entities,entities,generate-entities.js / generate-entity-pages.js,Algae — Pool Chemistry Entity | WaterBalanceTools,Algae,Plant-like organisms that grow in pool water when free chlorine is insufficient.,https://waterbalancetools.com/entities/algae,"index, follow",209,209,30,47,0,33,47,DefinedTerm;BreadcrumbList,0,false,false,true,false,false,false,false,none detected,INDEXABLE,true,none
https://waterbalancetools.com/entities/alkalinity,entities/alkalinity.html,entity,entities,entities,generate-entities.js / generate-entity-pages.js,Total Alkalinity — Pool Chemistry Entity | WaterBalanceTools,Total Alkalinity,The capacity of water to resist pH changes — a pH buffer.,https://waterbalancetools.com/entities/alkalinity,"index, follow",314,314,42,59,0,50,59,DefinedTerm;BreadcrumbList,0,false,false,true,false,false,false,false,none detected,INDEXABLE,true,none
https://waterbalancetools.com/entities/automatic-chlorinator,entities/automatic-chlorinator.html,entity,entities,entities,generate-entities.js / generate-entity-pages.js,Automatic Chlorinator — Pool Chemistry Entity | WaterBalanceTools,Automatic Chlorinator,An inline or offline device that dispenses trichlor tablets continuously to maintain free chlorine.,https://waterbalancetools.com/entities/automatic-chlorinator,"index, follow",168,168,23,35,0,24,35,DefinedTerm;BreadcrumbList,0,false,false,true,false,false,false,false,none detected,INDEXABLE,true,none
https://waterbalancetools.com/entities/backwashing,entities/backwashing.html,entity,entities,entities,generate-entities.js / generate-entity-pages.js,Backwashing — Pool Chemistry Entity | WaterBalanceTools,Backwashing,Reversing water flow through a sand or DE filter to flush trapped debris to waste.,https://waterbalancetools.com/entities/backwashing,"index, follow",212,212,25,39,0,25,39,DefinedTerm;BreadcrumbList,0,false,false,true,false,false,false,false,none detected,INDEXABLE,true,none
https://waterbalancetools.com/entities/baking-soda,entities/baking-soda.html,entity,entities,entities,generate-entities.js / generate-entity-pages.js,Baking Soda — Pool Chemistry Entity | WaterBalanceTools,Baking Soda,Sodium bicarbonate — the standard product for raising total alkalinity in pool water.,https://waterbalancetools.com/entities/baking-soda,"index, follow",174,174,25,35,0,20,35,DefinedTerm;BreadcrumbList,0,false,false,true,false,false,false,false,none detected,INDEXABLE,true,none
https://waterbalancetools.com/entities/balancing,entities/balancing.html,entity,entities,entities,generate-entities.js / generate-entity-pages.js,Water Balancing — Pool Chemistry Entity | WaterBalanceTools,Water Balancing,"The process of adjusting all chemistry parameters to achieve a stable, non-corrosive, non-scaling LSI.",https://waterbalancetools.com/entities/balancing,"index, follow",271,271,37,57,0,53,57,DefinedTerm;BreadcrumbList,0,false,false,true,false,false,false,false,none detected,INDEXABLE,true,none
https://waterbalancetools.com/entities/biguanide,entities/biguanide.html,entity,entities,entities,generate-entities.js / generate-entity-pages.js,Biguanide — Pool Chemistry Entity | WaterBalanceTools,Biguanide,A chlorine-free sanitizer system using polyhexamethylene biguanide (PHMB) as the primary disinfectant.,https://waterbalancetools.com/entities/biguanide,"index, follow",114,114,12,25,0,22,25,DefinedTerm;BreadcrumbList,0,false,false,true,false,false,false,false,none detected,INDEXABLE,true,none
https://waterbalancetools.com/entities/breakpoint-chlorination,entities/breakpoint-chlorination.html,entity,entities,entities,generate-entities.js / generate-entity-pages.js,Breakpoint Chlorination — Pool Chemistry Entity | WaterBalanceTools,Breakpoint Chlorination,Adding chlorine at 10× the combined chlorine level to destroy all chloramines.,https://waterbalancetools.com/entities/breakpoint-chlorination,"index, follow",210,210,30,42,0,34,42,DefinedTerm;BreadcrumbList,0,false,false,true,false,false,false,false,none detected,INDEXABLE,true,none
https://waterbalancetools.com/entities/bromine,entities/bromine.html,entity,entities,entities,generate-entities.js / generate-entity-pages.js,Bromine — Pool Chemistry Entity | WaterBalanceTools,Bromine,A halogen sanitizer commonly used in hot tubs that remains effective at higher pH and temperatures.,https://waterbalancetools.com/entities/bromine,"index, follow",198,198,30,39,0,21,39,DefinedTerm;BreadcrumbList,0,false,false,true,false,false,false,false,none detected,INDEXABLE,true,none
https://waterbalancetools.com/entities/calcium-chloride,entities/calcium-chloride.html,entity,entities,entities,generate-entities.js / generate-entity-pages.js,Calcium Chloride — Pool Chemistry Entity | WaterBalanceTools,Calcium Chloride,Used to raise calcium hardness in pool water.,https://waterbalancetools.com/entities/calcium-chloride,"index, follow",139,139,23,33,0,17,33,DefinedTerm;BreadcrumbList,0,false,false,true,false,false,false,false,none detected,INDEXABLE,true,none
https://waterbalancetools.com/entities/calcium-hardness,entities/calcium-hardness.html,entity,entities,entities,generate-entities.js / generate-entity-pages.js,Calcium Hardness — Pool Chemistry Entity | WaterBalanceTools,Calcium Hardness,"The concentration of dissolved calcium in pool water, affecting scaling and corrosion tendency.",https://waterbalancetools.com/entities/calcium-hardness,"index, follow",333,333,42,62,0,30,62,DefinedTerm;BreadcrumbList,0,false,false,true,false,false,false,false,none detected,INDEXABLE,true,none
https://waterbalancetools.com/entities/calcium-hypochlorite,entities/calcium-hypochlorite.html,entity,entities,entities,generate-entities.js / generate-entity-pages.js,Calcium Hypochlorite — Pool Chemistry Entity | WaterBalanceTools,Calcium Hypochlorite,Granular or tablet pool shock available at 65% or 73% available chlorine (cal-hypo).,https://waterbalancetools.com/entities/calcium-hypochlorite,"index, follow",196,196,28,39,0,9,39,DefinedTerm;BreadcrumbList,0,false,false,true,false,false,false,false,none detected,INDEXABLE,true,none
https://waterbalancetools.com/entities/cartridge-filter,entities/cartridge-filter.html,entity,entities,entities,generate-entities.js / generate-entity-pages.js,Cartridge Filter — Pool Chemistry Entity | WaterBalanceTools,Cartridge Filter,A filter using pleated polyester cartridges to trap particles down to 10–15 microns without backwashing.,https://waterbalancetools.com/entities/cartridge-filter,"index, follow",175,175,23,37,0,9,37,DefinedTerm;BreadcrumbList,0,false,false,true,false,false,false,false,none detected,INDEXABLE,true,none
https://waterbalancetools.com/entities/cdc,entities/cdc.html,entity,entities,entities,generate-entities.js / generate-entity-pages.js,CDC — Pool Chemistry Entity | WaterBalanceTools,CDC,Centers for Disease Control and Prevention — a key authority on healthy swimming and recreational water illness.,https://waterbalancetools.com/entities/cdc,"index, follow",115,115,12,25,0,5,25,DefinedTerm;BreadcrumbList,0,false,false,true,false,false,false,false,none detected,INDEXABLE,true,none
https://waterbalancetools.com/entities/chemical-feeder,entities/chemical-feeder.html,entity,entities,entities,generate-entities.js / generate-entity-pages.js,Chemical Feeder — Pool Chemistry Entity | WaterBalanceTools,Chemical Feeder,A device that automatically dispenses pool chemicals at a controlled rate.,https://waterbalancetools.com/entities/chemical-feeder,"index, follow",116,116,13,28,0,1,28,DefinedTerm;BreadcrumbList,0,false,false,true,false,false,false,false,none detected,INDEXABLE,true,none
https://waterbalancetools.com/entities/chemical-log,entities/chemical-log.html,entity,entities,entities,generate-entities.js / generate-entity-pages.js,Pool Chemical Log Sheet — Pool Chemistry Entity | WaterBalanceTools,Pool Chemical Log Sheet,"A printable log for tracking pool chemical inventory, purchases, and usage over time.",https://waterbalancetools.com/entities/chemical-log,"index, follow",154,154,18,31,0,3,31,DefinedTerm;BreadcrumbList,0,false,false,true,false,false,false,false,none detected,INDEXABLE,true,none
https://waterbalancetools.com/entities/closing-checklist,entities/closing-checklist.html,entity,entities,entities,generate-entities.js / generate-entity-pages.js,Pool Closing Checklist — Pool Chemistry Entity | WaterBalanceTools,Pool Closing Checklist,A printable step-by-step checklist for winterizing a pool.,https://waterbalancetools.com/entities/closing-checklist,"index, follow",112,112,15,28,0,2,28,DefinedTerm;BreadcrumbList,0,false,false,true,false,false,false,false,none detected,INDEXABLE,true,none
https://waterbalancetools.com/entities/cloudy-water,entities/cloudy-water.html,entity,entities,entities,generate-entities.js / generate-entity-pages.js,Cloudy Water — Pool Chemistry Entity | WaterBalanceTools,Cloudy Water,"Water that lacks clarity due to suspended particles, chemical imbalance, or filtration issues.",https://waterbalancetools.com/entities/cloudy-water,"index, follow",228,228,30,48,0,6,48,DefinedTerm;BreadcrumbList,0,false,false,true,false,false,false,false,none detected,INDEXABLE,true,none
https://waterbalancetools.com/entities/combined-chlorine,entities/combined-chlorine.html,entity,entities,entities,generate-entities.js / generate-entity-pages.js,Combined Chlorine — Pool Chemistry Entity | WaterBalanceTools,Combined Chlorine,Chlorine that has reacted with contaminants and is no longer effective for sanitization.,https://waterbalancetools.com/entities/combined-chlorine,"index, follow",287,287,38,57,0,22,57,DefinedTerm;BreadcrumbList,0,false,false,true,false,false,false,false,none detected,INDEXABLE,true,none
https://waterbalancetools.com/entities/commercial-pool,entities/commercial-pool.html,entity,entities,entities,generate-entities.js / generate-entity-pages.js,Commercial Pool — Pool Chemistry Entity | WaterBalanceTools,Commercial Pool,A public or semi-public pool subject to health department regulations and inspection.,https://waterbalancetools.com/entities/commercial-pool,"index, follow",196,196,26,39,0,1,39,DefinedTerm;BreadcrumbList,0,false,false,true,false,false,false,false,none detected,INDEXABLE,true,none
https://waterbalancetools.com/entities/concrete-pool,entities/concrete-pool.html,entity,entities,entities,generate-entities.js / generate-entity-pages.js,Concrete Pool — Pool Chemistry Entity | WaterBalanceTools,Concrete Pool,A plastered or pebbled concrete pool requiring higher calcium hardness (200–400 ppm).,https://waterbalancetools.com/entities/concrete-pool,"index, follow",175,175,23,37,0,7,37,DefinedTerm;BreadcrumbList,0,false,false,true,false,false,false,false,none detected,INDEXABLE,true,none
https://waterbalancetools.com/entities/copper,entities/copper.html,entity,entities,entities,generate-entities.js / generate-entity-pages.js,Copper — Pool Chemistry Entity | WaterBalanceTools,Copper,"A metal that can enter pool water from ionizers, algaecides, or corroded equipment, causing green staining.",https://waterbalancetools.com/entities/copper,"index, follow",146,146,16,27,0,5,27,DefinedTerm;BreadcrumbList,0,false,false,true,false,false,false,false,none detected,INDEXABLE,true,none
https://waterbalancetools.com/entities/corrosion,entities/corrosion.html,entity,entities,entities,generate-entities.js / generate-entity-pages.js,Corrosion — Pool Chemistry Entity | WaterBalanceTools,Corrosion,Damage to pool surfaces and metal equipment caused by corrosive (low LSI) water.,https://waterbalancetools.com/entities/corrosion,"index, follow",261,261,32,48,0,18,48,DefinedTerm;BreadcrumbList,0,false,false,true,false,false,false,false,none detected,INDEXABLE,true,none
https://waterbalancetools.com/entities/cover,entities/cover.html,entity,entities,entities,generate-entities.js / generate-entity-pages.js,Pool Cover — Pool Chemistry Entity | WaterBalanceTools,Pool Cover,"A cover that reduces evaporation, heat loss, debris entry, and UV degradation of chemicals.",https://waterbalancetools.com/entities/cover,"index, follow",141,141,17,31,0,3,31,DefinedTerm;BreadcrumbList,0,false,false,true,false,false,false,false,none detected,INDEXABLE,true,none
https://waterbalancetools.com/entities/cyanuric-acid,entities/cyanuric-acid.html,entity,entities,entities,generate-entities.js / generate-entity-pages.js,Cyanuric Acid — Pool Chemistry Entity | WaterBalanceTools,Cyanuric Acid,A chemical stabilizer that protects chlorine from UV degradation in outdoor pools.,https://waterbalancetools.com/entities/cyanuric-acid,"index, follow",262,262,37,52,0,25,52,DefinedTerm;BreadcrumbList,0,false,false,true,false,false,false,false,none detected,INDEXABLE,true,none
https://waterbalancetools.com/entities/de-filter,entities/de-filter.html,entity,entities,entities,generate-entities.js / generate-entity-pages.js,DE Filter — Pool Chemistry Entity | WaterBalanceTools,DE Filter,A diatomaceous earth filter offering the finest filtration (3–5 microns) of any pool filter type.,https://waterbalancetools.com/entities/de-filter,"index, follow",198,198,23,40,0,11,40,DefinedTerm;BreadcrumbList,0,false,false,true,false,false,false,false,none detected,INDEXABLE,true,none
https://waterbalancetools.com/entities/emergency-reference,entities/emergency-reference.html,entity,entities,entities,generate-entities.js / generate-entity-pages.js,Emergency Recovery Reference — Pool Chemistry Entity | WaterBalanceTools,Emergency Recovery Reference,A printable quick-reference for emergency pool and spa recovery scenarios.,https://waterbalancetools.com/entities/emergency-reference,"index, follow",159,159,22,36,0,3,36,DefinedTerm;BreadcrumbList,0,false,false,true,false,false,false,false,none detected,INDEXABLE,true,none
https://waterbalancetools.com/entities/epa,entities/epa.html,entity,entities,entities,generate-entities.js / generate-entity-pages.js,EPA — Pool Chemistry Entity | WaterBalanceTools,EPA,U.S. Environmental Protection Agency — regulates disinfectants including pool chemicals.,https://waterbalancetools.com/entities/epa,"index, follow",86,86,9,23,0,2,23,DefinedTerm;BreadcrumbList,0,false,false,true,false,false,false,false,none detected,INDEXABLE,true,none
https://waterbalancetools.com/entities/eye-irritation,entities/eye-irritation.html,entity,entities,entities,generate-entities.js / generate-entity-pages.js,Eye Irritation — Pool Chemistry Entity | WaterBalanceTools,Eye Irritation,Swimmer eye irritation caused by chloramines or pH imbalance.,https://waterbalancetools.com/entities/eye-irritation,"index, follow",144,144,23,37,0,6,37,DefinedTerm;BreadcrumbList,0,false,false,true,false,false,false,false,none detected,INDEXABLE,true,none
https://waterbalancetools.com/entities/fiberglass-pool,entities/fiberglass-pool.html,entity,entities,entities,generate-entities.js / generate-entity-pages.js,Fiberglass Pool — Pool Chemistry Entity | WaterBalanceTools,Fiberglass Pool,A pre-molded pool with a smooth fiberglass surface requiring moderate calcium levels.,https://waterbalancetools.com/entities/fiberglass-pool,"index, follow",126,126,18,30,0,3,30,DefinedTerm;BreadcrumbList,0,false,false,true,false,false,false,false,none detected,INDEXABLE,true,none
https://waterbalancetools.com/entities/filtration,entities/filtration.html,entity,entities,entities,generate-entities.js / generate-entity-pages.js,Filtration — Pool Chemistry Entity | WaterBalanceTools,Filtration,The continuous mechanical removal of suspended particles from pool water.,https://waterbalancetools.com/entities/filtration,"index, follow",276,276,35,51,0,23,51,DefinedTerm;BreadcrumbList,0,false,false,true,false,false,false,false,none detected,INDEXABLE,true,none
https://waterbalancetools.com/entities/flow-rate,entities/flow-rate.html,entity,entities,entities,generate-entities.js / generate-entity-pages.js,Flow Rate — Pool Chemistry Entity | WaterBalanceTools,Flow Rate,The volume of water the pump moves per minute — a key factor in turnover rate.,https://waterbalancetools.com/entities/flow-rate,"index, follow",220,220,27,37,0,8,37,DefinedTerm;BreadcrumbList,0,false,false,true,false,false,false,false,none detected,INDEXABLE,true,none
https://waterbalancetools.com/entities/foaming,entities/foaming.html,entity,entities,entities,generate-entities.js / generate-entity-pages.js,Foaming — Pool Chemistry Entity | WaterBalanceTools,Foaming,"Persistent foam on pool or spa water surface caused by surfactants, high TDS, or algaecide.",https://waterbalancetools.com/entities/foaming,"index, follow",133,133,13,28,0,1,28,DefinedTerm;BreadcrumbList,0,false,false,true,false,false,false,false,none detected,INDEXABLE,true,none
https://waterbalancetools.com/entities/free-chlorine,entities/free-chlorine.html,entity,entities,entities,generate-entities.js / generate-entity-pages.js,Free Chlorine — Pool Chemistry Entity | WaterBalanceTools,Free Chlorine,"The active, unsaturated chlorine available to sanitize pool water.",https://waterbalancetools.com/entities/free-chlorine,"index, follow",394,394,49,81,0,66,81,DefinedTerm;BreadcrumbList,0,false,false,true,false,false,false,false,none detected,INDEXABLE,true,none
https://waterbalancetools.com/entities/gallons,entities/gallons.html,entity,entities,entities,generate-entities.js / generate-entity-pages.js,Gallons — Pool Chemistry Entity | WaterBalanceTools,Gallons,US liquid gallon — the standard unit of pool volume measurement.,https://waterbalancetools.com/entities/gallons,"index, follow",150,150,23,32,0,8,32,DefinedTerm;BreadcrumbList,0,false,false,true,false,false,false,false,none detected,INDEXABLE,true,none
https://waterbalancetools.com/entities/green-water,entities/green-water.html,entity,entities,entities,generate-entities.js / generate-entity-pages.js,Green Water — Pool Chemistry Entity | WaterBalanceTools,Green Water,Pool water discolored green by algae bloom due to insufficient free chlorine.,https://waterbalancetools.com/entities/green-water,"index, follow",207,207,29,47,0,10,47,DefinedTerm;BreadcrumbList,0,false,false,true,false,false,false,false,none detected,INDEXABLE,true,none
https://waterbalancetools.com/entities/heater,entities/heater.html,entity,entities,entities,generate-entities.js / generate-entity-pages.js,Pool Heater — Pool Chemistry Entity | WaterBalanceTools,Pool Heater,"A device that raises water temperature using gas, electric heat pump, or solar energy.",https://waterbalancetools.com/entities/heater,"index, follow",144,144,16,29,0,1,29,DefinedTerm;BreadcrumbList,0,false,false,true,false,false,false,false,none detected,INDEXABLE,true,none
https://waterbalancetools.com/entities/high-chlorine,entities/high-chlorine.html,entity,entities,entities,generate-entities.js / generate-entity-pages.js,High Chlorine — Pool Chemistry Entity | WaterBalanceTools,High Chlorine,"Free chlorine above 5 ppm causing bleaching, eye/skin irritation, and swimmer discomfort.",https://waterbalancetools.com/entities/high-chlorine,"index, follow",124,124,15,29,0,3,29,DefinedTerm;BreadcrumbList,0,false,false,true,false,false,false,false,none detected,INDEXABLE,true,none
https://waterbalancetools.com/entities/high-ph,entities/high-ph.html,entity,entities,entities,generate-entities.js / generate-entity-pages.js,High pH — Pool Chemistry Entity | WaterBalanceTools,High pH,"Pool water pH above 7.8, reducing chlorine effectiveness and promoting scale formation.",https://waterbalancetools.com/entities/high-ph,"index, follow",219,219,29,42,0,8,42,DefinedTerm;BreadcrumbList,0,false,false,true,false,false,false,false,none detected,INDEXABLE,true,none
https://waterbalancetools.com/entities/hot-tub,entities/hot-tub.html,entity,entities,entities,generate-entities.js / generate-entity-pages.js,Hot Tub — Pool Chemistry Entity | WaterBalanceTools,Hot Tub,"A small, heated pool (75–500 gallons) used for relaxation and hydrotherapy.",https://waterbalancetools.com/entities/hot-tub,"index, follow",304,304,37,58,0,22,58,DefinedTerm;BreadcrumbList,0,false,false,true,false,false,false,false,none detected,INDEXABLE,true,none
https://waterbalancetools.com/entities/hydrogen-peroxide,entities/hydrogen-peroxide.html,entity,entities,entities,generate-entities.js / generate-entity-pages.js,Hydrogen Peroxide — Pool Chemistry Entity | WaterBalanceTools,Hydrogen Peroxide,An oxidizer used in non-chlorine pool systems and as an emergency chlorine neutralizer.,https://waterbalancetools.com/entities/hydrogen-peroxide,"index, follow",131,131,14,26,0,6,26,DefinedTerm;BreadcrumbList,0,false,false,true,false,false,false,false,none detected,INDEXABLE,true,none
https://waterbalancetools.com/entities/,entities/index.html,entity,entities,entities,generate-entities.js / generate-entity-pages.js,Entity Graph — Pool Chemistry Knowledge Base | WaterBalanceTools,Pool Chemistry Entity Graph,"The canonical pool chemistry entity graph: 104 entities covering chemicals, measurements, equipment, processes, problems, and pool types. The semantic backbo...",https://waterbalancetools.com/entities,"index, follow",1656,1656,12,122,0,125,122,CollectionPage;BreadcrumbList,0,false,false,true,false,false,false,false,none detected,INDEXABLE,true,none
https://waterbalancetools.com/entities/indoor-pool,entities/indoor-pool.html,entity,entities,entities,generate-entities.js / generate-entity-pages.js,Indoor Pool — Pool Chemistry Entity | WaterBalanceTools,Indoor Pool,"A pool housed inside a building, requiring ventilation management and no CYA.",https://waterbalancetools.com/entities/indoor-pool,"index, follow",132,132,19,32,0,3,32,DefinedTerm;BreadcrumbList,0,false,false,true,false,false,false,false,none detected,INDEXABLE,true,none
https://waterbalancetools.com/entities/iron,entities/iron.html,entity,entities,entities,generate-entities.js / generate-entity-pages.js,Iron — Pool Chemistry Entity | WaterBalanceTools,Iron,A metal dissolved in pool water that causes rust-brown staining when oxidized.,https://waterbalancetools.com/entities/iron,"index, follow",127,127,15,25,0,5,25,DefinedTerm;BreadcrumbList,0,false,false,true,false,false,false,false,none detected,INDEXABLE,true,none
https://waterbalancetools.com/entities/lamotte,entities/lamotte.html,entity,entities,entities,generate-entities.js / generate-entity-pages.js,LaMotte — Pool Chemistry Entity | WaterBalanceTools,LaMotte,LaMotte Company — manufacturer of professional water testing equipment for pool and spa use.,https://waterbalancetools.com/entities/lamotte,"index, follow",95,95,10,24,0,5,24,DefinedTerm;BreadcrumbList,0,false,false,true,false,false,false,false,none detected,INDEXABLE,true,none
https://waterbalancetools.com/entities/liquid-chlorine,entities/liquid-chlorine.html,entity,entities,entities,generate-entities.js / generate-entity-pages.js,Liquid Chlorine — Pool Chemistry Entity | WaterBalanceTools,Liquid Chlorine,Sodium hypochlorite solution (10–12.5%) — the most commonly used liquid pool sanitizer.,https://waterbalancetools.com/entities/liquid-chlorine,"index, follow",176,176,27,38,0,9,38,DefinedTerm;BreadcrumbList,0,false,false,true,false,false,false,false,none detected,INDEXABLE,true,none
https://waterbalancetools.com/entities/liters,entities/liters.html,entity,entities,entities,generate-entities.js / generate-entity-pages.js,Liters — Pool Chemistry Entity | WaterBalanceTools,Liters,SI unit of volume — 1 US gallon equals approximately 3.785 liters.,https://waterbalancetools.com/entities/liters,"index, follow",105,105,17,27,0,2,27,DefinedTerm;BreadcrumbList,0,false,false,true,false,false,false,false,none detected,INDEXABLE,true,none
https://waterbalancetools.com/entities/low-chlorine,entities/low-chlorine.html,entity,entities,entities,generate-entities.js / generate-entity-pages.js,Low Chlorine — Pool Chemistry Entity | WaterBalanceTools,Low Chlorine,Free chlorine below the minimum effective level for the current CYA concentration.,https://waterbalancetools.com/entities/low-chlorine,"index, follow",213,213,30,49,0,8,49,DefinedTerm;BreadcrumbList,0,false,false,true,false,false,false,false,none detected,INDEXABLE,true,none
https://waterbalancetools.com/entities/low-ph,entities/low-ph.html,entity,entities,entities,generate-entities.js / generate-entity-pages.js,Low pH — Pool Chemistry Entity | WaterBalanceTools,Low pH,"Pool water pH below 7.2, causing corrosion, eye irritation, and equipment damage.",https://waterbalancetools.com/entities/low-ph,"index, follow",201,201,28,40,0,6,40,DefinedTerm;BreadcrumbList,0,false,false,true,false,false,false,false,none detected,INDEXABLE,true,none
https://waterbalancetools.com/entities/lsi,entities/lsi.html,entity,entities,entities,generate-entities.js / generate-entity-pages.js,Langelier Saturation Index — Pool Chemistry Entity | WaterBalanceTools,Langelier Saturation Index,"A composite score indicating whether water is balanced, corrosive, or scale-forming.",https://waterbalancetools.com/entities/lsi,"index, follow",305,305,34,53,0,35,53,DefinedTerm;BreadcrumbList,0,false,false,true,false,false,false,false,none detected,INDEXABLE,true,none
https://waterbalancetools.com/entities/maintenance-checklist,entities/maintenance-checklist.html,entity,entities,entities,generate-entities.js / generate-entity-pages.js,Pool Maintenance Checklist — Pool Chemistry Entity | WaterBalanceTools,Pool Maintenance Checklist,"A printable weekly pool maintenance checklist covering testing, cleaning, and chemical additions.",https://waterbalancetools.com/entities/maintenance-checklist,"index, follow",159,159,23,35,0,3,35,DefinedTerm;BreadcrumbList,0,false,false,true,false,false,false,false,none detected,INDEXABLE,true,none
https://waterbalancetools.com/entities/maintenance-log,entities/maintenance-log.html,entity,entities,entities,generate-entities.js / generate-entity-pages.js,Hot Tub Maintenance Log — Pool Chemistry Entity | WaterBalanceTools,Hot Tub Maintenance Log,"A printable log for recording hot tub and spa water tests, chemical additions, and service notes.",https://waterbalancetools.com/entities/maintenance-log,"index, follow",154,154,21,32,0,2,32,DefinedTerm;BreadcrumbList,0,false,false,true,false,false,false,false,none detected,INDEXABLE,true,none
https://waterbalancetools.com/entities/manganese,entities/manganese.html,entity,entities,entities,generate-entities.js / generate-entity-pages.js,Manganese — Pool Chemistry Entity | WaterBalanceTools,Manganese,A dissolved metal that causes black or purple staining in pool water.,https://waterbalancetools.com/entities/manganese,"index, follow",113,113,12,25,0,1,25,DefinedTerm;BreadcrumbList,0,false,false,true,false,false,false,false,none detected,INDEXABLE,true,none
https://waterbalancetools.com/entities/muriatic-acid,entities/muriatic-acid.html,entity,entities,entities,generate-entities.js / generate-entity-pages.js,Muriatic Acid — Pool Chemistry Entity | WaterBalanceTools,Muriatic Acid,Hydrochloric acid (31.45%) used to lower pH and total alkalinity in pool water.,https://waterbalancetools.com/entities/muriatic-acid,"index, follow",229,229,32,45,0,11,45,DefinedTerm;BreadcrumbList,0,false,false,true,false,false,false,false,none detected,INDEXABLE,true,none
https://waterbalancetools.com/entities/nsf,entities/nsf.html,entity,entities,entities,generate-entities.js / generate-entity-pages.js,NSF International — Pool Chemistry Entity | WaterBalanceTools,NSF International,NSF International — certifies pool and spa equipment and chemicals to safety standards.,https://waterbalancetools.com/entities/nsf,"index, follow",93,93,9,23,0,2,23,DefinedTerm;BreadcrumbList,0,false,false,true,false,false,false,false,none detected,INDEXABLE,true,none
https://waterbalancetools.com/entities/opening-checklist,entities/opening-checklist.html,entity,entities,entities,generate-entities.js / generate-entity-pages.js,Pool Opening Checklist — Pool Chemistry Entity | WaterBalanceTools,Pool Opening Checklist,A printable step-by-step checklist for spring pool opening.,https://waterbalancetools.com/entities/opening-checklist,"index, follow",113,113,16,29,0,2,29,DefinedTerm;BreadcrumbList,0,false,false,true,false,false,false,false,none detected,INDEXABLE,true,none
https://waterbalancetools.com/entities/orp,entities/orp.html,entity,entities,entities,generate-entities.js / generate-entity-pages.js,ORP — Pool Chemistry Entity | WaterBalanceTools,ORP,Oxidation-Reduction Potential — an electrical measurement of water's sanitizing capacity.,https://waterbalancetools.com/entities/orp,"index, follow",139,139,20,30,0,5,30,DefinedTerm;BreadcrumbList,0,false,false,true,false,false,false,false,none detected,INDEXABLE,true,none
https://waterbalancetools.com/entities/outdoor-pool,entities/outdoor-pool.html,entity,entities,entities,generate-entities.js / generate-entity-pages.js,Outdoor Pool — Pool Chemistry Entity | WaterBalanceTools,Outdoor Pool,"A pool exposed to direct sunlight and weather, requiring CYA stabilization of chlorine.",https://waterbalancetools.com/entities/outdoor-pool,"index, follow",175,175,28,39,0,4,39,DefinedTerm;BreadcrumbList,0,false,false,true,false,false,false,false,none detected,INDEXABLE,true,none
https://waterbalancetools.com/entities/oxidation,entities/oxidation.html,entity,entities,entities,generate-entities.js / generate-entity-pages.js,Oxidation — Pool Chemistry Entity | WaterBalanceTools,Oxidation,"The chemical destruction of organic compounds, combined chlorine, and contaminants in pool water.",https://waterbalancetools.com/entities/oxidation,"index, follow",144,144,19,32,0,7,32,DefinedTerm;BreadcrumbList,0,false,false,true,false,false,false,false,none detected,INDEXABLE,true,none
https://waterbalancetools.com/entities/ozone,entities/ozone.html,entity,entities,entities,generate-entities.js / generate-entity-pages.js,Ozone — Pool Chemistry Entity | WaterBalanceTools,Ozone,A powerful oxidizer generated on-site and injected into pool water as a supplemental sanitizer.,https://waterbalancetools.com/entities/ozone,"index, follow",137,137,14,26,0,3,26,DefinedTerm;BreadcrumbList,0,false,false,true,false,false,false,false,none detected,INDEXABLE,true,none
https://waterbalancetools.com/entities/ph,entities/ph.html,entity,entities,entities,generate-entities.js / generate-entity-pages.js,pH — Pool Chemistry Entity | WaterBalanceTools,pH,The measure of hydrogen ion concentration indicating acidity or alkalinity of pool water.,https://waterbalancetools.com/entities/ph,"index, follow",413,413,51,78,0,44,78,DefinedTerm;BreadcrumbList,0,false,false,true,false,false,false,false,none detected,INDEXABLE,true,none
https://waterbalancetools.com/entities/phosphate,entities/phosphate.html,entity,entities,entities,generate-entities.js / generate-entity-pages.js,Phosphate — Pool Chemistry Entity | WaterBalanceTools,Phosphate,A nutrient compound in pool water that can fuel algae growth.,https://waterbalancetools.com/entities/phosphate,"index, follow",135,135,17,28,0,5,28,DefinedTerm;BreadcrumbList,0,false,false,true,false,false,false,false,none detected,INDEXABLE,true,none
https://waterbalancetools.com/entities/phta,entities/phta.html,entity,entities,entities,generate-entities.js / generate-entity-pages.js,PHTA — Pool Chemistry Entity | WaterBalanceTools,PHTA,Pool &amp; Hot Tub Alliance — the primary industry trade association for pool and spa professionals.,https://waterbalancetools.com/entities/phta,"index, follow",159,159,13,30,0,12,30,DefinedTerm;BreadcrumbList,0,false,false,true,false,false,false,false,none detected,INDEXABLE,true,none
https://waterbalancetools.com/entities/pool-opening,entities/pool-opening.html,entity,entities,entities,generate-entities.js / generate-entity-pages.js,Pool Opening — Pool Chemistry Entity | WaterBalanceTools,Pool Opening,The spring start-up process to prepare a pool for the swimming season.,https://waterbalancetools.com/entities/pool-opening,"index, follow",155,155,21,34,0,5,34,DefinedTerm;BreadcrumbList,0,false,false,true,false,false,false,false,none detected,INDEXABLE,true,none
https://waterbalancetools.com/entities/pool-salt,entities/pool-salt.html,entity,entities,entities,generate-entities.js / generate-entity-pages.js,Pool Salt — Pool Chemistry Entity | WaterBalanceTools,Pool Salt,High-purity sodium chloride (99.8%+) for use in saltwater pool systems.,https://waterbalancetools.com/entities/pool-salt,"index, follow",143,143,23,33,0,3,33,DefinedTerm;BreadcrumbList,0,false,false,true,false,false,false,false,none detected,INDEXABLE,true,none
https://waterbalancetools.com/entities/ppm,entities/ppm.html,entity,entities,entities,generate-entities.js / generate-entity-pages.js,Parts Per Million — Pool Chemistry Entity | WaterBalanceTools,Parts Per Million,The standard unit for measuring chemical concentrations in pool water.,https://waterbalancetools.com/entities/ppm,"index, follow",170,170,20,31,0,5,31,DefinedTerm;BreadcrumbList,0,false,false,true,false,false,false,false,none detected,INDEXABLE,true,none
https://waterbalancetools.com/entities/pump,entities/pump.html,entity,entities,entities,generate-entities.js / generate-entity-pages.js,Pool Pump — Pool Chemistry Entity | WaterBalanceTools,Pool Pump,The motor and impeller assembly that circulates water through the filtration and chemical treatment system.,https://waterbalancetools.com/entities/pump,"index, follow",269,269,30,47,0,17,47,DefinedTerm;BreadcrumbList,0,false,false,true,false,false,false,false,none detected,INDEXABLE,true,none
https://waterbalancetools.com/entities/salt-chlorinator,entities/salt-chlorinator.html,entity,entities,entities,generate-entities.js / generate-entity-pages.js,Salt Chlorinator — Pool Chemistry Entity | WaterBalanceTools,Salt Chlorinator,An electrolytic cell that converts dissolved salt into hypochlorous acid to sanitize pool water.,https://waterbalancetools.com/entities/salt-chlorinator,"index, follow",226,226,28,41,0,4,41,DefinedTerm;BreadcrumbList,0,false,false,true,false,false,false,false,none detected,INDEXABLE,true,none
https://waterbalancetools.com/entities/salt,entities/salt.html,entity,entities,entities,generate-entities.js / generate-entity-pages.js,Salt — Pool Chemistry Entity | WaterBalanceTools,Salt,Sodium chloride dissolved in pool water to enable chlorine generation by a salt chlorinator.,https://waterbalancetools.com/entities/salt,"index, follow",236,236,32,43,0,8,43,DefinedTerm;BreadcrumbList,0,false,false,true,false,false,false,false,none detected,INDEXABLE,true,none
https://waterbalancetools.com/entities/saltwater-pool,entities/saltwater-pool.html,entity,entities,entities,generate-entities.js / generate-entity-pages.js,Saltwater Pool — Pool Chemistry Entity | WaterBalanceTools,Saltwater Pool,A pool that uses a salt chlorinator to generate chlorine on-site from dissolved sodium chloride.,https://waterbalancetools.com/entities/saltwater-pool,"index, follow",231,231,32,45,0,5,45,DefinedTerm;BreadcrumbList,0,false,false,true,false,false,false,false,none detected,INDEXABLE,true,none
https://waterbalancetools.com/entities/sand-filter,entities/sand-filter.html,entity,entities,entities,generate-entities.js / generate-entity-pages.js,Sand Filter — Pool Chemistry Entity | WaterBalanceTools,Sand Filter,A filter using silica sand to trap particles down to 20–40 microns.,https://waterbalancetools.com/entities/sand-filter,"index, follow",207,207,25,44,0,11,44,DefinedTerm;BreadcrumbList,0,false,false,true,false,false,false,false,none detected,INDEXABLE,true,none
https://waterbalancetools.com/entities/sanitizing,entities/sanitizing.html,entity,entities,entities,generate-entities.js / generate-entity-pages.js,Sanitizing — Pool Chemistry Entity | WaterBalanceTools,Sanitizing,Maintaining an adequate residual disinfectant to destroy pathogens in pool water.,https://waterbalancetools.com/entities/sanitizing,"index, follow",245,245,34,51,0,17,51,DefinedTerm;BreadcrumbList,0,false,false,true,false,false,false,false,none detected,INDEXABLE,true,none
https://waterbalancetools.com/entities/scaling,entities/scaling.html,entity,entities,entities,generate-entities.js / generate-entity-pages.js,Scaling — Pool Chemistry Entity | WaterBalanceTools,Scaling,White or grey mineral deposits on pool surfaces and equipment caused by over-saturated water.,https://waterbalancetools.com/entities/scaling,"index, follow",240,240,31,45,0,13,45,DefinedTerm;BreadcrumbList,0,false,false,true,false,false,false,false,none detected,INDEXABLE,true,none
https://waterbalancetools.com/entities/shock-treatment,entities/shock-treatment.html,entity,entities,entities,generate-entities.js / generate-entity-pages.js,Shock Treatment — Pool Chemistry Entity | WaterBalanceTools,Shock Treatment,"Adding a large dose of chlorine or non-chlorine oxidizer to destroy combined chlorine, algae, and contaminants.",https://waterbalancetools.com/entities/shock-treatment,"index, follow",314,314,42,58,0,26,58,DefinedTerm;BreadcrumbList,0,false,false,true,false,false,false,false,none detected,INDEXABLE,true,none
https://waterbalancetools.com/entities/skimmer,entities/skimmer.html,entity,entities,entities,generate-entities.js / generate-entity-pages.js,Skimmer — Pool Chemistry Entity | WaterBalanceTools,Skimmer,A wall-mounted intake that removes floating debris from the pool surface before it sinks.,https://waterbalancetools.com/entities/skimmer,"index, follow",107,107,16,27,0,2,27,DefinedTerm;BreadcrumbList,0,false,false,true,false,false,false,false,none detected,INDEXABLE,true,none
https://waterbalancetools.com/entities/skin-irritation,entities/skin-irritation.html,entity,entities,entities,generate-entities.js / generate-entity-pages.js,Skin Irritation — Pool Chemistry Entity | WaterBalanceTools,Skin Irritation,"Swimmer skin irritation caused by pH imbalance, chloramines, or high disinfectant levels.",https://waterbalancetools.com/entities/skin-irritation,"index, follow",155,155,22,36,0,4,36,DefinedTerm;BreadcrumbList,0,false,false,true,false,false,false,false,none detected,INDEXABLE,true,none
https://waterbalancetools.com/entities/soda-ash,entities/soda-ash.html,entity,entities,entities,generate-entities.js / generate-entity-pages.js,Soda Ash — Pool Chemistry Entity | WaterBalanceTools,Soda Ash,Sodium carbonate — used to raise pH in pool water.,https://waterbalancetools.com/entities/soda-ash,"index, follow",168,168,25,34,0,8,34,DefinedTerm;BreadcrumbList,0,false,false,true,false,false,false,false,none detected,INDEXABLE,true,none
https://waterbalancetools.com/entities/sodium-dichlor,entities/sodium-dichlor.html,entity,entities,entities,generate-entities.js / generate-entity-pages.js,Dichlor — Pool Chemistry Entity | WaterBalanceTools,Dichlor,A stabilized granular shock (56–62% available chlorine) that adds both chlorine and CYA.,https://waterbalancetools.com/entities/sodium-dichlor,"index, follow",151,151,22,31,0,3,31,DefinedTerm;BreadcrumbList,0,false,false,true,false,false,false,false,none detected,INDEXABLE,true,none
https://waterbalancetools.com/entities/stabilizer,entities/stabilizer.html,entity,entities,entities,generate-entities.js / generate-entity-pages.js,Stabilizer / CYA Granules — Pool Chemistry Entity | WaterBalanceTools,Stabilizer / CYA Granules,Granular cyanuric acid product used to raise CYA to the target stabilizer level.,https://waterbalancetools.com/entities/stabilizer,"index, follow",152,152,24,33,0,3,33,DefinedTerm;BreadcrumbList,0,false,false,true,false,false,false,false,none detected,INDEXABLE,true,none
https://waterbalancetools.com/entities/strong-chlorine-smell,entities/strong-chlorine-smell.html,entity,entities,entities,generate-entities.js / generate-entity-pages.js,Strong Chlorine Smell — Pool Chemistry Entity | WaterBalanceTools,Strong Chlorine Smell,"A pungent chlorine odor caused by chloramines, not excess chlorine.",https://waterbalancetools.com/entities/strong-chlorine-smell,"index, follow",185,185,26,38,0,5,38,DefinedTerm;BreadcrumbList,0,false,false,true,false,false,false,false,none detected,INDEXABLE,true,none
https://waterbalancetools.com/entities/swim-spa,entities/swim-spa.html,entity,entities,entities,generate-entities.js / generate-entity-pages.js,Swim Spa — Pool Chemistry Entity | WaterBalanceTools,Swim Spa,A larger spa (12–20 ft) with jets for swimming in place and hydrotherapy.,https://waterbalancetools.com/entities/swim-spa,"index, follow",168,168,23,35,0,1,35,DefinedTerm;BreadcrumbList,0,false,false,true,false,false,false,false,none detected,INDEXABLE,true,none
https://waterbalancetools.com/entities/swimming-pool,entities/swimming-pool.html,entity,entities,entities,generate-entities.js / generate-entity-pages.js,Swimming Pool — Pool Chemistry Entity | WaterBalanceTools,Swimming Pool,A permanent or above-ground body of water designed for recreational swimming.,https://waterbalancetools.com/entities/swimming-pool,"index, follow",289,289,37,59,0,28,59,DefinedTerm;BreadcrumbList,0,false,false,true,false,false,false,false,none detected,INDEXABLE,true,none
https://waterbalancetools.com/entities/taylor-technologies,entities/taylor-technologies.html,entity,entities,entities,generate-entities.js / generate-entity-pages.js,Taylor Technologies — Pool Chemistry Entity | WaterBalanceTools,Taylor Technologies,Taylor Technologies — manufacturer of professional pool test kits and the standard reference for pool chemistry calculations.,https://waterbalancetools.com/entities/taylor-technologies,"index, follow",127,127,12,26,0,5,26,DefinedTerm;BreadcrumbList,0,false,false,true,false,false,false,false,none detected,INDEXABLE,true,none
https://waterbalancetools.com/entities/temperature,entities/temperature.html,entity,entities,entities,generate-entities.js / generate-entity-pages.js,Temperature — Pool Chemistry Entity | WaterBalanceTools,Temperature,"Water temperature in °F or °C, affecting chemical reactions, chlorine demand, and comfort.",https://waterbalancetools.com/entities/temperature,"index, follow",219,219,29,41,0,16,41,DefinedTerm;BreadcrumbList,0,false,false,true,false,false,false,false,none detected,INDEXABLE,true,none
https://waterbalancetools.com/entities/testing,entities/testing.html,entity,entities,entities,generate-entities.js / generate-entity-pages.js,Water Testing — Pool Chemistry Entity | WaterBalanceTools,Water Testing,"Measuring pool water chemistry parameters using test strips, liquid kits, or digital testers.",https://waterbalancetools.com/entities/testing,"index, follow",270,270,31,59,0,25,59,DefinedTerm;BreadcrumbList,0,false,false,true,false,false,false,false,none detected,INDEXABLE,true,none
https://waterbalancetools.com/entities/total-chlorine,entities/total-chlorine.html,entity,entities,entities,generate-entities.js / generate-entity-pages.js,Total Chlorine — Pool Chemistry Entity | WaterBalanceTools,Total Chlorine,The sum of free chlorine and combined chlorine in pool water.,https://waterbalancetools.com/entities/total-chlorine,"index, follow",170,170,28,35,0,7,35,DefinedTerm;BreadcrumbList,0,false,false,true,false,false,false,false,none detected,INDEXABLE,true,none
https://waterbalancetools.com/entities/total-dissolved-solids,entities/total-dissolved-solids.html,entity,entities,entities,generate-entities.js / generate-entity-pages.js,Total Dissolved Solids — Pool Chemistry Entity | WaterBalanceTools,Total Dissolved Solids,The cumulative concentration of all dissolved matter in pool water.,https://waterbalancetools.com/entities/total-dissolved-solids,"index, follow",174,174,21,31,0,5,31,DefinedTerm;BreadcrumbList,0,false,false,true,false,false,false,false,none detected,INDEXABLE,true,none
https://waterbalancetools.com/entities/trichlor-tablets,entities/trichlor-tablets.html,entity,entities,entities,generate-entities.js / generate-entity-pages.js,Trichlor Tablets — Pool Chemistry Entity | WaterBalanceTools,Trichlor Tablets,Stabilized chlorine tablets (90% available chlorine) for use in automatic chlorinators and floaters.,https://waterbalancetools.com/entities/trichlor-tablets,"index, follow",182,182,25,37,0,5,37,DefinedTerm;BreadcrumbList,0,false,false,true,false,false,false,false,none detected,INDEXABLE,true,none
https://waterbalancetools.com/entities/turnover-time,entities/turnover-time.html,entity,entities,entities,generate-entities.js / generate-entity-pages.js,Turnover Time — Pool Chemistry Entity | WaterBalanceTools,Turnover Time,The time required for the pump to circulate the entire pool volume through the filter once.,https://waterbalancetools.com/entities/turnover-time,"index, follow",217,217,28,38,0,12,38,DefinedTerm;BreadcrumbList,0,false,false,true,false,false,false,false,none detected,INDEXABLE,true,none
https://waterbalancetools.com/entities/unit-celsius,entities/unit-celsius.html,entity,entities,entities,generate-entities.js / generate-entity-pages.js,°C — Pool Chemistry Entity | WaterBalanceTools,°C,Degrees Celsius — the SI temperature unit used in metric countries.,https://waterbalancetools.com/entities/unit-celsius,"index, follow",93,93,12,24,0,2,24,DefinedTerm;BreadcrumbList,0,false,false,true,false,false,false,false,none detected,INDEXABLE,true,none
https://waterbalancetools.com/entities/unit-days,entities/unit-days.html,entity,entities,entities,generate-entities.js / generate-entity-pages.js,Days — Pool Chemistry Entity | WaterBalanceTools,Days,Unit of time — used for maintenance scheduling and chemical activity timelines.,https://waterbalancetools.com/entities/unit-days,"index, follow",112,112,13,26,0,4,26,DefinedTerm;BreadcrumbList,0,false,false,true,false,false,false,false,none detected,INDEXABLE,true,none
https://waterbalancetools.com/entities/unit-fahrenheit,entities/unit-fahrenheit.html,entity,entities,entities,generate-entities.js / generate-entity-pages.js,°F — Pool Chemistry Entity | WaterBalanceTools,°F,Degrees Fahrenheit — the standard temperature unit for pool and spa temperature in North America.,https://waterbalancetools.com/entities/unit-fahrenheit,"index, follow",109,109,15,26,0,2,26,DefinedTerm;BreadcrumbList,0,false,false,true,false,false,false,false,none detected,INDEXABLE,true,none
https://waterbalancetools.com/entities/unit-gallons,entities/unit-gallons.html,entity,entities,entities,generate-entities.js / generate-entity-pages.js,US Gallons — Pool Chemistry Entity | WaterBalanceTools,US Gallons,US liquid gallon — the primary volume unit for pool calculations in North America.,https://waterbalancetools.com/entities/unit-gallons,"index, follow",106,106,17,27,0,2,27,DefinedTerm;BreadcrumbList,0,false,false,true,false,false,false,false,none detected,INDEXABLE,true,none
https://waterbalancetools.com/entities/unit-hours,entities/unit-hours.html,entity,entities,entities,generate-entities.js / generate-entity-pages.js,Hours — Pool Chemistry Entity | WaterBalanceTools,Hours,Unit of time — used for turnover rate and pump run time calculations.,https://waterbalancetools.com/entities/unit-hours,"index, follow",133,133,18,29,0,3,29,DefinedTerm;BreadcrumbList,0,false,false,true,false,false,false,false,none detected,INDEXABLE,true,none
https://waterbalancetools.com/entities/unit-liters,entities/unit-liters.html,entity,entities,entities,generate-entities.js / generate-entity-pages.js,Liters — Pool Chemistry Entity (entities) | WaterBalanceTools,Liters,SI unit of volume. 1 US gallon = 3.785 liters.,https://waterbalancetools.com/entities/unit-liters,"index, follow",100,100,15,26,0,2,26,DefinedTerm;BreadcrumbList,0,false,false,true,false,false,false,false,none detected,INDEXABLE,true,none
https://waterbalancetools.com/entities/unit-mg-l,entities/unit-mg-l.html,entity,entities,entities,generate-entities.js / generate-entity-pages.js,mg/L — Pool Chemistry Entity | WaterBalanceTools,mg/L,Milligrams per liter — numerically identical to ppm in aqueous solutions.,https://waterbalancetools.com/entities/unit-mg-l,"index, follow",90,90,12,24,0,1,24,DefinedTerm;BreadcrumbList,0,false,false,true,false,false,false,false,none detected,INDEXABLE,true,none
https://waterbalancetools.com/entities/unit-minutes,entities/unit-minutes.html,entity,entities,entities,generate-entities.js / generate-entity-pages.js,Minutes — Pool Chemistry Entity | WaterBalanceTools,Minutes,Unit of time — used for pump turnover calculation and wait times after chemical additions.,https://waterbalancetools.com/entities/unit-minutes,"index, follow",119,119,17,27,0,2,27,DefinedTerm;BreadcrumbList,0,false,false,true,false,false,false,false,none detected,INDEXABLE,true,none
https://waterbalancetools.com/entities/unit-months,entities/unit-months.html,entity,entities,entities,generate-entities.js / generate-entity-pages.js,Months — Pool Chemistry Entity | WaterBalanceTools,Months,Unit of time — used for seasonal maintenance intervals and hot tub water change schedules.,https://waterbalancetools.com/entities/unit-months,"index, follow",126,126,14,27,0,2,27,DefinedTerm;BreadcrumbList,0,false,false,true,false,false,false,false,none detected,INDEXABLE,true,none
https://waterbalancetools.com/entities/unit-ppm,entities/unit-ppm.html,entity,entities,entities,generate-entities.js / generate-entity-pages.js,ppm — Pool Chemistry Entity | WaterBalanceTools,ppm,Parts per million — the standard concentration unit for pool chemistry.,https://waterbalancetools.com/entities/unit-ppm,"index, follow",122,122,14,28,0,2,28,DefinedTerm;BreadcrumbList,0,false,false,true,false,false,false,false,none detected,INDEXABLE,true,none
https://waterbalancetools.com/entities/unit-weeks,entities/unit-weeks.html,entity,entities,entities,generate-entities.js / generate-entity-pages.js,Weeks — Pool Chemistry Entity | WaterBalanceTools,Weeks,"Unit of time — used for maintenance scheduling (weekly testing, weekly shock).",https://waterbalancetools.com/entities/unit-weeks,"index, follow",114,114,13,26,0,4,26,DefinedTerm;BreadcrumbList,0,false,false,true,false,false,false,false,none detected,INDEXABLE,true,none
https://waterbalancetools.com/entities/vacation-rental-checklist,entities/vacation-rental-checklist.html,entity,entities,entities,generate-entities.js / generate-entity-pages.js,Airbnb Pool Turnover Checklist — Pool Chemistry Entity | WaterBalanceTools,Airbnb Pool Turnover Checklist,A printable turnover checklist for vacation rental pool inspection and chemistry verification between guests.,https://waterbalancetools.com/entities/vacation-rental-checklist,"index, follow",189,189,25,38,0,5,38,DefinedTerm;BreadcrumbList,0,false,false,true,false,false,false,false,none detected,INDEXABLE,true,none
https://waterbalancetools.com/entities/vinyl-pool,entities/vinyl-pool.html,entity,entities,entities,generate-entities.js / generate-entity-pages.js,Vinyl Pool — Pool Chemistry Entity | WaterBalanceTools,Vinyl Pool,A pool with a vinyl liner surface requiring lower calcium hardness targets.,https://waterbalancetools.com/entities/vinyl-pool,"index, follow",126,126,18,30,0,3,30,DefinedTerm;BreadcrumbList,0,false,false,true,false,false,false,false,none detected,INDEXABLE,true,none
https://waterbalancetools.com/entities/water-replacement,entities/water-replacement.html,entity,entities,entities,generate-entities.js / generate-entity-pages.js,Water Replacement — Pool Chemistry Entity | WaterBalanceTools,Water Replacement,Partially or completely draining and refilling pool or spa water to reduce dissolved compound levels.,https://waterbalancetools.com/entities/water-replacement,"index, follow",193,193,24,39,0,11,39,DefinedTerm;BreadcrumbList,0,false,false,true,false,false,false,false,none detected,INDEXABLE,true,none
https://waterbalancetools.com/entities/water-test-sheet,entities/water-test-sheet.html,entity,entities,entities,generate-entities.js / generate-entity-pages.js,Water Test Log — Pool Chemistry Entity | WaterBalanceTools,Water Test Log,A printable log for recording water test results over time to track chemistry trends.,https://waterbalancetools.com/entities/water-test-sheet,"index, follow",138,138,18,30,0,3,30,DefinedTerm;BreadcrumbList,0,false,false,true,false,false,false,false,none detected,INDEXABLE,true,none
https://waterbalancetools.com/entities/winterization,entities/winterization.html,entity,entities,entities,generate-entities.js / generate-entity-pages.js,Winterization — Pool Chemistry Entity | WaterBalanceTools,Winterization,The process of closing a pool or hot tub for the winter to prevent freeze damage.,https://waterbalancetools.com/entities/winterization,"index, follow",186,186,20,37,0,7,37,DefinedTerm;BreadcrumbList,0,false,false,true,false,false,false,false,none detected,INDEXABLE,true,none
https://waterbalancetools.com/formulas/alkalinity-formula,formulas/alkalinity-formula.html,formula-page,formulas,formulas,generate-formulas.js,Total Alkalinity Adjustment Formula | Formula Library | WaterBalanceTools,Total Alkalinity Adjustment Formula,Calculate the exact amount of sodium bicarbonate needed to raise your pool's total alkalinity with the alkalinity formula.,https://waterbalancetools.com/formulas/alkalinity-formula,"index, follow",375,375,7,27,0,9,27,HowTo;BreadcrumbList,0,false,false,true,false,true,true,true,calculator interaction,INDEXABLE,true,none
https://waterbalancetools.com/formulas/cya-formula,formulas/cya-formula.html,formula-page,formulas,formulas,generate-formulas.js,CYA (Cyanuric Acid) Dose Formula | Formula Library | WaterBalanceTools,CYA (Cyanuric Acid) Dose Formula,Calculate the correct cyanuric acid (stabilizer) dose for your pool with the CYA formula and worked example.,https://waterbalancetools.com/formulas/cya-formula,"index, follow",396,396,7,27,0,8,27,HowTo;BreadcrumbList,0,false,false,true,false,true,true,true,calculator interaction,INDEXABLE,true,none
https://waterbalancetools.com/formulas/,formulas/index.html,formula-hub,formulas,formulas,generate-formulas.js,Pool Chemistry Formula Library | WaterBalanceTools,Pool Chemistry Formula Library,"The complete pool chemistry formula library — chlorine dosing, pH adjustment, alkalinity, CYA, calcium hardness, and more. Every formula explained with worke...",https://waterbalancetools.com/formulas,"index, follow",245,245,3,31,0,33,31,BreadcrumbList,0,false,false,true,false,false,false,false,none detected,INDEXABLE,true,none
https://waterbalancetools.com/formulas/liquid-chlorine-formula,formulas/liquid-chlorine-formula.html,formula-page,formulas,formulas,generate-formulas.js,Liquid Chlorine Dose Formula | Formula Library | WaterBalanceTools,Liquid Chlorine Dose Formula,Learn how to calculate the correct liquid chlorine dose for your pool size. Includes worked example and limitations.,https://waterbalancetools.com/formulas/liquid-chlorine-formula,"index, follow",475,475,7,29,0,12,29,HowTo;BreadcrumbList,0,false,false,true,false,true,true,true,calculator interaction,INDEXABLE,true,none
https://waterbalancetools.com/formulas/lsi-formula,formulas/lsi-formula.html,formula-page,formulas,formulas,generate-formulas.js,Langelier Saturation Index (LSI) Formula | Formula Library | WaterBalanceTools,Langelier Saturation Index (LSI) Formula,"Understand the Langelier Saturation Index formula. Learn what LSI measures, how to calculate it, and what the score means for your pool.",https://waterbalancetools.com/formulas/lsi-formula,"index, follow",454,454,7,26,0,17,26,HowTo;BreadcrumbList,0,false,false,true,false,true,true,true,calculator interaction,INDEXABLE,true,none
https://waterbalancetools.com/formulas/ph-adjustment-formula,formulas/ph-adjustment-formula.html,formula-page,formulas,formulas,generate-formulas.js,pH Adjustment Formula | Formula Library | WaterBalanceTools,pH Adjustment Formula,Learn the pool pH adjustment formula. Calculate muriatic acid or soda ash dose with a worked example.,https://waterbalancetools.com/formulas/ph-adjustment-formula,"index, follow",433,433,7,28,0,12,28,HowTo;BreadcrumbList,0,false,false,true,false,true,true,true,calculator interaction,INDEXABLE,true,none
https://waterbalancetools.com/formulas/pool-volume-formula,formulas/pool-volume-formula.html,formula-page,formulas,formulas,generate-formulas.js,Pool Volume Formula | Formula Library | WaterBalanceTools,Pool Volume Formula,"Learn the pool volume formula with worked examples. Calculate pool gallons for rectangular, oval, circular, and irregular-shaped pools.",https://waterbalancetools.com/formulas/pool-volume-formula,"index, follow",355,355,7,26,0,7,26,HowTo;BreadcrumbList,0,false,false,true,false,true,true,true,calculator interaction,INDEXABLE,true,none
https://waterbalancetools.com/formulas/salt-formula,formulas/salt-formula.html,formula-page,formulas,formulas,generate-formulas.js,Salt Pool Formula | Formula Library | WaterBalanceTools,Salt Pool Formula,Calculate how many pounds of pool salt to add using the salt formula. Includes worked example for any pool size.,https://waterbalancetools.com/formulas/salt-formula,"index, follow",381,381,7,26,0,6,26,HowTo;BreadcrumbList,0,false,false,true,false,true,true,true,calculator interaction,INDEXABLE,true,none
https://waterbalancetools.com/formulas/shock-formula,formulas/shock-formula.html,formula-page,formulas,formulas,generate-formulas.js,Pool Shock Formula | Formula Library | WaterBalanceTools,Pool Shock Formula,"Learn the pool shock formula. Calculate exactly how much calcium hypochlorite to add for maintenance, breakpoint, or algae recovery.",https://waterbalancetools.com/formulas/shock-formula,"index, follow",395,395,7,27,0,25,27,HowTo;BreadcrumbList,0,false,false,true,false,true,true,true,calculator interaction,INDEXABLE,true,none
https://waterbalancetools.com/formulas/turnover-formula,formulas/turnover-formula.html,formula-page,formulas,formulas,generate-formulas.js,Pool Turnover Rate Formula | Formula Library | WaterBalanceTools,Pool Turnover Rate Formula,Calculate your pool's turnover rate with the turnover formula. Find required pump run time and verify filtration is adequate.,https://waterbalancetools.com/formulas/turnover-formula,"index, follow",331,331,7,27,0,12,27,HowTo;BreadcrumbList,0,false,false,true,false,true,true,true,calculator interaction,INDEXABLE,true,none
https://waterbalancetools.com/glossary/aggressive-water,glossary/aggressive-water.html,glossary-term,glossary,glossary,generate-glossary.js,Aggressive Water: Definition | Glossary | WaterBalanceTools,Aggressive Water,Aggressive (corrosive) water has an LSI below -0. Plain-language definition with target values and related pool chemistry resources.,https://waterbalancetools.com/glossary/aggressive-water,"index, follow",169,169,5,22,0,2,22,DefinedTerm;BreadcrumbList,0,false,false,true,false,true,false,false,none detected,INDEXABLE,true,none
https://waterbalancetools.com/glossary/algae-bloom,glossary/algae-bloom.html,glossary-term,glossary,glossary,generate-glossary.js,Algae Bloom: Definition | Glossary | WaterBalanceTools,Algae Bloom,"An algae bloom is the rapid, visible multiplication of algae in pool water, resulting in green, cloudy, or discolored water. Plain-language definition with t...",https://waterbalancetools.com/glossary/algae-bloom,"index, follow",183,183,5,22,0,1,22,DefinedTerm;BreadcrumbList,0,false,false,true,false,true,false,false,none detected,INDEXABLE,true,none
https://waterbalancetools.com/glossary/algaecide,glossary/algaecide.html,glossary-term,glossary,glossary,generate-glossary.js,Algaecide: Definition | Glossary | WaterBalanceTools,Algaecide,An algaecide is a chemical product that prevents algae growth or assists in killing established algae in pool water. Plain-language definition with target va...,https://waterbalancetools.com/glossary/algaecide,"index, follow",185,185,5,20,0,1,20,DefinedTerm;BreadcrumbList,0,false,false,true,false,true,false,false,none detected,INDEXABLE,true,none
https://waterbalancetools.com/glossary/ammonia,glossary/ammonia.html,glossary-term,glossary,glossary,generate-glossary.js,Ammonia (Pool Water): Definition | Glossary | WaterBalanceTools,Ammonia (Pool Water),"Ammonia in pool water is the primary nitrogen source for chloramine formation, introduced by bather waste including sweat and urine. Plain-language definitio...",https://waterbalancetools.com/glossary/ammonia,"index, follow",182,182,5,20,0,1,20,DefinedTerm;BreadcrumbList,0,false,false,true,false,true,false,false,none detected,INDEXABLE,true,none
https://waterbalancetools.com/glossary/backwashing,glossary/backwashing.html,glossary-term,glossary,glossary,generate-glossary.js,Backwashing: Definition | Glossary | WaterBalanceTools,Backwashing,Backwashing is the process of reversing water flow through a sand or DE filter to flush accumulated debris out of the filter media to waste. Plain-language d...,https://waterbalancetools.com/glossary/backwashing,"index, follow",221,221,6,26,0,4,26,DefinedTerm;BreadcrumbList,0,false,false,true,false,true,false,false,Full entity details →,INDEXABLE,true,none
https://waterbalancetools.com/glossary/bather-load,glossary/bather-load.html,glossary-term,glossary,glossary,generate-glossary.js,Bather Load: Definition | Glossary | WaterBalanceTools,Bather Load,"Bather load refers to the number and duration of swimmers in a pool, which affects chlorine consumption and organic contamination levels. Plain-language defi...",https://waterbalancetools.com/glossary/bather-load,"index, follow",202,202,5,20,0,1,20,DefinedTerm;BreadcrumbList,0,false,false,true,false,true,false,false,none detected,INDEXABLE,true,none
https://waterbalancetools.com/glossary/bcdmh,glossary/bcdmh.html,glossary-term,glossary,glossary,generate-glossary.js,BCDMH: Definition | Glossary | WaterBalanceTools,BCDMH,"BCDMH (1-bromo-3-chloro-5,5-dimethylhydantoin) is the most common active ingredient in bromine tablets for hot tubs and spas. Plain-language definition with ...",https://waterbalancetools.com/glossary/bcdmh,"index, follow",207,207,6,27,0,2,27,DefinedTerm;BreadcrumbList,0,false,false,true,false,true,false,false,Full entity details →,INDEXABLE,true,none
https://waterbalancetools.com/glossary/bicarbonate-alkalinity,glossary/bicarbonate-alkalinity.html,glossary-term,glossary,glossary,generate-glossary.js,Bicarbonate Alkalinity: Definition | Glossary | WaterBalanceTools,Bicarbonate Alkalinity,"Bicarbonate alkalinity is the portion of total alkalinity contributed by bicarbonate ions (HCO3-), which is the dominant form in properly maintained pool wat...",https://waterbalancetools.com/glossary/bicarbonate-alkalinity,"index, follow",209,209,6,30,0,1,30,DefinedTerm;BreadcrumbList,0,false,false,true,false,true,false,false,Full entity details →,INDEXABLE,true,none
https://waterbalancetools.com/glossary/biofilm,glossary/biofilm.html,glossary-term,glossary,glossary,generate-glossary.js,Biofilm: Definition | Glossary | WaterBalanceTools,Biofilm,Biofilm is a protective matrix of bacteria and organic material that establishes on pool and spa plumbing surfaces. Plain-language definition with target val...,https://waterbalancetools.com/glossary/biofilm,"index, follow",178,178,5,20,0,2,20,DefinedTerm;BreadcrumbList,0,false,false,true,false,true,false,false,none detected,INDEXABLE,true,none
https://waterbalancetools.com/glossary/black-algae,glossary/black-algae.html,glossary-term,glossary,glossary,generate-glossary.js,Black Algae: Definition | Glossary | WaterBalanceTools,Black Algae,"Black algae is a stubborn, deeply rooted algae species that forms black or dark blue-green spots on pool plaster surfaces. Plain-language definition with tar...",https://waterbalancetools.com/glossary/black-algae,"index, follow",174,174,5,22,0,3,22,DefinedTerm;BreadcrumbList,0,false,false,true,false,true,false,false,none detected,INDEXABLE,true,none
https://waterbalancetools.com/glossary/breakpoint-chlorination,glossary/breakpoint-chlorination.html,glossary-term,glossary,glossary,generate-glossary.js,Breakpoint Chlorination: Definition | Glossary | WaterBalanceTools,Breakpoint Chlorination,Breakpoint chlorination is the process of adding enough free chlorine to destroy all combined chlorine (chloramines) in pool water. Plain-language definition...,https://waterbalancetools.com/glossary/breakpoint-chlorination,"index, follow",212,212,6,28,0,3,28,DefinedTerm;BreadcrumbList,0,false,false,true,false,true,false,false,Full entity details →,INDEXABLE,true,none
https://waterbalancetools.com/glossary/breakpoint-dose,glossary/breakpoint-dose.html,glossary-term,glossary,glossary,generate-glossary.js,Breakpoint Dose: Definition | Glossary | WaterBalanceTools,Breakpoint Dose,The breakpoint dose is the specific amount of free chlorine that must be added to destroy all combined chlorine in pool water. Plain-language definition with...,https://waterbalancetools.com/glossary/breakpoint-dose,"index, follow",205,205,5,22,0,1,22,DefinedTerm;BreadcrumbList,0,false,false,true,false,true,false,false,none detected,INDEXABLE,true,none
https://waterbalancetools.com/glossary/bromine,glossary/bromine.html,glossary-term,glossary,glossary,generate-glossary.js,Bromine: Definition | Glossary | WaterBalanceTools,Bromine,Bromine is a halogen sanitiser used in pool and spa water that forms hypobromous acid (HOBr) as its active disinfectant form. Plain-language definition with ...,https://waterbalancetools.com/glossary/bromine,"index, follow",230,230,6,28,0,2,28,DefinedTerm;BreadcrumbList,0,false,false,true,false,true,false,false,Full entity details →,INDEXABLE,true,none
https://waterbalancetools.com/glossary/calcium-hardness,glossary/calcium-hardness.html,glossary-term,glossary,glossary,generate-glossary.js,Calcium Hardness: Definition | Glossary | WaterBalanceTools,Calcium Hardness,"Calcium hardness measures the concentration of dissolved calcium ions in pool water, expressed in ppm. Plain-language definition with target values and relat...",https://waterbalancetools.com/glossary/calcium-hardness,"index, follow",193,193,6,31,0,3,31,DefinedTerm;BreadcrumbList,0,false,false,true,false,true,false,false,Full entity details →,INDEXABLE,true,none
https://waterbalancetools.com/glossary/calcium-hypochlorite,glossary/calcium-hypochlorite.html,glossary-term,glossary,glossary,generate-glossary.js,Calcium Hypochlorite: Definition | Glossary | WaterBalanceTools,Calcium Hypochlorite,"Calcium hypochlorite is a granular chlorine compound used primarily as pool shock, with approximately 65–73% available chlorine. Plain-language definition wi...",https://waterbalancetools.com/glossary/calcium-hypochlorite,"index, follow",206,206,6,29,0,3,29,DefinedTerm;BreadcrumbList,0,false,false,true,false,true,false,false,Full entity details →,INDEXABLE,true,none
https://waterbalancetools.com/glossary/carbon-dioxide,glossary/carbon-dioxide.html,glossary-term,glossary,glossary,generate-glossary.js,Carbon Dioxide: Definition | Glossary | WaterBalanceTools,Carbon Dioxide,"Carbon dioxide (CO2) in pool water forms carbonic acid, which influences pH and contributes to the natural downward pH drift in some systems. Plain-language ...",https://waterbalancetools.com/glossary/carbon-dioxide,"index, follow",183,183,5,20,0,1,20,DefinedTerm;BreadcrumbList,0,false,false,true,false,true,false,false,none detected,INDEXABLE,true,none
https://waterbalancetools.com/glossary/cartridge-filter,glossary/cartridge-filter.html,glossary-term,glossary,glossary,generate-glossary.js,Cartridge Filter: Definition | Glossary | WaterBalanceTools,Cartridge Filter,A cartridge filter is a pool filter type that uses a pleated polyester element to capture particles as water passes from outside to inside the element. Plain...,https://waterbalancetools.com/glossary/cartridge-filter,"index, follow",204,204,6,26,0,2,26,DefinedTerm;BreadcrumbList,0,false,false,true,false,true,false,false,Full entity details →,INDEXABLE,true,none
https://waterbalancetools.com/glossary/chemical-compatibility,glossary/chemical-compatibility.html,glossary-term,glossary,glossary,generate-glossary.js,Chemical Compatibility: Definition | Glossary | WaterBalanceTools,Chemical Compatibility,Chemical compatibility refers to the safety of mixing or sequentially adding pool chemicals to water without dangerous reactions. Plain-language definition w...,https://waterbalancetools.com/glossary/chemical-compatibility,"index, follow",162,162,5,20,0,2,20,DefinedTerm;BreadcrumbList,0,false,false,true,false,true,false,false,none detected,INDEXABLE,true,none
https://waterbalancetools.com/glossary/chemical-log,glossary/chemical-log.html,glossary-term,glossary,glossary,generate-glossary.js,Chemical Log: Definition | Glossary | WaterBalanceTools,Chemical Log,"A chemical log is a written or digital record of every pool water test result and chemical addition, used for maintenance tracking and liability documentatio...",https://waterbalancetools.com/glossary/chemical-log,"index, follow",206,206,6,26,0,2,26,DefinedTerm;BreadcrumbList,0,false,false,true,false,true,false,false,Full entity details →,INDEXABLE,true,none
https://waterbalancetools.com/glossary/chemical-storage,glossary/chemical-storage.html,glossary-term,glossary,glossary,generate-glossary.js,Chemical Storage: Definition | Glossary | WaterBalanceTools,Chemical Storage,"Chemical storage refers to the safe storage of pool and spa chemicals to prevent degradation, accidents, and dangerous reactions. Plain-language definition w...",https://waterbalancetools.com/glossary/chemical-storage,"index, follow",177,177,5,20,0,1,20,DefinedTerm;BreadcrumbList,0,false,false,true,false,true,false,false,none detected,INDEXABLE,true,none
https://waterbalancetools.com/glossary/chloramine,glossary/chloramine.html,glossary-term,glossary,glossary,generate-glossary.js,Chloramine: Definition | Glossary | WaterBalanceTools,Chloramine,Chloramines are compounds formed when free chlorine reacts with nitrogen-containing compounds in pool water. Plain-language definition with target values and...,https://waterbalancetools.com/glossary/chloramine,"index, follow",203,203,6,31,0,6,31,DefinedTerm;BreadcrumbList,0,false,false,true,false,true,false,false,Full entity details →,INDEXABLE,true,none
https://waterbalancetools.com/glossary/chlorine-demand,glossary/chlorine-demand.html,glossary-term,glossary,glossary,generate-glossary.js,Chlorine Demand: Definition | Glossary | WaterBalanceTools,Chlorine Demand,Chlorine demand is the total amount of chlorine consumed by all reactions in pool water before a free chlorine residual can be established. Plain-language de...,https://waterbalancetools.com/glossary/chlorine-demand,"index, follow",201,201,5,22,0,1,22,DefinedTerm;BreadcrumbList,0,false,false,true,false,true,false,false,none detected,INDEXABLE,true,none
https://waterbalancetools.com/glossary/chlorine-stabilizer,glossary/chlorine-stabilizer.html,glossary-term,glossary,glossary,generate-glossary.js,Chlorine Stabilizer: Definition | Glossary | WaterBalanceTools,Chlorine Stabilizer,"Chlorine stabilizer is another name for cyanuric acid (CYA), used as a synonym especially in product marketing. Plain-language definition with target values ...",https://waterbalancetools.com/glossary/chlorine-stabilizer,"index, follow",209,209,6,29,0,2,29,DefinedTerm;BreadcrumbList,0,false,false,true,false,true,false,false,Full entity details →,INDEXABLE,true,none
https://waterbalancetools.com/glossary/clarifier,glossary/clarifier.html,glossary-term,glossary,glossary,generate-glossary.js,Clarifier: Definition | Glossary | WaterBalanceTools,Clarifier,A pool clarifier is a coagulant product that causes fine suspended particles to clump together into larger particles that the filter can capture. Plain-langu...,https://waterbalancetools.com/glossary/clarifier,"index, follow",179,179,5,20,0,2,20,DefinedTerm;BreadcrumbList,0,false,false,true,false,true,false,false,none detected,INDEXABLE,true,none
https://waterbalancetools.com/glossary/closing-chemical-kit,glossary/closing-chemical-kit.html,glossary-term,glossary,glossary,generate-glossary.js,Closing Chemical Kit: Definition | Glossary | WaterBalanceTools,Closing Chemical Kit,A pool closing chemical kit contains the chemicals needed to balance and protect pool water during winter dormancy. Plain-language definition with target val...,https://waterbalancetools.com/glossary/closing-chemical-kit,"index, follow",164,164,5,20,0,1,20,DefinedTerm;BreadcrumbList,0,false,false,true,false,true,false,false,none detected,INDEXABLE,true,none
https://waterbalancetools.com/glossary/colorimetric-test,glossary/colorimetric-test.html,glossary-term,glossary,glossary,generate-glossary.js,Colorimetric Test: Definition | Glossary | WaterBalanceTools,Colorimetric Test,A colorimetric test measures water chemistry by observing the colour change of a reagent added to a water sample. Plain-language definition with target value...,https://waterbalancetools.com/glossary/colorimetric-test,"index, follow",183,183,5,20,0,1,20,DefinedTerm;BreadcrumbList,0,false,false,true,false,true,false,false,none detected,INDEXABLE,true,none
https://waterbalancetools.com/glossary/combined-chlorine,glossary/combined-chlorine.html,glossary-term,glossary,glossary,generate-glossary.js,Combined Chlorine: Definition | Glossary | WaterBalanceTools,Combined Chlorine,Combined chlorine is the portion of total chlorine that has reacted with nitrogen compounds and is no longer an effective sanitiser. Plain-language definitio...,https://waterbalancetools.com/glossary/combined-chlorine,"index, follow",225,225,6,31,0,4,31,DefinedTerm;BreadcrumbList,0,false,false,true,false,true,false,false,Full entity details →,INDEXABLE,true,none
https://waterbalancetools.com/glossary/conductivity,glossary/conductivity.html,glossary-term,glossary,glossary,generate-glossary.js,Conductivity: Definition | Glossary | WaterBalanceTools,Conductivity,"Conductivity is a measure of water's ability to conduct electricity, which increases with the concentration of dissolved ions. Plain-language definition with...",https://waterbalancetools.com/glossary/conductivity,"index, follow",172,172,5,21,0,1,21,DefinedTerm;BreadcrumbList,0,false,false,true,false,true,false,false,none detected,INDEXABLE,true,none
https://waterbalancetools.com/glossary/copper,glossary/copper.html,glossary-term,glossary,glossary,generate-glossary.js,Copper (Pool Water): Definition | Glossary | WaterBalanceTools,Copper (Pool Water),Copper is a dissolved metal found in some pool water that causes blue-green staining when oxidised. Plain-language definition with target values and related ...,https://waterbalancetools.com/glossary/copper,"index, follow",190,190,6,25,0,2,25,DefinedTerm;BreadcrumbList,0,false,false,true,false,true,false,false,Full entity details →,INDEXABLE,true,none
https://waterbalancetools.com/glossary/cyanuric-acid,glossary/cyanuric-acid.html,glossary-term,glossary,glossary,generate-glossary.js,Cyanuric Acid: Definition | Glossary | WaterBalanceTools,Cyanuric Acid,"Cyanuric acid is a stabilizing compound that forms a reversible bond with free chlorine in pool water, protecting it from UV degradation. Plain-language defi...",https://waterbalancetools.com/glossary/cyanuric-acid,"index, follow",223,223,6,29,0,5,29,DefinedTerm;BreadcrumbList,0,false,false,true,false,true,false,false,Full entity details →,INDEXABLE,true,none
https://waterbalancetools.com/glossary/de-filter,glossary/de-filter.html,glossary-term,glossary,glossary,generate-glossary.js,DE Filter: Definition | Glossary | WaterBalanceTools,DE Filter,A DE (diatomaceous earth) filter uses diatomaceous earth powder coated on internal grids to filter pool water to 3–5 micron fineness. Plain-language definiti...,https://waterbalancetools.com/glossary/de-filter,"index, follow",211,211,6,27,0,2,27,DefinedTerm;BreadcrumbList,0,false,false,true,false,true,false,false,Full entity details →,INDEXABLE,true,none
https://waterbalancetools.com/glossary/dead-algae,glossary/dead-algae.html,glossary-term,glossary,glossary,generate-glossary.js,Dead Algae: Definition | Glossary | WaterBalanceTools,Dead Algae,"Dead algae is killed algae cells that remain suspended or settled in pool water after shock treatment, causing grey or white cloudiness. Plain-language defin...",https://waterbalancetools.com/glossary/dead-algae,"index, follow",183,183,5,20,0,1,20,DefinedTerm;BreadcrumbList,0,false,false,true,false,true,false,false,none detected,INDEXABLE,true,none
https://waterbalancetools.com/glossary/dichlor,glossary/dichlor.html,glossary-term,glossary,glossary,generate-glossary.js,Dichlor: Definition | Glossary | WaterBalanceTools,Dichlor,Dichlor (sodium dichloroisocyanurate) is a fast-dissolving stabilised chlorine product that adds both free chlorine and cyanuric acid to pool water. Plain-la...,https://waterbalancetools.com/glossary/dichlor,"index, follow",216,216,6,28,0,3,28,DefinedTerm;BreadcrumbList,0,false,false,true,false,true,false,false,Full entity details →,INDEXABLE,true,none
https://waterbalancetools.com/glossary/dilution,glossary/dilution.html,glossary-term,glossary,glossary,generate-glossary.js,Dilution: Definition | Glossary | WaterBalanceTools,Dilution,"Dilution refers to the reduction in chemical concentration in pool water caused by adding water (rain, refill, splash-out). Plain-language definition with ta...",https://waterbalancetools.com/glossary/dilution,"index, follow",185,185,5,21,0,1,21,DefinedTerm;BreadcrumbList,0,false,false,true,false,true,false,false,none detected,INDEXABLE,true,none
https://waterbalancetools.com/glossary/dpd-test,glossary/dpd-test.html,glossary-term,glossary,glossary,generate-glossary.js,DPD Test: Definition | Glossary | WaterBalanceTools,DPD Test,"DPD (N,N-diethyl-p-phenylenediamine) is the standard reagent used in liquid test kits to measure free chlorine and total chlorine. Plain-language definition ...",https://waterbalancetools.com/glossary/dpd-test,"index, follow",174,174,5,20,0,1,20,DefinedTerm;BreadcrumbList,0,false,false,true,false,true,false,false,none detected,INDEXABLE,true,none
https://waterbalancetools.com/glossary/evaporation,glossary/evaporation.html,glossary-term,glossary,glossary,generate-glossary.js,Evaporation: Definition | Glossary | WaterBalanceTools,Evaporation,"Evaporation is the loss of water from a pool's surface as water molecules escape into the air, which concentrates dissolved chemicals and raises TDS. Plain-l...",https://waterbalancetools.com/glossary/evaporation,"index, follow",181,181,5,20,0,2,20,DefinedTerm;BreadcrumbList,0,false,false,true,false,true,false,false,none detected,INDEXABLE,true,none
https://waterbalancetools.com/glossary/filter-pressure,glossary/filter-pressure.html,glossary-term,glossary,glossary,generate-glossary.js,Filter Pressure: Definition | Glossary | WaterBalanceTools,Filter Pressure,"Filter pressure is the water pressure reading on the filter pressure gauge, measured in psi (pounds per square inch). Plain-language definition with target v...",https://waterbalancetools.com/glossary/filter-pressure,"index, follow",179,179,5,20,0,5,20,DefinedTerm;BreadcrumbList,0,false,false,true,false,true,false,false,none detected,INDEXABLE,true,none
https://waterbalancetools.com/glossary/flocculant,glossary/flocculant.html,glossary-term,glossary,glossary,generate-glossary.js,Flocculant: Definition | Glossary | WaterBalanceTools,Flocculant,A pool flocculant is a coagulating agent that causes all suspended particles to clump and sink to the pool floor for vacuuming to waste. Plain-language defin...,https://waterbalancetools.com/glossary/flocculant,"index, follow",193,193,5,20,0,2,20,DefinedTerm;BreadcrumbList,0,false,false,true,false,true,false,false,none detected,INDEXABLE,true,none
https://waterbalancetools.com/glossary/free-chlorine,glossary/free-chlorine.html,glossary-term,glossary,glossary,generate-glossary.js,Free Chlorine: Definition | Glossary | WaterBalanceTools,Free Chlorine,"Free chlorine is the concentration of active, unsaturated chlorine available in pool water to sanitise and disinfect. Plain-language definition with target v...",https://waterbalancetools.com/glossary/free-chlorine,"index, follow",215,215,6,34,0,6,34,DefinedTerm;BreadcrumbList,0,false,false,true,false,true,false,false,Full entity details →,INDEXABLE,true,none
https://waterbalancetools.com/glossary/gpm,glossary/gpm.html,glossary-term,glossary,glossary,generate-glossary.js,GPM (Gallons Per Minute): Definition | Glossary | WaterBalanceTools,GPM (Gallons Per Minute),GPM is the unit measuring the flow rate of water through a pool pump or other equipment. Plain-language definition with target values and related pool chemis...,https://waterbalancetools.com/glossary/gpm,"index, follow",209,209,6,29,0,3,29,DefinedTerm;BreadcrumbList,0,false,false,true,false,true,false,false,Full entity details →,INDEXABLE,true,none
https://waterbalancetools.com/glossary/green-algae,glossary/green-algae.html,glossary-term,glossary,glossary,generate-glossary.js,Green Algae: Definition | Glossary | WaterBalanceTools,Green Algae,"Green algae is the most common pool algae species, causing water to turn green or teal and surfaces to become slippery. Plain-language definition with target...",https://waterbalancetools.com/glossary/green-algae,"index, follow",182,182,5,22,0,3,22,DefinedTerm;BreadcrumbList,0,false,false,true,false,true,false,false,none detected,INDEXABLE,true,none
https://waterbalancetools.com/glossary/hypochlorous-acid,glossary/hypochlorous-acid.html,glossary-term,glossary,glossary,generate-glossary.js,Hypochlorous Acid: Definition | Glossary | WaterBalanceTools,Hypochlorous Acid,"Hypochlorous acid (HOCl) is the active, bactericidal form of chlorine in pool water, responsible for killing pathogens. Plain-language definition with target...",https://waterbalancetools.com/glossary/hypochlorous-acid,"index, follow",191,191,5,22,0,1,22,DefinedTerm;BreadcrumbList,0,false,false,true,false,true,false,false,none detected,INDEXABLE,true,none
https://waterbalancetools.com/glossary/,glossary/index.html,glossary-term,glossary,glossary,generate-glossary.js,Pool Chemistry Glossary | WaterBalanceTools,Pool & Hot Tub Water Chemistry Glossary,"Definitions for pool and hot tub water chemistry terms — free chlorine, pH, total alkalinity, CYA, calcium hardness, LSI, and more.",https://waterbalancetools.com/glossary,"index, follow",2298,2298,21,122,0,132,122,BreadcrumbList,0,false,false,true,false,false,false,false,none detected,INDEXABLE,true,none
https://waterbalancetools.com/glossary/iron,glossary/iron.html,glossary-term,glossary,glossary,generate-glossary.js,Iron (Pool Water): Definition | Glossary | WaterBalanceTools,Iron (Pool Water),Iron in pool water is a dissolved metal that can cause reddish-brown staining when oxidised by chlorine or shock treatment. Plain-language definition with ta...,https://waterbalancetools.com/glossary/iron,"index, follow",192,192,6,24,0,2,24,DefinedTerm;BreadcrumbList,0,false,false,true,false,true,false,false,Full entity details →,INDEXABLE,true,none
https://waterbalancetools.com/glossary/langelier-saturation-index,glossary/langelier-saturation-index.html,glossary-term,glossary,glossary,generate-glossary.js,Langelier Saturation Index: Definition | Glossary | WaterBalanceTools,Langelier Saturation Index,"The Langelier Saturation Index is a calculated number that predicts whether pool water is in equilibrium with calcium carbonate, tending to corrode, or tendi...",https://waterbalancetools.com/glossary/langelier-saturation-index,"index, follow",226,226,6,31,0,3,31,DefinedTerm;BreadcrumbList,0,false,false,true,false,true,false,false,Full entity details →,INDEXABLE,true,none
https://waterbalancetools.com/glossary/main-drain,glossary/main-drain.html,glossary-term,glossary,glossary,generate-glossary.js,Main Drain: Definition | Glossary | WaterBalanceTools,Main Drain,The main drain is the fitting at the lowest point of a pool that allows the pool to be completely drained and provides a second suction point for the pump. P...,https://waterbalancetools.com/glossary/main-drain,"index, follow",198,198,5,20,0,1,20,DefinedTerm;BreadcrumbList,0,false,false,true,false,true,false,false,none detected,INDEXABLE,true,none
https://waterbalancetools.com/glossary/metal-sequestrant,glossary/metal-sequestrant.html,glossary-term,glossary,glossary,generate-glossary.js,Metal Sequestrant: Definition | Glossary | WaterBalanceTools,Metal Sequestrant,"A metal sequestrant is a pool chemical that binds dissolved metals (iron, copper, manganese) to prevent them from staining pool surfaces. Plain-language defi...",https://waterbalancetools.com/glossary/metal-sequestrant,"index, follow",192,192,5,20,0,2,20,DefinedTerm;BreadcrumbList,0,false,false,true,false,true,false,false,none detected,INDEXABLE,true,none
https://waterbalancetools.com/glossary/multiport-valve,glossary/multiport-valve.html,glossary-term,glossary,glossary,generate-glossary.js,Multiport Valve: Definition | Glossary | WaterBalanceTools,Multiport Valve,"A multiport valve is the control valve on a sand or DE filter that selects between filter, backwash, rinse, waste, and other operational modes. Plain-languag...",https://waterbalancetools.com/glossary/multiport-valve,"index, follow",183,183,5,20,0,2,20,DefinedTerm;BreadcrumbList,0,false,false,true,false,true,false,false,none detected,INDEXABLE,true,none
https://waterbalancetools.com/glossary/muriatic-acid,glossary/muriatic-acid.html,glossary-term,glossary,glossary,generate-glossary.js,Muriatic Acid: Definition | Glossary | WaterBalanceTools,Muriatic Acid,Muriatic acid (dilute hydrochloric acid) is the most commonly used chemical for lowering pool pH and total alkalinity. Plain-language definition with target ...,https://waterbalancetools.com/glossary/muriatic-acid,"index, follow",200,200,6,30,0,2,30,DefinedTerm;BreadcrumbList,0,false,false,true,false,true,false,false,Full entity details →,INDEXABLE,true,none
https://waterbalancetools.com/glossary/mustard-algae,glossary/mustard-algae.html,glossary-term,glossary,glossary,generate-glossary.js,Mustard Algae: Definition | Glossary | WaterBalanceTools,Mustard Algae,"Mustard algae is a yellow-brown pool algae species that brushes off easily but quickly returns, caused by a chlorine-resistant strain. Plain-language definit...",https://waterbalancetools.com/glossary/mustard-algae,"index, follow",188,188,5,21,0,2,21,DefinedTerm;BreadcrumbList,0,false,false,true,false,true,false,false,none detected,INDEXABLE,true,none
https://waterbalancetools.com/glossary/opening-chemical-kit,glossary/opening-chemical-kit.html,glossary-term,glossary,glossary,generate-glossary.js,Opening Chemical Kit: Definition | Glossary | WaterBalanceTools,Opening Chemical Kit,"A pool opening chemical kit is a package of chemicals assembled for spring pool opening, typically including shock, algaecide, and stain prevention. Plain-la...",https://waterbalancetools.com/glossary/opening-chemical-kit,"index, follow",195,195,5,21,0,1,21,DefinedTerm;BreadcrumbList,0,false,false,true,false,true,false,false,none detected,INDEXABLE,true,none
https://waterbalancetools.com/glossary/orp,glossary/orp.html,glossary-term,glossary,glossary,generate-glossary.js,ORP (Oxidation-Reduction Potential): Definition | Glossary | WaterBalanceTools,ORP (Oxidation-Reduction Potential),ORP is the electrical potential of water measured in millivolts that indicates the overall oxidising capacity of the water. Plain-language definition with ta...,https://waterbalancetools.com/glossary/orp,"index, follow",196,196,6,25,0,2,25,DefinedTerm;BreadcrumbList,0,false,false,true,false,true,false,false,Full entity details →,INDEXABLE,true,none
https://waterbalancetools.com/glossary/oto-test,glossary/oto-test.html,glossary-term,glossary,glossary,generate-glossary.js,OTO Test: Definition | Glossary | WaterBalanceTools,OTO Test,OTO (orthotolidine) is an older test reagent that measures total chlorine by producing a yellow colour in chlorinated water. Plain-language definition with t...,https://waterbalancetools.com/glossary/oto-test,"index, follow",175,175,5,20,0,2,20,DefinedTerm;BreadcrumbList,0,false,false,true,false,true,false,false,none detected,INDEXABLE,true,none
https://waterbalancetools.com/glossary/oxidizer,glossary/oxidizer.html,glossary-term,glossary,glossary,generate-glossary.js,Oxidizer: Definition | Glossary | WaterBalanceTools,Oxidizer,"An oxidizer is a chemical that destroys organic contaminants in pool water through oxidation, without necessarily adding sanitiser residual. Plain-language d...",https://waterbalancetools.com/glossary/oxidizer,"index, follow",159,159,5,21,0,2,21,DefinedTerm;BreadcrumbList,0,false,false,true,false,true,false,false,none detected,INDEXABLE,true,none
https://waterbalancetools.com/glossary/ozone,glossary/ozone.html,glossary-term,glossary,glossary,generate-glossary.js,Ozone: Definition | Glossary | WaterBalanceTools,Ozone,"Ozone (O3) is a powerful oxidiser used in pool systems to reduce organic contamination, chlorine demand, and chloramine formation. Plain-language definition ...",https://waterbalancetools.com/glossary/ozone,"index, follow",202,202,5,24,0,1,24,DefinedTerm;BreadcrumbList,0,false,false,true,false,true,false,false,Full entity details →,INDEXABLE,true,none
https://waterbalancetools.com/glossary/partial-drain,glossary/partial-drain.html,glossary-term,glossary,glossary,generate-glossary.js,Partial Drain: Definition | Glossary | WaterBalanceTools,Partial Drain,A partial drain is the process of removing a portion of pool water and replacing it with fresh water to dilute accumulated dissolved compounds. Plain-languag...,https://waterbalancetools.com/glossary/partial-drain,"index, follow",208,208,5,21,0,2,21,DefinedTerm;BreadcrumbList,0,false,false,true,false,true,false,false,none detected,INDEXABLE,true,none
https://waterbalancetools.com/glossary/parts-per-million,glossary/parts-per-million.html,glossary-term,glossary,glossary,generate-glossary.js,Parts Per Million: Definition | Glossary | WaterBalanceTools,Parts Per Million,"Parts per million (ppm) is the unit used to express the concentration of dissolved substances in pool water, equivalent to milligrams per liter (mg/L). Plain...",https://waterbalancetools.com/glossary/parts-per-million,"index, follow",219,219,6,28,0,2,28,DefinedTerm;BreadcrumbList,0,false,false,true,false,true,false,false,Full entity details →,INDEXABLE,true,none
https://waterbalancetools.com/glossary/ph-bounce,glossary/ph-bounce.html,glossary-term,glossary,glossary,generate-glossary.js,pH Bounce: Definition | Glossary | WaterBalanceTools,pH Bounce,"pH bounce is the condition where pool water pH swings rapidly and unpredictably, typically caused by insufficient total alkalinity. Plain-language definition...",https://waterbalancetools.com/glossary/ph-bounce,"index, follow",174,174,5,22,0,2,22,DefinedTerm;BreadcrumbList,0,false,false,true,false,true,false,false,none detected,INDEXABLE,true,none
https://waterbalancetools.com/glossary/ph-increaser,glossary/ph-increaser.html,glossary-term,glossary,glossary,generate-glossary.js,pH Increaser: Definition | Glossary | WaterBalanceTools,pH Increaser,"pH increaser is a pool product that raises water pH, typically sodium carbonate (soda ash) or sodium bicarbonate. Plain-language definition with target value...",https://waterbalancetools.com/glossary/ph-increaser,"index, follow",210,210,6,28,0,1,28,DefinedTerm;BreadcrumbList,0,false,false,true,false,true,false,false,Full entity details →,INDEXABLE,true,none
https://waterbalancetools.com/glossary/ph,glossary/ph.html,glossary-term,glossary,glossary,generate-glossary.js,pH: Definition | Glossary | WaterBalanceTools,pH,"pH measures the concentration of hydrogen ions in water on a logarithmic scale from 0 (most acidic) to 14 (most alkaline), with 7. Plain-language definition ...",https://waterbalancetools.com/glossary/ph,"index, follow",232,232,6,34,0,6,34,DefinedTerm;BreadcrumbList,0,false,false,true,false,true,false,false,Full entity details →,INDEXABLE,true,none
https://waterbalancetools.com/glossary/phosphates,glossary/phosphates.html,glossary-term,glossary,glossary,generate-glossary.js,Phosphates: Definition | Glossary | WaterBalanceTools,Phosphates,Phosphates are nutrients present in pool water that can promote algae growth when free chlorine is inadequate. Plain-language definition with target values a...,https://waterbalancetools.com/glossary/phosphates,"index, follow",206,206,6,25,0,3,25,DefinedTerm;BreadcrumbList,0,false,false,true,false,true,false,false,Full entity details →,INDEXABLE,true,none
https://waterbalancetools.com/glossary/pink-slime,glossary/pink-slime.html,glossary-term,glossary,glossary,generate-glossary.js,Pink Slime: Definition | Glossary | WaterBalanceTools,Pink Slime,"Pink slime is a pink or orange bacterial growth caused by Serratia marcescens or Methylobacterium species, commonly seen in hot tubs and pool fittings. Plain...",https://waterbalancetools.com/glossary/pink-slime,"index, follow",193,193,5,20,0,1,20,DefinedTerm;BreadcrumbList,0,false,false,true,false,true,false,false,none detected,INDEXABLE,true,none
https://waterbalancetools.com/glossary/pool-chemistry-reference,glossary/pool-chemistry-reference.html,glossary-term,glossary,glossary,generate-glossary.js,Pool Chemistry Reference: Definition | Glossary | WaterBalanceTools,Pool Chemistry Reference,"A pool chemistry reference is a compiled table of target ranges, typical values, and adjustment guides for all major pool water parameters. Plain-language de...",https://waterbalancetools.com/glossary/pool-chemistry-reference,"index, follow",163,163,5,21,0,2,21,DefinedTerm;BreadcrumbList,0,false,false,true,false,true,false,false,none detected,INDEXABLE,true,none
https://waterbalancetools.com/glossary/pool-maintenance-schedule,glossary/pool-maintenance-schedule.html,glossary-term,glossary,glossary,generate-glossary.js,Pool Maintenance Schedule: Definition | Glossary | WaterBalanceTools,Pool Maintenance Schedule,"A pool maintenance schedule is a written plan covering daily, weekly, monthly, and seasonal maintenance tasks for pool chemistry and equipment. Plain-languag...",https://waterbalancetools.com/glossary/pool-maintenance-schedule,"index, follow",167,167,5,20,0,1,20,DefinedTerm;BreadcrumbList,0,false,false,true,false,true,false,false,none detected,INDEXABLE,true,none
https://waterbalancetools.com/glossary/pool-pump,glossary/pool-pump.html,glossary-term,glossary,glossary,generate-glossary.js,Pool Pump: Definition | Glossary | WaterBalanceTools,Pool Pump,"A pool pump is the mechanical device that circulates water through the filter, heater, and chlorinator, maintaining water movement and filtration. Plain-lang...",https://waterbalancetools.com/glossary/pool-pump,"index, follow",217,217,6,31,0,2,31,DefinedTerm;BreadcrumbList,0,false,false,true,false,true,false,false,Full entity details →,INDEXABLE,true,none
https://waterbalancetools.com/glossary/pool-safety-equipment,glossary/pool-safety-equipment.html,glossary-term,glossary,glossary,generate-glossary.js,Pool Safety Equipment: Definition | Glossary | WaterBalanceTools,Pool Safety Equipment,"Pool safety equipment includes the physical devices required to assist in pool emergency response: life ring, reaching pole, first aid kit, and emergency sig...",https://waterbalancetools.com/glossary/pool-safety-equipment,"index, follow",189,189,5,20,0,1,20,DefinedTerm;BreadcrumbList,0,false,false,true,false,true,false,false,none detected,INDEXABLE,true,none
https://waterbalancetools.com/glossary/pool-shock-schedule,glossary/pool-shock-schedule.html,glossary-term,glossary,glossary,generate-glossary.js,Pool Shock Schedule: Definition | Glossary | WaterBalanceTools,Pool Shock Schedule,A pool shock schedule is the planned frequency and timing of pool shock treatments throughout the swimming season. Plain-language definition with target valu...,https://waterbalancetools.com/glossary/pool-shock-schedule,"index, follow",179,179,5,22,0,1,22,DefinedTerm;BreadcrumbList,0,false,false,true,false,true,false,false,none detected,INDEXABLE,true,none
https://waterbalancetools.com/glossary/pool-turnover-rate,glossary/pool-turnover-rate.html,glossary-term,glossary,glossary,generate-glossary.js,Pool Turnover Rate: Definition | Glossary | WaterBalanceTools,Pool Turnover Rate,Pool turnover rate is the time required for the pool pump to circulate the entire pool volume through the filtration system once. Plain-language definition w...,https://waterbalancetools.com/glossary/pool-turnover-rate,"index, follow",185,185,5,22,0,2,22,DefinedTerm;BreadcrumbList,0,false,false,true,false,true,false,false,none detected,INDEXABLE,true,none
https://waterbalancetools.com/glossary/pool-volume-reference,glossary/pool-volume-reference.html,glossary-term,glossary,glossary,generate-glossary.js,Pool Volume Reference: Definition | Glossary | WaterBalanceTools,Pool Volume Reference,"A pool volume reference is a pre-calculated table of approximate volumes for common pool dimensions, used for quick dose estimation. Plain-language definitio...",https://waterbalancetools.com/glossary/pool-volume-reference,"index, follow",164,164,5,22,0,1,22,DefinedTerm;BreadcrumbList,0,false,false,true,false,true,false,false,none detected,INDEXABLE,true,none
https://waterbalancetools.com/glossary/pool-volume,glossary/pool-volume.html,glossary-term,glossary,glossary,generate-glossary.js,Pool Volume: Definition | Glossary | WaterBalanceTools,Pool Volume,"Pool volume is the total capacity of a pool in gallons, used as the basis for all chemical dose calculations. Plain-language definition with target values an...",https://waterbalancetools.com/glossary/pool-volume,"index, follow",207,207,6,28,0,2,28,DefinedTerm;BreadcrumbList,0,false,false,true,false,true,false,false,Full entity details →,INDEXABLE,true,none
https://waterbalancetools.com/glossary/pressure-gauge,glossary/pressure-gauge.html,glossary-term,glossary,glossary,generate-glossary.js,Pressure Gauge: Definition | Glossary | WaterBalanceTools,Pressure Gauge,"A pressure gauge on the pool filter measures water pressure inside the filter housing in psi, indicating filter cleanliness and flow resistance. Plain-langua...",https://waterbalancetools.com/glossary/pressure-gauge,"index, follow",174,174,5,20,0,2,20,DefinedTerm;BreadcrumbList,0,false,false,true,false,true,false,false,none detected,INDEXABLE,true,none
https://waterbalancetools.com/glossary/pump-turnover,glossary/pump-turnover.html,glossary-term,glossary,glossary,generate-glossary.js,Pump Turnover: Definition | Glossary | WaterBalanceTools,Pump Turnover,Pump turnover is the number of times the entire pool volume passes through the filter in a 24-hour period. Plain-language definition with target values and r...,https://waterbalancetools.com/glossary/pump-turnover,"index, follow",227,227,6,29,0,5,29,DefinedTerm;BreadcrumbList,0,false,false,true,false,true,false,false,Full entity details →,INDEXABLE,true,none
https://waterbalancetools.com/glossary/reagent,glossary/reagent.html,glossary-term,glossary,glossary,generate-glossary.js,Reagent: Definition | Glossary | WaterBalanceTools,Reagent,A reagent is a chemical used in a water test kit that reacts with the parameter being measured to produce a measurable colour change. Plain-language definiti...,https://waterbalancetools.com/glossary/reagent,"index, follow",172,172,5,20,0,2,20,DefinedTerm;BreadcrumbList,0,false,false,true,false,true,false,false,none detected,INDEXABLE,true,none
https://waterbalancetools.com/glossary/return-jet,glossary/return-jet.html,glossary-term,glossary,glossary,generate-glossary.js,Return Jet: Definition | Glossary | WaterBalanceTools,Return Jet,Return jets are the fittings in a pool wall through which filtered and treated water is returned to the pool. Plain-language definition with target values an...,https://waterbalancetools.com/glossary/return-jet,"index, follow",176,176,5,20,0,1,20,DefinedTerm;BreadcrumbList,0,false,false,true,false,true,false,false,none detected,INDEXABLE,true,none
https://waterbalancetools.com/glossary/salt-chlorination,glossary/salt-chlorination.html,glossary-term,glossary,glossary,generate-glossary.js,Salt Chlorination: Definition | Glossary | WaterBalanceTools,Salt Chlorination,Salt chlorination (salt water generation) is a system that produces free chlorine continuously by electrolyzing dissolved sodium chloride in pool water. Plai...,https://waterbalancetools.com/glossary/salt-chlorination,"index, follow",178,178,5,22,0,5,22,DefinedTerm;BreadcrumbList,0,false,false,true,false,true,false,false,none detected,INDEXABLE,true,none
https://waterbalancetools.com/glossary/sand-filter,glossary/sand-filter.html,glossary-term,glossary,glossary,generate-glossary.js,Sand Filter: Definition | Glossary | WaterBalanceTools,Sand Filter,A sand filter is a pool filter type that passes water through a bed of specially graded silica sand to capture particles. Plain-language definition with targ...,https://waterbalancetools.com/glossary/sand-filter,"index, follow",210,210,6,27,0,2,27,DefinedTerm;BreadcrumbList,0,false,false,true,false,true,false,false,Full entity details →,INDEXABLE,true,none
https://waterbalancetools.com/glossary/sanitizer,glossary/sanitizer.html,glossary-term,glossary,glossary,generate-glossary.js,Sanitizer: Definition | Glossary | WaterBalanceTools,Sanitizer,A sanitizer is a chemical agent that reduces microbial contamination in pool water to safe levels for human contact. Plain-language definition with target va...,https://waterbalancetools.com/glossary/sanitizer,"index, follow",162,162,5,23,0,2,23,DefinedTerm;BreadcrumbList,0,false,false,true,false,true,false,false,none detected,INDEXABLE,true,none
https://waterbalancetools.com/glossary/saturated-ph,glossary/saturated-ph.html,glossary-term,glossary,glossary,generate-glossary.js,Saturated pH: Definition | Glossary | WaterBalanceTools,Saturated pH,"Saturated pH (pHs) is the theoretical pH at which pool water would be exactly in equilibrium with calcium carbonate, used in LSI calculation. Plain-language ...",https://waterbalancetools.com/glossary/saturated-ph,"index, follow",188,188,5,22,0,1,22,DefinedTerm;BreadcrumbList,0,false,false,true,false,true,false,false,none detected,INDEXABLE,true,none
https://waterbalancetools.com/glossary/saturation-index,glossary/saturation-index.html,glossary-term,glossary,glossary,generate-glossary.js,Saturation Index: Definition | Glossary | WaterBalanceTools,Saturation Index,A saturation index is a calculated value predicting whether pool water will dissolve minerals (negative index) or deposit them as scale (positive index). Pla...,https://waterbalancetools.com/glossary/saturation-index,"index, follow",196,196,6,31,0,2,31,DefinedTerm;BreadcrumbList,0,false,false,true,false,true,false,false,Full entity details →,INDEXABLE,true,none
https://waterbalancetools.com/glossary/scale-inhibitor,glossary/scale-inhibitor.html,glossary-term,glossary,glossary,generate-glossary.js,Scale Inhibitor: Definition | Glossary | WaterBalanceTools,Scale Inhibitor,"A scale inhibitor is a pool product that prevents calcium carbonate from precipitating onto pool surfaces, tile, and equipment. Plain-language definition wit...",https://waterbalancetools.com/glossary/scale-inhibitor,"index, follow",161,161,5,20,0,1,20,DefinedTerm;BreadcrumbList,0,false,false,true,false,true,false,false,none detected,INDEXABLE,true,none
https://waterbalancetools.com/glossary/scaling-water,glossary/scaling-water.html,glossary-term,glossary,glossary,generate-glossary.js,Scaling Water: Definition | Glossary | WaterBalanceTools,Scaling Water,Scaling water has an LSI above +0. Plain-language definition with target values and related pool chemistry resources.,https://waterbalancetools.com/glossary/scaling-water,"index, follow",164,164,5,22,0,2,22,DefinedTerm;BreadcrumbList,0,false,false,true,false,true,false,false,none detected,INDEXABLE,true,none
https://waterbalancetools.com/glossary/shock-dosage,glossary/shock-dosage.html,glossary-term,glossary,glossary,generate-glossary.js,Shock Dosage: Definition | Glossary | WaterBalanceTools,Shock Dosage,Shock dosage refers to the amount of shock product required to raise free chlorine to the target level for the pool volume and treatment goal. Plain-language...,https://waterbalancetools.com/glossary/shock-dosage,"index, follow",200,200,5,22,0,1,22,DefinedTerm;BreadcrumbList,0,false,false,true,false,true,false,false,none detected,INDEXABLE,true,none
https://waterbalancetools.com/glossary/shock,glossary/shock.html,glossary-term,glossary,glossary,generate-glossary.js,Shock: Definition | Glossary | WaterBalanceTools,Shock,"Shock is the practice of adding a large dose of chlorine or oxidizer to pool water to reach breakpoint chlorination, kill algae, or reset water clarity. Plai...",https://waterbalancetools.com/glossary/shock,"index, follow",233,233,6,32,0,2,32,DefinedTerm;BreadcrumbList,0,false,false,true,false,true,false,false,Full entity details →,INDEXABLE,true,none
https://waterbalancetools.com/glossary/skimmer,glossary/skimmer.html,glossary-term,glossary,glossary,generate-glossary.js,Skimmer: Definition | Glossary | WaterBalanceTools,Skimmer,A skimmer is a pool fitting built into the pool wall at the water surface that draws in surface water and floating debris for filtration. Plain-language defi...,https://waterbalancetools.com/glossary/skimmer,"index, follow",210,210,6,24,0,2,24,DefinedTerm;BreadcrumbList,0,false,false,true,false,true,false,false,Full entity details →,INDEXABLE,true,none
https://waterbalancetools.com/glossary/sodium-bicarbonate,glossary/sodium-bicarbonate.html,glossary-term,glossary,glossary,generate-glossary.js,Sodium Bicarbonate: Definition | Glossary | WaterBalanceTools,Sodium Bicarbonate,Sodium bicarbonate (baking soda) is the standard chemical for raising total alkalinity in pool water. Plain-language definition with target values and relate...,https://waterbalancetools.com/glossary/sodium-bicarbonate,"index, follow",205,205,6,28,0,2,28,DefinedTerm;BreadcrumbList,0,false,false,true,false,true,false,false,Full entity details →,INDEXABLE,true,none
https://waterbalancetools.com/glossary/sodium-bisulfate,glossary/sodium-bisulfate.html,glossary-term,glossary,glossary,generate-glossary.js,Sodium Bisulfate: Definition | Glossary | WaterBalanceTools,Sodium Bisulfate,Sodium bisulfate (dry acid) is a granular acid used to lower pool pH and total alkalinity as a safer alternative to liquid muriatic acid. Plain-language defi...,https://waterbalancetools.com/glossary/sodium-bisulfate,"index, follow",202,202,5,22,0,4,22,DefinedTerm;BreadcrumbList,0,false,false,true,false,true,false,false,none detected,INDEXABLE,true,none
https://waterbalancetools.com/glossary/sodium-carbonate,glossary/sodium-carbonate.html,glossary-term,glossary,glossary,generate-glossary.js,Sodium Carbonate: Definition | Glossary | WaterBalanceTools,Sodium Carbonate,Sodium carbonate (soda ash) is used to raise pool water pH with minimal effect on total alkalinity. Plain-language definition with target values and related ...,https://waterbalancetools.com/glossary/sodium-carbonate,"index, follow",198,198,6,28,0,2,28,DefinedTerm;BreadcrumbList,0,false,false,true,false,true,false,false,Full entity details →,INDEXABLE,true,none
https://waterbalancetools.com/glossary/sodium-hypochlorite,glossary/sodium-hypochlorite.html,glossary-term,glossary,glossary,generate-glossary.js,Sodium Hypochlorite: Definition | Glossary | WaterBalanceTools,Sodium Hypochlorite,Sodium hypochlorite is liquid chlorine — a solution of sodium and hypochlorite ions used to sanitise and shock pool water. Plain-language definition with tar...,https://waterbalancetools.com/glossary/sodium-hypochlorite,"index, follow",208,208,6,29,0,2,29,DefinedTerm;BreadcrumbList,0,false,false,true,false,true,false,false,Full entity details →,INDEXABLE,true,none
https://waterbalancetools.com/glossary/superchlorination,glossary/superchlorination.html,glossary-term,glossary,glossary,generate-glossary.js,Superchlorination: Definition | Glossary | WaterBalanceTools,Superchlorination,"Superchlorination is the practice of raising free chlorine to 10 ppm or higher to destroy chloramines, kill algae, or clear severely compromised water. Plain...",https://waterbalancetools.com/glossary/superchlorination,"index, follow",223,223,6,32,0,4,32,DefinedTerm;BreadcrumbList,0,false,false,true,false,true,false,false,Full entity details →,INDEXABLE,true,none
https://waterbalancetools.com/glossary/test-strip,glossary/test-strip.html,glossary-term,glossary,glossary,generate-glossary.js,Test Strip: Definition | Glossary | WaterBalanceTools,Test Strip,"A test strip is a plastic strip with reagent-impregnated pads that produce colour changes when dipped in pool water, indicating chemical concentrations. Plai...",https://waterbalancetools.com/glossary/test-strip,"index, follow",186,186,5,20,0,2,20,DefinedTerm;BreadcrumbList,0,false,false,true,false,true,false,false,none detected,INDEXABLE,true,none
https://waterbalancetools.com/glossary/total-alkalinity,glossary/total-alkalinity.html,glossary-term,glossary,glossary,generate-glossary.js,Total Alkalinity: Definition | Glossary | WaterBalanceTools,Total Alkalinity,"Total alkalinity measures the water's ability to resist changes in pH, expressed as the total concentration of alkaline compounds (bicarbonate, carbonate, hy...",https://waterbalancetools.com/glossary/total-alkalinity,"index, follow",233,233,6,31,0,2,31,DefinedTerm;BreadcrumbList,0,false,false,true,false,true,false,false,Full entity details →,INDEXABLE,true,none
https://waterbalancetools.com/glossary/total-chlorine,glossary/total-chlorine.html,glossary-term,glossary,glossary,generate-glossary.js,Total Chlorine: Definition | Glossary | WaterBalanceTools,Total Chlorine,Total chlorine is the sum of free chlorine and combined chlorine in pool water. Plain-language definition with target values and related pool chemistry resou...,https://waterbalancetools.com/glossary/total-chlorine,"index, follow",207,207,6,26,0,3,26,DefinedTerm;BreadcrumbList,0,false,false,true,false,true,false,false,Full entity details →,INDEXABLE,true,none
https://waterbalancetools.com/glossary/total-dissolved-solids,glossary/total-dissolved-solids.html,glossary-term,glossary,glossary,generate-glossary.js,Total Dissolved Solids: Definition | Glossary | WaterBalanceTools,Total Dissolved Solids,"Total dissolved solids measures the total concentration of all dissolved substances in pool water, expressed in ppm. Plain-language definition with target va...",https://waterbalancetools.com/glossary/total-dissolved-solids,"index, follow",236,236,6,25,0,2,25,DefinedTerm;BreadcrumbList,0,false,false,true,false,true,false,false,Full entity details →,INDEXABLE,true,none
https://waterbalancetools.com/glossary/total-hardness,glossary/total-hardness.html,glossary-term,glossary,glossary,generate-glossary.js,Total Hardness: Definition | Glossary | WaterBalanceTools,Total Hardness,"Total hardness measures all divalent mineral ions in water (calcium and magnesium), while pool chemistry specifically uses only calcium hardness. Plain-langu...",https://waterbalancetools.com/glossary/total-hardness,"index, follow",195,195,5,20,0,2,20,DefinedTerm;BreadcrumbList,0,false,false,true,false,true,false,false,none detected,INDEXABLE,true,none
https://waterbalancetools.com/glossary/trichlor,glossary/trichlor.html,glossary-term,glossary,glossary,generate-glossary.js,Trichlor: Definition | Glossary | WaterBalanceTools,Trichlor,Trichlor (trichloroisocyanuric acid) is a slow-dissolving stabilised chlorine tablet that delivers free chlorine and cyanuric acid simultaneously. Plain-lang...,https://waterbalancetools.com/glossary/trichlor,"index, follow",220,220,6,30,0,4,30,DefinedTerm;BreadcrumbList,0,false,false,true,false,true,false,false,Full entity details →,INDEXABLE,true,none
https://waterbalancetools.com/glossary/turbidity,glossary/turbidity.html,glossary-term,glossary,glossary,generate-glossary.js,Turbidity: Definition | Glossary | WaterBalanceTools,Turbidity,Turbidity is the cloudiness or haziness of pool water caused by suspended fine particles that scatter light. Plain-language definition with target values and...,https://waterbalancetools.com/glossary/turbidity,"index, follow",173,173,5,20,0,3,20,DefinedTerm;BreadcrumbList,0,false,false,true,false,true,false,false,none detected,INDEXABLE,true,none
https://waterbalancetools.com/glossary/uv-sanitization,glossary/uv-sanitization.html,glossary-term,glossary,glossary,generate-glossary.js,UV Sanitization: Definition | Glossary | WaterBalanceTools,UV Sanitization,UV sanitization uses ultraviolet light to inactivate microorganisms in pool water as it passes through a UV chamber in the equipment line. Plain-language def...,https://waterbalancetools.com/glossary/uv-sanitization,"index, follow",184,184,5,20,0,1,20,DefinedTerm;BreadcrumbList,0,false,false,true,false,true,false,false,none detected,INDEXABLE,true,none
https://waterbalancetools.com/glossary/water-balance-checklist,glossary/water-balance-checklist.html,glossary-term,glossary,glossary,generate-glossary.js,Water Balance Checklist: Definition | Glossary | WaterBalanceTools,Water Balance Checklist,A water balance checklist is a sequential list of tests and adjustments that ensures all pool chemistry parameters are brought into range in the correct orde...,https://waterbalancetools.com/glossary/water-balance-checklist,"index, follow",187,187,5,21,0,1,21,DefinedTerm;BreadcrumbList,0,false,false,true,false,true,false,false,none detected,INDEXABLE,true,none
https://waterbalancetools.com/glossary/water-temperature,glossary/water-temperature.html,glossary-term,glossary,glossary,generate-glossary.js,Water Temperature: Definition | Glossary | WaterBalanceTools,Water Temperature,"Water temperature affects chlorine demand, chemical reaction rates, calcium solubility, and the Langelier Saturation Index. Plain-language definition with ta...",https://waterbalancetools.com/glossary/water-temperature,"index, follow",198,198,6,29,0,2,29,DefinedTerm;BreadcrumbList,0,false,false,true,false,true,false,false,Full entity details →,INDEXABLE,true,none
https://waterbalancetools.com/glossary/water-test-log,glossary/water-test-log.html,glossary-term,glossary,glossary,generate-glossary.js,Water Test Log: Definition | Glossary | WaterBalanceTools,Water Test Log,A water test log is a record sheet for documenting pool or hot tub water test results over time. Plain-language definition with target values and related poo...,https://waterbalancetools.com/glossary/water-test-log,"index, follow",191,191,6,25,0,1,25,DefinedTerm;BreadcrumbList,0,false,false,true,false,true,false,false,Full entity details →,INDEXABLE,true,none
https://waterbalancetools.com/glossary/winterization,glossary/winterization.html,glossary-term,glossary,glossary,generate-glossary.js,Winterization: Definition | Glossary | WaterBalanceTools,Winterization,"Winterization is the process of preparing a pool or hot tub for winter shutdown, including draining, blowing out plumbing lines, and protecting equipment fro...",https://waterbalancetools.com/glossary/winterization,"index, follow",219,219,6,27,0,2,27,DefinedTerm;BreadcrumbList,0,false,false,true,false,true,false,false,Full entity details →,INDEXABLE,true,none
https://waterbalancetools.com/guides/advanced/chlorine-breakdown-sunlight,guides/advanced/chlorine-breakdown-sunlight.html,guide,guides/advanced,guides,generate-authority-guides.js,"Chlorine Breakdown in Sunlight (UV, CYA &amp; Dosing) | WaterBalanceTools",Chlorine Breakdown in Sunlight,UV destroys free chlorine quickly unless CYA buffers it—here’s the mechanism and what to do.,https://waterbalancetools.com/guides/advanced/chlorine-breakdown-sunlight,"index, follow",407,407,14,38,0,14,38,FAQPage;BreadcrumbList,3,false,false,true,false,false,false,false,none detected,INDEXABLE,true,none
https://waterbalancetools.com/guides/advanced/chlorine-vs-saltwater,guides/advanced/chlorine-vs-saltwater.html,guide,guides/advanced,guides,generate-authority-guides.js,Chlorine vs Saltwater Pools (How Sanitizing Actually Works) | WaterBalanceTools,Chlorine Pools vs Saltwater Pools: What’s Actually Different?,"Saltwater pools still make chlorine—here’s how salt systems differ from manual chlorination, dosing, and maintenance.",https://waterbalancetools.com/guides/advanced/chlorine-vs-saltwater,"index, follow",465,465,14,38,0,12,38,FAQPage;BreadcrumbList,3,false,false,true,false,false,false,false,none detected,INDEXABLE,true,none
https://waterbalancetools.com/guides/advanced/cya-stabilizer-explained,guides/advanced/cya-stabilizer-explained.html,guide,guides/advanced,guides,generate-authority-guides.js,CYA Stabilizer Explained (Chlorine Protection vs Lock-In) | WaterBalanceTools,Cyanuric Acid (CYA): Stabilizer Explained,CYA (cyanuric acid) protects chlorine from UV—but high CYA dulls sanitizing power. Here’s how it works.,https://waterbalancetools.com/guides/advanced/cya-stabilizer-explained,"index, follow",356,356,14,37,0,17,37,FAQPage;BreadcrumbList,3,false,false,true,false,false,false,false,none detected,INDEXABLE,true,none
https://waterbalancetools.com/guides/advanced/,guides/advanced/index.html,guide,guides/advanced,guides,generate-authority-guides.js,Advanced Guides Hub | WaterBalanceTools,Advanced Guides Hub,Advanced chemistry scenarios and deeper technical interpretation guides.,https://waterbalancetools.com/guides/advanced,"index, follow",394,394,9,66,0,7,66,BreadcrumbList;CollectionPage,0,false,false,true,false,false,false,false,none detected,INDEXABLE,true,none
https://waterbalancetools.com/guides/advanced/pool-chemistry-balance-explained,guides/advanced/pool-chemistry-balance-explained.html,guide,guides/advanced,guides,generate-authority-guides.js,"Pool Chemistry Balance Explained (pH, TA, Calcium &amp; Sanitizer) | WaterBalanceTools",Pool Chemistry Balance Explained,"Pool water balance means pH, alkalinity, calcium, and sanitizer work together—learn LSI-style reasoning without the fluff.",https://waterbalancetools.com/guides/advanced/pool-chemistry-balance-explained,"index, follow",393,393,14,38,0,7,38,FAQPage;BreadcrumbList,3,false,false,true,false,false,false,false,none detected,INDEXABLE,true,none
https://waterbalancetools.com/guides/alkalinity-guide,guides/alkalinity-guide.html,guide,guides,guides,generate-authority-guides.js,Pool Alkalinity Guide | WaterBalanceTools,Pool Alkalinity Guide,"Total alkalinity as a pH buffer, ideal range, and adjustment tools.",https://waterbalancetools.com/guides/alkalinity-guide,"index, follow",213,213,6,24,0,6,24,BreadcrumbList,0,false,false,true,false,false,false,false,none detected,INDEXABLE,true,none
https://waterbalancetools.com/guides/chlorine-guide,guides/chlorine-guide.html,guide,guides,guides,generate-authority-guides.js,Pool Chlorine Guide | WaterBalanceTools,Pool Chlorine Guide,"Sanitizer levels, shock, green pool recovery, and chlorine dosing for pools.",https://waterbalancetools.com/guides/chlorine-guide,"index, follow",356,356,6,44,0,52,44,BreadcrumbList,0,false,false,true,false,false,false,false,none detected,INDEXABLE,true,none
https://waterbalancetools.com/guides/chlorine/chlorine-too-high-after-shocking,guides/chlorine/chlorine-too-high-after-shocking.html,guide,guides/chlorine,guides,generate-authority-guides.js,Chlorine Too High After Shocking: What to Do | WaterBalanceTools,Chlorine Too High After Shocking: What to Do,"Pool chlorine too high after shocking? Wait 24–48 hours, run the pump, and let UV reduce FC naturally. Exact steps by FC level inside.",https://waterbalancetools.com/guides/chlorine/chlorine-too-high-after-shocking,"index, follow",441,441,11,32,0,12,32,BreadcrumbList,0,true,true,true,false,false,false,true,none detected,INDEXABLE,true,none
https://waterbalancetools.com/guides/chlorine/free-chlorine-vs-total-chlorine,guides/chlorine/free-chlorine-vs-total-chlorine.html,guide,guides/chlorine,guides,generate-authority-guides.js,Free Chlorine vs Total Chlorine Explained | WaterBalanceTools,Free Chlorine vs Total Chlorine Explained,"Free chlorine is the active sanitizer; total chlorine = free + combined. How to interpret readings, combined chlorine limits, and when to shock.",https://waterbalancetools.com/guides/chlorine/free-chlorine-vs-total-chlorine,"index, follow",436,436,12,32,0,17,32,BreadcrumbList,0,true,true,true,false,false,false,true,none detected,INDEXABLE,true,none
https://waterbalancetools.com/guides/chlorine/how-often-should-i-shock-my-pool,guides/chlorine/how-often-should-i-shock-my-pool.html,guide,guides/chlorine,guides,generate-authority-guides.js,How Often Should I Shock My Pool? | WaterBalanceTools,How Often Should I Shock My Pool?,"How often to shock a pool: weekly in swim season, after heavy use, after rain, or when FC drops. Full schedule + troubleshooting table.",https://waterbalancetools.com/guides/chlorine/how-often-should-i-shock-my-pool,"index, follow",485,485,13,32,0,13,32,BreadcrumbList,0,true,true,true,false,false,false,true,none detected,INDEXABLE,true,none
https://waterbalancetools.com/guides/chlorine/,guides/chlorine/index.html,guide,guides/chlorine,guides,generate-authority-guides.js,Chlorine Guides Hub | WaterBalanceTools,Chlorine Guides Hub,"Chlorine-specific troubleshooting, dosing, and maintenance decision guides.",https://waterbalancetools.com/guides/chlorine,"index, follow",465,465,9,69,0,16,69,BreadcrumbList;CollectionPage,0,false,false,true,false,false,false,false,none detected,INDEXABLE,true,none
https://waterbalancetools.com/guides/chlorine/why-pool-chlorine-disappears-overnight,guides/chlorine/why-pool-chlorine-disappears-overnight.html,guide,guides/chlorine,guides,generate-authority-guides.js,Why Pool Chlorine Disappears Overnight | WaterBalanceTools,Why Pool Chlorine Disappears Overnight,"Chlorine disappearing overnight usually means algae, high organic load, or chlorine demand. Diagnosis table and fix steps inside.",https://waterbalancetools.com/guides/chlorine/why-pool-chlorine-disappears-overnight,"index, follow",474,474,12,32,0,14,32,BreadcrumbList,0,true,true,true,false,false,false,true,none detected,INDEXABLE,true,none
https://waterbalancetools.com/guides/chlorine/why-pool-wont-hold-chlorine,guides/chlorine/why-pool-wont-hold-chlorine.html,guide,guides/chlorine,guides,generate-authority-guides.js,Why Pool Won't Hold Chlorine: Causes and Fixes | WaterBalanceTools,Why Pool Won't Hold Chlorine,"Pool won't hold chlorine? Common causes: low CYA, algae, high phosphates, or high organic load. Diagnosis table and step-by-step fix.",https://waterbalancetools.com/guides/chlorine/why-pool-wont-hold-chlorine,"index, follow",412,412,11,32,0,13,32,BreadcrumbList,0,true,true,true,false,false,false,true,none detected,INDEXABLE,true,none
https://waterbalancetools.com/guides/edge-cases/high-cya-chlorine-lock,guides/edge-cases/high-cya-chlorine-lock.html,guide,guides/edge-cases,guides,generate-authority-guides.js,High CYA Chlorine Lock (Why FC Reads Fine But Water Fails) | WaterBalanceTools,High CYA and “Chlorine Lock”,Why chlorine stops working when CYA is high: less active sanitizer per ppm reading—fix with dilution and FC targets.,https://waterbalancetools.com/guides/edge-cases/high-cya-chlorine-lock,"index, follow",247,247,10,32,0,17,32,BreadcrumbList,0,false,false,true,false,false,false,false,none detected,INDEXABLE,true,none
https://waterbalancetools.com/guides/edge-cases/,guides/edge-cases/index.html,guide,guides/edge-cases,guides,generate-authority-guides.js,Edge Cases Guides Hub | WaterBalanceTools,Edge Cases Guides Hub,Low-frequency but high-impact pool chemistry edge-case playbooks.,https://waterbalancetools.com/guides/edge-cases,"index, follow",484,484,9,69,0,9,69,BreadcrumbList;CollectionPage,0,false,false,true,false,false,false,false,none detected,INDEXABLE,true,none
https://waterbalancetools.com/guides/edge-cases/over-shocking-pool-effects,guides/edge-cases/over-shocking-pool-effects.html,guide,guides/edge-cases,guides,generate-authority-guides.js,Over-Shocking a Pool: Effects &amp; What to Do | WaterBalanceTools,Over-Shocking a Pool: Effects,"What happens if you over-shock a pool? Very high FC, equipment and liner stress, long wait times before swimming.",https://waterbalancetools.com/guides/edge-cases/over-shocking-pool-effects,"index, follow",237,237,10,31,0,11,31,BreadcrumbList,0,false,false,true,false,false,false,false,none detected,INDEXABLE,true,none
https://waterbalancetools.com/guides/edge-cases/pool-temperature-effect-chlorine,guides/edge-cases/pool-temperature-effect-chlorine.html,guide,guides/edge-cases,guides,generate-authority-guides.js,"Pool Temperature Effect on Chlorine (Warmer Water, Faster Demand) | WaterBalanceTools",How Pool Temperature Affects Chlorine,Warmer water increases chlorine consumption—here’s why and how to adjust dosing.,https://waterbalancetools.com/guides/edge-cases/pool-temperature-effect-chlorine,"index, follow",230,230,10,31,0,9,31,BreadcrumbList,0,false,false,true,false,false,false,false,none detected,INDEXABLE,true,none
https://waterbalancetools.com/guides/edge-cases/rain-effect-on-pool-chemistry,guides/edge-cases/rain-effect-on-pool-chemistry.html,guide,guides/edge-cases,guides,generate-authority-guides.js,"Does Rain Affect Pool Chemistry? (Dilution, pH &amp; Chlorine) | WaterBalanceTools",Rain’s Effect on Pool Chemistry,"Does rain affect pool chemistry? Yes—dilution, debris, and pH shift can change FC, alkalinity, and clarity.",https://waterbalancetools.com/guides/edge-cases/rain-effect-on-pool-chemistry,"index, follow",238,238,10,31,0,9,31,BreadcrumbList,0,false,false,true,false,false,false,false,none detected,INDEXABLE,true,none
https://waterbalancetools.com/guides/edge-cases/swimming-after-shocking-pool,guides/edge-cases/swimming-after-shocking-pool.html,guide,guides/edge-cases,guides,generate-authority-guides.js,How Long After Shocking a Pool Can You Swim? (Safe Wait Times) | WaterBalanceTools,Swimming After Shocking a Pool,"How long after shocking a pool can you swim? Wait until FC is back in range and the product label says it’s safe—often hours, sometimes overnight.",https://waterbalancetools.com/guides/edge-cases/swimming-after-shocking-pool,"index, follow",252,252,10,32,0,8,32,BreadcrumbList,0,false,false,true,false,false,false,false,none detected,INDEXABLE,true,none
https://waterbalancetools.com/guides/hot-tub-chemistry,guides/hot-tub-chemistry.html,guide,guides,guides,generate-authority-guides.js,Hot Tub Chemistry Guide | WaterBalanceTools,Hot Tub Chemistry,"Spa volume, chlorine or bromine context, and hot-tub dosing tables.",https://waterbalancetools.com/guides/hot-tub-chemistry,"index, follow",213,213,5,29,0,18,29,BreadcrumbList,0,false,false,true,false,false,false,false,none detected,INDEXABLE,true,none
https://waterbalancetools.com/guides/hot-tub-maintenance,guides/hot-tub-maintenance.html,guide,guides,guides,generate-authority-guides.js,Hot Tub Maintenance Guide | WaterBalanceTools,Hot Tub Maintenance,"Hot tub and spa maintenance guide: daily and weekly tasks, water chemistry, and draining.",https://waterbalancetools.com/guides/hot-tub-maintenance,"index, follow",223,223,5,21,0,5,21,BreadcrumbList,0,false,false,true,false,false,false,false,none detected,INDEXABLE,true,none
https://waterbalancetools.com/guides/hot-tub/hot-tub-alkalinity-too-high,guides/hot-tub/hot-tub-alkalinity-too-high.html,guide,guides/hot-tub,guides,generate-authority-guides.js,Hot Tub Alkalinity Too High: What to Do | WaterBalanceTools,Hot Tub Alkalinity Too High: What to Do,"Hot tub total alkalinity too high? Above 150 ppm causes cloudy water, scale, and pH that won't stay down. Step-by-step fix.",https://waterbalancetools.com/guides/hot-tub/hot-tub-alkalinity-too-high,"index, follow",415,415,11,31,0,11,31,BreadcrumbList,0,true,true,true,false,false,false,true,none detected,INDEXABLE,true,none
https://waterbalancetools.com/guides/hot-tub/hot-tub-chlorine-too-high,guides/hot-tub/hot-tub-chlorine-too-high.html,guide,guides/hot-tub,guides,generate-authority-guides.js,Hot Tub Chlorine Too High: What to Do | WaterBalanceTools,Hot Tub Chlorine Too High: What to Do,"Hot tub chlorine too high? FC above 10 ppm causes irritation. Steps to lower it fast: remove cover, run jets, or dilute. Full guide.",https://waterbalancetools.com/guides/hot-tub/hot-tub-chlorine-too-high,"index, follow",446,446,11,31,0,8,31,BreadcrumbList,0,true,true,true,false,false,false,true,none detected,INDEXABLE,true,none
https://waterbalancetools.com/guides/hot-tub/hot-tub-chlorine-too-low,guides/hot-tub/hot-tub-chlorine-too-low.html,guide,guides/hot-tub,guides,generate-authority-guides.js,Hot Tub Chlorine Too Low: Causes and Fix | WaterBalanceTools,Hot Tub Chlorine Too Low: Causes and Fix,"Hot tub chlorine too low? Below 1 ppm, bacteria can grow in minutes at spa temperatures. Causes, fast fix, and prevention guide.",https://waterbalancetools.com/guides/hot-tub/hot-tub-chlorine-too-low,"index, follow",409,409,10,31,0,7,31,BreadcrumbList,0,true,true,true,false,false,false,true,none detected,INDEXABLE,true,none
https://waterbalancetools.com/guides/hot-tub/hot-tub-ph-too-low,guides/hot-tub/hot-tub-ph-too-low.html,guide,guides/hot-tub,guides,generate-authority-guides.js,Hot Tub pH Too Low: Causes and Fix | WaterBalanceTools,Hot Tub pH Too Low: Causes and Fix,"Hot tub pH too low? Below 7.2 corrodes equipment, irritates skin, and destabilizes chlorine. Step-by-step fix with dose guide.",https://waterbalancetools.com/guides/hot-tub/hot-tub-ph-too-low,"index, follow",416,416,10,31,0,9,31,BreadcrumbList,0,true,true,true,false,false,false,true,none detected,INDEXABLE,true,none
https://waterbalancetools.com/guides/hot-tub/how-often-to-shock-a-hot-tub,guides/hot-tub/how-often-to-shock-a-hot-tub.html,guide,guides/hot-tub,guides,generate-authority-guides.js,How Often to Shock a Hot Tub | WaterBalanceTools,How Often to Shock a Hot Tub,"How often to shock a hot tub: weekly minimum, after every 2–3 soaks, or when water looks dull. Shock schedule and product guide.",https://waterbalancetools.com/guides/hot-tub/how-often-to-shock-a-hot-tub,"index, follow",408,408,11,31,0,12,31,BreadcrumbList,0,true,true,true,false,false,false,true,none detected,INDEXABLE,true,none
https://waterbalancetools.com/guides/hot-tub/,guides/hot-tub/index.html,guide,guides/hot-tub,guides,generate-authority-guides.js,Hot Tub Guides Hub | WaterBalanceTools,Hot Tub Guides Hub,Hot tub-specific chemistry and maintenance troubleshooting guides.,https://waterbalancetools.com/guides/hot-tub,"index, follow",478,478,9,69,0,13,69,BreadcrumbList;CollectionPage,0,false,false,true,false,false,false,false,none detected,INDEXABLE,true,none
https://waterbalancetools.com/guides/,guides/index.html,guide-hub,guides,guides,generate-authority-guides.js,Guides Hub | WaterBalanceTools,Guides Hub,Guided explanations organized into practical problem-solving clusters.,https://waterbalancetools.com/guides,"index, follow",484,484,10,87,0,48,87,BreadcrumbList;CollectionPage,0,false,false,true,false,false,false,false,none detected,INDEXABLE,true,none
https://waterbalancetools.com/guides/ph-guide,guides/ph-guide.html,guide,guides,guides,generate-authority-guides.js,Pool pH Guide | WaterBalanceTools,Pool pH Guide,"Ideal pH range, how acid and base moves pH, and links to adjustment guides.",https://waterbalancetools.com/guides/ph-guide,"index, follow",244,244,6,29,0,14,29,BreadcrumbList,0,false,false,true,false,false,false,false,none detected,INDEXABLE,true,none
https://waterbalancetools.com/guides/ph/can-you-swim-in-high-ph-water,guides/ph/can-you-swim-in-high-ph-water.html,guide,guides/ph,guides,generate-authority-guides.js,Can You Swim in High pH Pool Water? | WaterBalanceTools,Can You Swim in High pH Pool Water?,Can you swim in high pH water? pH 7.8–8.0 is uncomfortable; above 8.0 risks irritation and drastically reduced chlorine. Full guidance inside.,https://waterbalancetools.com/guides/ph/can-you-swim-in-high-ph-water,"index, follow",491,491,11,33,0,29,33,BreadcrumbList,0,true,true,true,false,false,false,true,none detected,INDEXABLE,true,none
https://waterbalancetools.com/guides/ph/does-rain-lower-pool-ph,guides/ph/does-rain-lower-pool-ph.html,guide,guides/ph,guides,generate-authority-guides.js,Does Rain Lower Pool pH? | WaterBalanceTools,Does Rain Lower Pool pH?,"Does rain lower pool pH? Rainwater is acidic (pH ~5.6) but the effect on pool pH depends on pool volume, TA, and how much rain fell.",https://waterbalancetools.com/guides/ph/does-rain-lower-pool-ph,"index, follow",496,496,11,33,0,22,33,BreadcrumbList,0,true,true,true,false,false,false,true,none detected,INDEXABLE,true,none
https://waterbalancetools.com/guides/ph/how-to-lower-pool-ph,guides/ph/how-to-lower-pool-ph.html,guide,guides/ph,guides,generate-authority-guides.js,How to Lower Pool pH: Step-by-Step Guide | WaterBalanceTools,How to Lower Pool pH,"How to lower pool pH with muriatic acid or dry acid. Safe dose table, step-by-step instructions, and how to avoid over-correcting.",https://waterbalancetools.com/guides/ph/how-to-lower-pool-ph,"index, follow",572,572,11,33,0,11,33,BreadcrumbList,0,true,true,true,false,false,false,true,none detected,INDEXABLE,true,none
https://waterbalancetools.com/guides/ph/,guides/ph/index.html,guide,guides/ph,guides,generate-authority-guides.js,pH Guides Hub | WaterBalanceTools,pH Guides Hub,"pH and alkalinity stabilization guides, from diagnostics to correction workflows.",https://waterbalancetools.com/guides/ph,"index, follow",450,450,9,69,0,8,69,BreadcrumbList;CollectionPage,0,false,false,true,false,false,false,false,none detected,INDEXABLE,true,none
https://waterbalancetools.com/guides/ph/what-causes-high-pool-ph,guides/ph/what-causes-high-pool-ph.html,guide,guides/ph,guides,generate-authority-guides.js,What Causes High Pool pH? | WaterBalanceTools,What Causes High Pool pH?,"High pool pH causes: CO2 off-gassing, high alkalinity, algae, aeration, SWG systems, and high-pH fill water. Fix guide and FAQ.",https://waterbalancetools.com/guides/ph/what-causes-high-pool-ph,"index, follow",523,523,11,33,0,7,33,BreadcrumbList,0,true,true,true,false,false,false,true,none detected,INDEXABLE,true,none
https://waterbalancetools.com/guides/ph/why-pool-ph-keeps-rising,guides/ph/why-pool-ph-keeps-rising.html,guide,guides/ph,guides,generate-authority-guides.js,Why Pool pH Keeps Rising | WaterBalanceTools,Why Pool pH Keeps Rising,"Pool pH keeps rising? Causes include CO2 off-gassing, aeration, algae, and high alkalinity. Fix guide and FAQ inside.",https://waterbalancetools.com/guides/ph/why-pool-ph-keeps-rising,"index, follow",581,581,11,33,0,10,33,BreadcrumbList,0,true,true,true,false,false,false,true,none detected,INDEXABLE,true,none
https://waterbalancetools.com/guides/pool-chemistry-basics,guides/pool-chemistry-basics.html,guide,guides,guides,generate-authority-guides.js,Pool Chemistry Basics | WaterBalanceTools,Pool Chemistry Basics,"Learn the basics of pool chemistry: chlorine, pH, and alkalinity for safe and clear pool water.",https://waterbalancetools.com/guides/pool-chemistry-basics,"index, follow",314,314,6,20,0,466,20,BreadcrumbList,0,false,false,true,false,false,false,false,none detected,INDEXABLE,true,none
https://waterbalancetools.com/guides/questions/can-rain-affect-pool-chemistry,guides/questions/can-rain-affect-pool-chemistry.html,question-page,guides/questions,guides,generate-question-pages.js,Can Rain Affect Pool Chemistry? | WaterBalanceTools,Can Rain Affect Pool Chemistry?,"Can rain affect pool chemistry? Yes — rain dilutes chlorine, pH, alkalinity, and CYA while introducing organic debris. What to test and fix after rain.",https://waterbalancetools.com/guides/questions/can-rain-affect-pool-chemistry,"index, follow",689,689,12,30,0,2,30,BreadcrumbList;FAQPage,0,true,true,true,false,false,false,true,none detected,INDEXABLE,true,none
https://waterbalancetools.com/guides/questions/can-you-swim-after-shocking-a-pool,guides/questions/can-you-swim-after-shocking-a-pool.html,question-page,guides/questions,guides,generate-question-pages.js,Can You Swim After Shocking a Pool? | WaterBalanceTools,Can You Swim After Shocking a Pool?,"Can you swim after shocking a pool? Wait until FC drops below 5 ppm — usually 8–24 hours. Wait times by shock dose, and how to speed up FC reduction.",https://waterbalancetools.com/guides/questions/can-you-swim-after-shocking-a-pool,"index, follow",720,720,12,30,0,6,30,BreadcrumbList;FAQPage,0,true,true,true,false,false,false,true,none detected,INDEXABLE,true,none
https://waterbalancetools.com/guides/questions/,guides/questions/index.html,question-page,guides/questions,guides,generate-question-pages.js,Questions Guides Hub | WaterBalanceTools,Questions Guides Hub,Question-driven guide collection mapped to common search intents.,https://waterbalancetools.com/guides/questions,"index, follow",532,532,9,72,0,7,72,BreadcrumbList;CollectionPage,0,false,false,true,false,false,false,false,none detected,INDEXABLE,true,none
https://waterbalancetools.com/guides/questions/why-does-hot-tub-water-smell,guides/questions/why-does-hot-tub-water-smell.html,question-page,guides/questions,guides,generate-question-pages.js,Why Does Hot Tub Water Smell? | WaterBalanceTools,Why Does Hot Tub Water Smell?,"Why does hot tub water smell? Usually combined chlorine or bacteria. Causes table and step-by-step fix for chemical odor, sulfur smell, and musty odor.",https://waterbalancetools.com/guides/questions/why-does-hot-tub-water-smell,"index, follow",775,775,12,30,0,9,30,BreadcrumbList;FAQPage,0,true,true,true,false,false,false,true,none detected,INDEXABLE,true,none
https://waterbalancetools.com/guides/questions/why-does-pool-water-turn-cloudy,guides/questions/why-does-pool-water-turn-cloudy.html,question-page,guides/questions,guides,generate-question-pages.js,Why Does Pool Water Turn Cloudy? | WaterBalanceTools,Why Does Pool Water Turn Cloudy?,"Why does pool water turn cloudy? Causes include low chlorine, high pH, poor filtration, algae, and heavy rain. Diagnosis steps and fix guide.",https://waterbalancetools.com/guides/questions/why-does-pool-water-turn-cloudy,"index, follow",746,746,12,31,0,4,31,BreadcrumbList;FAQPage,0,true,true,true,false,false,false,true,none detected,INDEXABLE,true,none
https://waterbalancetools.com/guides/questions/why-is-my-hot-tub-foamy,guides/questions/why-is-my-hot-tub-foamy.html,question-page,guides/questions,guides,generate-question-pages.js,Why Is My Hot Tub Foamy? | WaterBalanceTools,Why Is My Hot Tub Foamy?,"Why is my hot tub foamy? Causes: body products, low calcium hardness, high TDS, detergent in swimwear. Fix guide and long-term prevention.",https://waterbalancetools.com/guides/questions/why-is-my-hot-tub-foamy,"index, follow",769,769,12,30,0,11,30,BreadcrumbList;FAQPage,0,true,true,true,false,false,false,true,none detected,INDEXABLE,true,none
https://waterbalancetools.com/guides/questions/why-is-my-pool-green-but-chlorine-is-high,guides/questions/why-is-my-pool-green-but-chlorine-is-high.html,question-page,guides/questions,guides,generate-question-pages.js,Why Is My Pool Green But Chlorine Is High? | WaterBalanceTools,Why Is My Pool Green But Chlorine Is High?,"Pool green but chlorine is high? Usually high pH making chlorine ineffective, CYA chlorine lock, or dead algae still in water. Diagnosis and fix guide.",https://waterbalancetools.com/guides/questions/why-is-my-pool-green-but-chlorine-is-high,"index, follow",772,772,12,31,0,7,31,BreadcrumbList;FAQPage,0,true,true,true,false,false,false,true,none detected,INDEXABLE,true,none
https://waterbalancetools.com/guides/seasonal/closing-pool-chemistry-winter,guides/seasonal/closing-pool-chemistry-winter.html,guide,guides/seasonal,guides,generate-authority-guides.js,"Closing Pool Chemistry for Winter (Balance, Shock &amp; Winterize) | WaterBalanceTools",Closing Pool Chemistry for Winter,"Winter pool closing chemicals: balance water, shock, optional algaecide per label—then winterize equipment.",https://waterbalancetools.com/guides/seasonal/closing-pool-chemistry-winter,"index, follow",230,230,10,34,0,4,34,BreadcrumbList,0,false,false,true,false,false,false,false,none detected,INDEXABLE,true,none
https://waterbalancetools.com/guides/seasonal/,guides/seasonal/index.html,guide,guides/seasonal,guides,generate-authority-guides.js,Seasonal Guides Hub | WaterBalanceTools,Seasonal Guides Hub,"Seasonal opening, summer, and winter maintenance guide collection.",https://waterbalancetools.com/guides/seasonal,"index, follow",398,398,9,66,0,6,66,BreadcrumbList;CollectionPage,0,false,false,true,false,false,false,false,none detected,INDEXABLE,true,none
https://waterbalancetools.com/guides/seasonal/opening-pool-chemistry-checklist,guides/seasonal/opening-pool-chemistry-checklist.html,guide,guides/seasonal,guides,generate-authority-guides.js,Opening Pool Chemistry Checklist (Start-Up Chemicals Order) | WaterBalanceTools,Opening Pool Chemistry Checklist,"Opening pool chemistry: remove winter cover debris, circulate, test, balance, then sanitize—use this checklist.",https://waterbalancetools.com/guides/seasonal/opening-pool-chemistry-checklist,"index, follow",257,257,10,34,0,5,34,BreadcrumbList,0,false,false,true,false,false,false,false,none detected,INDEXABLE,true,none
https://waterbalancetools.com/guides/seasonal/summer-high-chlorine-demand,guides/seasonal/summer-high-chlorine-demand.html,guide,guides/seasonal,guides,generate-authority-guides.js,"Summer High Chlorine Demand (Heat, Sun &amp; Load) | WaterBalanceTools",Summer High Chlorine Demand,"Summer high chlorine demand: heat, sun, and bather load raise daily FC loss—test more often and dose smarter.",https://waterbalancetools.com/guides/seasonal/summer-high-chlorine-demand,"index, follow",218,218,10,35,0,7,35,BreadcrumbList,0,false,false,true,false,false,false,false,none detected,INDEXABLE,true,none
https://waterbalancetools.com/guides/seasonal/winter-pool-maintenance-chemistry,guides/seasonal/winter-pool-maintenance-chemistry.html,guide,guides/seasonal,guides,generate-authority-guides.js,Winter Pool Maintenance Chemistry (Mild &amp; Cold Climates) | WaterBalanceTools,Winter Pool Maintenance Chemistry,"Winter pool maintenance chemistry for mild climates: test monthly, keep FC non-zero where water isn’t frozen, manage leaves.",https://waterbalancetools.com/guides/seasonal/winter-pool-maintenance-chemistry,"index, follow",242,242,10,35,0,5,35,BreadcrumbList,0,false,false,true,false,false,false,false,none detected,INDEXABLE,true,none
https://waterbalancetools.com/hot-tub-chemical-levels-chart,hot-tub-chemical-levels-chart.html,chart,root,charts,unknown / manual,Hot Tub Chemical Levels Chart (All Parameters) | WaterBalanceTools,Hot Tub Chemical Levels Chart,"Hot tub chemical levels chart: ideal chlorine, pH, alkalinity, and calcium hardness ranges for spas, plus CDC guidance on cyanuric acid. Quick reference tabl...",https://waterbalancetools.com/hot-tub-chemical-levels-chart,"index, follow",412,412,6,24,0,10,24,FAQPage;BreadcrumbList,0,true,true,true,false,false,false,true,none detected,INDEXABLE,true,none
https://waterbalancetools.com/hot-tub-chlorine-levels-chart,hot-tub-chlorine-levels-chart.html,chart,root,charts,unknown / manual,Hot Tub Chlorine Levels Chart | WaterBalanceTools,Hot Tub Chlorine Levels Chart,"Hot tub chlorine levels chart: ideal 3–5 ppm, safe swim threshold, what too high and too low means for health and equipment.",https://waterbalancetools.com/hot-tub-chlorine-levels-chart,"index, follow",426,426,7,24,1,4,24,FAQPage;BreadcrumbList,0,true,true,true,false,false,false,true,none detected,INDEXABLE,true,none
https://waterbalancetools.com/,index.html,homepage,root,core,generate-hub-pages.js / generate-hubs.js,Pool & Hot Tub Chemical Calculator | WaterBalanceTools,Pool & Hot Tub Chemical Calculator,Free pool and hot tub chemical calculator. Calculate chlorine and pH adjustments for pools and spas instantly.,https://waterbalancetools.com/,"index, follow",368,368,17,44,0,495,44,Organization;WebSite;FAQPage,4,false,false,true,false,false,false,false,none detected,INDEXABLE,true,none
https://waterbalancetools.com/legal/,legal/index.html,legal,legal,trust,generate-hub-pages.js / generate-hubs.js,Legal Hub | WaterBalanceTools,Legal Hub,"Ownership, legal, and policy pages for compliance and transparency.",https://waterbalancetools.com/legal,"index, follow",258,258,9,59,0,2,59,BreadcrumbList;CollectionPage,0,false,false,true,false,false,false,false,none detected,INDEXABLE,true,none
https://waterbalancetools.com/legal/legal,legal/legal.html,legal,legal,trust,manual / legal content,Legal Information | WaterBalanceTools,Legal Information,"Terms of use, privacy, disclaimer, and cookies for WaterBalanceTools.com.",https://waterbalancetools.com/legal/legal,"index, follow",427,427,7,19,0,465,19,BreadcrumbList,0,false,false,true,false,false,false,false,none detected,INDEXABLE,true,none
https://waterbalancetools.com/legal/ownership,legal/ownership.html,legal,legal,trust,manual / legal content,Ownership &amp; Operator Information | WaterBalanceTools,WaterBalanceTools Ownership,Ownership and operator information for WaterBalanceTools.com — Albor Digital LLC.,https://waterbalancetools.com/legal/ownership,"index, follow",82,82,6,19,0,465,19,BreadcrumbList,0,false,false,true,false,false,false,false,none detected,INDEXABLE,true,none
https://waterbalancetools.com/maintenance/how-often-add-chlorine-pool,maintenance/how-often-add-chlorine-pool.html,maintenance-guide,maintenance,maintenance,manual / maintenance guide,How Often to Add Chlorine to a Pool | WaterBalanceTools,How Often to Add Chlorine to a Pool,"How often to add chlorine to a pool. Testing frequency, daily vs weekly dosing, and when to shock.",https://waterbalancetools.com/maintenance/how-often-add-chlorine-pool,"index, follow",173,173,5,25,0,2,25,FAQPage;BreadcrumbList,0,false,false,true,false,false,false,false,none detected,INDEXABLE,true,none
https://waterbalancetools.com/maintenance/how-to-balance-pool-water,maintenance/how-to-balance-pool-water.html,maintenance-guide,maintenance,maintenance,manual / maintenance guide,How to Balance Pool Water | WaterBalanceTools,How to Balance Pool Water,"How to balance pool water: test, adjust pH, chlorine, and alkalinity. Step-by-step guide with calculator links.",https://waterbalancetools.com/maintenance/how-to-balance-pool-water,"index, follow",158,158,6,30,0,7,30,HowTo;BreadcrumbList,0,false,false,true,false,false,false,false,none detected,INDEXABLE,true,none
https://waterbalancetools.com/maintenance/how-to-fix-cloudy-hot-tub,maintenance/how-to-fix-cloudy-hot-tub.html,maintenance-guide,maintenance,maintenance,manual / maintenance guide,How to Fix Cloudy Hot Tub Water | WaterBalanceTools,How to Fix Cloudy Hot Tub Water,"How to fix cloudy hot tub water: low sanitizer, high alkalinity, dirty filters. Step-by-step with calculator links.",https://waterbalancetools.com/maintenance/how-to-fix-cloudy-hot-tub,"index, follow",172,172,5,26,0,2,26,BreadcrumbList,0,false,false,true,false,false,false,false,none detected,INDEXABLE,true,none
https://waterbalancetools.com/maintenance/,maintenance/index.html,maintenance-hub,maintenance,maintenance,generate-hub-pages.js / generate-hubs.js,Maintenance Hub | WaterBalanceTools,Maintenance Hub,Maintenance workflows and recurring service procedures.,https://waterbalancetools.com/maintenance,"index, follow",348,348,9,62,0,3,62,BreadcrumbList;CollectionPage,0,false,false,true,false,false,false,false,none detected,INDEXABLE,true,none
https://waterbalancetools.com/methodology/calculation-assumptions/,methodology/calculation-assumptions/index.html,methodology,methodology/calculation-assumptions,trust,generate-hub-pages.js / generate-hubs.js,Calculation Assumptions | WaterBalanceTools,Calculation Assumptions,"The assumptions, ideal conditions, and limitations built into WaterBalanceTools pool chemistry calculations.",https://waterbalancetools.com/methodology/calculation-assumptions/,"index, follow",386,386,9,6,0,24,6,,0,false,false,true,false,false,false,false,none detected,INDEXABLE,true,none
https://waterbalancetools.com/methodology/calculation-methodology/,methodology/calculation-methodology/index.html,methodology,methodology/calculation-methodology,trust,generate-hub-pages.js / generate-hubs.js,Calculation Methodology | WaterBalanceTools,Calculation Methodology,How WaterBalanceTools builds pool chemistry calculators: data flow from canonical datasets through entities to calculator outputs.,https://waterbalancetools.com/methodology/calculation-methodology/,"index, follow",377,377,9,6,0,30,6,,0,false,false,true,false,false,false,false,none detected,INDEXABLE,true,none
https://waterbalancetools.com/methodology/confidence-system/,methodology/confidence-system/index.html,methodology,methodology/confidence-system,trust,generate-hub-pages.js / generate-hubs.js,Confidence System | WaterBalanceTools,Confidence System,How WaterBalanceTools uses confidence levels to communicate the strength of its pool chemistry recommendations.,https://waterbalancetools.com/methodology/confidence-system/,"index, follow",296,296,8,6,0,1,6,,0,false,false,true,false,false,false,false,none detected,INDEXABLE,true,none
https://waterbalancetools.com/methodology/formula-selection/,methodology/formula-selection/index.html,methodology,methodology/formula-selection,trust,generate-hub-pages.js / generate-hubs.js,Formula Selection | WaterBalanceTools,Formula Selection,How WaterBalanceTools selects the formulas and equations used in its pool chemistry calculators.,https://waterbalancetools.com/methodology/formula-selection/,"index, follow",276,276,8,6,0,24,6,,0,false,false,true,false,false,false,false,none detected,INDEXABLE,true,none
https://waterbalancetools.com/methodology/,methodology/index.html,methodology,methodology,trust,generate-hub-pages.js / generate-hubs.js,Calculation Methodology (methodology) | WaterBalanceTools,Calculation Methodology,"How WaterBalanceTools calculates pool chemistry recommendations. Data flow, formula selection, rounding, precision, and known limitations.",https://waterbalancetools.com/methodology/,"index, follow",54,54,1,9,0,8,9,,0,false,false,true,false,false,false,false,none detected,INDEXABLE,true,none
https://waterbalancetools.com/methodology/known-limitations/,methodology/known-limitations/index.html,methodology,methodology/known-limitations,trust,generate-hub-pages.js / generate-hubs.js,Known Limitations | WaterBalanceTools,Known Limitations,Documented limitations of WaterBalanceTools pool chemistry calculators.,https://waterbalancetools.com/methodology/known-limitations/,"index, follow",384,384,10,6,0,15,6,,0,false,false,true,false,false,false,false,none detected,INDEXABLE,true,none
https://waterbalancetools.com/methodology/precision-policy/,methodology/precision-policy/index.html,methodology,methodology/precision-policy,trust,generate-hub-pages.js / generate-hubs.js,Precision Policy | WaterBalanceTools,Precision Policy,"Floating-point handling, measurement uncertainty, and precision limitations of WaterBalanceTools calculators.",https://waterbalancetools.com/methodology/precision-policy/,"index, follow",297,297,8,6,0,1,6,,0,false,false,true,false,false,false,false,none detected,INDEXABLE,true,none
https://waterbalancetools.com/methodology/rounding-policy/,methodology/rounding-policy/index.html,methodology,methodology/rounding-policy,trust,generate-hub-pages.js / generate-hubs.js,Rounding Policy | WaterBalanceTools,Rounding Policy,How WaterBalanceTools rounds calculator results and chemical dosages.,https://waterbalancetools.com/methodology/rounding-policy/,"index, follow",327,327,9,6,0,15,6,,0,false,false,true,false,false,false,false,none detected,INDEXABLE,true,none
https://waterbalancetools.com/pool-alkalinity-levels-chart,pool-alkalinity-levels-chart.html,chart,root,charts,unknown / manual,Pool Alkalinity Levels Chart | WaterBalanceTools,Pool Alkalinity Levels Chart,"Pool total alkalinity levels chart: ideal 80–120 ppm. What happens if low or high, and how alkalinity affects pH stability.",https://waterbalancetools.com/pool-alkalinity-levels-chart,"index, follow",407,407,7,24,1,3,24,FAQPage;BreadcrumbList,0,true,true,true,false,false,false,true,none detected,INDEXABLE,true,none
https://waterbalancetools.com/pool-chemical-levels-chart,pool-chemical-levels-chart.html,chart,root,charts,unknown / manual,Pool Chemical Levels Chart (Ideal Ranges + Next Steps) | WaterBalanceTools,Pool chemical levels chart,"Pool chemical levels chart: ideal ppm for chlorine, pH, alkalinity, calcium, and CYA—plus what to do next. Free reference.",https://waterbalancetools.com/pool-chemical-levels-chart,"index, follow",231,231,6,24,0,466,24,FAQPage;BreadcrumbList,0,false,false,true,false,false,false,true,none detected,INDEXABLE,true,none
https://waterbalancetools.com/pool-chemistry-system,pool-chemistry-system.html,chart,root,charts,unknown / manual,Pool Chemistry System: How All Parameters Work Together | WaterBalanceTools,Pool Chemistry System: How All Parameters Work Together,"Pool chemistry system: how all 8 parameters (chlorine, pH, alkalinity, CYA, calcium hardness, combined chlorine, shock, and salt) work together to keep pool ...",https://waterbalancetools.com/pool-chemistry-system,"index, follow",1212,1212,11,57,0,1,57,BreadcrumbList,0,true,true,true,false,false,false,true,none detected,INDEXABLE,true,none
https://waterbalancetools.com/pool-chlorine-levels-chart,pool-chlorine-levels-chart.html,chart,root,charts,unknown / manual,Pool Chlorine Levels Chart (1–3 ppm + Shock Targets) | WaterBalanceTools,Pool chlorine levels chart,"Pool chlorine levels chart: 1–3 ppm targets, shock ranges, and CYA context—free table + calculator links.",https://waterbalancetools.com/pool-chlorine-levels-chart,"index, follow",215,215,6,24,0,29,24,FAQPage;BreadcrumbList,0,false,false,true,false,false,false,true,none detected,INDEXABLE,true,none
https://waterbalancetools.com/pool-cya-levels-chart,pool-cya-levels-chart.html,chart,root,charts,unknown / manual,Pool CYA (Cyanuric Acid) Levels Chart | WaterBalanceTools,Pool CYA (Cyanuric Acid) Levels Chart,"Pool CYA levels chart: ideal range 30–50 ppm, what is too high, and how CYA affects chlorine effectiveness. Quick reference table.",https://waterbalancetools.com/pool-cya-levels-chart,"index, follow",367,367,6,24,0,4,24,FAQPage;BreadcrumbList,0,true,true,true,false,false,false,true,none detected,INDEXABLE,true,none
https://waterbalancetools.com/pool-ph-levels-chart,pool-ph-levels-chart.html,chart,root,charts,unknown / manual,Pool pH Levels Chart (7.2–7.6 + Fix Order) | WaterBalanceTools,Pool pH levels chart,"Pool pH levels chart: 7.2–7.6 target, what high and low pH do to chlorine and equipment—plus calculator links.",https://waterbalancetools.com/pool-ph-levels-chart,"index, follow",181,181,6,24,0,25,24,FAQPage;BreadcrumbList,0,false,false,true,false,false,false,true,none detected,INDEXABLE,true,none
https://waterbalancetools.com/printable/maintenance-checklist,printable/maintenance-checklist.html,printable,printable,resources,manual / printable resource,Maintenance Checklist | WaterBalanceTools,Pool & Hot Tub Maintenance Checklist,Printable pool and hot tub maintenance checklist for cleaners and property managers.,https://waterbalancetools.com/printable/maintenance-checklist,"index, follow",91,91,4,14,0,1,14,,0,false,false,true,false,false,false,false,none detected,INDEXABLE,true,none
https://waterbalancetools.com/printables/airbnb-pool-turnover-checklist,printables/airbnb-pool-turnover-checklist.html,printable,printables,resources,manual / printable resource,Airbnb Pool Turnover Checklist | WaterBalanceTools,Airbnb Pool Turnover Checklist,"Airbnb pool maintenance checklist for vacation rental hosts. Test water, adjust chlorine, clean filter, confirm safe levels.",https://waterbalancetools.com/printables/airbnb-pool-turnover-checklist,"index, follow",124,124,3,17,0,1,17,,0,false,false,true,false,false,false,false,none detected,INDEXABLE,true,none
https://waterbalancetools.com/printables/hot-tub-maintenance-log,printables/hot-tub-maintenance-log.html,printable,printables,resources,manual / printable resource,Hot Tub Maintenance Log (Printable) | WaterBalanceTools,Hot Tub Maintenance Log,"Printable hot tub maintenance log: track chlorine, pH, and notes. Free download.",https://waterbalancetools.com/printables/hot-tub-maintenance-log,"index, follow",30,30,1,15,0,1,15,,0,false,false,true,false,false,false,true,none detected,INDEXABLE,true,none
https://waterbalancetools.com/printables/pool-maintenance-checklist,printables/pool-maintenance-checklist.html,printable,printables,resources,manual / printable resource,Pool Maintenance Checklist (Printable) | WaterBalanceTools,Pool Maintenance Checklist,"Printable pool maintenance checklist: daily, weekly, and monthly tasks. Free PDF download.",https://waterbalancetools.com/printables/pool-maintenance-checklist,"index, follow",84,84,4,17,0,2,17,,0,false,false,true,false,false,false,false,none detected,INDEXABLE,true,none
https://waterbalancetools.com/programmatic/behavior/how-often-to-shock-pool,programmatic/behavior/how-often-to-shock-pool.html,programmatic-longtail,programmatic/behavior,programmatic,generate-question-pages.js (misc programmatic),How Often to Shock a Pool (Weekly Guide) | Pool Water Chemistry Guide | WaterBalanceTools,How Often Should You Shock a Pool?,"Shock on a smart schedule—after parties, storms, or algae risk. Avoid guesswork with testing.",https://waterbalancetools.com/programmatic/behavior/how-often-to-shock-pool,"index, follow",516,516,19,32,0,8,32,WebApplication;FAQPage;BreadcrumbList,5,false,false,true,false,false,false,false,none detected,INDEXABLE,true,none
https://waterbalancetools.com/programmatic/behavior/how-often-to-test-pool-water,programmatic/behavior/how-often-to-test-pool-water.html,programmatic-longtail,programmatic/behavior,programmatic,generate-question-pages.js (misc programmatic),How Often to Test Pool Water (Simple Schedule) | Pool Water Chemistry Guide | WaterBalanceTools,How Often Should You Test Pool Water?,Test chlorine and pH several times weekly—catch drift before it becomes a costly fix.,https://waterbalancetools.com/programmatic/behavior/how-often-to-test-pool-water,"index, follow",505,505,19,32,0,10,32,WebApplication;FAQPage;BreadcrumbList,5,false,false,true,false,false,false,false,none detected,INDEXABLE,true,none
https://waterbalancetools.com/programmatic/behavior/,programmatic/behavior/index.html,programmatic-subhub,programmatic/behavior,programmatic,generate-hub-pages.js,Programmatic Behavior Hub | WaterBalanceTools,Programmatic Behavior Hub,Behavior and schedule-oriented pages for maintenance frequency decisions.,https://waterbalancetools.com/programmatic/behavior,"index, follow",396,396,9,63,0,10,63,BreadcrumbList;CollectionPage,0,false,false,true,false,false,false,false,none detected,INDEXABLE,true,none
https://waterbalancetools.com/programmatic/behavior/when-to-add-chlorine,programmatic/behavior/when-to-add-chlorine.html,programmatic-longtail,programmatic/behavior,programmatic,generate-question-pages.js (misc programmatic),When to Add Chlorine to a Pool (Best Time) | Pool Water Chemistry Guide | WaterBalanceTools,When Should You Add Chlorine to a Pool?,Add chlorine when readings fall below target—often evening dosing reduces UV loss.,https://waterbalancetools.com/programmatic/behavior/when-to-add-chlorine,"index, follow",532,532,19,32,0,14,32,WebApplication;FAQPage;BreadcrumbList,5,false,false,true,false,false,false,false,none detected,INDEXABLE,true,none
https://waterbalancetools.com/programmatic/chlorine/how-much-chlorine-for-10000-gallon-pool,programmatic/chlorine/how-much-chlorine-for-10000-gallon-pool.html,programmatic-longtail,programmatic/chlorine,programmatic,generate-chlorine-pages.js,How Much Chlorine for 10000 Gallon Pool (Exact Dose) | Pool Water Chemistry Guide | WaterBalanceTools,"How Much Chlorine Do You Need for a 10,000 Gallon Pool?","Get exact ounces for a 10,000-gallon pool. Use the free calculator and avoid over-chlorination—safe dosing fast.",https://waterbalancetools.com/programmatic/chlorine/how-much-chlorine-for-10000-gallon-pool,"index, follow",699,699,21,38,0,23,38,WebApplication;FAQPage;BreadcrumbList;HowTo,5,false,false,true,false,false,false,true,none detected,INDEXABLE,true,none
https://waterbalancetools.com/programmatic/chlorine/how-much-chlorine-for-12000-gallon-pool,programmatic/chlorine/how-much-chlorine-for-12000-gallon-pool.html,programmatic-longtail,programmatic/chlorine,programmatic,generate-chlorine-pages.js,How Much Chlorine for 12000 Gallon Pool (Exact Dose) | Pool Water Chemistry Guide | WaterBalanceTools,"How Much Chlorine Do You Need for a 12,000 Gallon Pool?","Get exact ounces for a 12,000-gallon pool. Use the free calculator and avoid over-chlorination—safe dosing fast.",https://waterbalancetools.com/programmatic/chlorine/how-much-chlorine-for-12000-gallon-pool,"index, follow",699,699,21,38,0,17,38,WebApplication;FAQPage;BreadcrumbList;HowTo,5,false,false,true,false,false,false,true,none detected,INDEXABLE,true,none
https://waterbalancetools.com/programmatic/chlorine/how-much-chlorine-for-15000-gallon-pool,programmatic/chlorine/how-much-chlorine-for-15000-gallon-pool.html,programmatic-longtail,programmatic/chlorine,programmatic,generate-chlorine-pages.js,How Much Chlorine for 15000 Gallon Pool (Exact Dose) | Pool Water Chemistry Guide | WaterBalanceTools,"How Much Chlorine Do You Need for a 15,000 Gallon Pool?","Get exact ounces for a 15,000-gallon pool. Use the free calculator and avoid over-chlorination—safe dosing fast.",https://waterbalancetools.com/programmatic/chlorine/how-much-chlorine-for-15000-gallon-pool,"index, follow",700,700,21,38,0,19,38,WebApplication;FAQPage;BreadcrumbList;HowTo,5,false,false,true,false,false,false,true,none detected,INDEXABLE,true,none
https://waterbalancetools.com/programmatic/chlorine/how-much-chlorine-for-18000-gallon-pool,programmatic/chlorine/how-much-chlorine-for-18000-gallon-pool.html,programmatic-longtail,programmatic/chlorine,programmatic,generate-chlorine-pages.js,How Much Chlorine for 18000 Gallon Pool (Exact Dose) | Pool Water Chemistry Guide | WaterBalanceTools,"How Much Chlorine Do You Need for a 18,000 Gallon Pool?","Get exact ounces for a 18,000-gallon pool. Use the free calculator and avoid over-chlorination—safe dosing fast.",https://waterbalancetools.com/programmatic/chlorine/how-much-chlorine-for-18000-gallon-pool,"index, follow",699,699,21,38,0,17,38,WebApplication;FAQPage;BreadcrumbList;HowTo,5,false,false,true,false,false,false,true,none detected,INDEXABLE,true,none
https://waterbalancetools.com/programmatic/chlorine/how-much-chlorine-for-20000-gallon-pool,programmatic/chlorine/how-much-chlorine-for-20000-gallon-pool.html,programmatic-longtail,programmatic/chlorine,programmatic,generate-chlorine-pages.js,How Much Chlorine for 20000 Gallon Pool (Exact Dose) | Pool Water Chemistry Guide | WaterBalanceTools,"How Much Chlorine Do You Need for a 20,000 Gallon Pool?","Get exact ounces for a 20,000-gallon pool. Use the free calculator and avoid over-chlorination—safe dosing fast.",https://waterbalancetools.com/programmatic/chlorine/how-much-chlorine-for-20000-gallon-pool,"index, follow",698,698,21,38,0,15,38,WebApplication;FAQPage;BreadcrumbList;HowTo,5,false,false,true,false,false,false,true,none detected,INDEXABLE,true,none
https://waterbalancetools.com/programmatic/chlorine/how-much-chlorine-for-25000-gallon-pool,programmatic/chlorine/how-much-chlorine-for-25000-gallon-pool.html,programmatic-longtail,programmatic/chlorine,programmatic,generate-chlorine-pages.js,How Much Chlorine for 25000 Gallon Pool (Exact Dose) | Pool Water Chemistry Guide | WaterBalanceTools,"How Much Chlorine Do You Need for a 25,000 Gallon Pool?","Get exact ounces for a 25,000-gallon pool. Use the free calculator and avoid over-chlorination—safe dosing fast.",https://waterbalancetools.com/programmatic/chlorine/how-much-chlorine-for-25000-gallon-pool,"index, follow",698,698,21,38,0,13,38,WebApplication;FAQPage;BreadcrumbList;HowTo,5,false,false,true,false,false,false,true,none detected,INDEXABLE,true,none
https://waterbalancetools.com/programmatic/chlorine/how-much-chlorine-for-30000-gallon-pool,programmatic/chlorine/how-much-chlorine-for-30000-gallon-pool.html,programmatic-longtail,programmatic/chlorine,programmatic,generate-chlorine-pages.js,How Much Chlorine for 30000 Gallon Pool (Exact Dose) | Pool Water Chemistry Guide | WaterBalanceTools,"How Much Chlorine Do You Need for a 30,000 Gallon Pool?","Get exact ounces for a 30,000-gallon pool. Use the free calculator and avoid over-chlorination—safe dosing fast.",https://waterbalancetools.com/programmatic/chlorine/how-much-chlorine-for-30000-gallon-pool,"index, follow",701,701,21,38,0,11,38,WebApplication;FAQPage;BreadcrumbList;HowTo,5,false,false,true,false,false,false,true,none detected,INDEXABLE,true,none
https://waterbalancetools.com/programmatic/chlorine/how-much-chlorine-for-5000-gallon-pool,programmatic/chlorine/how-much-chlorine-for-5000-gallon-pool.html,programmatic-longtail,programmatic/chlorine,programmatic,generate-chlorine-pages.js,How Much Chlorine for 5000 Gallon Pool (Exact Dose) | Pool Water Chemistry Guide | WaterBalanceTools,"How Much Chlorine Do You Need for a 5,000 Gallon Pool?","Get exact ounces for a 5,000-gallon pool. Use the free calculator and avoid over-chlorination—safe dosing fast.",https://waterbalancetools.com/programmatic/chlorine/how-much-chlorine-for-5000-gallon-pool,"index, follow",698,698,21,38,0,13,38,WebApplication;FAQPage;BreadcrumbList;HowTo,5,false,false,true,false,false,false,true,none detected,INDEXABLE,true,none
https://waterbalancetools.com/programmatic/chlorine/how-much-chlorine-for-7000-gallon-pool,programmatic/chlorine/how-much-chlorine-for-7000-gallon-pool.html,programmatic-longtail,programmatic/chlorine,programmatic,generate-chlorine-pages.js,How Much Chlorine for 7000 Gallon Pool (Exact Dose) | Pool Water Chemistry Guide | WaterBalanceTools,"How Much Chlorine Do You Need for a 7,000 Gallon Pool?","Get exact ounces for a 7,000-gallon pool. Use the free calculator and avoid over-chlorination—safe dosing fast.",https://waterbalancetools.com/programmatic/chlorine/how-much-chlorine-for-7000-gallon-pool,"index, follow",697,697,21,38,0,13,38,WebApplication;FAQPage;BreadcrumbList;HowTo,5,false,false,true,false,false,false,true,none detected,INDEXABLE,true,none
https://waterbalancetools.com/programmatic/chlorine/how-much-chlorine-for-8000-gallon-pool,programmatic/chlorine/how-much-chlorine-for-8000-gallon-pool.html,programmatic-longtail,programmatic/chlorine,programmatic,generate-chlorine-pages.js,How Much Chlorine for 8000 Gallon Pool (Exact Dose) | Pool Water Chemistry Guide | WaterBalanceTools,"How Much Chlorine Do You Need for a 8,000 Gallon Pool?","Get exact ounces for a 8,000-gallon pool. Use the free calculator and avoid over-chlorination—safe dosing fast.",https://waterbalancetools.com/programmatic/chlorine/how-much-chlorine-for-8000-gallon-pool,"index, follow",697,697,21,38,0,15,38,WebApplication;FAQPage;BreadcrumbList;HowTo,5,false,false,true,false,false,false,true,none detected,INDEXABLE,true,none
https://waterbalancetools.com/programmatic/chlorine/how-much-chlorine-for-9000-gallon-pool,programmatic/chlorine/how-much-chlorine-for-9000-gallon-pool.html,programmatic-longtail,programmatic/chlorine,programmatic,generate-chlorine-pages.js,How Much Chlorine for 9000 Gallon Pool (Exact Dose) | Pool Water Chemistry Guide | WaterBalanceTools,"How Much Chlorine Do You Need for a 9,000 Gallon Pool?","Get exact ounces for a 9,000-gallon pool. Use the free calculator and avoid over-chlorination—safe dosing fast.",https://waterbalancetools.com/programmatic/chlorine/how-much-chlorine-for-9000-gallon-pool,"index, follow",695,695,21,38,0,14,38,WebApplication;FAQPage;BreadcrumbList;HowTo,5,false,false,true,false,false,false,true,none detected,INDEXABLE,true,none
https://waterbalancetools.com/programmatic/chlorine/,programmatic/chlorine/index.html,programmatic-subhub,programmatic/chlorine,programmatic,generate-chlorine-pages.js,Programmatic Chlorine Hub | WaterBalanceTools,Programmatic Chlorine Hub,Programmatic chlorine dosing pages grouped by volume and scenario.,https://waterbalancetools.com/programmatic/chlorine,"index, follow",783,783,9,80,0,17,80,BreadcrumbList;CollectionPage,0,false,false,true,false,false,false,false,none detected,INDEXABLE,true,none
https://waterbalancetools.com/programmatic/explanations/,programmatic/explanations/index.html,programmatic-subhub,programmatic/explanations,programmatic,generate-hub-pages.js,Programmatic Explanations Hub | WaterBalanceTools,Programmatic Explanations Hub,Conceptual explanation pages that support calculator interpretation.,https://waterbalancetools.com/programmatic/explanations,"index, follow",370,370,9,63,0,10,63,BreadcrumbList;CollectionPage,0,false,false,true,false,false,false,false,none detected,INDEXABLE,true,none
https://waterbalancetools.com/programmatic/explanations/what-is-pool-alkalinity,programmatic/explanations/what-is-pool-alkalinity.html,programmatic-longtail,programmatic/explanations,programmatic,generate-question-pages.js (misc programmatic),What Is Total Alkalinity (Pool Basics) | Pool Water Chemistry Guide | WaterBalanceTools,What Is Total Alkalinity in a Pool?,Total alkalinity buffers pH—learn what it means and how to keep water balance stable.,https://waterbalancetools.com/programmatic/explanations/what-is-pool-alkalinity,"index, follow",531,531,20,31,0,27,31,FAQPage;BreadcrumbList,5,false,false,true,false,false,false,false,none detected,INDEXABLE,true,none
https://waterbalancetools.com/programmatic/explanations/why-ph-affects-chlorine,programmatic/explanations/why-ph-affects-chlorine.html,programmatic-longtail,programmatic/explanations,programmatic,generate-question-pages.js (misc programmatic),Why pH Affects Chlorine (Pool Science) | Pool Water Chemistry Guide | WaterBalanceTools,Why Does pH Affect Chlorine Effectiveness?,"Understand pH balance and sanitizer—fix pH first, then fine-tune chlorine levels safely.",https://waterbalancetools.com/programmatic/explanations/why-ph-affects-chlorine,"index, follow",567,567,20,33,0,11,33,FAQPage;BreadcrumbList,5,false,false,true,false,false,false,false,none detected,INDEXABLE,true,none
https://waterbalancetools.com/programmatic/explanations/why-shower-before-pool,programmatic/explanations/why-shower-before-pool.html,programmatic-longtail,programmatic/explanations,programmatic,generate-question-pages.js (misc programmatic),Why Shower Before Swimming (Pool Chemistry) | Pool Water Chemistry Guide | WaterBalanceTools,Why Should You Shower Before Entering a Pool?,Reduce chloramines and sanitizer load—quick facts on pool water chemistry and bather-introduced contaminants.,https://waterbalancetools.com/programmatic/explanations/why-shower-before-pool,"index, follow",549,549,20,33,0,6,33,FAQPage;BreadcrumbList,5,false,false,true,false,false,false,false,none detected,INDEXABLE,true,none
https://waterbalancetools.com/programmatic/hot-tubs/hot-tub-chemicals-for-200-gallons,programmatic/hot-tubs/hot-tub-chemicals-for-200-gallons.html,programmatic-longtail,programmatic/hot-tubs,programmatic,generate-hot-tub-pages.js,Hot Tub Chemicals for 200 Gallons (Dosing Guide) | Pool Water Chemistry Guide | WaterBalanceTools,What Chemicals Do You Need for a 200 Gallon Hot Tub?,Sanitizer dosing for a 200-gallon spa. Get exact chlorine reference and calculators—safe hot tub water chemistry.,https://waterbalancetools.com/programmatic/hot-tubs/hot-tub-chemicals-for-200-gallons,"index, follow",639,639,21,37,0,11,37,WebApplication;FAQPage;BreadcrumbList;HowTo,5,false,false,true,false,false,false,true,none detected,INDEXABLE,true,none
https://waterbalancetools.com/programmatic/hot-tubs/hot-tub-chemicals-for-300-gallons,programmatic/hot-tubs/hot-tub-chemicals-for-300-gallons.html,programmatic-longtail,programmatic/hot-tubs,programmatic,generate-hot-tub-pages.js,Hot Tub Chemicals for 300 Gallons (Dosing Guide) | Pool Water Chemistry Guide | WaterBalanceTools,What Chemicals Do You Need for a 300 Gallon Hot Tub?,Sanitizer dosing for a 300-gallon spa. Get exact chlorine reference and calculators—safe hot tub water chemistry.,https://waterbalancetools.com/programmatic/hot-tubs/hot-tub-chemicals-for-300-gallons,"index, follow",641,641,21,37,0,12,37,WebApplication;FAQPage;BreadcrumbList;HowTo,5,false,false,true,false,false,false,true,none detected,INDEXABLE,true,none
https://waterbalancetools.com/programmatic/hot-tubs/hot-tub-chemicals-for-400-gallons,programmatic/hot-tubs/hot-tub-chemicals-for-400-gallons.html,programmatic-longtail,programmatic/hot-tubs,programmatic,generate-hot-tub-pages.js,Hot Tub Chemicals for 400 Gallons (Dosing Guide) | Pool Water Chemistry Guide | WaterBalanceTools,What Chemicals Do You Need for a 400 Gallon Hot Tub?,Sanitizer dosing for a 400-gallon spa. Get exact chlorine reference and calculators—safe hot tub water chemistry.,https://waterbalancetools.com/programmatic/hot-tubs/hot-tub-chemicals-for-400-gallons,"index, follow",638,638,21,37,0,14,37,WebApplication;FAQPage;BreadcrumbList;HowTo,5,false,false,true,false,false,false,true,none detected,INDEXABLE,true,none
https://waterbalancetools.com/programmatic/hot-tubs/hot-tub-chemicals-for-500-gallons,programmatic/hot-tubs/hot-tub-chemicals-for-500-gallons.html,programmatic-longtail,programmatic/hot-tubs,programmatic,generate-hot-tub-pages.js,Hot Tub Chemicals for 500 Gallons (Dosing Guide) | Pool Water Chemistry Guide | WaterBalanceTools,What Chemicals Do You Need for a 500 Gallon Hot Tub?,Sanitizer dosing for a 500-gallon spa. Get exact chlorine reference and calculators—safe hot tub water chemistry.,https://waterbalancetools.com/programmatic/hot-tubs/hot-tub-chemicals-for-500-gallons,"index, follow",640,640,21,37,0,10,37,WebApplication;FAQPage;BreadcrumbList;HowTo,5,false,false,true,false,false,false,true,none detected,INDEXABLE,true,none
https://waterbalancetools.com/programmatic/hot-tubs/hot-tub-chemicals-for-600-gallons,programmatic/hot-tubs/hot-tub-chemicals-for-600-gallons.html,programmatic-longtail,programmatic/hot-tubs,programmatic,generate-hot-tub-pages.js,Hot Tub Chemicals for 600 Gallons (Dosing Guide) | Pool Water Chemistry Guide | WaterBalanceTools,What Chemicals Do You Need for a 600 Gallon Hot Tub?,Sanitizer dosing for a 600-gallon spa. Get exact chlorine reference and calculators—safe hot tub water chemistry.,https://waterbalancetools.com/programmatic/hot-tubs/hot-tub-chemicals-for-600-gallons,"index, follow",645,645,21,37,0,11,37,WebApplication;FAQPage;BreadcrumbList;HowTo,5,false,false,true,false,false,false,true,none detected,INDEXABLE,true,none
https://waterbalancetools.com/programmatic/hot-tubs/,programmatic/hot-tubs/index.html,programmatic-subhub,programmatic/hot-tubs,programmatic,generate-hot-tub-pages.js,Programmatic Hot Tub Hub | WaterBalanceTools,Programmatic Hot Tub Hub,Programmatic hot tub chemistry pages organized by spa volume.,https://waterbalancetools.com/programmatic/hot-tubs,"index, follow",532,532,9,69,0,11,69,BreadcrumbList;CollectionPage,0,false,false,true,false,false,false,false,none detected,INDEXABLE,true,none
https://waterbalancetools.com/programmatic/,programmatic/index.html,programmatic-hub,programmatic,programmatic,generate-question-pages.js (misc programmatic),Programmatic Hub | WaterBalanceTools,Programmatic Hub,Programmatic knowledge pages grouped by recurring calculation patterns.,https://waterbalancetools.com/programmatic,"index, follow",567,567,9,78,0,45,78,BreadcrumbList;CollectionPage,0,false,false,true,false,false,false,false,none detected,INDEXABLE,true,none
https://waterbalancetools.com/programmatic/ph/how-to-adjust-ph-from-6-8-to-7-2,programmatic/ph/how-to-adjust-ph-from-6-8-to-7-2.html,programmatic-longtail,programmatic/ph,programmatic,generate-ph-pages.js,How to Adjust Pool pH from 6.8 to 7.2 (Safe Steps) | Pool Water Chemistry Guide | WaterBalanceTools,How Do You Adjust Pool pH from 6.8 to 7.2?,Adjust pool pH from 6.8 to 7.2. Use the calculator for exact ounces and stable pH balance.,https://waterbalancetools.com/programmatic/ph/how-to-adjust-ph-from-6-8-to-7-2,"index, follow",616,616,21,36,0,10,36,WebApplication;FAQPage;BreadcrumbList;HowTo,5,false,false,true,false,false,false,true,none detected,INDEXABLE,true,none
https://waterbalancetools.com/programmatic/ph/how-to-adjust-ph-from-7-8-to-7-4,programmatic/ph/how-to-adjust-ph-from-7-8-to-7-4.html,programmatic-longtail,programmatic/ph,programmatic,generate-ph-pages.js,How to Adjust Pool pH from 7.8 to 7.4 (Safe Steps) | Pool Water Chemistry Guide | WaterBalanceTools,How Do You Adjust Pool pH from 7.8 to 7.4?,Adjust pool pH from 7.8 to 7.4. Use the calculator for exact ounces and stable pH balance.,https://waterbalancetools.com/programmatic/ph/how-to-adjust-ph-from-7-8-to-7-4,"index, follow",600,600,21,36,0,11,36,WebApplication;FAQPage;BreadcrumbList;HowTo,5,false,false,true,false,false,false,true,none detected,INDEXABLE,true,none
https://waterbalancetools.com/programmatic/ph/how-to-adjust-ph-from-7-to-7-4,programmatic/ph/how-to-adjust-ph-from-7-to-7-4.html,programmatic-longtail,programmatic/ph,programmatic,generate-ph-pages.js,How to Adjust Pool pH from 7 to 7.4 (Safe Steps) | Pool Water Chemistry Guide | WaterBalanceTools,How Do You Adjust Pool pH from 7 to 7.4?,Adjust pool pH from 7 to 7.4. Use the calculator for exact ounces and stable pH balance.,https://waterbalancetools.com/programmatic/ph/how-to-adjust-ph-from-7-to-7-4,"index, follow",616,616,21,36,0,12,36,WebApplication;FAQPage;BreadcrumbList;HowTo,5,false,false,true,false,false,false,true,none detected,INDEXABLE,true,none
https://waterbalancetools.com/programmatic/ph/how-to-adjust-ph-from-8-to-7-5,programmatic/ph/how-to-adjust-ph-from-8-to-7-5.html,programmatic-longtail,programmatic/ph,programmatic,generate-ph-pages.js,How to Adjust Pool pH from 8 to 7.5 (Safe Steps) | Pool Water Chemistry Guide | WaterBalanceTools,How Do You Adjust Pool pH from 8 to 7.5?,Adjust pool pH from 8 to 7.5. Use the calculator for exact ounces and stable pH balance.,https://waterbalancetools.com/programmatic/ph/how-to-adjust-ph-from-8-to-7-5,"index, follow",602,602,21,36,0,15,36,WebApplication;FAQPage;BreadcrumbList;HowTo,5,false,false,true,false,false,false,true,none detected,INDEXABLE,true,none
https://waterbalancetools.com/programmatic/ph/,programmatic/ph/index.html,programmatic-subhub,programmatic/ph,programmatic,generate-ph-pages.js,Programmatic pH Hub | WaterBalanceTools,Programmatic pH Hub,Programmatic pH adjustment pages and correction scenarios.,https://waterbalancetools.com/programmatic/ph,"index, follow",519,519,9,66,0,8,66,BreadcrumbList;CollectionPage,0,false,false,true,false,false,false,false,none detected,INDEXABLE,true,none
https://waterbalancetools.com/programmatic/problems/cloudy-pool-fix,programmatic/problems/cloudy-pool-fix.html,programmatic-longtail,programmatic/problems,programmatic,generate-question-pages.js (misc programmatic),Cloudy Pool Fix (Clear Water Fast) | Pool Water Chemistry Guide | WaterBalanceTools,How Do You Fix a Cloudy Pool?,"Clear cloudy water with filtration, pH balance, and targeted chemistry. Practical steps—test before you dump chemicals.",https://waterbalancetools.com/programmatic/problems/cloudy-pool-fix,"index, follow",585,585,20,33,0,16,33,WebApplication;FAQPage;HowTo;BreadcrumbList,5,false,false,true,false,false,false,false,none detected,INDEXABLE,true,none
https://waterbalancetools.com/programmatic/problems/green-pool-how-much-chlorine,programmatic/problems/green-pool-how-much-chlorine.html,programmatic-longtail,programmatic/problems,programmatic,generate-question-pages.js (misc programmatic),Fix a Green Pool Fast (Chlorine Guide) | Pool Water Chemistry Guide | WaterBalanceTools,How Much Chlorine Do You Need to Fix a Green Pool?,Shock algae with the right chlorine dose and filtration. Step-by-step guide plus calculators—clear water faster.,https://waterbalancetools.com/programmatic/problems/green-pool-how-much-chlorine,"index, follow",608,608,20,33,0,22,33,WebApplication;FAQPage;HowTo;BreadcrumbList,5,false,false,true,false,false,false,false,none detected,INDEXABLE,true,none
https://waterbalancetools.com/programmatic/problems/high-chlorine-how-to-lower,programmatic/problems/high-chlorine-how-to-lower.html,programmatic-longtail,programmatic/problems,programmatic,generate-question-pages.js (misc programmatic),How to Lower High Chlorine Fast (Safe Method) | Pool Water Chemistry Guide | WaterBalanceTools,How Do You Lower High Chlorine in a Pool?,"Bring high chlorine down safely with dilution, time, and circulation. Know when you can swim again.",https://waterbalancetools.com/programmatic/problems/high-chlorine-how-to-lower,"index, follow",566,566,20,33,0,16,33,WebApplication;FAQPage;HowTo;BreadcrumbList,5,false,false,true,false,false,false,false,none detected,INDEXABLE,true,none
https://waterbalancetools.com/programmatic/problems/,programmatic/problems/index.html,programmatic-subhub,programmatic/problems,programmatic,generate-hub-pages.js,Programmatic Problems Hub | WaterBalanceTools,Programmatic Problems Hub,Problem-resolution playbooks generated from recurring chemistry failures.,https://waterbalancetools.com/programmatic/problems,"index, follow",441,441,9,66,0,7,66,BreadcrumbList;CollectionPage,0,false,false,true,false,false,false,false,none detected,INDEXABLE,true,none
https://waterbalancetools.com/programmatic/problems/low-alkalinity-symptoms,programmatic/problems/low-alkalinity-symptoms.html,programmatic-longtail,programmatic/problems,programmatic,generate-question-pages.js (misc programmatic),Low Alkalinity Symptoms (Fix TA Safely) | Pool Water Chemistry Guide | WaterBalanceTools,What Are the Symptoms of Low Alkalinity in a Pool?,Spot low total alkalinity early—stop pH bounce and protect surfaces. Dosing steps plus alkalinity calculator.,https://waterbalancetools.com/programmatic/problems/low-alkalinity-symptoms,"index, follow",563,563,20,31,0,20,31,WebApplication;FAQPage;HowTo;BreadcrumbList,5,false,false,true,false,false,false,false,none detected,INDEXABLE,true,none
https://waterbalancetools.com/programmatic/shock/how-much-shock-for-10000-gallon-pool,programmatic/shock/how-much-shock-for-10000-gallon-pool.html,programmatic-longtail,programmatic/shock,programmatic,generate-question-pages.js (misc programmatic),How Much Shock for 10000 Gallon Pool (Exact Ounces) | Pool Water Chemistry Guide | WaterBalanceTools,"How Much Shock Do You Need for a 10,000 Gallon Pool?","Get granular shock ounces for a 10,000-gallon pool. Fast dosing table plus calculator—avoid guesswork.",https://waterbalancetools.com/programmatic/shock/how-much-shock-for-10000-gallon-pool,"index, follow",645,645,21,38,0,23,38,WebApplication;FAQPage;BreadcrumbList;HowTo,5,false,false,true,false,false,false,true,none detected,INDEXABLE,true,none
https://waterbalancetools.com/programmatic/shock/how-much-shock-for-15000-gallon-pool,programmatic/shock/how-much-shock-for-15000-gallon-pool.html,programmatic-longtail,programmatic/shock,programmatic,generate-question-pages.js (misc programmatic),How Much Shock for 15000 Gallon Pool (Exact Ounces) | Pool Water Chemistry Guide | WaterBalanceTools,"How Much Shock Do You Need for a 15,000 Gallon Pool?","Get granular shock ounces for a 15,000-gallon pool. Fast dosing table plus calculator—avoid guesswork.",https://waterbalancetools.com/programmatic/shock/how-much-shock-for-15000-gallon-pool,"index, follow",651,651,21,38,0,15,38,WebApplication;FAQPage;BreadcrumbList;HowTo,5,false,false,true,false,false,false,true,none detected,INDEXABLE,true,none
https://waterbalancetools.com/programmatic/shock/how-much-shock-for-20000-gallon-pool,programmatic/shock/how-much-shock-for-20000-gallon-pool.html,programmatic-longtail,programmatic/shock,programmatic,generate-question-pages.js (misc programmatic),How Much Shock for 20000 Gallon Pool (Exact Ounces) | Pool Water Chemistry Guide | WaterBalanceTools,"How Much Shock Do You Need for a 20,000 Gallon Pool?","Get granular shock ounces for a 20,000-gallon pool. Fast dosing table plus calculator—avoid guesswork.",https://waterbalancetools.com/programmatic/shock/how-much-shock-for-20000-gallon-pool,"index, follow",645,645,21,38,0,14,38,WebApplication;FAQPage;BreadcrumbList;HowTo,5,false,false,true,false,false,false,true,none detected,INDEXABLE,true,none
https://waterbalancetools.com/programmatic/shock/how-much-shock-for-25000-gallon-pool,programmatic/shock/how-much-shock-for-25000-gallon-pool.html,programmatic-longtail,programmatic/shock,programmatic,generate-question-pages.js (misc programmatic),How Much Shock for 25000 Gallon Pool (Exact Ounces) | Pool Water Chemistry Guide | WaterBalanceTools,"How Much Shock Do You Need for a 25,000 Gallon Pool?","Get granular shock ounces for a 25,000-gallon pool. Fast dosing table plus calculator—avoid guesswork.",https://waterbalancetools.com/programmatic/shock/how-much-shock-for-25000-gallon-pool,"index, follow",649,649,21,38,0,15,38,WebApplication;FAQPage;BreadcrumbList;HowTo,5,false,false,true,false,false,false,true,none detected,INDEXABLE,true,none
https://waterbalancetools.com/programmatic/shock/how-much-shock-for-30000-gallon-pool,programmatic/shock/how-much-shock-for-30000-gallon-pool.html,programmatic-longtail,programmatic/shock,programmatic,generate-question-pages.js (misc programmatic),How Much Shock for 30000 Gallon Pool (Exact Ounces) | Pool Water Chemistry Guide | WaterBalanceTools,"How Much Shock Do You Need for a 30,000 Gallon Pool?","Get granular shock ounces for a 30,000-gallon pool. Fast dosing table plus calculator—avoid guesswork.",https://waterbalancetools.com/programmatic/shock/how-much-shock-for-30000-gallon-pool,"index, follow",642,642,21,38,0,14,38,WebApplication;FAQPage;BreadcrumbList;HowTo,5,false,false,true,false,false,false,true,none detected,INDEXABLE,true,none
https://waterbalancetools.com/programmatic/shock/how-much-shock-for-5000-gallon-pool,programmatic/shock/how-much-shock-for-5000-gallon-pool.html,programmatic-longtail,programmatic/shock,programmatic,generate-question-pages.js (misc programmatic),How Much Shock for 5000 Gallon Pool (Exact Ounces) | Pool Water Chemistry Guide | WaterBalanceTools,"How Much Shock Do You Need for a 5,000 Gallon Pool?","Get granular shock ounces for a 5,000-gallon pool. Fast dosing table plus calculator—avoid guesswork.",https://waterbalancetools.com/programmatic/shock/how-much-shock-for-5000-gallon-pool,"index, follow",649,649,21,38,0,13,38,WebApplication;FAQPage;BreadcrumbList;HowTo,5,false,false,true,false,false,false,true,none detected,INDEXABLE,true,none
https://waterbalancetools.com/programmatic/shock/,programmatic/shock/index.html,programmatic-subhub,programmatic/shock,programmatic,generate-hub-pages.js,Programmatic Shock Hub | WaterBalanceTools,Programmatic Shock Hub,Programmatic shock dosing pages by pool volume and event type.,https://waterbalancetools.com/programmatic/shock,"index, follow",608,608,9,72,0,10,72,BreadcrumbList;CollectionPage,0,false,false,true,false,false,false,false,none detected,INDEXABLE,true,none
https://waterbalancetools.com/provenance/,provenance/index.html,provenance,provenance,trust,generate-hub-pages.js / generate-hubs.js,Data Provenance | WaterBalanceTools,Data Provenance,Provenance for all canonical datasets used on WaterBalanceTools.,https://waterbalancetools.com/provenance/,"index, follow",228,228,1,17,0,15,17,,0,false,false,true,false,false,false,true,none detected,INDEXABLE,true,none
https://waterbalancetools.com/qa/certification,qa/certification.html,qa-internal,qa,trust,unknown / manual,Certification | WaterBalanceTools QA,Platform Certification,,https://waterbalancetools.com/qa/certification,"noindex, nofollow",98,98,3,0,0,3,0,,0,false,false,false,false,false,false,true,none detected,NOINDEX,false,none
https://waterbalancetools.com/qa/,qa/index.html,qa-internal,qa,trust,generate-hub-pages.js / generate-hubs.js,QA Dashboard | WaterBalanceTools QA,QA Certification Dashboard,,https://waterbalancetools.com/qa,"noindex, nofollow",171,171,3,13,0,15,13,,0,false,false,false,false,false,false,true,none detected,NOINDEX,false,none
https://waterbalancetools.com/reference/alkalinity-table,reference/alkalinity-table.html,reference-page,reference,reference,generate-reference.js,Pool Alkalinity Adjustment Table | Reference | WaterBalanceTools,Pool Alkalinity Adjustment Table,Reference table for how much sodium bicarbonate to add to raise total alkalinity and how much acid to add to lower it.,https://waterbalancetools.com/reference/alkalinity-table,"index, follow",229,229,5,20,0,35,20,BreadcrumbList,0,false,false,true,false,true,true,true,calculator interaction,INDEXABLE,true,none
https://waterbalancetools.com/reference/calcium-hardness-explained,reference/calcium-hardness-explained.html,reference-page,reference,reference,generate-reference.js,Calcium Hardness in Pools Explained | WaterBalanceTools,Calcium Hardness in Pools Explained,"Calcium hardness in pools explained: ideal range 200–400 ppm, what low and high calcium does to surfaces and water, and how to adjust it safely.",https://waterbalancetools.com/reference/calcium-hardness-explained,"index, follow",898,898,16,32,0,3,32,BreadcrumbList;DefinedTerm;FAQPage,0,true,true,true,false,false,false,true,none detected,INDEXABLE,true,none
https://waterbalancetools.com/reference/calculator-directory,reference/calculator-directory.html,reference-page,reference,reference,generate-reference.js,Pool & Spa Calculator Directory | Reference | WaterBalanceTools,Pool & Spa Calculator Directory,"Complete directory of all pool and spa calculators on WaterBalanceTools, organized by category.",https://waterbalancetools.com/reference/calculator-directory,"index, follow",246,246,5,20,0,3,20,BreadcrumbList,0,false,false,true,false,true,true,true,calculator interaction,INDEXABLE,true,none
https://waterbalancetools.com/reference/chemical-compatibility,reference/chemical-compatibility.html,reference-page,reference,reference,generate-reference.js,Pool Chemical Compatibility Guide | Reference | WaterBalanceTools,Pool Chemical Compatibility Guide,Reference guide for which pool chemicals are compatible and which combinations must never be mixed.,https://waterbalancetools.com/reference/chemical-compatibility,"index, follow",238,238,4,19,0,9,19,BreadcrumbList,0,false,false,true,false,true,false,true,none detected,INDEXABLE,true,none
https://waterbalancetools.com/reference/chemical-conversion-tables,reference/chemical-conversion-tables.html,reference-page,reference,reference,generate-reference.js,Pool Chemical Conversion Tables | Reference | WaterBalanceTools,Pool Chemical Conversion Tables,"Conversion tables for common pool chemistry measurements including ounces to grams, gallons to liters, and ppm conversions.",https://waterbalancetools.com/reference/chemical-conversion-tables,"index, follow",154,154,6,20,0,13,20,BreadcrumbList,0,false,false,true,false,true,true,true,calculator interaction,INDEXABLE,true,none
https://waterbalancetools.com/reference/chemical-safety,reference/chemical-safety.html,reference-page,reference,reference,generate-reference.js,Pool Chemical Safety Guide | Reference | WaterBalanceTools,Pool Chemical Safety Guide,"Essential safety guidelines for handling, adding, and storing pool chemicals — including what to do in case of exposure.",https://waterbalancetools.com/reference/chemical-safety,"index, follow",324,324,5,19,0,6,19,BreadcrumbList,0,false,false,true,false,true,false,false,none detected,INDEXABLE,true,none
https://waterbalancetools.com/reference/chemical-storage-guide,reference/chemical-storage-guide.html,reference-page,reference,reference,generate-reference.js,Pool Chemical Storage Guide | Reference | WaterBalanceTools,Pool Chemical Storage Guide,"Safe storage requirements for pool and spa chemicals, including temperature limits, separation rules, and container requirements.",https://waterbalancetools.com/reference/chemical-storage-guide,"index, follow",274,274,3,19,0,5,19,BreadcrumbList,0,false,false,true,false,true,false,true,none detected,INDEXABLE,true,none
https://waterbalancetools.com/reference/chlorine-effectiveness-chart,reference/chlorine-effectiveness-chart.html,reference-page,reference,reference,generate-reference.js,Chlorine Effectiveness vs. pH | Reference | WaterBalanceTools,Chlorine Effectiveness vs. pH,Reference chart showing the percentage of free chlorine in its active form (hypochlorous acid) at different pH levels.,https://waterbalancetools.com/reference/chlorine-effectiveness-chart,"index, follow",207,207,4,21,0,6,21,BreadcrumbList,0,false,false,true,false,true,true,true,calculator interaction,INDEXABLE,true,none
https://waterbalancetools.com/reference/chlorine-explained,reference/chlorine-explained.html,reference-page,reference,reference,generate-reference.js,Chlorine in Pools Explained | WaterBalanceTools,Chlorine in Pools Explained,"Chlorine in pools explained: free chlorine vs combined chlorine vs total chlorine, ideal ranges 1–3 ppm, what causes it to drop, and how to maintain it.",https://waterbalancetools.com/reference/chlorine-explained,"index, follow",877,877,16,35,0,10,35,BreadcrumbList;DefinedTerm;FAQPage,0,true,true,true,false,false,false,true,none detected,INDEXABLE,true,none
https://waterbalancetools.com/reference/combined-chlorine-explained,reference/combined-chlorine-explained.html,reference-page,reference,reference,generate-reference.js,Combined Chlorine (Chloramines) Explained | WaterBalanceTools,Combined Chlorine (Chloramines) Explained,"Combined chlorine (chloramines) explained: what causes it, why it causes pool smell and eye irritation, the 0.5 ppm limit, and how to eliminate it with break...",https://waterbalancetools.com/reference/combined-chlorine-explained,"index, follow",950,950,16,34,0,7,34,BreadcrumbList;DefinedTerm;FAQPage,0,true,true,true,false,false,false,true,none detected,INDEXABLE,true,none
https://waterbalancetools.com/reference/common-pool-chemistry-mistakes,reference/common-pool-chemistry-mistakes.html,reference-page,reference,reference,generate-reference.js,Common Pool Chemistry Mistakes | WaterBalanceTools,Common Pool Chemistry Mistakes,"Common pool chemistry mistakes: too much chlorine, ignoring alkalinity, wrong pH adjustment. How to avoid them with our calculators.",https://waterbalancetools.com/reference/common-pool-chemistry-mistakes,"index, follow",228,228,11,38,0,6,38,BreadcrumbList,0,false,false,true,false,false,false,false,none detected,INDEXABLE,true,none
https://waterbalancetools.com/reference/cya-matrix,reference/cya-matrix.html,reference-page,reference,reference,generate-reference.js,CYA Level and Minimum Free Chlorine Matrix | Reference | WaterBalanceTools,CYA Level and Minimum Free Chlorine Matrix,Reference table showing the minimum free chlorine required at each CYA level to maintain effective sanitisation.,https://waterbalancetools.com/reference/cya-matrix,"index, follow",224,224,4,21,0,8,21,BreadcrumbList,0,false,false,true,false,true,true,true,calculator interaction,INDEXABLE,true,none
https://waterbalancetools.com/reference/cyanuric-acid-explained,reference/cyanuric-acid-explained.html,reference-page,reference,reference,generate-reference.js,Cyanuric Acid (CYA / Stabilizer) Explained | WaterBalanceTools,Cyanuric Acid (CYA / Stabilizer) Explained,"Cyanuric acid (CYA) explained: how pool stabilizer protects chlorine from UV, ideal range 30–50 ppm, what chlorine lock is, and how to lower CYA.",https://waterbalancetools.com/reference/cyanuric-acid-explained,"index, follow",953,953,16,35,0,6,35,BreadcrumbList;DefinedTerm;FAQPage,0,true,true,true,false,false,false,true,none detected,INDEXABLE,true,none
https://waterbalancetools.com/reference/datasets/chemical-properties/,reference/datasets/chemical-properties/index.html,dataset-page,reference/datasets,reference,generate-datasets.js,Chemical Properties | WaterBalanceTools Datasets | WaterBalanceTools,🔬 Chemical Properties,"Formula, purpose, safety notes, and cross-references for each chemical compound.",https://waterbalancetools.com/reference/datasets/chemical-properties/,noindex,1056,1056,5,7,0,5,7,,0,false,false,true,false,true,false,true,none detected,NOINDEX,false,none
https://waterbalancetools.com/reference/datasets/chemical-ranges/,reference/datasets/chemical-ranges/index.html,dataset-page,reference/datasets,reference,generate-datasets.js,Chemical Ranges | WaterBalanceTools Datasets | WaterBalanceTools,⚗ Chemical Ranges,"Target, warning, and critical bounds for all chemical parameters by pool type.",https://waterbalancetools.com/reference/datasets/chemical-ranges/,noindex,961,961,5,17,0,21,17,,0,false,false,true,false,true,false,true,none detected,NOINDEX,false,none
https://waterbalancetools.com/reference/datasets/compatibility/,reference/datasets/compatibility/index.html,dataset-page,reference/datasets,reference,generate-datasets.js,Compatibility | WaterBalanceTools Datasets | WaterBalanceTools,⚠ Compatibility,"Chemical safety matrix: safe, avoid, and never-mix pairings.",https://waterbalancetools.com/reference/datasets/compatibility/,noindex,650,650,5,7,0,5,7,,0,false,false,true,false,true,false,true,none detected,NOINDEX,false,none
https://waterbalancetools.com/reference/datasets/confidence-levels/,reference/datasets/confidence-levels/index.html,dataset-page,reference/datasets,reference,generate-datasets.js,Confidence Levels | WaterBalanceTools Datasets | WaterBalanceTools,✅ Confidence Levels,Reusable confidence definitions for calculators and reference pages.,https://waterbalancetools.com/reference/datasets/confidence-levels/,noindex,266,266,5,7,0,5,7,,0,false,false,true,false,true,false,true,none detected,NOINDEX,false,none
https://waterbalancetools.com/reference/datasets/conversion-factors/,reference/datasets/conversion-factors/index.html,dataset-page,reference/datasets,reference,generate-datasets.js,Conversion Factors | WaterBalanceTools Datasets | WaterBalanceTools,↔ Conversion Factors,All unit conversion factors. Single source of truth. Never duplicated.,https://waterbalancetools.com/reference/datasets/conversion-factors/,noindex,406,406,5,12,0,13,12,,0,false,false,true,false,true,false,true,none detected,NOINDEX,false,none
https://waterbalancetools.com/reference/datasets/dosage-matrices/,reference/datasets/dosage-matrices/index.html,dataset-page,reference/datasets,reference,generate-datasets.js,Dosage Matrices | WaterBalanceTools Datasets | WaterBalanceTools,🧪 Dosage Matrices,Product dosage coefficients for all supported pool chemicals.,https://waterbalancetools.com/reference/datasets/dosage-matrices/,noindex,780,780,5,17,0,19,17,,0,false,false,true,false,true,false,true,none detected,NOINDEX,false,none
https://waterbalancetools.com/reference/datasets/hot-tub-ranges/,reference/datasets/hot-tub-ranges/index.html,dataset-page,reference/datasets,reference,generate-datasets.js,Hot Tub Ranges | WaterBalanceTools Datasets | WaterBalanceTools,♨ Hot Tub Ranges,Chemical ranges specific to hot tubs and spas.,https://waterbalancetools.com/reference/datasets/hot-tub-ranges/,noindex,209,209,5,7,0,4,7,,0,false,false,true,false,true,false,true,none detected,NOINDEX,false,none
https://waterbalancetools.com/reference/datasets/,reference/datasets/index.html,dataset-page,reference/datasets,reference,generate-datasets.js,Canonical Datasets | WaterBalanceTools Datasets | WaterBalanceTools,Canonical Dataset Documentation,"All canonical datasets for WaterBalanceTools — chemical ranges, dosage matrices, units, conversion factors, and more.",https://waterbalancetools.com/reference/datasets/,noindex,240,240,16,18,0,25,18,,0,false,false,true,false,false,false,false,none detected,NOINDEX,false,none
https://waterbalancetools.com/reference/datasets/maintenance-schedules/,reference/datasets/maintenance-schedules/index.html,dataset-page,reference/datasets,reference,generate-datasets.js,Maintenance Schedules | WaterBalanceTools Datasets | WaterBalanceTools,🗓 Maintenance Schedules,Reusable structured maintenance schedules by pool type.,https://waterbalancetools.com/reference/datasets/maintenance-schedules/,noindex,432,432,5,7,0,3,7,,0,false,false,true,false,true,false,true,none detected,NOINDEX,false,none
https://waterbalancetools.com/reference/datasets/pool-types/,reference/datasets/pool-types/index.html,dataset-page,reference/datasets,reference,generate-datasets.js,Pool Types | WaterBalanceTools Datasets | WaterBalanceTools,🏊 Pool Types,Canonical pool type definitions with chemistry implications.,https://waterbalancetools.com/reference/datasets/pool-types/,noindex,261,261,5,7,0,3,7,,0,false,false,true,false,true,false,true,none detected,NOINDEX,false,none
https://waterbalancetools.com/reference/datasets/temperature-guidelines/,reference/datasets/temperature-guidelines/index.html,dataset-page,reference/datasets,reference,generate-datasets.js,Temperature Guidelines | WaterBalanceTools Datasets | WaterBalanceTools,🌡 Temperature Guidelines,Safe and recommended water temperature ranges by pool type.,https://waterbalancetools.com/reference/datasets/temperature-guidelines/,noindex,332,332,5,7,0,2,7,,0,false,false,true,false,true,false,true,none detected,NOINDEX,false,none
https://waterbalancetools.com/reference/datasets/testing-frequency/,reference/datasets/testing-frequency/index.html,dataset-page,reference/datasets,reference,generate-datasets.js,Testing Frequency | WaterBalanceTools Datasets | WaterBalanceTools,📅 Testing Frequency,Recommended testing intervals by pool type and scenario.,https://waterbalancetools.com/reference/datasets/testing-frequency/,noindex,343,343,5,7,0,2,7,,0,false,false,true,false,true,false,true,none detected,NOINDEX,false,none
https://waterbalancetools.com/reference/datasets/units/,reference/datasets/units/index.html,dataset-page,reference/datasets,reference,generate-datasets.js,Units | WaterBalanceTools Datasets | WaterBalanceTools,📏 Units,Canonical definitions for every unit of measurement used on the platform.,https://waterbalancetools.com/reference/datasets/units/,noindex,483,483,5,8,0,4,8,,0,false,false,true,false,true,false,true,none detected,NOINDEX,false,none
https://waterbalancetools.com/reference/datasets/version/,reference/datasets/version/index.html,dataset-page,reference/datasets,reference,generate-datasets.js,Version Registry | WaterBalanceTools Datasets | WaterBalanceTools,📦 Version Registry,Version tracking for all canonical datasets and build metadata.,https://waterbalancetools.com/reference/datasets/version/,noindex,160,160,5,7,0,2,7,,0,false,false,true,false,false,false,true,none detected,NOINDEX,false,none
https://waterbalancetools.com/reference/datasets/water-balance/,reference/datasets/water-balance/index.html,dataset-page,reference/datasets,reference,generate-datasets.js,Water Balance (LSI) | WaterBalanceTools Datasets | WaterBalanceTools,⚖ Water Balance (LSI),Langelier Saturation Index factors and interpretation table.,https://waterbalancetools.com/reference/datasets/water-balance/,noindex,295,295,5,8,0,4,8,,0,false,false,true,false,true,false,true,none detected,NOINDEX,false,none
https://waterbalancetools.com/reference/datasets/water-problems/,reference/datasets/water-problems/index.html,dataset-page,reference/datasets,reference,generate-datasets.js,Water Problems | WaterBalanceTools Datasets | WaterBalanceTools,🚨 Water Problems,Diagnostic entries for common water quality problems with resolution guidance.,https://waterbalancetools.com/reference/datasets/water-problems/,noindex,436,436,5,7,0,2,7,,0,false,false,true,false,true,false,true,none detected,NOINDEX,false,none
https://waterbalancetools.com/reference/emergency-recovery,reference/emergency-recovery.html,reference-page,reference,reference,generate-reference.js,Emergency Pool Recovery Protocol | Reference | WaterBalanceTools,Emergency Pool Recovery Protocol,Step-by-step emergency recovery protocol for pools and hot tubs discovered with severely compromised water chemistry.,https://waterbalancetools.com/reference/emergency-recovery,"index, follow",330,330,6,21,0,5,21,BreadcrumbList,0,false,false,true,false,true,true,false,calculator interaction,INDEXABLE,true,none
https://waterbalancetools.com/reference/filter-comparison,reference/filter-comparison.html,reference-page,reference,reference,generate-reference.js,Pool Filter Type Comparison | Reference | WaterBalanceTools,Pool Filter Type Comparison,"Side-by-side comparison of sand, cartridge, and DE pool filters across filtration quality, maintenance, cost, and best use cases.",https://waterbalancetools.com/reference/filter-comparison,"index, follow",207,207,4,20,0,7,20,BreadcrumbList,0,false,false,true,false,true,true,true,calculator interaction,INDEXABLE,true,none
https://waterbalancetools.com/reference/free-chlorine-explained,reference/free-chlorine-explained.html,reference-page,reference,reference,generate-reference.js,Free Chlorine Explained | WaterBalanceTools,Free Chlorine Explained,"Free chlorine explained: what it is, why it's the only active sanitizer, how pH affects it, target range 1–3 ppm, and how to test and maintain it.",https://waterbalancetools.com/reference/free-chlorine-explained,"index, follow",896,896,16,36,0,7,36,BreadcrumbList;DefinedTerm;FAQPage,0,true,true,true,false,false,false,true,none detected,INDEXABLE,true,none
https://waterbalancetools.com/reference/ideal-pool-levels,reference/ideal-pool-levels.html,reference-page,reference,reference,generate-reference.js,Ideal Pool Chemical Levels | Reference | WaterBalanceTools,Ideal Pool Chemical Levels,"Complete reference table for target ranges of all pool water chemistry parameters — chlorine, pH, alkalinity, hardness, CYA, salt, and ORP.",https://waterbalancetools.com/reference/ideal-pool-levels,"index, follow",248,248,5,20,0,24,20,BreadcrumbList,0,false,false,true,false,true,true,true,calculator interaction,INDEXABLE,true,none
https://waterbalancetools.com/reference/ideal-spa-levels,reference/ideal-spa-levels.html,reference-page,reference,reference,generate-reference.js,Ideal Spa & Hot Tub Chemical Levels | Reference | WaterBalanceTools,Ideal Spa & Hot Tub Chemical Levels,"Target ranges for all hot tub and spa water chemistry parameters — chlorine, bromine, pH, alkalinity, hardness, and TDS.",https://waterbalancetools.com/reference/ideal-spa-levels,"index, follow",183,183,4,21,0,13,21,BreadcrumbList,0,false,false,true,false,true,true,true,calculator interaction,INDEXABLE,true,none
https://waterbalancetools.com/reference/,reference/index.html,reference-hub,reference,reference,generate-reference.js,Pool Chemistry Reference | WaterBalanceTools,Pool Chemistry Reference,"Reference tables, target ranges, and chemical data for pool and hot tub water chemistry. Ideal ranges for chlorine, pH, alkalinity, hardness, and CYA.",https://waterbalancetools.com/reference,"index, follow",254,254,4,91,0,77,91,BreadcrumbList,0,false,false,true,false,false,false,false,none detected,INDEXABLE,true,none
https://waterbalancetools.com/reference/ph-table,reference/ph-table.html,reference-page,reference,reference,generate-reference.js,Pool pH Adjustment Reference Table | Reference | WaterBalanceTools,Pool pH Adjustment Reference Table,Reference table for how much muriatic acid or soda ash to add to adjust pool pH by common increments.,https://waterbalancetools.com/reference/ph-table,"index, follow",242,242,5,20,0,14,20,BreadcrumbList,0,false,false,true,false,true,true,true,calculator interaction,INDEXABLE,true,none
https://waterbalancetools.com/reference/pool-chemical-timeline,reference/pool-chemical-timeline.html,reference-page,reference,reference,generate-reference.js,Pool Chemical Timeline | Reference | WaterBalanceTools,Pool Chemical Timeline,Reference guide for how long to wait between chemical additions and before retesting or allowing swimming.,https://waterbalancetools.com/reference/pool-chemical-timeline,"index, follow",237,237,4,20,0,6,20,BreadcrumbList,0,false,false,true,false,true,true,true,calculator interaction,INDEXABLE,true,none
https://waterbalancetools.com/reference/pool-chemicals-explained,reference/pool-chemicals-explained.html,reference-page,reference,reference,generate-reference.js,Pool Chemicals Explained | WaterBalanceTools,Pool Chemicals Explained,"Pool chemicals explained: chlorine, pH increaser, pH reducer, shock, stabilizer. What they do and when to use them.",https://waterbalancetools.com/reference/pool-chemicals-explained,"index, follow",234,234,12,38,0,6,38,BreadcrumbList,0,false,false,true,false,false,false,false,none detected,INDEXABLE,true,none
https://waterbalancetools.com/reference/pool-chemistry-reference,reference/pool-chemistry-reference.html,reference-page,reference,reference,generate-reference.js,Pool Chemistry Reference Guide | WaterBalanceTools,Pool Chemistry Reference Guide,"Pool chemistry reference: ideal ranges for chlorine, pH, alkalinity, calcium, CYA, shock, and temperature—with low/high effects and calculator links.",https://waterbalancetools.com/reference/pool-chemistry-reference,"index, follow",649,649,16,57,0,10,57,BreadcrumbList,0,false,false,true,false,false,false,true,none detected,INDEXABLE,true,none
https://waterbalancetools.com/reference/pool-shape-guide,reference/pool-shape-guide.html,reference-page,reference,reference,generate-reference.js,Pool Shape & Volume Calculation Guide | Reference | WaterBalanceTools,Pool Shape & Volume Calculation Guide,"How to calculate pool volume for different pool shapes: rectangular, L-shaped, oval, kidney, and freeform.",https://waterbalancetools.com/reference/pool-shape-guide,"index, follow",224,224,4,20,0,4,20,BreadcrumbList,0,false,false,true,false,true,true,true,calculator interaction,INDEXABLE,true,none
https://waterbalancetools.com/reference/pool-volume-reference,reference/pool-volume-reference.html,reference-page,reference,reference,generate-reference.js,Pool Volume Quick Reference | Reference | WaterBalanceTools,Pool Volume Quick Reference,"Pre-calculated pool volumes for common rectangular, oval, and round pool dimensions.",https://waterbalancetools.com/reference/pool-volume-reference,"index, follow",177,177,6,21,0,6,21,BreadcrumbList,0,false,false,true,false,true,true,true,calculator interaction,INDEXABLE,true,none
https://waterbalancetools.com/reference/printable-resources-index,reference/printable-resources-index.html,reference-page,reference,reference,generate-reference.js,Printable Pool Resources Index | Reference | WaterBalanceTools,Printable Pool Resources Index,Index of all free printable pool and spa maintenance resources available for download on WaterBalanceTools.,https://waterbalancetools.com/reference/printable-resources-index,"index, follow",132,132,2,19,0,5,19,BreadcrumbList,0,false,false,true,false,true,false,true,none detected,INDEXABLE,true,none
https://waterbalancetools.com/reference/pump-sizing,reference/pump-sizing.html,reference-page,reference,reference,generate-reference.js,Pool Pump Sizing Guide | Reference | WaterBalanceTools,Pool Pump Sizing Guide,Reference guide for calculating the required GPM and selecting the correct pump size for any pool volume and turnover target.,https://waterbalancetools.com/reference/pump-sizing,"index, follow",225,225,5,20,0,9,20,BreadcrumbList,0,false,false,true,false,true,true,true,calculator interaction,INDEXABLE,true,none
https://waterbalancetools.com/reference/recommended-water-temperature,reference/recommended-water-temperature.html,reference-page,reference,reference,generate-reference.js,Recommended Pool & Spa Water Temperature | Reference | WaterBalanceTools,Recommended Pool & Spa Water Temperature,"Recommended temperature ranges for pools, hot tubs, and therapy spas, with safety guidelines and the effect of temperature on water chemistry.",https://waterbalancetools.com/reference/recommended-water-temperature,"index, follow",240,240,5,20,0,8,20,BreadcrumbList,0,false,false,true,false,true,true,true,calculator interaction,INDEXABLE,true,none
https://waterbalancetools.com/reference/salt-matrix,reference/salt-matrix.html,reference-page,reference,reference,generate-reference.js,Salt Pool Level Reference Matrix | Reference | WaterBalanceTools,Salt Pool Level Reference Matrix,Reference table for how many pounds of pool salt are needed to raise salt level by any increment for common pool volumes.,https://waterbalancetools.com/reference/salt-matrix,"index, follow",257,257,5,20,0,8,20,BreadcrumbList,0,false,false,true,false,true,true,true,calculator interaction,INDEXABLE,true,none
https://waterbalancetools.com/reference/salt-water-generator-explained,reference/salt-water-generator-explained.html,reference-page,reference,reference,generate-reference.js,Salt Water Generator (SWG) Explained | WaterBalanceTools,Salt Water Generator (SWG) Explained,"Salt water generator explained: how electrolytic chlorine generation works, salt levels 2700–3400 ppm, chemistry management, pros and cons vs traditional chl...",https://waterbalancetools.com/reference/salt-water-generator-explained,"index, follow",993,993,16,34,0,6,34,BreadcrumbList;DefinedTerm;FAQPage,0,true,true,true,false,false,false,true,none detected,INDEXABLE,true,none
https://waterbalancetools.com/reference/shock-dosage-matrix,reference/shock-dosage-matrix.html,reference-page,reference,reference,generate-reference.js,Shock Dosage Matrix | Reference | WaterBalanceTools,Shock Dosage Matrix,"Reference matrix for pool shock dosage by pool volume and treatment goal — maintenance, breakpoint, and algae recovery.",https://waterbalancetools.com/reference/shock-dosage-matrix,"index, follow",251,251,4,20,0,7,20,BreadcrumbList,0,false,false,true,false,true,true,true,calculator interaction,INDEXABLE,true,none
https://waterbalancetools.com/reference/shock-treatment-explained,reference/shock-treatment-explained.html,reference-page,reference,reference,generate-reference.js,Pool Shock Treatment Explained | WaterBalanceTools,Pool Shock Treatment Explained,"Pool shock treatment explained: what it is, types of shock, how breakpoint chlorination works, when to shock, and how long to wait before swimming.",https://waterbalancetools.com/reference/shock-treatment-explained,"index, follow",928,928,16,35,0,4,35,BreadcrumbList;DefinedTerm;FAQPage,0,true,true,true,false,false,false,true,none detected,INDEXABLE,true,none
https://waterbalancetools.com/reference/testing-frequency,reference/testing-frequency.html,reference-page,reference,reference,generate-reference.js,Pool & Spa Testing Frequency Guide | Reference | WaterBalanceTools,Pool & Spa Testing Frequency Guide,Reference guide for how often to test each pool and spa water chemistry parameter.,https://waterbalancetools.com/reference/testing-frequency,"index, follow",218,218,4,20,0,10,20,BreadcrumbList,0,false,false,true,false,true,true,true,calculator interaction,INDEXABLE,true,none
https://waterbalancetools.com/reference/total-alkalinity-explained,reference/total-alkalinity-explained.html,reference-page,reference,reference,generate-reference.js,Total Alkalinity Explained | WaterBalanceTools,Total Alkalinity Explained,"Total alkalinity explained: how it buffers pH, ideal range 80–120 ppm, symptoms of low and high TA, and how to raise or lower it correctly.",https://waterbalancetools.com/reference/total-alkalinity-explained,"index, follow",886,886,16,34,0,24,34,BreadcrumbList;DefinedTerm;FAQPage,0,true,true,true,false,false,false,true,none detected,INDEXABLE,true,none
https://waterbalancetools.com/reference/vacation-rental-maintenance-schedule,reference/vacation-rental-maintenance-schedule.html,reference-page,reference,reference,generate-reference.js,Vacation Rental Pool Maintenance Schedule | Reference | WaterBalanceTools,Vacation Rental Pool Maintenance Schedule,"Complete maintenance schedule for vacation rental pool and hot tub management, covering daily, turnover, weekly, and monthly tasks.",https://waterbalancetools.com/reference/vacation-rental-maintenance-schedule,"index, follow",231,231,4,20,0,4,20,BreadcrumbList,0,false,false,true,false,true,true,true,calculator interaction,INDEXABLE,true,none
https://waterbalancetools.com/reference/water-balance-checklist,reference/water-balance-checklist.html,reference-page,reference,reference,generate-reference.js,Complete Water Balance Checklist | Reference | WaterBalanceTools,Complete Water Balance Checklist,Step-by-step checklist for balancing pool or hot tub water chemistry from scratch or after a significant chemistry event.,https://waterbalancetools.com/reference/water-balance-checklist,"index, follow",231,231,4,20,0,6,20,BreadcrumbList,0,false,false,true,false,true,true,false,calculator interaction,INDEXABLE,true,none
https://waterbalancetools.com/reference/water-replacement-guidelines,reference/water-replacement-guidelines.html,reference-page,reference,reference,generate-reference.js,Pool Water Replacement Guidelines | Reference | WaterBalanceTools,Pool Water Replacement Guidelines,"Reference guide for when to replace pool or hot tub water, including CYA, TDS, hardness, and other trigger conditions.",https://waterbalancetools.com/reference/water-replacement-guidelines,"index, follow",245,245,5,21,0,7,21,BreadcrumbList,0,false,false,true,false,true,true,true,calculator interaction,INDEXABLE,true,none
https://waterbalancetools.com/releases/1.0.0,releases/1.0.0.html,release-notes,releases,trust,manual / release notes,Release 1.0.0 — Foundation | WaterBalanceTools,Release 1.0.0 — Foundation,Release notes for WaterBalanceTools 1.0.0 (Foundation).,https://waterbalancetools.com/releases/1.0.0,"index, follow",206,206,11,12,0,1,12,,0,false,false,false,false,false,false,true,none detected,INDEXABLE,true,none
https://waterbalancetools.com/releases/1.1.0,releases/1.1.0.html,release-notes,releases,trust,manual / release notes,Release 1.1.0 — Explorer | WaterBalanceTools,Release 1.1.0 — Explorer,Release notes for WaterBalanceTools 1.1.0 (Explorer).,https://waterbalancetools.com/releases/1.1.0,"index, follow",189,189,11,12,0,1,12,,0,false,false,false,false,false,false,true,none detected,INDEXABLE,true,none
https://waterbalancetools.com/releases/compatibility,releases/compatibility.html,release-notes,releases,trust,manual / release notes,Compatibility Matrix | WaterBalanceTools,Platform Compatibility Matrix,Platform and subsystem compatibility matrix for WaterBalanceTools releases.,https://waterbalancetools.com/releases/compatibility,"index, follow",60,60,2,3,0,3,3,,0,false,false,false,false,false,false,true,none detected,INDEXABLE,true,none
https://waterbalancetools.com/releases/,releases/index.html,release-notes,releases,trust,generate-hub-pages.js / generate-hubs.js,Releases | WaterBalanceTools,Release History,Canonical WaterBalanceTools release history with semantic versions and certification status.,https://waterbalancetools.com/releases,"index, follow",40,40,3,14,0,3,14,,0,false,false,false,false,false,false,false,none detected,INDEXABLE,true,none
https://waterbalancetools.com/reports/accessibility,reports/accessibility.html,internal-dashboard,reports,internal-tooling,unknown / manual,Accessibility Audit | WaterBalanceTools QA,Accessibility Audit,,https://waterbalancetools.com/reports/accessibility,"noindex, nofollow",109,109,7,1,0,1,1,,0,false,false,false,false,false,false,true,none detected,NOINDEX,false,none
https://waterbalancetools.com/reports/ai-readiness,reports/ai-readiness.html,internal-dashboard,reports,internal-tooling,unknown / manual,Ai Readiness Audit | WaterBalanceTools QA,Ai Readiness Audit,,https://waterbalancetools.com/reports/ai-readiness,"noindex, nofollow",81,81,7,1,0,1,1,,0,false,false,false,false,false,false,true,none detected,NOINDEX,false,none
https://waterbalancetools.com/reports/architecture,reports/architecture.html,internal-dashboard,reports,internal-tooling,unknown / manual,Architecture Audit | WaterBalanceTools QA,Architecture Audit,,https://waterbalancetools.com/reports/architecture,"noindex, nofollow",114,114,7,1,0,1,1,,0,false,false,false,false,false,false,true,none detected,NOINDEX,false,none
https://waterbalancetools.com/reports/calculators,reports/calculators.html,internal-dashboard,reports,internal-tooling,unknown / manual,Calculators Audit | WaterBalanceTools QA,Calculators Audit,,https://waterbalancetools.com/reports/calculators,"noindex, nofollow",64,64,7,1,0,1,1,,0,false,false,false,false,false,false,true,none detected,NOINDEX,false,none
https://waterbalancetools.com/reports/content,reports/content.html,internal-dashboard,reports,internal-tooling,unknown / manual,Content Audit | WaterBalanceTools QA,Content Audit,,https://waterbalancetools.com/reports/content,"noindex, nofollow",134,134,7,1,0,1,1,,0,false,false,false,false,false,false,true,none detected,NOINDEX,false,none
https://waterbalancetools.com/reports/datasets,reports/datasets.html,internal-dashboard,reports,internal-tooling,unknown / manual,Datasets Audit | WaterBalanceTools QA,Datasets Audit,,https://waterbalancetools.com/reports/datasets,"noindex, nofollow",59,59,7,1,0,1,1,,0,false,false,false,false,false,false,true,none detected,NOINDEX,false,none
https://waterbalancetools.com/reports/entities,reports/entities.html,internal-dashboard,reports,internal-tooling,unknown / manual,Entities Audit | WaterBalanceTools QA,Entities Audit,,https://waterbalancetools.com/reports/entities,"noindex, nofollow",64,64,7,1,0,1,1,,0,false,false,false,false,false,false,true,none detected,NOINDEX,false,none
https://waterbalancetools.com/reports/indexing-intelligence,reports/indexing-intelligence.html,internal-dashboard,reports,internal-tooling,unknown / manual,Indexing Intelligence Audit | WaterBalanceTools QA,Indexing Intelligence Audit,,https://waterbalancetools.com/reports/indexing-intelligence,"noindex, nofollow",83,83,7,1,0,1,1,,0,false,false,false,false,false,false,true,none detected,NOINDEX,false,none
https://waterbalancetools.com/reports/links,reports/links.html,internal-dashboard,reports,internal-tooling,unknown / manual,Links Audit | WaterBalanceTools QA,Links Audit,,https://waterbalancetools.com/reports/links,"noindex, nofollow",101,101,7,1,0,1,1,,0,false,false,false,false,false,false,true,none detected,NOINDEX,false,none
https://waterbalancetools.com/reports/mobile,reports/mobile.html,internal-dashboard,reports,internal-tooling,unknown / manual,Mobile Audit | WaterBalanceTools QA,Mobile Audit,,https://waterbalancetools.com/reports/mobile,"noindex, nofollow",90,90,7,1,0,1,1,,0,false,false,false,false,false,false,true,none detected,NOINDEX,false,none
https://waterbalancetools.com/reports/performance,reports/performance.html,internal-dashboard,reports,internal-tooling,unknown / manual,Performance Audit | WaterBalanceTools QA,Performance Audit,,https://waterbalancetools.com/reports/performance,"noindex, nofollow",72,72,7,1,0,1,1,,0,false,false,false,false,false,false,true,none detected,NOINDEX,false,none
https://waterbalancetools.com/reports/schema,reports/schema.html,internal-dashboard,reports,internal-tooling,unknown / manual,Schema Audit | WaterBalanceTools QA,Schema Audit,,https://waterbalancetools.com/reports/schema,"noindex, nofollow",53,53,7,1,0,1,1,,0,false,false,false,false,false,false,true,none detected,NOINDEX,false,none
https://waterbalancetools.com/reports/seo,reports/seo.html,internal-dashboard,reports,internal-tooling,unknown / manual,Seo Audit | WaterBalanceTools QA,Seo Audit,,https://waterbalancetools.com/reports/seo,"noindex, nofollow",107,107,7,1,0,1,1,,0,false,false,false,false,false,false,true,none detected,NOINDEX,false,none
https://waterbalancetools.com/resources/airbnb-pool-turnover-checklist,resources/airbnb-pool-turnover-checklist.html,resource,resources,resources,manual / resource,Vacation Rental Pool Turnover Checklist | Free Printable | WaterBalanceTools,Vacation Rental Pool Turnover Checklist,Free printable Airbnb and vacation rental pool turnover checklist. Quick between-guest pool inspection and chemical check. Download or print for free.,https://waterbalancetools.com/resources/airbnb-pool-turnover-checklist,"index, follow",226,226,5,27,0,43,27,HowTo;BreadcrumbList,0,false,false,true,false,false,true,false,calculator interaction,INDEXABLE,true,none
https://waterbalancetools.com/resources/hot-tub-maintenance-log,resources/hot-tub-maintenance-log.html,resource,resources,resources,manual / resource,Hot Tub Maintenance Log | Free Printable | WaterBalanceTools,Hot Tub Maintenance Log,"Free printable hot tub maintenance log. Track chemical readings, water tests, and maintenance tasks. Download or print for free.",https://waterbalancetools.com/resources/hot-tub-maintenance-log,"index, follow",128,128,5,27,0,50,27,HowTo;BreadcrumbList,0,false,false,true,false,false,true,true,calculator interaction,INDEXABLE,true,none
https://waterbalancetools.com/resources/,resources/index.html,resource-hub,resources,resources,generate-hub-pages.js / generate-hubs.js,Free Pool &amp; Hot Tub Printable Resources | WaterBalanceTools,Free Pool & Hot Tub Printable Resources,"Free printable checklists, log sheets, and maintenance forms for pool and hot tub owners. Download or print for free — no signup required.",https://waterbalancetools.com/resources,"index, follow",308,308,13,39,0,459,39,CollectionPage;BreadcrumbList,0,true,false,true,false,false,false,false,none detected,INDEXABLE,true,none
https://waterbalancetools.com/resources/pool-chemical-log-sheet,resources/pool-chemical-log-sheet.html,resource,resources,resources,manual / resource,Pool Chemical Log Sheet | Free Printable | WaterBalanceTools,Pool Chemical Log Sheet,"Free printable pool chemical log sheet. Track chlorine, pH, alkalinity additions and water test results. Download or print for free.",https://waterbalancetools.com/resources/pool-chemical-log-sheet,"index, follow",141,141,5,28,0,46,28,HowTo;BreadcrumbList,0,false,false,true,false,false,true,true,calculator interaction,INDEXABLE,true,none
https://waterbalancetools.com/resources/pool-closing-checklist,resources/pool-closing-checklist.html,resource,resources,resources,manual / resource,Pool Closing Checklist | Free Printable | WaterBalanceTools,Pool Closing Checklist,Free printable pool closing / winterization checklist. Step-by-step guide to closing your pool for winter. Download or print for free.,https://waterbalancetools.com/resources/pool-closing-checklist,"index, follow",239,239,5,27,0,27,27,HowTo;BreadcrumbList,0,false,false,true,false,false,true,false,calculator interaction,INDEXABLE,true,none
https://waterbalancetools.com/resources/pool-maintenance-checklist,resources/pool-maintenance-checklist.html,resource,resources,resources,manual / resource,Pool Maintenance Checklist | Free Printable | WaterBalanceTools,Pool Maintenance Checklist,"Free printable pool maintenance checklist. Weekly, monthly, and seasonal pool care tasks. Download or print for free.",https://waterbalancetools.com/resources/pool-maintenance-checklist,"index, follow",228,228,5,27,0,73,27,HowTo;BreadcrumbList,0,false,false,true,false,false,true,false,calculator interaction,INDEXABLE,true,none
https://waterbalancetools.com/resources/pool-opening-checklist,resources/pool-opening-checklist.html,resource,resources,resources,manual / resource,Pool Opening Checklist | Free Printable | WaterBalanceTools,Pool Opening Checklist,Free printable pool opening checklist for spring. Step-by-step guide to opening your pool. Download or print for free.,https://waterbalancetools.com/resources/pool-opening-checklist,"index, follow",254,254,5,27,0,26,27,HowTo;BreadcrumbList,0,false,false,true,false,false,true,false,calculator interaction,INDEXABLE,true,none
https://waterbalancetools.com/resources/pool-shock-log,resources/pool-shock-log.html,resource,resources,resources,manual / resource,Pool Shock Treatment Log | Free Printable | WaterBalanceTools,Pool Shock Treatment Log,"Free printable pool shock treatment log. Track shock doses, product used, and water clarity results. Download or print for free.",https://waterbalancetools.com/resources/pool-shock-log,"index, follow",143,143,5,27,0,33,27,HowTo;BreadcrumbList,0,false,false,true,false,false,true,true,calculator interaction,INDEXABLE,true,none
https://waterbalancetools.com/resources/water-test-log,resources/water-test-log.html,resource,resources,resources,manual / resource,Water Test Log | Free Printable | WaterBalanceTools,Water Test Log,"Free printable water test log for pool and hot tub. Record chlorine, pH, alkalinity, hardness, and CYA readings. Download or print for free.",https://waterbalancetools.com/resources/water-test-log,"index, follow",140,140,5,27,0,48,27,HowTo;BreadcrumbList,0,false,false,true,false,false,true,true,calculator interaction,INDEXABLE,true,none
https://waterbalancetools.com/revisions/,revisions/index.html,revision-log,revisions,trust,generate-hub-pages.js / generate-hubs.js,Revision History | WaterBalanceTools,Revision History,"Complete revision history for WaterBalanceTools datasets, formulas, and calculators.",https://waterbalancetools.com/revisions/,"index, follow",178,178,1,3,0,24,3,,0,false,false,true,false,false,false,true,none detected,INDEXABLE,true,none
https://waterbalancetools.com/salt-water-pool-chemical-levels-chart,salt-water-pool-chemical-levels-chart.html,chart,root,charts,unknown / manual,Salt Water Pool Chemical Levels Chart | WaterBalanceTools,Salt Water Pool Chemical Levels Chart,"Salt water pool chemical levels chart: ideal salt ppm, chlorine, pH, TA, CYA, and calcium. SWG-specific targets and maintenance guide.",https://waterbalancetools.com/salt-water-pool-chemical-levels-chart,"index, follow",419,419,6,25,0,4,25,FAQPage;BreadcrumbList,0,true,true,true,false,false,false,true,none detected,INDEXABLE,true,none
https://waterbalancetools.com/search/,search/index.html,utility,search,core,generate-hub-pages.js / generate-hubs.js,Search | WaterBalanceTools,Search WaterBalanceTools,"Search pool and hot tub water chemistry guides, calculators, formulas, and resources on WaterBalanceTools.",https://waterbalancetools.com/search/,noindex,10,10,1,18,0,459,18,BreadcrumbList,0,false,false,true,false,false,false,false,none detected,NOINDEX,false,none
https://waterbalancetools.com/tools/,tools/index.html,utility,tools,core,generate-hub-pages.js / generate-hubs.js,All Pool & Hot Tub Tools | WaterBalanceTools,All Pool & Hot Tub Tools,"All pool and hot tub calculators and dosage guides. Pool chlorine, shock, pH, volume, and hot tub tools.",https://waterbalancetools.com/tools,"noindex, nofollow",353,353,14,87,0,3,87,,0,false,false,false,false,false,false,false,none detected,NOINDEX,false,none
